{
  "type": "FeatureCollection",
  "features": [
    {
      "type": "Feature",
      "geometry": {
        "type": "MultiPolygon",
        "coordinates": [
          [
            [
              [
                -63.5645434295682,
                9.2024829300732
              ],
              [
                -63.5645434295682,
                9.19077142281115
              ],
              [
                -63.5662165020342,
                9.18742527787914
              ],
              [
                -63.5812741542283,
                9.18240606048111
              ],
              [
                -63.5929856614903,
                9.18407913294712
              ],
              [
                -63.5996779513543,
                9.18909835034514
              ],
              [
                -63.6013510238203,
                9.19411756774317
              ],
              [
                -63.5829472266943,
                9.20415600253921
              ],
              [
                -63.5645434295682,
                9.2024829300732
              ]
            ]
          ]
        ]
      },
      "properties": {
        "id": "GEM-L100000309196",
        "nombre": "Acema Oil Field (Venezuela)",
        "tipo": "campo",
        "sector": "upstream",
        "fluido": "oil",
        "estado": "activo",
        "operadora": "Petrokariña",
        "propietarios": "Integra Oil and Gas SAS [34%]; Petróleos de Venezuela SA [60%]; Coroil [5%]",
        "cuenca": "Maturin",
        "bloque": null,
        "subnacional": null,
        "tipo_produccion": null,
        "costa": "onshore",
        "descubrimiento": "1966",
        "inicio_produccion": null,
        "notas": "https://www.gem.wiki/Acema_Oil_Field_(Venezuela)",
        "fuente": "Global Energy Monitor, Global Oil and Gas Extraction Tracker, March 2026",
        "confianza": "media",
        "ultima_verificacion": "2026-09-09"
      }
    },
    {
      "type": "Feature",
      "geometry": {
        "type": "Polygon",
        "coordinates": [
          [
            [
              -63.3632036035634,
              8.97845961112222
            ],
            [
              -63.3571760540316,
              8.96619601413476
            ],
            [
              -63.3529491864558,
              8.96825030131042
            ],
            [
              -63.3468529691891,
              8.95585986214296
            ],
            [
              -63.3556309665958,
              8.95159678606286
            ],
            [
              -63.3541469773011,
              8.95062115833986
            ],
            [
              -63.3535709273564,
              8.94958448913291
            ],
            [
              -63.3536090730003,
              8.94885204798367
            ],
            [
              -63.3539791116467,
              8.94797082749176
            ],
            [
              -63.3545665991692,
              8.9474710859219
            ],
            [
              -63.3539791062507,
              8.94667379555927
            ],
            [
              -63.3524302731386,
              8.94770856719667
            ],
            [
              -63.3520068201586,
              8.94715828372784
            ],
            [
              -63.3518580336213,
              8.94578400362889
            ],
            [
              -63.3524569668155,
              8.9453290860685
            ],
            [
              -63.353116939695,
              8.94550551776546
            ],
            [
              -63.3542308822494,
              8.945520772066
            ],
            [
              -63.3542957323621,
              8.94490086668166
            ],
            [
              -63.3536395699102,
              8.94395670713636
            ],
            [
              -63.3530902271322,
              8.94355424793023
            ],
            [
              -63.353643381237,
              8.94307739590515
            ],
            [
              -63.3543224269384,
              8.9428809309103
            ],
            [
              -63.355344811314,
              8.9426291495157
            ],
            [
              -63.355588959263,
              8.94182613406889
            ],
            [
              -63.3550739508021,
              8.94146754469147
            ],
            [
              -63.3541431237061,
              8.94190148196787
            ],
            [
              -63.3533420022315,
              8.942200947216
            ],
            [
              -63.3525485106052,
              8.94233828358493
            ],
            [
              -63.3518770929534,
              8.94238787939719
            ],
            [
              -63.351449829546,
              8.94285328664989
            ],
            [
              -63.3512056815969,
              8.94362101539758
            ],
            [
              -63.3510187566103,
              8.94437920773428
            ],
            [
              -63.3506944961541,
              8.94514598320062
            ],
            [
              -63.3501298972769,
              8.94569150206121
            ],
            [
              -63.3493325871291,
              8.94521084140724
            ],
            [
              -63.3488290225413,
              8.94477404878335
            ],
            [
              -63.3481308986221,
              8.94411218462966
            ],
            [
              -63.3479058171997,
              8.94326720771551
            ],
            [
              -63.3474899922693,
              8.94237931515335
            ],
            [
              -63.3469253870969,
              8.94123106346284
            ],
            [
              -63.346135711294,
              8.94182426797561
            ],
            [
              -63.3458572290278,
              8.94248995155009
            ],
            [
              -63.345639786447,
              8.94364202176194
            ],
            [
              -63.3460212779595,
              8.94470062633286
            ],
            [
              -63.3468224030314,
              8.94523660158796
            ],
            [
              -63.3463264727885,
              8.94582503699594
            ],
            [
              -63.3457046500495,
              8.94604248317409
            ],
            [
              -63.3450065261302,
              8.94559710831993
            ],
            [
              -63.3445563677821,
              8.94481030854892
            ],
            [
              -63.3444152146903,
              8.94397582132711
            ],
            [
              -63.3438658710131,
              8.9434722702291
            ],
            [
              -63.3440413512274,
              8.94275890280118
            ],
            [
              -63.3442740553033,
              8.94193585855305
            ],
            [
              -63.3445754262149,
              8.9412119996341
            ],
            [
              -63.3446479052766,
              8.94042138224102
            ],
            [
              -63.3450713528606,
              8.93961836499563
            ],
            [
              -63.3453650948232,
              8.93894123754812
            ],
            [
              -63.3457656537619,
              8.93839667286817
            ],
            [
              -63.3464828496038,
              8.93852732637504
            ],
            [
              -63.3471390102571,
              8.93911098818159
            ],
            [
              -63.3473678985097,
              8.9383203698892
            ],
            [
              -63.3467079238316,
              8.9378501989276
            ],
            [
              -63.3458762811654,
              8.93755074087403
            ],
            [
              -63.3451018614617,
              8.93736381948474
            ],
            [
              -63.3440222541237,
              8.93743725902231
            ],
            [
              -63.343514878209,
              8.93796942564853
            ],
            [
              -63.3434996230092,
              8.93886113493345
            ],
            [
              -63.3434500325929,
              8.93959452936411
            ],
            [
              -63.3426794305113,
              8.93992546728651
            ],
            [
              -63.3419851233148,
              8.93982628555465
            ],
            [
              -63.3414014462197,
              8.93930079909267
            ],
            [
              -63.3383151923922,
              8.93393911299972
            ],
            [
              -63.3516267819504,
              8.92998030454749
            ],
            [
              -63.3516265625158,
              8.88012191549403
            ],
            [
              -63.4266299600046,
              8.8801215872415
            ],
            [
              -63.4266300283531,
              8.89586972530764
            ],
            [
              -63.4290745943171,
              8.89514221693979
            ],
            [
              -63.4296005214468,
              8.89678887021022
            ],
            [
              -63.4766322963434,
              8.89678847450852
            ],
            [
              -63.4766322225989,
              8.88012136870622
            ],
            [
              -63.4997994635743,
              8.88012132374013
            ],
            [
              -63.4999755283479,
              8.88012132733746
            ],
            [
              -63.5000196032221,
              8.86636116223793
            ],
            [
              -63.51820127347,
              8.86642212008484
            ],
            [
              -63.5181593695592,
              8.87998372656778
            ],
            [
              -63.5363448538319,
              8.88004373023403
            ],
            [
              -63.5363030173703,
              8.89310467514071
            ],
            [
              -63.536272471897,
              8.90264545502379
            ],
            [
              -63.5408322046425,
              8.90266076957891
            ],
            [
              -63.5453633065713,
              8.90267593304793
            ],
            [
              -63.5452947395605,
              8.92527765783768
            ],
            [
              -63.5510058428453,
              8.92529629898507
            ],
            [
              -63.5509868356739,
              8.92806244542555
            ],
            [
              -63.5277843286838,
              8.92899161057442
            ],
            [
              -63.5268548460742,
              8.97835988350186
            ],
            [
              -63.3637454549887,
              8.97956151175441
            ],
            [
              -63.3632036035634,
              8.97845961112222
            ]
          ]
        ]
      },
      "properties": {
        "id": "GEM-L100000320427",
        "nombre": "Adas Oil and Gas Field (Venezuela)",
        "tipo": "campo",
        "sector": "upstream",
        "fluido": "oil and gas",
        "estado": "activo",
        "operadora": "Petrolera Vencupet",
        "propietarios": "GoldPillar International Fund SPC [40%]; Corporación Venezolana de Petróleo (CVP) [60%]",
        "cuenca": null,
        "bloque": null,
        "subnacional": null,
        "tipo_produccion": null,
        "costa": "onshore",
        "descubrimiento": "1954",
        "inicio_produccion": null,
        "notas": "https://www.gem.wiki/Adas_Oil_and_Gas_Field_(Venezuela)",
        "fuente": "Global Energy Monitor, Global Oil and Gas Extraction Tracker, March 2026",
        "confianza": "media",
        "ultima_verificacion": "2026-09-09"
      }
    },
    {
      "type": "Feature",
      "geometry": {
        "type": "Point",
        "coordinates": [
          -63.8413,
          9.3177
        ]
      },
      "properties": {
        "id": "GEM-L100000305187",
        "nombre": "Aguasay Oil Field (Venezuela)",
        "tipo": "campo",
        "sector": "upstream",
        "fluido": "oil",
        "estado": "activo",
        "operadora": null,
        "propietarios": null,
        "cuenca": null,
        "bloque": null,
        "subnacional": null,
        "tipo_produccion": null,
        "costa": "onshore",
        "descubrimiento": "1955",
        "inicio_produccion": null,
        "notas": "https://www.gem.wiki/Aguasay_Oil_Field_(Venezuela)",
        "fuente": "Global Energy Monitor, Global Oil and Gas Extraction Tracker, March 2026",
        "confianza": "media",
        "ultima_verificacion": "2026-09-09"
      }
    },
    {
      "type": "Feature",
      "geometry": {
        "type": "MultiPolygon",
        "coordinates": [
          [
            [
              [
                -72.4235882752839,
                9.82216343060958
              ],
              [
                -72.4054699689093,
                9.81310427742225
              ],
              [
                -72.4145291220966,
                9.79828020857025
              ],
              [
                -72.4161762408579,
                9.78922105538292
              ],
              [
                -72.4458243785619,
                9.7653378333436
              ],
              [
                -72.4515892942266,
                9.78839749600226
              ],
              [
                -72.4235882752839,
                9.82216343060958
              ]
            ]
          ]
        ]
      },
      "properties": {
        "id": "GEM-L100000320418",
        "nombre": "Alturitas Oil and Gas Field (Venezuela)",
        "tipo": "campo",
        "sector": "upstream",
        "fluido": "oil and gas",
        "estado": "activo",
        "operadora": null,
        "propietarios": null,
        "cuenca": null,
        "bloque": null,
        "subnacional": null,
        "tipo_produccion": null,
        "costa": "onshore",
        "descubrimiento": "1950",
        "inicio_produccion": null,
        "notas": "https://www.gem.wiki/Alturitas_Oil_and_Gas_Field_(Venezuela)",
        "fuente": "Global Energy Monitor, Global Oil and Gas Extraction Tracker, March 2026",
        "confianza": "media",
        "ultima_verificacion": "2026-09-09"
      }
    },
    {
      "type": "Feature",
      "geometry": {
        "type": "MultiPolygon",
        "coordinates": [
          [
            [
              [
                -64.1752148796609,
                9.23929052432537
              ],
              [
                -64.1618302999328,
                9.23594437939335
              ],
              [
                -64.1601572274668,
                9.23259823446134
              ],
              [
                -64.1618302999328,
                9.22255979966529
              ],
              [
                -64.1668495173308,
                9.21586750980126
              ],
              [
                -64.1752148796609,
                9.21084829240324
              ],
              [
                -64.1819071695249,
                9.21252136486925
              ],
              [
                -64.188599459389,
                9.22088672719928
              ],
              [
                -64.1869263869229,
                9.23594437939335
              ],
              [
                -64.1752148796609,
                9.23929052432537
              ]
            ]
          ]
        ]
      },
      "properties": {
        "id": "GEM-L100000320441",
        "nombre": "Araibel Oil and Gas Field (Venezuela)",
        "tipo": "campo",
        "sector": "upstream",
        "fluido": "oil and gas",
        "estado": "activo",
        "operadora": null,
        "propietarios": null,
        "cuenca": null,
        "bloque": null,
        "subnacional": null,
        "tipo_produccion": null,
        "costa": "onshore",
        "descubrimiento": "1954",
        "inicio_produccion": null,
        "notas": "https://www.gem.wiki/Araibel_Oil_and_Gas_Field_(Venezuela)",
        "fuente": "Global Energy Monitor, Global Oil and Gas Extraction Tracker, March 2026",
        "confianza": "media",
        "ultima_verificacion": "2026-09-09"
      }
    },
    {
      "type": "Feature",
      "geometry": {
        "type": "MultiPolygon",
        "coordinates": [
          [
            [
              [
                -71.1327635278028,
                10.1814942257146
              ],
              [
                -71.1013655184524,
                10.1014293018712
              ],
              [
                -71.0715374095696,
                10.0747409939234
              ],
              [
                -70.9914724857263,
                10.0119449752227
              ],
              [
                -70.9789132819861,
                9.99310616961254
              ],
              [
                -70.9930423861938,
                9.97426736400234
              ],
              [
                -71.057408305362,
                10.0182245770928
              ],
              [
                -71.1107849212575,
                9.97897706540489
              ],
              [
                -71.1280538264002,
                9.92717034997683
              ],
              [
                -71.1594518357506,
                9.94129945418448
              ],
              [
                -71.1955595465034,
                9.94443925511952
              ],
              [
                -71.2112585511786,
                9.89263253969146
              ],
              [
                -71.1814304422958,
                9.82512681958824
              ],
              [
                -71.1704411390232,
                9.78116960649777
              ],
              [
                -71.1484625324779,
                9.78273950696529
              ],
              [
                -71.1076451203225,
                9.7843094074328
              ],
              [
                -71.0762471109722,
                9.7748900046277
              ],
              [
                -71.0244403955441,
                9.76390070135508
              ],
              [
                -70.9804831824536,
                9.73093279153723
              ],
              [
                -70.9820530829212,
                9.70267458312193
              ],
              [
                -71.0165908932065,
                9.71680368732958
              ],
              [
                -71.0338597983492,
                9.69796488171938
              ],
              [
                -71.0668277081671,
                9.68540567797924
              ],
              [
                -71.1013655184524,
                9.68854547891427
              ],
              [
                -71.112354821725,
                9.66656687236904
              ],
              [
                -71.1343334282703,
                9.66342707143401
              ],
              [
                -71.1359033287378,
                9.71052408545951
              ],
              [
                -71.1406130301404,
                9.71523378686206
              ],
              [
                -71.157881935283,
                9.70267458312193
              ],
              [
                -71.1830003427633,
                9.69011537938179
              ],
              [
                -71.1924197455684,
                9.74820169667992
              ],
              [
                -71.2081187502436,
                9.76861040275763
              ],
              [
                -71.245796361464,
                9.78587930790032
              ],
              [
                -71.2395167595939,
                9.81099771538059
              ],
              [
                -71.2332371577238,
                9.85338502800354
              ],
              [
                -71.291323475022,
                9.8769335350163
              ],
              [
                -71.3541194937226,
                9.89106263922395
              ],
              [
                -71.3619689960602,
                9.92717034997683
              ],
              [
                -71.3588291951252,
                9.96641786166475
              ],
              [
                -71.3258612853073,
                9.97740716493737
              ],
              [
                -71.2756244703468,
                9.9334499518469
              ],
              [
                -71.2505060628665,
                9.95385865792462
              ],
              [
                -71.242656560529,
                9.96641786166475
              ],
              [
                -71.2771943708143,
                9.98839646820999
              ],
              [
                -71.2928933754895,
                10.0135148756903
              ],
              [
                -71.2379468591264,
                10.0559021883132
              ],
              [
                -71.2112585511786,
                10.0967196004687
              ],
              [
                -71.197129446971,
                10.1061390032738
              ],
              [
                -71.1657314376206,
                10.1108487046763
              ],
              [
                -71.1751508404257,
                10.1391069130916
              ],
              [
                -71.1704411390232,
                10.1720748229095
              ],
              [
                -71.1327635278028,
                10.1814942257146
              ]
            ]
          ]
        ]
      },
      "properties": {
        "id": "GEM-L100000305052",
        "nombre": "Bachaquero Oil Field (Venezuela)",
        "tipo": "campo",
        "sector": "upstream",
        "fluido": "oil",
        "estado": "activo",
        "operadora": "Petrozamora",
        "propietarios": "GazMin International Group [40%]; Petróleos de Venezuela SA [60%]",
        "cuenca": null,
        "bloque": null,
        "subnacional": null,
        "tipo_produccion": null,
        "costa": "onshore",
        "descubrimiento": "1930",
        "inicio_produccion": null,
        "notas": "https://www.gem.wiki/Bachaquero_Oil_Field_(Venezuela)",
        "fuente": "Global Energy Monitor, Global Oil and Gas Extraction Tracker, March 2026",
        "confianza": "baja",
        "ultima_verificacion": "2026-09-09"
      }
    },
    {
      "type": "Feature",
      "geometry": {
        "type": "Point",
        "coordinates": [
          -64.426,
          8.941
        ]
      },
      "properties": {
        "id": "GEM-L100000305055",
        "nombre": "Bare Oil and Gas Field (Venezuela)",
        "tipo": "campo",
        "sector": "upstream",
        "fluido": "oil and gas",
        "estado": "activo",
        "operadora": "Petróleos de Venezuela",
        "propietarios": null,
        "cuenca": null,
        "bloque": null,
        "subnacional": null,
        "tipo_produccion": null,
        "costa": "onshore",
        "descubrimiento": "1950",
        "inicio_produccion": null,
        "notas": "https://www.gem.wiki/Bare_Oil_and_Gas_Field_(Venezuela)",
        "fuente": "Global Energy Monitor, Global Oil and Gas Extraction Tracker, March 2026",
        "confianza": "baja",
        "ultima_verificacion": "2026-09-09"
      }
    },
    {
      "type": "Feature",
      "geometry": {
        "type": "MultiPolygon",
        "coordinates": [
          [
            [
              [
                -70.9340812478507,
                9.82043792678849
              ],
              [
                -70.9442559899596,
                9.81983228737724
              ],
              [
                -70.9469208033691,
                9.80953641738602
              ],
              [
                -70.9430447111371,
                9.80238987233329
              ],
              [
                -70.9361404218489,
                9.80117859351079
              ],
              [
                -70.9291150046784,
                9.80251100021554
              ],
              [
                -70.9266924470334,
                9.8155928114985
              ],
              [
                -70.9340812478507,
                9.82043792678849
              ]
            ]
          ]
        ]
      },
      "properties": {
        "id": "GEM-L100000305175",
        "nombre": "Barúa Oil Field (Venezuela)",
        "tipo": "campo",
        "sector": "upstream",
        "fluido": "oil",
        "estado": "activo",
        "operadora": "Petroquiriquire",
        "propietarios": "Repsol SA [40%]; Petróleos de Venezuela SA [60%]",
        "cuenca": "Maracaibo",
        "bloque": null,
        "subnacional": null,
        "tipo_produccion": null,
        "costa": "onshore",
        "descubrimiento": "1958",
        "inicio_produccion": null,
        "notas": "https://www.gem.wiki/Barúa_Oil_Field_(Venezuela)",
        "fuente": "Global Energy Monitor, Global Oil and Gas Extraction Tracker, March 2026",
        "confianza": "media",
        "ultima_verificacion": "2026-09-09"
      }
    },
    {
      "type": "Feature",
      "geometry": {
        "type": "MultiPolygon",
        "coordinates": [
          [
            [
              [
                -65.7420472440769,
                9.26605968378148
              ],
              [
                -65.7353549542128,
                9.2476558866554
              ],
              [
                -65.7537587513389,
                9.21586750980126
              ],
              [
                -65.773835620931,
                9.19077142281115
              ],
              [
                -65.7989317079211,
                9.14894461116096
              ],
              [
                -65.8190085775132,
                9.11715623430682
              ],
              [
                -65.8223547224452,
                9.10544472704477
              ],
              [
                -65.8323931572413,
                9.09707936471473
              ],
              [
                -65.8474508094353,
                9.09875243718074
              ],
              [
                -65.8524700268334,
                9.1121370169088
              ],
              [
                -65.8491238819013,
                9.12552159663686
              ],
              [
                -65.8290470123092,
                9.15898304595701
              ],
              [
                -65.8190085775132,
                9.1790599155491
              ],
              [
                -65.8072970702512,
                9.20917521993723
              ],
              [
                -65.7972586354551,
                9.23092516199533
              ],
              [
                -65.782200983261,
                9.24430974172338
              ],
              [
                -65.763797186135,
                9.25602124898544
              ],
              [
                -65.7420472440769,
                9.26605968378148
              ]
            ]
          ]
        ]
      },
      "properties": {
        "id": "GEM-L100000320447",
        "nombre": "Bella Vista Oil and Gas Field (Venezuela)",
        "tipo": "campo",
        "sector": "upstream",
        "fluido": "oil and gas",
        "estado": "activo",
        "operadora": null,
        "propietarios": null,
        "cuenca": null,
        "bloque": null,
        "subnacional": null,
        "tipo_produccion": null,
        "costa": "onshore",
        "descubrimiento": "1952",
        "inicio_produccion": null,
        "notas": "https://www.gem.wiki/Bella_Vista_Oil_and_Gas_Field_(Venezuela)",
        "fuente": "Global Energy Monitor, Global Oil and Gas Extraction Tracker, March 2026",
        "confianza": "media",
        "ultima_verificacion": "2026-09-09"
      }
    },
    {
      "type": "Feature",
      "geometry": {
        "type": "Point",
        "coordinates": [
          -71.1478,
          9.5025
        ]
      },
      "properties": {
        "id": "GEM-L100000305056",
        "nombre": "Bloque VII Ceuta Oil Field (Venezuela)",
        "tipo": "campo",
        "sector": "upstream",
        "fluido": "oil",
        "estado": "activo",
        "operadora": "Petrozamora",
        "propietarios": "GazMin International Group [40%]; Petróleos de Venezuela SA [60%]",
        "cuenca": null,
        "bloque": "Bloque VII",
        "subnacional": null,
        "tipo_produccion": null,
        "costa": "offshore",
        "descubrimiento": "1956",
        "inicio_produccion": null,
        "notas": "https://www.gem.wiki/Bloque_VII_Ceuta_Oil_Field_(Venezuela)",
        "fuente": "Global Energy Monitor, Global Oil and Gas Extraction Tracker, March 2026",
        "confianza": "media",
        "ultima_verificacion": "2026-09-09"
      }
    },
    {
      "type": "Feature",
      "geometry": {
        "type": "MultiPolygon",
        "coordinates": [
          [
            [
              [
                -64.2873107348834,
                9.11548316184082
              ],
              [
                -64.3023683870775,
                9.09707936471473
              ],
              [
                -64.3073876044755,
                9.09206014731671
              ],
              [
                -64.3124068218735,
                9.08704092991869
              ],
              [
                -64.3308106189996,
                9.08034864005466
              ],
              [
                -64.3508874885917,
                9.07532942265664
              ],
              [
                -64.3625989958537,
                9.07532942265664
              ],
              [
                -64.3726374306498,
                9.07867556758865
              ],
              [
                -64.3776566480478,
                9.08536785745268
              ],
              [
                -64.3810027929798,
                9.09707936471473
              ],
              [
                -64.3810027929798,
                9.10209858211276
              ],
              [
                -64.3458682711937,
                9.10879087197679
              ],
              [
                -64.3241183291356,
                9.11882930677283
              ],
              [
                -64.2873107348834,
                9.11548316184082
              ]
            ]
          ]
        ]
      },
      "properties": {
        "id": "GEM-L100000320705",
        "nombre": "Boca Oil Field (Venezuela)",
        "tipo": "campo",
        "sector": "upstream",
        "fluido": "oil",
        "estado": "activo",
        "operadora": null,
        "propietarios": null,
        "cuenca": null,
        "bloque": null,
        "subnacional": null,
        "tipo_produccion": null,
        "costa": "onshore",
        "descubrimiento": null,
        "inicio_produccion": "1945",
        "notas": "https://www.gem.wiki/Boca_Oil_Field_(Venezuela)",
        "fuente": "Global Energy Monitor, Global Oil and Gas Extraction Tracker, March 2026",
        "confianza": "media",
        "ultima_verificacion": "2026-09-09"
      }
    },
    {
      "type": "Feature",
      "geometry": {
        "type": "MultiPolygon",
        "coordinates": [
          [
            [
              [
                -64.8659846740637,
                8.77480378095006
              ],
              [
                -64.8609654566657,
                8.763092273688
              ],
              [
                -64.8659846740637,
                8.75639998382397
              ],
              [
                -64.8743500363937,
                8.75305383889196
              ],
              [
                -64.8793692537918,
                8.75305383889196
              ],
              [
                -64.8843884711898,
                8.75807305628998
              ],
              [
                -64.8860615436558,
                8.76811149108602
              ],
              [
                -64.8810423262578,
                8.77647685341606
              ],
              [
                -64.8659846740637,
                8.77480378095006
              ]
            ]
          ]
        ]
      },
      "properties": {
        "id": "GEM-L100000320448",
        "nombre": "Bombal Oil and Gas Field (Venezuela)",
        "tipo": "campo",
        "sector": "upstream",
        "fluido": "oil and gas",
        "estado": "activo",
        "operadora": null,
        "propietarios": null,
        "cuenca": null,
        "bloque": null,
        "subnacional": null,
        "tipo_produccion": null,
        "costa": "onshore",
        "descubrimiento": "1965",
        "inicio_produccion": null,
        "notas": "https://www.gem.wiki/Bombal_Oil_and_Gas_Field_(Venezuela)",
        "fuente": "Global Energy Monitor, Global Oil and Gas Extraction Tracker, March 2026",
        "confianza": "media",
        "ultima_verificacion": "2026-09-09"
      }
    },
    {
      "type": "Feature",
      "geometry": {
        "type": "Point",
        "coordinates": [
          -63.021,
          9.414
        ]
      },
      "properties": {
        "id": "GEM-L100000309189",
        "nombre": "Boquerón Oil Field (Venezuela)",
        "tipo": "campo",
        "sector": "upstream",
        "fluido": "oil",
        "estado": "activo",
        "operadora": "Boquerón",
        "propietarios": "Roszarubezhneft [26%]; OMV AG [13%]; Petróleos de Venezuela SA [60%]",
        "cuenca": null,
        "bloque": null,
        "subnacional": null,
        "tipo_produccion": "conventional",
        "costa": "onshore",
        "descubrimiento": "1989",
        "inicio_produccion": null,
        "notas": "https://www.gem.wiki/Boquerón_Oil_Field_(Venezuela)",
        "fuente": "Global Energy Monitor, Global Oil and Gas Extraction Tracker, March 2026",
        "confianza": "baja",
        "ultima_verificacion": "2026-09-09"
      }
    },
    {
      "type": "Feature",
      "geometry": {
        "type": "MultiPolygon",
        "coordinates": [
          [
            [
              [
                -71.9113728027679,
                10.4988641713758
              ],
              [
                -71.9350068065976,
                10.4736002362474
              ],
              [
                -71.9415265317921,
                10.4695254080009
              ],
              [
                -71.9561959134795,
                10.4638206484558
              ],
              [
                -71.9749401234135,
                10.467080511053
              ],
              [
                -71.9904244707502,
                10.4719703049488
              ],
              [
                -72.0083537150349,
                10.4956043087786
              ],
              [
                -72.0107986119828,
                10.5314627973479
              ],
              [
                -71.9920544020488,
                10.5599865950735
              ],
              [
                -71.9594557760767,
                10.5656913546186
              ],
              [
                -71.9048530775734,
                10.5730260454623
              ],
              [
                -71.9058812766649,
                10.5445244039083
              ],
              [
                -71.9040381119241,
                10.5241281065042
              ],
              [
                -71.9113728027679,
                10.4988641713758
              ]
            ]
          ]
        ]
      },
      "properties": {
        "id": "GEM-L100000305169",
        "nombre": "Boscán Oil and Gas Field (Venezuela)",
        "tipo": "campo",
        "sector": "upstream",
        "fluido": "oil and gas",
        "estado": "activo",
        "operadora": "Petroboscán",
        "propietarios": "Inepetrol [0%]; Chevron Corp [39%]; Petróleos de Venezuela SA [60%]",
        "cuenca": "Maracaibo",
        "bloque": null,
        "subnacional": null,
        "tipo_produccion": "conventional",
        "costa": "onshore",
        "descubrimiento": "1945",
        "inicio_produccion": "1948",
        "notas": "https://www.gem.wiki/Boscán_Oil_and_Gas_Field_(Venezuela)",
        "fuente": "Global Energy Monitor, Global Oil and Gas Extraction Tracker, March 2026",
        "confianza": "media",
        "ultima_verificacion": "2026-09-09"
      }
    },
    {
      "type": "Feature",
      "geometry": {
        "type": "MultiPolygon",
        "coordinates": [
          [
            [
              [
                -62.2664483300048,
                9.09645196253998
              ],
              [
                -62.2547368227427,
                9.08975967267595
              ],
              [
                -62.2547368227427,
                9.07553855671489
              ],
              [
                -62.2781598372668,
                9.06299051321983
              ],
              [
                -62.3024193880239,
                9.07637509294789
              ],
              [
                -62.3007463155579,
                9.09226928137496
              ],
              [
                -62.2739771561018,
                9.101471179938
              ],
              [
                -62.2664483300048,
                9.09645196253998
              ]
            ]
          ]
        ]
      },
      "properties": {
        "id": "GEM-L100000305188",
        "nombre": "Budare Oil Field (Venezuela)",
        "tipo": "campo",
        "sector": "upstream",
        "fluido": "oil",
        "estado": "activo",
        "operadora": null,
        "propietarios": null,
        "cuenca": "Maturin",
        "bloque": null,
        "subnacional": null,
        "tipo_produccion": null,
        "costa": "onshore",
        "descubrimiento": "1959",
        "inicio_produccion": null,
        "notas": "https://www.gem.wiki/Budare_Oil_Field_(Venezuela)",
        "fuente": "Global Energy Monitor, Global Oil and Gas Extraction Tracker, March 2026",
        "confianza": "media",
        "ultima_verificacion": "2026-09-09"
      }
    },
    {
      "type": "Feature",
      "geometry": {
        "type": "Polygon",
        "coordinates": [
          [
            [
              -71.4125868441076,
              10.3152738798857
            ],
            [
              -71.4137473886311,
              10.3152730668985
            ],
            [
              -71.4137550472576,
              10.3194769001388
            ],
            [
              -71.4148231900381,
              10.3194768938436
            ],
            [
              -71.4154793345037,
              10.3194759351663
            ],
            [
              -71.4154793434969,
              10.3207595932806
            ],
            [
              -71.4159600077481,
              10.3207595905827
            ],
            [
              -71.4159676429924,
              10.3215282582226
            ],
            [
              -71.4161126047129,
              10.3215282573233
            ],
            [
              -71.4160210582252,
              10.322748972787
            ],
            [
              -71.4160210672184,
              10.3239868527111
            ],
            [
              -71.4158913633957,
              10.3239868536105
            ],
            [
              -71.4158913750869,
              10.3256510301709
            ],
            [
              -71.4159142700275,
              10.3267172475031
            ],
            [
              -71.4161126397864,
              10.3267172466037
            ],
            [
              -71.416112646981,
              10.3278111207867
            ],
            [
              -71.4164330898152,
              10.3278111180886
            ],
            [
              -71.4164330961104,
              10.3287247474492
            ],
            [
              -71.4166467246665,
              10.3287237923691
            ],
            [
              -71.4166467300625,
              10.3295468204294
            ],
            [
              -71.4169213965052,
              10.3295468186308
            ],
            [
              -71.4169214001025,
              10.3301972299183
            ],
            [
              -71.4172036954941,
              10.3301972281197
            ],
            [
              -71.4172037008901,
              10.3310650801894
            ],
            [
              -71.4175394034207,
              10.3310650783907
            ],
            [
              -71.417539407018,
              10.3317250260892
            ],
            [
              -71.4179590351813,
              10.3317250233912
            ],
            [
              -71.4179590405772,
              10.3324479155389
            ],
            [
              -71.4184625934739,
              10.3324479119417
            ],
            [
              -71.4184625979705,
              10.3331622200604
            ],
            [
              -71.4188364479437,
              10.3331622182618
            ],
            [
              -71.4188364533396,
              10.3339118130798
            ],
            [
              -71.4190424520475,
              10.3339118112811
            ],
            [
              -71.4190424574434,
              10.3346079998594
            ],
            [
              -71.4193857889229,
              10.3346079980607
            ],
            [
              -71.4193857970169,
              10.3358372948553
            ],
            [
              -71.4198817209646,
              10.3358372921573
            ],
            [
              -71.4198817254612,
              10.3365420638651
            ],
            [
              -71.4202555754344,
              10.3365420611672
            ],
            [
              -71.4202555808304,
              10.3373555528165
            ],
            [
              -71.4203395109597,
              10.3380612778058
            ],
            [
              -71.4206828433385,
              10.3380603218265
            ],
            [
              -71.4206828478351,
              10.3388919330163
            ],
            [
              -71.4210719584041,
              10.3388919312177
            ],
            [
              -71.4210719646994,
              10.3398322623491
            ],
            [
              -71.4212321852172,
              10.3398322614498
            ],
            [
              -71.4212321951096,
              10.3412246377068
            ],
            [
              -71.421705230412,
              10.3412246350089
            ],
            [
              -71.4217052376066,
              10.3423633332013
            ],
            [
              -71.4226131589701,
              10.3423623727253
            ],
            [
              -71.4226131661646,
              10.3433570651765
            ],
            [
              -71.4232311631876,
              10.3433570597805
            ],
            [
              -71.427091775565,
              10.3489503860515
            ],
            [
              -71.4270917791623,
              10.3495550209475
            ],
            [
              -71.4275724443128,
              10.3495550182495
            ],
            [
              -71.4293501566844,
              10.3520813128024
            ],
            [
              -71.4293501674762,
              10.3536768234267
            ],
            [
              -71.4303801628142,
              10.3536758638501
            ],
            [
              -71.4303878088503,
              10.3561258761084
            ],
            [
              -71.4313720268974,
              10.356124914733
            ],
            [
              -71.431372042186,
              10.3583946803702
            ],
            [
              -71.4327224794588,
              10.358393718995
            ],
            [
              -71.4327224956466,
              10.3606749276059
            ],
            [
              -71.4337601208329,
              10.3606739680292
            ],
            [
              -71.4344620425891,
              10.3606739626333
            ],
            [
              -71.4344620479851,
              10.3613835025466
            ],
            [
              -71.4351868601854,
              10.3613834989494
            ],
            [
              -71.4351868628833,
              10.3619576153518
            ],
            [
              -71.4358353792992,
              10.3619566575737
            ],
            [
              -71.4358353828966,
              10.3625536626215
            ],
            [
              -71.4365067870586,
              10.3625527048435
            ],
            [
              -71.4365067951524,
              10.3636351360527
            ],
            [
              -71.4376436038691,
              10.3636341746774
            ],
            [
              -71.4376436110637,
              10.3646097916087
            ],
            [
              -71.4389330122487,
              10.3646088293341
            ],
            [
              -71.4389330158459,
              10.3651695953006
            ],
            [
              -71.4397188641343,
              10.3651686366233
            ],
            [
              -71.4397188686308,
              10.3658600569961
            ],
            [
              -71.4405047169192,
              10.3658600516001
            ],
            [
              -71.4405047214157,
              10.3663721795325
            ],
            [
              -71.4412905688046,
              10.3663712208552
            ],
            [
              -71.4412905724019,
              10.3668328032912
            ],
            [
              -71.4420764197909,
              10.366831844614
            ],
            [
              -71.4420764242875,
              10.3673468332898
            ],
            [
              -71.4429004200183,
              10.3673458746124
            ],
            [
              -71.4429004227163,
              10.3678093645106
            ],
            [
              -71.4437244202457,
              10.367808404934
            ],
            [
              -71.4437244238431,
              10.3684664460697
            ],
            [
              -71.4447086418903,
              10.3684654864931
            ],
            [
              -71.4447086436889,
              10.3688631711984
            ],
            [
              -71.4460361941151,
              10.3688622098232
            ],
            [
              -71.4460362022089,
              10.3700829234882
            ],
            [
              -71.4470433089015,
              10.3700819630123
            ],
            [
              -71.4470433124988,
              10.3706427298781
            ],
            [
              -71.4478596792807,
              10.3706417703015
            ],
            [
              -71.4478673208201,
              10.3724499535026
            ],
            [
              -71.4490727972718,
              10.3724489912279
            ],
            [
              -71.4490728053656,
              10.3736973626432
            ],
            [
              -71.4509191674855,
              10.37369544349
            ],
            [
              -71.4509191710828,
              10.3742657449682
            ],
            [
              -71.4515982050931,
              10.3742647871902
            ],
            [
              -71.4515982095897,
              10.3749333189176
            ],
            [
              -71.4525747977886,
              10.3749151930817
            ],
            [
              -71.4525824312342,
              10.3755751416795
            ],
            [
              -71.4535819080786,
              10.3755741812036
            ],
            [
              -71.4535819170718,
              10.3768483020076
            ],
            [
              -71.453581928763,
              10.3786030780697
            ],
            [
              -71.4569923576112,
              10.3786001948431
            ],
            [
              -71.4569923603091,
              10.3789616413667
            ],
            [
              -71.458480131253,
              10.3789606781928
            ],
            [
              -71.4584801411456,
              10.3805151815305
            ],
            [
              -71.459220212143,
              10.3805151761345
            ],
            [
              -71.4592202256329,
              10.3824769023871
            ],
            [
              -71.4613946604351,
              10.382474980536
            ],
            [
              -71.4613946739251,
              10.3844185863487
            ],
            [
              -71.4633707389684,
              10.3844176204768
            ],
            [
              -71.4633707497602,
              10.3861084997075
            ],
            [
              -71.4655375547143,
              10.3861065778563
            ],
            [
              -71.465537556513,
              10.3864232012698
            ],
            [
              -71.4665522930538,
              10.3864222407938
            ],
            [
              -71.466552302047,
              10.3877602584293
            ],
            [
              -71.4682765910918,
              10.3877592925574
            ],
            [
              -71.4682765964877,
              10.3887120226418
            ],
            [
              -71.4704052539992,
              10.3887110549713
            ],
            [
              -71.4704052602946,
              10.3896552010268
            ],
            [
              -71.4726865084755,
              10.3896532791756
            ],
            [
              -71.4726865138715,
              10.3904400672554
            ],
            [
              -71.4749753928001,
              10.3904381445048
            ],
            [
              -71.4749753963973,
              10.3908997278402
            ],
            [
              -71.4773405711104,
              10.3908978050897
            ],
            [
              -71.4773405738085,
              10.3914042106359
            ],
            [
              -71.479385304788,
              10.391402289684
            ],
            [
              -71.4793853074859,
              10.3916368958261
            ],
            [
              -71.4797438977626,
              10.3916368940275
            ],
            [
              -71.4797439058566,
              10.3927937108611
            ],
            [
              -71.4784926521141,
              10.3927946731357
            ],
            [
              -71.4784926638053,
              10.3946209758774
            ],
            [
              -71.477180373975,
              10.394621938152
            ],
            [
              -71.4771803856662,
              10.3965207208547
            ],
            [
              -71.4761122428857,
              10.3965216813306
            ],
            [
              -71.4761122563755,
              10.3984023444927
            ],
            [
              -71.4746626328742,
              10.3984033076666
            ],
            [
              -71.4746626472633,
              10.4006368324239
            ],
            [
              -71.4736402817736,
              10.4006368396185
            ],
            [
              -71.4736402952634,
              10.402626222722
            ],
            [
              -71.4726713360133,
              10.4026271822986
            ],
            [
              -71.4726713504024,
              10.4047157489327
            ],
            [
              -71.4717023920517,
              10.4047167085094
            ],
            [
              -71.4717100344905,
              10.4066965534032
            ],
            [
              -71.470603743368,
              10.4066965614971
            ],
            [
              -71.4706037577572,
              10.4089567898241
            ],
            [
              -71.4694364305468,
              10.4089577520986
            ],
            [
              -71.4694364440366,
              10.411046316934
            ],
            [
              -71.4685132629766,
              10.4110472765106
            ],
            [
              -71.4685132791645,
              10.4134610487884
            ],
            [
              -71.467666393889,
              10.4134620074657
            ],
            [
              -71.467666410976,
              10.4160026192255
            ],
            [
              -71.4672391529645,
              10.4160026219235
            ],
            [
              -71.4672391673536,
              10.4179824677167
            ],
            [
              -71.4672696921425,
              10.4190219823786
            ],
            [
              -71.4670179152445,
              10.419021983278
            ],
            [
              -71.4670179242378,
              10.4203418813728
            ],
            [
              -71.4673917742109,
              10.4203418786748
            ],
            [
              -71.4673917903988,
              10.4226927074025
            ],
            [
              -71.4684446743822,
              10.4226917469266
            ],
            [
              -71.4684446788788,
              10.4234060559448
            ],
            [
              -71.4681013473992,
              10.4234060577434
            ],
            [
              -71.4681089961333,
              10.4262995328971
            ],
            [
              -71.4671476676307,
              10.4263004915744
            ],
            [
              -71.4671476739259,
              10.4274210693269
            ],
            [
              -71.4658582736404,
              10.4274220316015
            ],
            [
              -71.4658659151798,
              10.4294199978346
            ],
            [
              -71.4648435505894,
              10.4294209574113
            ],
            [
              -71.4648435649785,
              10.431644946657
            ],
            [
              -71.4632489797566,
              10.4316459107302
            ],
            [
              -71.4632566230946,
              10.4338336590961
            ],
            [
              -71.4614255215705,
              10.4338355782493
            ],
            [
              -71.4614255323624,
              10.4355445797186
            ],
            [
              -71.4588238404478,
              10.4355465033685
            ],
            [
              -71.4588314855846,
              10.4378153157243
            ],
            [
              -71.4575420835003,
              10.4378162770996
            ],
            [
              -71.4575420942922,
              10.4394995273813
            ],
            [
              -71.4519953789835,
              10.4395033782783
            ],
            [
              -71.451507084884,
              10.4395033827749
            ],
            [
              -71.4515147740875,
              10.4485442978811
            ],
            [
              -71.4332418936984,
              10.448557768826
            ],
            [
              -71.4332495730094,
              10.4559783763011
            ],
            [
              -71.4241169477389,
              10.4559851122231
            ],
            [
              -71.4149843224684,
              10.4559908939646
            ],
            [
              -71.4149689521554,
              10.4395284172027
            ],
            [
              -71.4077284662956,
              10.4395332330724
            ],
            [
              -71.407530097436,
              10.4395332339716
            ],
            [
              -71.4075224073332,
              10.4305152075109
            ],
            [
              -71.4050809368357,
              10.43051617698
            ],
            [
              -71.4050732467329,
              10.421479076798
            ],
            [
              -71.4026317762355,
              10.4214810004478
            ],
            [
              -71.4026317159809,
              10.4124429451858
            ],
            [
              -71.4001902445841,
              10.412444869735
            ],
            [
              -71.4001902445841,
              10.4124254129025
            ],
            [
              -71.3645988542537,
              10.4126904413109
            ],
            [
              -71.3649273981808,
              10.4560181569125
            ],
            [
              -71.3327771782242,
              10.4560317177896
            ],
            [
              -71.3327359586975,
              10.3475433391539
            ],
            [
              -71.3601278666077,
              10.347531982515
            ],
            [
              -71.3601316581495,
              10.355613957718
            ],
            [
              -71.4059502215255,
              10.3555896643316
            ],
            [
              -71.4128875594133,
              10.355503557843
            ],
            [
              -71.4125868441076,
              10.3152738798857
            ]
          ]
        ]
      },
      "properties": {
        "id": "GEM-L100000305176",
        "nombre": "Cabimas Oil Field (Venezuela)",
        "tipo": "campo",
        "sector": "upstream",
        "fluido": "oil",
        "estado": "activo",
        "operadora": "Petrocabimas",
        "propietarios": "Suelopetrol [40%]; Petróleos de Venezuela SA [60%]",
        "cuenca": null,
        "bloque": null,
        "subnacional": null,
        "tipo_produccion": null,
        "costa": "onshore",
        "descubrimiento": "1917",
        "inicio_produccion": null,
        "notas": "https://www.gem.wiki/Cabimas_Oil_Field_(Venezuela)",
        "fuente": "Global Energy Monitor, Global Oil and Gas Extraction Tracker, March 2026",
        "confianza": "media",
        "ultima_verificacion": "2026-09-09"
      }
    },
    {
      "type": "Feature",
      "geometry": {
        "type": "Polygon",
        "coordinates": [
          [
            [
              -64.4422121549669,
              9.07749147275329
            ],
            [
              -64.4420233611891,
              9.03005673143303
            ],
            [
              -64.4266866746503,
              9.03011673060268
            ],
            [
              -64.4266215952104,
              9.01345129574077
            ],
            [
              -64.4242279038946,
              9.01346074581681
            ],
            [
              -64.4200182979061,
              9.01347702804247
            ],
            [
              -64.4199532193655,
              8.99681189175543
            ],
            [
              -64.418327951074,
              8.99681819060709
            ],
            [
              -64.3901495167867,
              8.99692562182002
            ],
            [
              -64.3766774108338,
              8.99697622217496
            ],
            [
              -64.3766774099345,
              8.99697609177327
            ],
            [
              -64.3766753369972,
              8.99642003016031
            ],
            [
              -64.3766712729608,
              8.99525804762083
            ],
            [
              -64.3548512955508,
              8.99533314910558
            ],
            [
              -64.3548217303385,
              8.98745761147961
            ],
            [
              -64.3548202680409,
              8.98706496927298
            ],
            [
              -64.3499553071916,
              8.9870827803461
            ],
            [
              -64.3278524570252,
              8.98716289285329
            ],
            [
              -64.3278484460489,
              8.98606196438815
            ],
            [
              -64.3278290143975,
              8.98011887378703
            ],
            [
              -64.3308764831631,
              8.98010770150926
            ],
            [
              -64.3343754304817,
              8.98009520992604
            ],
            [
              -64.3343576625761,
              8.97521202611415
            ],
            [
              -64.3411832686929,
              8.97518729295927
            ],
            [
              -64.3516560600791,
              8.97514963654651
            ],
            [
              -64.3516606709032,
              8.97635316866387
            ],
            [
              -64.3516746032004,
              8.98011345087508
            ],
            [
              -64.351675082539,
              8.98011344907642
            ],
            [
              -64.3516750834383,
              8.98011376563783
            ],
            [
              -64.3642166455817,
              8.98006770775856
            ],
            [
              -64.364216643783,
              8.98006729496972
            ],
            [
              -64.3642168200502,
              8.98006729407041
            ],
            [
              -64.364215185982,
              8.97963041421229
            ],
            [
              -64.3642106372111,
              8.97826780371621
            ],
            [
              -64.3850377945585,
              8.97819018053246
            ],
            [
              -64.4016633148101,
              8.97812748789328
            ],
            [
              -64.4016713241722,
              8.98019854112982
            ],
            [
              -64.4016801249378,
              8.98019850785487
            ],
            [
              -64.401680159112,
              8.98020711706481
            ],
            [
              -64.4266184772609,
              8.98011171968017
            ],
            [
              -64.4266835207279,
              8.99678586087884
            ],
            [
              -64.4515496341083,
              8.99668874488968
            ],
            [
              -64.4516167145397,
              9.01345318161908
            ],
            [
              -64.5060155593706,
              9.01345083978448
            ],
            [
              -64.5058084580938,
              8.96333749023301
            ],
            [
              -64.4766816059713,
              8.96344876514843
            ],
            [
              -64.4766856834975,
              8.98024920263863
            ],
            [
              -64.4583058611266,
              8.98032228784336
            ],
            [
              -64.4582997070658,
              8.94682741595255
            ],
            [
              -64.4927396414213,
              8.94661969324431
            ],
            [
              -64.5016856222936,
              8.94658352431026
            ],
            [
              -64.5016855467505,
              8.94656521321405
            ],
            [
              -64.5016856474746,
              8.94656521231473
            ],
            [
              -64.5016719561958,
              8.94325985305983
            ],
            [
              -64.5016179698933,
              8.93011781178764
            ],
            [
              -64.5036928803221,
              8.93010940492513
            ],
            [
              -64.5765999302425,
              8.92980663376921
            ],
            [
              -64.5766001838514,
              8.92986573991203
            ],
            [
              -64.576699487891,
              8.95298087236944
            ],
            [
              -64.5768055512352,
              8.95298042090974
            ],
            [
              -64.5825739827031,
              8.95295588560565
            ],
            [
              -64.5825740582462,
              8.95297332705746
            ],
            [
              -64.58258782237,
              8.95615375968834
            ],
            [
              -64.5826114790365,
              8.96161968889759
            ],
            [
              -64.5826193013397,
              8.96342607615253
            ],
            [
              -64.5826193436078,
              8.96342607615253
            ],
            [
              -64.5826193445071,
              8.96342628299663
            ],
            [
              -64.5902306846983,
              8.96339624743893
            ],
            [
              -64.590322786967,
              8.98460479827287
            ],
            [
              -64.5903230882399,
              8.98460479737356
            ],
            [
              -64.5903230900385,
              8.98460521645763
            ],
            [
              -64.6015182564623,
              8.98455685991121
            ],
            [
              -64.6015789049425,
              8.99835078016439
            ],
            [
              -64.6016927168454,
              9.02417677413888
            ],
            [
              -64.6016927168454,
              9.02417681910497
            ],
            [
              -64.6016929191928,
              9.02422264495914
            ],
            [
              -64.601692478525,
              9.02422273758929
            ],
            [
              -64.5741950396693,
              9.02999285708472
            ],
            [
              -64.5741927769751,
              9.03005666848054
            ],
            [
              -64.5739971078802,
              9.03433421824962
            ],
            [
              -64.5418690436214,
              9.03481404523204
            ],
            [
              -64.5294112955948,
              9.03499238798839
            ],
            [
              -64.5241260599697,
              9.03506841487547
            ],
            [
              -64.5241187493808,
              9.03507793779665
            ],
            [
              -64.5241172583048,
              9.0350779602797
            ],
            [
              -64.5173132107361,
              9.04394339337295
            ],
            [
              -64.4855654733678,
              9.08530307757501
            ],
            [
              -64.4766871691775,
              9.08542069810676
            ],
            [
              -64.4422457590345,
              9.08587493937699
            ],
            [
              -64.4422121549669,
              9.07749147275329
            ]
          ]
        ]
      },
      "properties": {
        "id": "GEM-L100000309202",
        "nombre": "Caracoles Oil and Gas Field (Venezuela)",
        "tipo": "campo",
        "sector": "upstream",
        "fluido": "oil and gas",
        "estado": "activo",
        "operadora": "Petrolera Sino-Venezolana",
        "propietarios": "Petróleos de Venezuela SA [75%]; China National Petroleum Corp [25%]",
        "cuenca": null,
        "bloque": null,
        "subnacional": null,
        "tipo_produccion": null,
        "costa": "unknown",
        "descubrimiento": "1952",
        "inicio_produccion": null,
        "notas": "https://www.gem.wiki/Caracoles_Oil_and_Gas_Field_(Venezuela)",
        "fuente": "Global Energy Monitor, Global Oil and Gas Extraction Tracker, March 2026",
        "confianza": "media",
        "ultima_verificacion": "2026-09-09"
      }
    },
    {
      "type": "Feature",
      "geometry": {
        "type": "Point",
        "coordinates": [
          -63.2906,
          9.2966
        ]
      },
      "properties": {
        "id": "GEM-L100000320445",
        "nombre": "Casma Oil and Gas Field (Venezuela)",
        "tipo": "campo",
        "sector": "upstream",
        "fluido": "oil and gas",
        "estado": "activo",
        "operadora": "Petrocuragua",
        "propietarios": "CIP [28%]; OPEN [12%]; Petróleos de Venezuela SA [60%]",
        "cuenca": null,
        "bloque": null,
        "subnacional": null,
        "tipo_produccion": null,
        "costa": "onshore",
        "descubrimiento": "1974",
        "inicio_produccion": null,
        "notas": "https://www.gem.wiki/Casma_Oil_and_Gas_Field_(Venezuela)",
        "fuente": "Global Energy Monitor, Global Oil and Gas Extraction Tracker, March 2026",
        "confianza": "media",
        "ultima_verificacion": "2026-09-09"
      }
    },
    {
      "type": "Feature",
      "geometry": {
        "type": "MultiPolygon",
        "coordinates": [
          [
            [
              [
                -71.3361741682311,
                9.95426758597067
              ],
              [
                -71.329481878367,
                9.94255607870862
              ],
              [
                -71.3336645595321,
                9.93419071637858
              ],
              [
                -71.3437029943281,
                9.92331574534953
              ],
              [
                -71.3587606465222,
                9.90407541199044
              ],
              [
                -71.3604337189882,
                9.8932004409614
              ],
              [
                -71.3587606465222,
                9.88399854239836
              ],
              [
                -71.3545779653572,
                9.87897932500033
              ],
              [
                -71.3520683566581,
                9.86977742643729
              ],
              [
                -71.3512318204251,
                9.86141206410726
              ],
              [
                -71.3529048928911,
                9.84719094814619
              ],
              [
                -71.3604337189882,
                9.84133519451517
              ],
              [
                -71.3729817624832,
                9.83464290465114
              ],
              [
                -71.3838567335123,
                9.82878715102011
              ],
              [
                -71.3863663422113,
                9.82460446985509
              ],
              [
                -71.3888759509103,
                9.81540257129205
              ],
              [
                -71.3888759509103,
                9.80620067272901
              ],
              [
                -71.3905490233763,
                9.79448916546696
              ],
              [
                -71.3938951683083,
                9.78779687560293
              ],
              [
                -71.4030970668714,
                9.77524883210787
              ],
              [
                -71.4114624292014,
                9.76604693354483
              ],
              [
                -71.4206643277644,
                9.7585181074478
              ],
              [
                -71.4307027625605,
                9.75433542628278
              ],
              [
                -71.4365585161915,
                9.75600849874879
              ],
              [
                -71.4399046611235,
                9.76186425237981
              ],
              [
                -71.4415777335895,
                9.77608536834088
              ],
              [
                -71.4357219799585,
                9.80536413649601
              ],
              [
                -71.4240104726965,
                9.81540257129205
              ],
              [
                -71.4173181828324,
                9.82125832492308
              ],
              [
                -71.4181547190654,
                9.83296983218513
              ],
              [
                -71.4156451103664,
                9.84300826698117
              ],
              [
                -71.4106258929684,
                9.86810435397128
              ],
              [
                -71.4064432118034,
                9.87730625253433
              ],
              [
                -71.4005874581724,
                9.89152736849539
              ],
              [
                -71.3972413132403,
                9.90574848445645
              ],
              [
                -71.3955682407743,
                9.9157869192525
              ],
              [
                -71.3880394146773,
                9.92833496274755
              ],
              [
                -71.3813471248133,
                9.9392099337766
              ],
              [
                -71.3721452262502,
                9.94924836857265
              ],
              [
                -71.3570875740562,
                9.95845026713569
              ],
              [
                -71.3361741682311,
                9.95426758597067
              ]
            ]
          ]
        ]
      },
      "properties": {
        "id": "GEM-L100000305177",
        "nombre": "Centro Oil Field (Venezuela)",
        "tipo": "campo",
        "sector": "upstream",
        "fluido": "oil",
        "estado": "activo",
        "operadora": null,
        "propietarios": null,
        "cuenca": "Maracaibo",
        "bloque": null,
        "subnacional": null,
        "tipo_produccion": null,
        "costa": "offshore",
        "descubrimiento": "1957",
        "inicio_produccion": null,
        "notas": "https://www.gem.wiki/Centro_Oil_Field_(Venezuela)",
        "fuente": "Global Energy Monitor, Global Oil and Gas Extraction Tracker, March 2026",
        "confianza": "media",
        "ultima_verificacion": "2026-09-09"
      }
    },
    {
      "type": "Feature",
      "geometry": {
        "type": "Point",
        "coordinates": [
          -63.1062,
          8.6478
        ]
      },
      "properties": {
        "id": "GEM-L100000305048",
        "nombre": "Cerro Negro (Anzoátegui) Oil Field (Venezuela)",
        "tipo": "campo",
        "sector": "upstream",
        "fluido": "oil",
        "estado": "activo",
        "operadora": "Petróleos de Venezuela",
        "propietarios": null,
        "cuenca": null,
        "bloque": null,
        "subnacional": null,
        "tipo_produccion": null,
        "costa": "onshore",
        "descubrimiento": "1979",
        "inicio_produccion": null,
        "notas": "https://www.gem.wiki/Cerro_Negro_(Anzoátegui)_Oil_Field_(Venezuela)",
        "fuente": "Global Energy Monitor, Global Oil and Gas Extraction Tracker, March 2026",
        "confianza": "baja",
        "ultima_verificacion": "2026-09-09"
      }
    },
    {
      "type": "Feature",
      "geometry": {
        "type": "Point",
        "coordinates": [
          -63.1062,
          8.6478
        ]
      },
      "properties": {
        "id": "GEM-L100000305049",
        "nombre": "Cerro Negro (Monagas) Oil Field (Venezuela)",
        "tipo": "campo",
        "sector": "upstream",
        "fluido": "oil",
        "estado": "activo",
        "operadora": "Petróleos de Venezuela",
        "propietarios": null,
        "cuenca": null,
        "bloque": null,
        "subnacional": null,
        "tipo_produccion": null,
        "costa": "onshore",
        "descubrimiento": "1979",
        "inicio_produccion": null,
        "notas": "https://www.gem.wiki/Cerro_Negro_(Monagas)_Oil_Field_(Venezuela)",
        "fuente": "Global Energy Monitor, Global Oil and Gas Extraction Tracker, March 2026",
        "confianza": "baja",
        "ultima_verificacion": "2026-09-09"
      }
    },
    {
      "type": "Feature",
      "geometry": {
        "type": "Polygon",
        "coordinates": [
          [
            [
              -71.2823001846135,
              9.88450439209367
            ],
            [
              -71.2984805716899,
              9.88597533637334
            ],
            [
              -71.2992160438297,
              9.84625984082232
            ],
            [
              -71.2867130174525,
              9.78889301391528
            ],
            [
              -71.2153722198887,
              9.74844204622443
            ],
            [
              -71.1984563606725,
              9.71461032779207
            ],
            [
              -71.1763921964775,
              9.68886880289789
            ],
            [
              -71.152121615863,
              9.68445597005889
            ],
            [
              -71.1337348123671,
              9.67563030438088
            ],
            [
              -71.1109351760323,
              9.67121747154188
            ],
            [
              -71.0866645954178,
              9.68592691433856
            ],
            [
              -71.0984321496551,
              9.74255826910576
            ],
            [
              -71.1366767009265,
              9.75579676762276
            ],
            [
              -71.1675665307995,
              9.77712545967794
            ],
            [
              -71.174185780058,
              9.79183490247462
            ],
            [
              -71.1756567243376,
              9.8131635945298
            ],
            [
              -71.191837111414,
              9.8197828437883
            ],
            [
              -71.2021337213717,
              9.84184700798332
            ],
            [
              -71.2175786363082,
              9.84184700798332
            ],
            [
              -71.2212559970073,
              9.78742206963562
            ],
            [
              -71.2440556333422,
              9.79698320745345
            ],
            [
              -71.2639133811177,
              9.8131635945298
            ],
            [
              -71.2727390467957,
              9.85508550650032
            ],
            [
              -71.2823001846135,
              9.88450439209367
            ]
          ]
        ]
      },
      "properties": {
        "id": "GEM-L100000305171",
        "nombre": "Ceuta Oil Field (Venezuela)",
        "tipo": "campo",
        "sector": "upstream",
        "fluido": "oil",
        "estado": "activo",
        "operadora": "Petróleos de Venezuela",
        "propietarios": null,
        "cuenca": "Maracaibo",
        "bloque": null,
        "subnacional": null,
        "tipo_produccion": null,
        "costa": "offshore",
        "descubrimiento": "1956",
        "inicio_produccion": null,
        "notas": "https://www.gem.wiki/Ceuta_Oil_Field_(Venezuela)",
        "fuente": "Global Energy Monitor, Global Oil and Gas Extraction Tracker, March 2026",
        "confianza": "media",
        "ultima_verificacion": "2026-09-09"
      }
    },
    {
      "type": "Feature",
      "geometry": {
        "type": "Point",
        "coordinates": [
          -71.5604,
          10.0223
        ]
      },
      "properties": {
        "id": "GEM-L100000310803",
        "nombre": "Ceuta South Oil and Gas Field (Venezuela)",
        "tipo": "campo",
        "sector": "upstream",
        "fluido": "oil and gas",
        "estado": "desconocido",
        "operadora": "Petróleos de Venezuela",
        "propietarios": "Petróleos de Venezuela SA [100%]",
        "cuenca": "Maracaibo",
        "bloque": null,
        "subnacional": null,
        "tipo_produccion": null,
        "costa": "offshore",
        "descubrimiento": null,
        "inicio_produccion": null,
        "notas": "https://www.gem.wiki/Ceuta_South_Oil_and_Gas_Field_(Venezuela)",
        "fuente": "Global Energy Monitor, Global Oil and Gas Extraction Tracker, March 2026",
        "confianza": "baja",
        "ultima_verificacion": "2026-09-09"
      }
    },
    {
      "type": "Feature",
      "geometry": {
        "type": "MultiPolygon",
        "coordinates": [
          [
            [
              [
                -64.2237339811751,
                9.05357948059854
              ],
              [
                -64.2136955463791,
                9.03517568347246
              ],
              [
                -64.2170416913111,
                9.02681032114242
              ],
              [
                -64.2237339811751,
                9.01342574141436
              ],
              [
                -64.2387916333692,
                9.01175266894836
              ],
              [
                -64.2705800102233,
                9.01677188634638
              ],
              [
                -64.2940030247474,
                9.01677188634638
              ],
              [
                -64.3073876044755,
                9.00840652401634
              ],
              [
                -64.3291375465336,
                8.9983680892203
              ],
              [
                -64.3575797784557,
                8.99334887182227
              ],
              [
                -64.3659451407857,
                8.99669501675429
              ],
              [
                -64.3743105031158,
                9.00673345155033
              ],
              [
                -64.3709643581838,
                9.02346417621041
              ],
              [
                -64.3575797784557,
                9.04688719073451
              ],
              [
                -64.3425221262616,
                9.05692562553056
              ],
              [
                -64.3057145320095,
                9.06361791539459
              ],
              [
                -64.2806184450194,
                9.06027177046257
              ],
              [
                -64.2655607928253,
                9.05357948059854
              ],
              [
                -64.2454839232332,
                9.05357948059854
              ],
              [
                -64.2237339811751,
                9.05357948059854
              ]
            ]
          ]
        ]
      },
      "properties": {
        "id": "GEM-L100000305189",
        "nombre": "Chimire Oil Field (Venezuela)",
        "tipo": "campo",
        "sector": "upstream",
        "fluido": "oil",
        "estado": "activo",
        "operadora": null,
        "propietarios": null,
        "cuenca": "Maturin",
        "bloque": null,
        "subnacional": null,
        "tipo_produccion": null,
        "costa": "onshore",
        "descubrimiento": "1948",
        "inicio_produccion": null,
        "notas": "https://www.gem.wiki/Chimire_Oil_Field_(Venezuela)",
        "fuente": "Global Energy Monitor, Global Oil and Gas Extraction Tracker, March 2026",
        "confianza": "media",
        "ultima_verificacion": "2026-09-09"
      }
    },
    {
      "type": "Feature",
      "geometry": {
        "type": "Point",
        "coordinates": [
          -60.2949,
          9.974
        ]
      },
      "properties": {
        "id": "GEM-L100000320699",
        "nombre": "Cocuina Gas Field (Venezuela)",
        "tipo": "campo",
        "sector": "upstream",
        "fluido": "gas",
        "estado": "inactivo",
        "operadora": "BP",
        "propietarios": "BP PLC [80%]; National Gas Company of Trinidad and Tobago Ltd [20%]",
        "cuenca": null,
        "bloque": null,
        "subnacional": null,
        "tipo_produccion": "conventional",
        "costa": "offshore",
        "descubrimiento": "1983",
        "inicio_produccion": null,
        "notas": "https://www.gem.wiki/Cocuina_Gas_Field_(Venezuela)",
        "fuente": "Global Energy Monitor, Global Oil and Gas Extraction Tracker, March 2026",
        "confianza": "baja",
        "ultima_verificacion": "2026-09-09"
      }
    },
    {
      "type": "Feature",
      "geometry": {
        "type": "Point",
        "coordinates": [
          -62.4758,
          10.1429
        ]
      },
      "properties": {
        "id": "GEM-L100000305170",
        "nombre": "Corocoro Oil Field (Venezuela)",
        "tipo": "campo",
        "sector": "upstream",
        "fluido": "oil",
        "estado": "activo",
        "operadora": "PetroSucre",
        "propietarios": "Eni SpA [26%]; Petróleos de Venezuela SA [74%]",
        "cuenca": null,
        "bloque": null,
        "subnacional": null,
        "tipo_produccion": null,
        "costa": "offshore",
        "descubrimiento": "1998",
        "inicio_produccion": "2008",
        "notas": "https://www.gem.wiki/Corocoro_Oil_Field_(Venezuela)",
        "fuente": "Global Energy Monitor, Global Oil and Gas Extraction Tracker, March 2026",
        "confianza": "media",
        "ultima_verificacion": "2026-09-09"
      }
    },
    {
      "type": "Feature",
      "geometry": {
        "type": "MultiPolygon",
        "coordinates": [
          [
            [
              [
                -69.2563359589254,
                11.5196882954935
              ],
              [
                -69.2529898139934,
                11.4912460635713
              ],
              [
                -69.2847781908475,
                11.4845537737073
              ],
              [
                -69.3031819879736,
                11.4778614838433
              ],
              [
                -69.3332972923617,
                11.4761884113773
              ],
              [
                -69.3450087996238,
                11.4862268461733
              ],
              [
                -69.3500280170218,
                11.4979383534354
              ],
              [
                -69.3232588575657,
                11.5163421505614
              ],
              [
                -69.2563359589254,
                11.5196882954935
              ]
            ]
          ]
        ]
      },
      "properties": {
        "id": "GEM-L100000320420",
        "nombre": "Cumarebo Oil and Gas Field (Venezuela)",
        "tipo": "campo",
        "sector": "upstream",
        "fluido": "oil and gas",
        "estado": "activo",
        "operadora": null,
        "propietarios": null,
        "cuenca": null,
        "bloque": null,
        "subnacional": null,
        "tipo_produccion": null,
        "costa": "onshore",
        "descubrimiento": "1931",
        "inicio_produccion": null,
        "notas": "https://www.gem.wiki/Cumarebo_Oil_and_Gas_Field_(Venezuela)",
        "fuente": "Global Energy Monitor, Global Oil and Gas Extraction Tracker, March 2026",
        "confianza": "media",
        "ultima_verificacion": "2026-09-09"
      }
    },
    {
      "type": "Feature",
      "geometry": {
        "type": "MultiPolygon",
        "coordinates": [
          [
            [
              [
                -63.7167930239749,
                8.91806061085194
              ],
              [
                -63.7134468790428,
                8.90300295865787
              ],
              [
                -63.738542966033,
                8.90132988619187
              ],
              [
                -63.756946763159,
                8.89965681372586
              ],
              [
                -63.7904082124792,
                8.90132988619187
              ],
              [
                -63.8221965893333,
                8.90634910358989
              ],
              [
                -63.8472926763234,
                8.9080221760559
              ],
              [
                -63.8874464155076,
                8.91304139345392
              ],
              [
                -63.9142155749637,
                8.91471446591992
              ],
              [
                -63.9309462996238,
                8.92140675578396
              ],
              [
                -63.9460039518179,
                8.92977211811399
              ],
              [
                -63.976119256206,
                8.93144519058
              ],
              [
                -64.0112537779922,
                8.93311826304601
              ],
              [
                -64.0279845026522,
                8.93646440797802
              ],
              [
                -64.0346767925163,
                8.94148362537604
              ],
              [
                -64.0363498649823,
                8.94984898770608
              ],
              [
                -64.0279845026522,
                8.95821435003612
              ],
              [
                -64.0028884156621,
                8.96992585729817
              ],
              [
                -63.986157691002,
                8.97494507469619
              ],
              [
                -63.9560423866139,
                8.97829121962821
              ],
              [
                -63.9342924445558,
                8.97829121962821
              ],
              [
                -63.8991579227697,
                8.96323356743414
              ],
              [
                -63.8907925604396,
                8.9548682051041
              ],
              [
                -63.8774079807116,
                8.94315669784205
              ],
              [
                -63.8707156908475,
                8.93646440797802
              ],
              [
                -63.8272158067313,
                8.92977211811399
              ],
              [
                -63.8004466472752,
                8.92977211811399
              ],
              [
                -63.746908328363,
                8.93479133551202
              ],
              [
                -63.7218122413729,
                8.92977211811399
              ],
              [
                -63.7167930239749,
                8.91806061085194
              ]
            ]
          ]
        ]
      },
      "properties": {
        "id": "GEM-L100000305190",
        "nombre": "Dación Oil and Gas Field (Venezuela)",
        "tipo": "campo",
        "sector": "upstream",
        "fluido": "oil and gas",
        "estado": "activo",
        "operadora": null,
        "propietarios": null,
        "cuenca": "Maturin",
        "bloque": null,
        "subnacional": null,
        "tipo_produccion": null,
        "costa": "onshore",
        "descubrimiento": "1940",
        "inicio_produccion": null,
        "notas": "https://www.gem.wiki/Dación_Oil_and_Gas_Field_(Venezuela)",
        "fuente": "Global Energy Monitor, Global Oil and Gas Extraction Tracker, March 2026",
        "confianza": "media",
        "ultima_verificacion": "2026-09-09"
      }
    },
    {
      "type": "Feature",
      "geometry": {
        "type": "Polygon",
        "coordinates": [
          [
            [
              -63.566645869811,
              8.81836242368693
            ],
            [
              -63.5599781729543,
              8.8070785966999
            ],
            [
              -63.5566970045631,
              8.80901785159261
            ],
            [
              -63.5552576054541,
              8.8098685607855
            ],
            [
              -63.547385454675,
              8.81459148091215
            ],
            [
              -63.547351195901,
              8.80596979287169
            ],
            [
              -63.5473105969065,
              8.79575206540556
            ],
            [
              -63.5468647454116,
              8.68351034552608
            ],
            [
              -63.5467253675816,
              8.64783587582508
            ],
            [
              -63.5467305045091,
              8.64682531753442
            ],
            [
              -63.5470933260961,
              8.64682447397035
            ],
            [
              -63.7453647657713,
              8.64632454534155
            ],
            [
              -63.745407445797,
              8.65533874518701
            ],
            [
              -63.7454805354983,
              8.67077430768819
            ],
            [
              -63.7116958184072,
              8.69075053820683
            ],
            [
              -63.706376566825,
              8.69247865566547
            ],
            [
              -63.7290764067508,
              8.72977857352241
            ],
            [
              -63.7152764556439,
              8.73797876011172
            ],
            [
              -63.7396045927777,
              8.77818059056186
            ],
            [
              -63.6995767505666,
              8.80047862239059
            ],
            [
              -63.6976262748326,
              8.7965054490673
            ],
            [
              -63.6944343524633,
              8.78994991115951
            ],
            [
              -63.664877261976,
              8.80667879049383
            ],
            [
              -63.6621771887262,
              8.80207877531529
            ],
            [
              -63.6356774964193,
              8.81827859967768
            ],
            [
              -63.6401774710135,
              8.82007872944982
            ],
            [
              -63.6226791677094,
              8.82085815208212
            ],
            [
              -63.616477572382,
              8.82087870159086
            ],
            [
              -63.61653488078,
              8.80587450250634
            ],
            [
              -63.6165776408455,
              8.79467867328219
            ],
            [
              -63.6111590096805,
              8.79782517629093
            ],
            [
              -63.6059562688667,
              8.80084621847823
            ],
            [
              -63.5690783084171,
              8.82247869893286
            ],
            [
              -63.566645869811,
              8.81836242368693
            ]
          ]
        ]
      },
      "properties": {
        "id": "GEM-L100000309182",
        "nombre": "Dobokubi Oil Field (Venezuela)",
        "tipo": "campo",
        "sector": "upstream",
        "fluido": "oil",
        "estado": "activo",
        "operadora": "Petróleos de Venezuela",
        "propietarios": "Petróleos de Venezuela SA [0%]",
        "cuenca": null,
        "bloque": null,
        "subnacional": null,
        "tipo_produccion": "conventional",
        "costa": "onshore",
        "descubrimiento": "1981",
        "inicio_produccion": null,
        "notas": "https://www.gem.wiki/Dobokubi_Oil_Field_(Venezuela)",
        "fuente": "Global Energy Monitor, Global Oil and Gas Extraction Tracker, March 2026",
        "confianza": "baja",
        "ultima_verificacion": "2026-09-09"
      }
    },
    {
      "type": "Feature",
      "geometry": {
        "type": "Point",
        "coordinates": [
          -60.484,
          9.873
        ]
      },
      "properties": {
        "id": "GEM-L100000320701",
        "nombre": "Dorado Gas Field (Venezuela)",
        "tipo": "campo",
        "sector": "upstream",
        "fluido": "gas",
        "estado": "inactivo",
        "operadora": null,
        "propietarios": null,
        "cuenca": null,
        "bloque": null,
        "subnacional": null,
        "tipo_produccion": null,
        "costa": "offshore",
        "descubrimiento": "2023",
        "inicio_produccion": null,
        "notas": "https://www.gem.wiki/Dorado_Gas_Field_(Venezuela)",
        "fuente": "Global Energy Monitor, Global Oil and Gas Extraction Tracker, March 2026",
        "confianza": "baja",
        "ultima_verificacion": "2026-09-09"
      }
    },
    {
      "type": "Feature",
      "geometry": {
        "type": "Point",
        "coordinates": [
          -61.8567,
          10.8691
        ]
      },
      "properties": {
        "id": "GEM-L100000305167",
        "nombre": "Dragon Gas Field (Venezuela)",
        "tipo": "campo",
        "sector": "upstream",
        "fluido": "gas",
        "estado": "inactivo",
        "operadora": "Shell",
        "propietarios": "National Gas Company of Trinidad and Tobago Ltd [30%]; Shell PLC [70%]",
        "cuenca": null,
        "bloque": null,
        "subnacional": null,
        "tipo_produccion": "conventional",
        "costa": "offshore",
        "descubrimiento": "1985",
        "inicio_produccion": null,
        "notas": "https://www.gem.wiki/Dragon_Gas_Field_(Venezuela)",
        "fuente": "Global Energy Monitor, Global Oil and Gas Extraction Tracker, March 2026",
        "confianza": "media",
        "ultima_verificacion": "2026-09-09"
      }
    },
    {
      "type": "Feature",
      "geometry": {
        "type": "Point",
        "coordinates": [
          -63.916,
          9.375
        ]
      },
      "properties": {
        "id": "GEM-L100000309188",
        "nombre": "El Carito Oil Field (Venezuela)",
        "tipo": "campo",
        "sector": "upstream",
        "fluido": "oil",
        "estado": "activo",
        "operadora": "Petróleos de Venezuela",
        "propietarios": null,
        "cuenca": null,
        "bloque": null,
        "subnacional": null,
        "tipo_produccion": "conventional",
        "costa": "onshore",
        "descubrimiento": "1988",
        "inicio_produccion": null,
        "notas": "https://www.gem.wiki/El_Carito_Oil_Field_(Venezuela)",
        "fuente": "Global Energy Monitor, Global Oil and Gas Extraction Tracker, March 2026",
        "confianza": "media",
        "ultima_verificacion": "2026-09-09"
      }
    },
    {
      "type": "Feature",
      "geometry": {
        "type": "Point",
        "coordinates": [
          -63.021,
          9.414
        ]
      },
      "properties": {
        "id": "GEM-L100000305057",
        "nombre": "El Furrial Oil Field (Venezuela)",
        "tipo": "campo",
        "sector": "upstream",
        "fluido": "oil",
        "estado": "activo",
        "operadora": "Petróleos de Venezuela",
        "propietarios": null,
        "cuenca": null,
        "bloque": null,
        "subnacional": null,
        "tipo_produccion": "conventional",
        "costa": "onshore",
        "descubrimiento": "1986",
        "inicio_produccion": null,
        "notas": "https://www.gem.wiki/El_Furrial_Oil_Field_(Venezuela)",
        "fuente": "Global Energy Monitor, Global Oil and Gas Extraction Tracker, March 2026",
        "confianza": "baja",
        "ultima_verificacion": "2026-09-09"
      }
    },
    {
      "type": "Feature",
      "geometry": {
        "type": "Point",
        "coordinates": [
          -62.882,
          9.074
        ]
      },
      "properties": {
        "id": "GEM-L100000320723",
        "nombre": "El Isleno Oil Field (Venezuela)",
        "tipo": "campo",
        "sector": "upstream",
        "fluido": "oil",
        "estado": "activo",
        "operadora": "Petrodelta",
        "propietarios": "CT Energy [32%]; PFC [8%]; Petróleos de Venezuela SA [60%]",
        "cuenca": "Oriental",
        "bloque": null,
        "subnacional": null,
        "tipo_produccion": null,
        "costa": "onshore",
        "descubrimiento": "1953",
        "inicio_produccion": null,
        "notas": "https://www.gem.wiki/El_Isleno_Oil_Field_(Venezuela)",
        "fuente": "Global Energy Monitor, Global Oil and Gas Extraction Tracker, March 2026",
        "confianza": "baja",
        "ultima_verificacion": "2026-09-09"
      }
    },
    {
      "type": "Feature",
      "geometry": {
        "type": "Point",
        "coordinates": [
          -64.5749,
          8.9084
        ]
      },
      "properties": {
        "id": "GEM-L100000309648",
        "nombre": "Elotes Oil and Gas Field (Venezuela)",
        "tipo": "campo",
        "sector": "upstream",
        "fluido": "oil and gas",
        "estado": "activo",
        "operadora": "Petróleos de Venezuela",
        "propietarios": null,
        "cuenca": null,
        "bloque": "San Joaquín",
        "subnacional": null,
        "tipo_produccion": null,
        "costa": "onshore",
        "descubrimiento": "1954",
        "inicio_produccion": null,
        "notas": "https://www.gem.wiki/Elotes_Oil_and_Gas_Field_(Venezuela)",
        "fuente": "Global Energy Monitor, Global Oil and Gas Extraction Tracker, March 2026",
        "confianza": "media",
        "ultima_verificacion": "2026-09-09"
      }
    },
    {
      "type": "Feature",
      "geometry": {
        "type": "MultiPolygon",
        "coordinates": [
          [
            [
              [
                -64.5299062424545,
                9.48188603189644
              ],
              [
                -64.5265600975225,
                9.45846301737234
              ],
              [
                -64.5248870250565,
                9.44842458257629
              ],
              [
                -64.5165216627264,
                9.43671307531424
              ],
              [
                -64.5198678076584,
                9.42165542312017
              ],
              [
                -64.5349254598525,
                9.41830927818816
              ],
              [
                -64.5550023294446,
                9.41329006079014
              ],
              [
                -64.5817714889007,
                9.40827084339211
              ],
              [
                -64.6001752860268,
                9.40994391585812
              ],
              [
                -64.6085406483568,
                9.41663620572215
              ],
              [
                -64.6068675758908,
                9.43336693038223
              ],
              [
                -64.5985022135608,
                9.44340536517827
              ],
              [
                -64.5867907062987,
                9.4500976550423
              ],
              [
                -64.5734061265707,
                9.46348223477036
              ],
              [
                -64.5483100395806,
                9.48523217682846
              ],
              [
                -64.5299062424545,
                9.48188603189644
              ]
            ]
          ]
        ]
      },
      "properties": {
        "id": "GEM-L100000309209",
        "nombre": "El Roble Oil Field (Venezuela)",
        "tipo": "campo",
        "sector": "upstream",
        "fluido": "oil",
        "estado": "activo",
        "operadora": "Petróleos de Venezuela",
        "propietarios": null,
        "cuenca": "Maturin",
        "bloque": null,
        "subnacional": null,
        "tipo_produccion": null,
        "costa": "onshore",
        "descubrimiento": "1939",
        "inicio_produccion": null,
        "notas": "https://www.gem.wiki/El_Roble_Oil_Field_(Venezuela)",
        "fuente": "Global Energy Monitor, Global Oil and Gas Extraction Tracker, March 2026",
        "confianza": "media",
        "ultima_verificacion": "2026-09-09"
      }
    },
    {
      "type": "Feature",
      "geometry": {
        "type": "Point",
        "coordinates": [
          -62.882,
          9.074
        ]
      },
      "properties": {
        "id": "GEM-L100000320724",
        "nombre": "El Salto Oil Field (Venezuela)",
        "tipo": "campo",
        "sector": "upstream",
        "fluido": "oil",
        "estado": "activo",
        "operadora": "Petrodelta",
        "propietarios": "CT Energy [32%]; PFC [8%]; Petróleos de Venezuela SA [60%]",
        "cuenca": "Oriental",
        "bloque": null,
        "subnacional": null,
        "tipo_produccion": null,
        "costa": "onshore",
        "descubrimiento": "1936",
        "inicio_produccion": null,
        "notas": "https://www.gem.wiki/El_Salto_Oil_Field_(Venezuela)",
        "fuente": "Global Energy Monitor, Global Oil and Gas Extraction Tracker, March 2026",
        "confianza": "baja",
        "ultima_verificacion": "2026-09-09"
      }
    },
    {
      "type": "Feature",
      "geometry": {
        "type": "MultiPolygon",
        "coordinates": [
          [
            [
              [
                -71.0553453553813,
                7.02667792314992
              ],
              [
                -71.0198702494723,
                7.07249993494902
              ],
              [
                -70.9459637788286,
                7.0621530290589
              ],
              [
                -70.9577888141316,
                7.03702482904004
              ],
              [
                -70.9843951435633,
                7.0222435349113
              ],
              [
                -70.9991764376921,
                6.98381217017658
              ],
              [
                -71.0642141318585,
                6.99268094665382
              ],
              [
                -71.034651543601,
                7.00154972313107
              ],
              [
                -71.0553453553813,
                7.02667792314992
              ]
            ]
          ]
        ]
      },
      "properties": {
        "id": "GEM-L100000305211",
        "nombre": "Guafita Oil Field (Venezuela)",
        "tipo": "campo",
        "sector": "upstream",
        "fluido": "oil",
        "estado": "activo",
        "operadora": "Petróleos de Venezuela",
        "propietarios": null,
        "cuenca": "Apure-Barinas",
        "bloque": null,
        "subnacional": null,
        "tipo_produccion": null,
        "costa": "onshore",
        "descubrimiento": "1984",
        "inicio_produccion": null,
        "notas": "https://www.gem.wiki/Guafita_Oil_Field_(Venezuela)",
        "fuente": "Global Energy Monitor, Global Oil and Gas Extraction Tracker, March 2026",
        "confianza": "media",
        "ultima_verificacion": "2026-09-09"
      }
    },
    {
      "type": "Feature",
      "geometry": {
        "type": "MultiPolygon",
        "coordinates": [
          [
            [
              [
                -64.1072018327775,
                9.0568649156181
              ],
              [
                -64.0908901556538,
                9.06690287077114
              ],
              [
                -64.0595215458005,
                9.0317700277355
              ],
              [
                -64.0532478238299,
                9.02424156137072
              ],
              [
                -64.0381908911003,
                9.02926053894724
              ],
              [
                -64.0093317700353,
                9.0192225837942
              ],
              [
                -64.0080770256412,
                9.02926053894724
              ],
              [
                -63.9892558597293,
                9.02926053894724
              ],
              [
                -63.9892558597293,
                9.04933644925332
              ],
              [
                -63.9716894382114,
                9.04055323849441
              ],
              [
                -63.9691799494232,
                9.02926053894724
              ],
              [
                -63.9666704606349,
                9.03678900531202
              ],
              [
                -63.9528682722995,
                9.02424156137072
              ],
              [
                -63.9591419942701,
                9.00918462864116
              ],
              [
                -63.9967843260941,
                9.00542039545877
              ],
              [
                -64.0369361467062,
                9.01043937303529
              ],
              [
                -64.0570120570123,
                9.0066751398529
              ],
              [
                -64.1034375995951,
                9.00918462864116
              ],
              [
                -64.1235135099012,
                9.02926053894724
              ],
              [
                -64.1072018327775,
                9.0568649156181
              ]
            ]
          ]
        ]
      },
      "properties": {
        "id": "GEM-L100000305192",
        "nombre": "Guara Oil Field (Venezuela)",
        "tipo": "campo",
        "sector": "upstream",
        "fluido": "oil",
        "estado": "activo",
        "operadora": null,
        "propietarios": null,
        "cuenca": null,
        "bloque": null,
        "subnacional": null,
        "tipo_produccion": null,
        "costa": "onshore",
        "descubrimiento": "1942",
        "inicio_produccion": null,
        "notas": "https://www.gem.wiki/Guara_Oil_Field_(Venezuela)",
        "fuente": "Global Energy Monitor, Global Oil and Gas Extraction Tracker, March 2026",
        "confianza": "media",
        "ultima_verificacion": "2026-09-09"
      }
    },
    {
      "type": "Feature",
      "geometry": {
        "type": "MultiPolygon",
        "coordinates": [
          [
            [
              [
                -63.8171773719353,
                9.12384852417085
              ],
              [
                -63.8171773719353,
                9.1104639444428
              ],
              [
                -63.8205235168673,
                9.10544472704477
              ],
              [
                -63.8238696617993,
                9.10042550964675
              ],
              [
                -63.8339080965954,
                9.09707936471474
              ],
              [
                -63.8456196038574,
                9.09707936471474
              ],
              [
                -63.8590041835855,
                9.09875243718074
              ],
              [
                -63.8656964734495,
                9.10711779951078
              ],
              [
                -63.8656964734495,
                9.11548316184082
              ],
              [
                -63.8606772560515,
                9.11715623430682
              ],
              [
                -63.8406003864594,
                9.12050237923884
              ],
              [
                -63.8305619516634,
                9.12552159663686
              ],
              [
                -63.8171773719353,
                9.12384852417085
              ]
            ]
          ]
        ]
      },
      "properties": {
        "id": "GEM-L100000320429",
        "nombre": "Guico Oil and Gas Field (Venezuela)",
        "tipo": "campo",
        "sector": "upstream",
        "fluido": "oil and gas",
        "estado": "activo",
        "operadora": null,
        "propietarios": null,
        "cuenca": null,
        "bloque": null,
        "subnacional": null,
        "tipo_produccion": null,
        "costa": "onshore",
        "descubrimiento": "1944",
        "inicio_produccion": null,
        "notas": "https://www.gem.wiki/Guico_Oil_and_Gas_Field_(Venezuela)",
        "fuente": "Global Energy Monitor, Global Oil and Gas Extraction Tracker, March 2026",
        "confianza": "media",
        "ultima_verificacion": "2026-09-09"
      }
    },
    {
      "type": "Feature",
      "geometry": {
        "type": "Point",
        "coordinates": [
          -64.1453,
          8.4704
        ]
      },
      "properties": {
        "id": "GEM-L100000320732",
        "nombre": "Hamaca Oil and Gas Field (Venezuela)",
        "tipo": "campo",
        "sector": "upstream",
        "fluido": "oil and gas",
        "estado": "activo",
        "operadora": "Petropiar",
        "propietarios": "Petróleos de Venezuela SA [70%]; Chevron Corp [30%]",
        "cuenca": null,
        "bloque": null,
        "subnacional": null,
        "tipo_produccion": null,
        "costa": "onshore",
        "descubrimiento": null,
        "inicio_produccion": "2004",
        "notas": "https://www.gem.wiki/Hamaca_Oil_and_Gas_Field_(Venezuela)",
        "fuente": "Global Energy Monitor, Global Oil and Gas Extraction Tracker, March 2026",
        "confianza": "baja",
        "ultima_verificacion": "2026-09-09"
      }
    },
    {
      "type": "Feature",
      "geometry": {
        "type": "Point",
        "coordinates": [
          -64.33,
          8.32
        ]
      },
      "properties": {
        "id": "GEM-L100000305051",
        "nombre": "Huyapari Oil and Gas Field (Venezuela)",
        "tipo": "campo",
        "sector": "upstream",
        "fluido": "oil and gas",
        "estado": "activo",
        "operadora": "Petropiar",
        "propietarios": "Petróleos de Venezuela SA [70%]; Chevron Corp [30%]",
        "cuenca": null,
        "bloque": null,
        "subnacional": null,
        "tipo_produccion": "conventional",
        "costa": "onshore",
        "descubrimiento": "1980",
        "inicio_produccion": null,
        "notas": "https://www.gem.wiki/Huyapari_Oil_and_Gas_Field_(Venezuela)",
        "fuente": "Global Energy Monitor, Global Oil and Gas Extraction Tracker, March 2026",
        "confianza": "baja",
        "ultima_verificacion": "2026-09-09"
      }
    },
    {
      "type": "Feature",
      "geometry": {
        "type": "MultiPolygon",
        "coordinates": [
          [
            [
              [
                -64.5851176338327,
                9.02011803127839
              ],
              [
                -64.5633676917746,
                9.01509881388037
              ],
              [
                -64.5583484743766,
                9.00673345155033
              ],
              [
                -64.5600215468426,
                8.99502194428828
              ],
              [
                -64.5667138367066,
                8.99167579935627
              ],
              [
                -64.5834445613667,
                8.99167579935627
              ],
              [
                -64.5934829961628,
                8.99669501675429
              ],
              [
                -64.6001752860268,
                9.00673345155033
              ],
              [
                -64.6001752860268,
                9.01677188634638
              ],
              [
                -64.5851176338327,
                9.02011803127839
              ]
            ]
          ]
        ]
      },
      "properties": {
        "id": "GEM-L100000320437",
        "nombre": "Isla Oil and Gas Field (Venezuela)",
        "tipo": "campo",
        "sector": "upstream",
        "fluido": "oil and gas",
        "estado": "activo",
        "operadora": null,
        "propietarios": null,
        "cuenca": null,
        "bloque": null,
        "subnacional": null,
        "tipo_produccion": null,
        "costa": "onshore",
        "descubrimiento": "1954",
        "inicio_produccion": null,
        "notas": "https://www.gem.wiki/Isla_Oil_and_Gas_Field_(Venezuela)",
        "fuente": "Global Energy Monitor, Global Oil and Gas Extraction Tracker, March 2026",
        "confianza": "media",
        "ultima_verificacion": "2026-09-09"
      }
    },
    {
      "type": "Feature",
      "geometry": {
        "type": "MultiPolygon",
        "coordinates": [
          [
            [
              [
                -62.8382208452627,
                8.96386096960889
              ],
              [
                -62.8298554829327,
                8.95047638988083
              ],
              [
                -62.8415669901948,
                8.93876488261878
              ],
              [
                -62.8532784974568,
                8.93039952028874
              ],
              [
                -62.8666630771849,
                8.91701494056068
              ],
              [
                -62.8783745844469,
                8.91534186809468
              ],
              [
                -62.898451454039,
                8.91701494056068
              ],
              [
                -62.9101629613011,
                8.9203610854927
              ],
              [
                -62.9218744685631,
                8.92370723042471
              ],
              [
                -62.9369321207572,
                8.92872644782274
              ],
              [
                -62.9419513381552,
                8.93541873768677
              ],
              [
                -62.9419513381552,
                8.9437841000168
              ],
              [
                -62.9319129033592,
                8.95047638988083
              ],
              [
                -62.9268936859611,
                8.95382253481285
              ],
              [
                -62.9168552511651,
                8.95549560727885
              ],
              [
                -62.898451454039,
                8.95716867974486
              ],
              [
                -62.8817207293789,
                8.95716867974486
              ],
              [
                -62.8767015119809,
                8.95884175221087
              ],
              [
                -62.8566246423888,
                8.96386096960889
              ],
              [
                -62.8382208452627,
                8.96386096960889
              ]
            ]
          ]
        ]
      },
      "properties": {
        "id": "GEM-L100000305062",
        "nombre": "Jobo Oil Field (Venezuela)",
        "tipo": "campo",
        "sector": "upstream",
        "fluido": "oil",
        "estado": "activo",
        "operadora": "Petróleos de Venezuela",
        "propietarios": null,
        "cuenca": "Maturin",
        "bloque": null,
        "subnacional": null,
        "tipo_produccion": null,
        "costa": "onshore",
        "descubrimiento": "1953",
        "inicio_produccion": null,
        "notas": "https://www.gem.wiki/Jobo_Oil_Field_(Venezuela)",
        "fuente": "Global Energy Monitor, Global Oil and Gas Extraction Tracker, March 2026",
        "confianza": "media",
        "ultima_verificacion": "2026-09-09"
      }
    },
    {
      "type": "Feature",
      "geometry": {
        "type": "Point",
        "coordinates": [
          -65.2068,
          8.4308
        ]
      },
      "properties": {
        "id": "GEM-L100000309181",
        "nombre": "Junin 5 Oil and Gas Field (Venezuela)",
        "tipo": "campo",
        "sector": "upstream",
        "fluido": "oil and gas",
        "estado": "activo",
        "operadora": "Petrojunín",
        "propietarios": "Eni SpA [40%]; Petróleos de Venezuela SA [60%]",
        "cuenca": null,
        "bloque": null,
        "subnacional": null,
        "tipo_produccion": null,
        "costa": "onshore",
        "descubrimiento": null,
        "inicio_produccion": null,
        "notas": "https://www.gem.wiki/Junin_5_Oil_and_Gas_Field_(Venezuela)",
        "fuente": "Global Energy Monitor, Global Oil and Gas Extraction Tracker, March 2026",
        "confianza": "baja",
        "ultima_verificacion": "2026-09-09"
      }
    },
    {
      "type": "Feature",
      "geometry": {
        "type": "Polygon",
        "coordinates": [
          [
            [
              -65.0890980244543,
              8.13340895166186
            ],
            [
              -65.2922160365409,
              8.13231243437139
            ],
            [
              -65.2932560494271,
              8.31307560175765
            ],
            [
              -65.0900461356206,
              8.31419676317012
            ],
            [
              -65.0895693825209,
              8.22380306875669
            ],
            [
              -65.0890980244543,
              8.13340895166186
            ]
          ]
        ]
      },
      "properties": {
        "id": "GEM-L100000320738",
        "nombre": "Junin 6 Oil Field (Venezuela)",
        "tipo": "campo",
        "sector": "upstream",
        "fluido": "oil",
        "estado": "activo",
        "operadora": "Petromiranda",
        "propietarios": "Gazprom PJSC [8%]; Roszarubezhneft [32%]; Petróleos de Venezuela SA [60%]",
        "cuenca": null,
        "bloque": null,
        "subnacional": null,
        "tipo_produccion": null,
        "costa": "onshore",
        "descubrimiento": null,
        "inicio_produccion": null,
        "notas": "https://www.gem.wiki/Junin_6_Oil_Field_(Venezuela)",
        "fuente": "Global Energy Monitor, Global Oil and Gas Extraction Tracker, March 2026",
        "confianza": "baja",
        "ultima_verificacion": "2026-09-09"
      }
    },
    {
      "type": "Feature",
      "geometry": {
        "type": "Point",
        "coordinates": [
          -63.021,
          9.414
        ]
      },
      "properties": {
        "id": "GEM-L100000305193",
        "nombre": "Jusepín Oil Field (Venezuela)",
        "tipo": "campo",
        "sector": "upstream",
        "fluido": "oil",
        "estado": "activo",
        "operadora": "Petróleos de Venezuela",
        "propietarios": null,
        "cuenca": null,
        "bloque": null,
        "subnacional": null,
        "tipo_produccion": "conventional",
        "costa": "onshore",
        "descubrimiento": "1944",
        "inicio_produccion": null,
        "notas": "https://www.gem.wiki/Jusepín_Oil_Field_(Venezuela)",
        "fuente": "Global Energy Monitor, Global Oil and Gas Extraction Tracker, March 2026",
        "confianza": "baja",
        "ultima_verificacion": "2026-09-09"
      }
    },
    {
      "type": "Feature",
      "geometry": {
        "type": "MultiPolygon",
        "coordinates": [
          [
            [
              [
                -64.4885814737261,
                9.31529783641654
              ],
              [
                -64.4554073395189,
                9.28054398153282
              ],
              [
                -64.4364506914005,
                9.28054398153282
              ],
              [
                -64.4348709707239,
                9.25368873003176
              ],
              [
                -64.4048562778698,
                9.24579012664909
              ],
              [
                -64.3732618643391,
                9.24579012664909
              ],
              [
                -64.3306094060728,
                9.25842789206136
              ],
              [
                -64.319551361337,
                9.22999291988376
              ],
              [
                -64.3448268921615,
                9.21893487514803
              ],
              [
                -64.3558849368973,
                9.19681878567657
              ],
              [
                -64.3780010263688,
                9.2078768304123
              ],
              [
                -64.4238129259882,
                9.22525375785416
              ],
              [
                -64.4601465015485,
                9.22999291988376
              ],
              [
                -64.4933206357557,
                9.28054398153282
              ],
              [
                -64.5075381218444,
                9.30739923303388
              ],
              [
                -64.4885814737261,
                9.31529783641654
              ]
            ]
          ]
        ]
      },
      "properties": {
        "id": "GEM-L100000309190",
        "nombre": "Kaki Oil and Gas Field (Venezuela)",
        "tipo": "campo",
        "sector": "upstream",
        "fluido": "oil and gas",
        "estado": "activo",
        "operadora": "Petrolera Kaki",
        "propietarios": "Inversiones Polar SA [17%]; Petróleos de Venezuela SA [60%]; Inelectra [22%]",
        "cuenca": null,
        "bloque": null,
        "subnacional": null,
        "tipo_produccion": null,
        "costa": "onshore",
        "descubrimiento": "1953",
        "inicio_produccion": null,
        "notas": "https://www.gem.wiki/Kaki_Oil_and_Gas_Field_(Venezuela)",
        "fuente": "Global Energy Monitor, Global Oil and Gas Extraction Tracker, March 2026",
        "confianza": "media",
        "ultima_verificacion": "2026-09-09"
      }
    },
    {
      "type": "Feature",
      "geometry": {
        "type": "MultiPolygon",
        "coordinates": [
          [
            [
              [
                -71.8569822055134,
                10.6589882017908
              ],
              [
                -71.8139668765208,
                10.6999551817837
              ],
              [
                -71.7975800845237,
                10.6886892622857
              ],
              [
                -71.8119185275212,
                10.6671815977894
              ],
              [
                -71.8385470645166,
                10.6210937452974
              ],
              [
                -71.8610789035126,
                10.6210937452974
              ],
              [
                -71.8661997760118,
                10.6395288862942
              ],
              [
                -71.8569822055134,
                10.6589882017908
              ]
            ]
          ]
        ]
      },
      "properties": {
        "id": "GEM-L100000305181",
        "nombre": "La Concepción Oil Field (Venezuela)",
        "tipo": "campo",
        "sector": "upstream",
        "fluido": "oil",
        "estado": "activo",
        "operadora": "Petrowayu",
        "propietarios": "Integra Oil and Gas SAS [36%]; Petróleos de Venezuela SA [60%]; Williams International Oil & Gas [4%]",
        "cuenca": "Maracaibo",
        "bloque": null,
        "subnacional": null,
        "tipo_produccion": null,
        "costa": "onshore",
        "descubrimiento": "1925",
        "inicio_produccion": null,
        "notas": "https://www.gem.wiki/La_Concepción_Oil_Field_(Venezuela)",
        "fuente": "Global Energy Monitor, Global Oil and Gas Extraction Tracker, March 2026",
        "confianza": "media",
        "ultima_verificacion": "2026-09-09"
      }
    },
    {
      "type": "Feature",
      "geometry": {
        "type": "MultiPolygon",
        "coordinates": [
          [
            [
              [
                -71.4630680533355,
                9.84739617475945
              ],
              [
                -71.4867926502212,
                9.86329336638716
              ],
              [
                -71.4672041220463,
                9.91219458456154
              ],
              [
                -71.4313581932196,
                9.92873885940463
              ],
              [
                -71.4134352288062,
                9.90805851585077
              ],
              [
                -71.4451450889221,
                9.85980438089177
              ],
              [
                -71.4630680533355,
                9.84739617475945
              ]
            ]
          ]
        ]
      },
      "properties": {
        "id": "GEM-L100000305180",
        "nombre": "Lago Oil Field (Venezuela)",
        "tipo": "campo",
        "sector": "upstream",
        "fluido": "oil",
        "estado": "activo",
        "operadora": null,
        "propietarios": null,
        "cuenca": "Maracaibo",
        "bloque": null,
        "subnacional": null,
        "tipo_produccion": null,
        "costa": "offshore",
        "descubrimiento": "1958",
        "inicio_produccion": null,
        "notas": "https://www.gem.wiki/Lago_Oil_Field_(Venezuela)",
        "fuente": "Global Energy Monitor, Global Oil and Gas Extraction Tracker, March 2026",
        "confianza": "media",
        "ultima_verificacion": "2026-09-09"
      }
    },
    {
      "type": "Feature",
      "geometry": {
        "type": "Point",
        "coordinates": [
          -71.0365,
          9.8179
        ]
      },
      "properties": {
        "id": "GEM-L100000305053",
        "nombre": "Lagunillas Oil Field (Venezuela)",
        "tipo": "campo",
        "sector": "upstream",
        "fluido": "oil",
        "estado": "activo",
        "operadora": "Petrolera Bielovenezolana",
        "propietarios": "Belorusneft [40%]; Petróleos de Venezuela SA [60%]",
        "cuenca": null,
        "bloque": null,
        "subnacional": null,
        "tipo_produccion": null,
        "costa": "onshore",
        "descubrimiento": "1925",
        "inicio_produccion": null,
        "notas": "https://www.gem.wiki/Lagunillas_Oil_Field_(Venezuela)",
        "fuente": "Global Energy Monitor, Global Oil and Gas Extraction Tracker, March 2026",
        "confianza": "baja",
        "ultima_verificacion": "2026-09-09"
      }
    },
    {
      "type": "Feature",
      "geometry": {
        "type": "MultiPolygon",
        "coordinates": [
          [
            [
              [
                -71.6613590674743,
                9.76301053094391
              ],
              [
                -71.6316456347503,
                9.82986575457275
              ],
              [
                -71.6576448883838,
                9.82986575457275
              ],
              [
                -71.6465023511123,
                10.0155747090973
              ],
              [
                -71.5982180229359,
                10.149285156355
              ],
              [
                -71.5870754856644,
                10.2347112754362
              ],
              [
                -71.5907896647549,
                10.316423215427
              ],
              [
                -71.4830784711307,
                10.4724187372277
              ],
              [
                -71.3827956356874,
                10.3795642599654
              ],
              [
                -71.3605105611445,
                10.4278485881418
              ],
              [
                -71.2825128002442,
                10.3424224690605
              ],
              [
                -71.3085120538776,
                10.3089948572461
              ],
              [
                -71.3233687702396,
                10.3015664990651
              ],
              [
                -71.2305142929773,
                10.2235687381648
              ],
              [
                -71.2230859347963,
                10.1789985890789
              ],
              [
                -71.2453710093393,
                10.1641418727169
              ],
              [
                -71.3122262329681,
                10.2421396336172
              ],
              [
                -71.3307971284206,
                10.2421396336172
              ],
              [
                -71.2713702629727,
                10.134428439993
              ],
              [
                -71.2713702629727,
                10.11214336545
              ],
              [
                -71.3307971284206,
                10.1529993354454
              ],
              [
                -71.349368023873,
                10.1715702308979
              ],
              [
                -71.3753672775065,
                10.1715702308979
              ],
              [
                -71.371653098416,
                10.1232859027215
              ],
              [
                -71.3085120538776,
                10.1047150072691
              ],
              [
                -71.3382254866015,
                10.0378597836402
              ],
              [
                -71.4125090684114,
                10.0824299327261
              ],
              [
                -71.4533650384068,
                10.1084291863596
              ],
              [
                -71.4573518177975,
                10.1336787891675
              ],
              [
                -71.4719359338592,
                10.0935724699976
              ],
              [
                -71.5276486202166,
                10.141856798174
              ],
              [
                -71.5425053365785,
                10.2124262008933
              ],
              [
                -71.5573620529405,
                10.2087120218028
              ],
              [
                -71.5722187693025,
                10.0638590372737
              ],
              [
                -71.6167889183884,
                9.97843291819238
              ],
              [
                -71.546219515669,
                10.0304314254592
              ],
              [
                -71.538791157488,
                10.0007179927353
              ],
              [
                -71.55364787385,
                9.94500530637796
              ],
              [
                -71.6019322020264,
                9.930148590016
              ],
              [
                -71.5907896647549,
                9.86329336638716
              ],
              [
                -71.5870754856644,
                9.77786724730587
              ],
              [
                -71.6056463811169,
                9.725868740039
              ],
              [
                -71.6465023511123,
                9.725868740039
              ],
              [
                -71.7356426492841,
                9.74072545640097
              ],
              [
                -71.7245001120126,
                9.77043888912489
              ],
              [
                -71.7059292165601,
                9.80386650093931
              ],
              [
                -71.6613590674743,
                9.76301053094391
              ]
            ],
            [
              [
                -71.4570792174973,
                10.134428439993
              ],
              [
                -71.4575363472315,
                10.1348474755827
              ],
              [
                -71.4573518177975,
                10.1336787891675
              ],
              [
                -71.4570792174973,
                10.134428439993
              ]
            ],
            [
              [
                -71.4645075756782,
                10.1789985890789
              ],
              [
                -71.4459366802258,
                10.2941381408841
              ],
              [
                -71.4793642920402,
                10.316423215427
              ],
              [
                -71.5016493665831,
                10.2941381408841
              ],
              [
                -71.5016493665831,
                10.1752844099884
              ],
              [
                -71.4575363472315,
                10.1348474755827
              ],
              [
                -71.4645075756782,
                10.1789985890789
              ]
            ]
          ]
        ]
      },
      "properties": {
        "id": "GEM-L100000305172",
        "nombre": "Lamar Oil Field (Venezuela)",
        "tipo": "campo",
        "sector": "upstream",
        "fluido": "oil",
        "estado": "activo",
        "operadora": "Petróleos de Venezuela",
        "propietarios": null,
        "cuenca": null,
        "bloque": "Bloque IV",
        "subnacional": null,
        "tipo_produccion": null,
        "costa": "offshore",
        "descubrimiento": "1958",
        "inicio_produccion": null,
        "notas": "https://www.gem.wiki/Lamar_Oil_Field_(Venezuela)",
        "fuente": "Global Energy Monitor, Global Oil and Gas Extraction Tracker, March 2026",
        "confianza": "media",
        "ultima_verificacion": "2026-09-09"
      }
    },
    {
      "type": "Feature",
      "geometry": {
        "type": "Polygon",
        "coordinates": [
          [
            [
              -71.9191515686285,
              10.8382931523936
            ],
            [
              -71.9054320134695,
              10.8213454666089
            ],
            [
              -71.9248007972234,
              10.7535547234699
            ],
            [
              -71.9748368219213,
              10.6720444251718
            ],
            [
              -72.0063110955215,
              10.6397631189151
            ],
            [
              -72.0523119569373,
              10.6405701515715
            ],
            [
              -72.0628033814707,
              10.6365349882895
            ],
            [
              -72.0684526100656,
              10.6518686087614
            ],
            [
              -72.0264869119319,
              10.7148171559619
            ],
            [
              -72.0232587813063,
              10.7470984622185
            ],
            [
              -71.9845212137983,
              10.7995555848856
            ],
            [
              -71.9449766136339,
              10.8140821727011
            ],
            [
              -71.9191515686285,
              10.8382931523936
            ]
          ]
        ]
      },
      "properties": {
        "id": "GEM-L100000305182",
        "nombre": "La Paz Oil Field (Venezuela)",
        "tipo": "campo",
        "sector": "upstream",
        "fluido": "oil",
        "estado": "activo",
        "operadora": "Petrourdaneta",
        "propietarios": "Petróleos de Venezuela SA [60%]; Maha Energy [40%]",
        "cuenca": null,
        "bloque": null,
        "subnacional": null,
        "tipo_produccion": null,
        "costa": "unknown",
        "descubrimiento": "1925",
        "inicio_produccion": null,
        "notas": "https://www.gem.wiki/La_Paz_Oil_Field_(Venezuela)",
        "fuente": "Global Energy Monitor, Global Oil and Gas Extraction Tracker, March 2026",
        "confianza": "baja",
        "ultima_verificacion": "2026-09-09"
      }
    },
    {
      "type": "Feature",
      "geometry": {
        "type": "MultiPolygon",
        "coordinates": [
          [
            [
              [
                -66.2422959114131,
                9.25936739391745
              ],
              [
                -66.227238259219,
                9.24598281418939
              ],
              [
                -66.223892114287,
                9.2242328721313
              ],
              [
                -66.2707381433352,
                9.21419443733525
              ],
              [
                -66.3108918825194,
                9.20917521993723
              ],
              [
                -66.3326418245775,
                9.2024829300732
              ],
              [
                -66.3410071869075,
                9.18575220541313
              ],
              [
                -66.3594109840336,
                9.17404069815107
              ],
              [
                -66.3711224912957,
                9.16902148075305
              ],
              [
                -66.3861801434897,
                9.16734840828704
              ],
              [
                -66.4146223754119,
                9.16734840828704
              ],
              [
                -66.438045389936,
                9.17236762568507
              ],
              [
                -66.448083824732,
                9.19077142281115
              ],
              [
                -66.4447376798,
                9.20582907500521
              ],
              [
                -66.4296800276059,
                9.23259823446133
              ],
              [
                -66.4096031580138,
                9.25100203158742
              ],
              [
                -66.3677763463636,
                9.26271353884947
              ],
              [
                -66.3041995926554,
                9.26271353884947
              ],
              [
                -66.2422959114131,
                9.25936739391745
              ]
            ]
          ]
        ]
      },
      "properties": {
        "id": "GEM-L100000305194",
        "nombre": "Las Mercedes Oil Field (Venezuela)",
        "tipo": "campo",
        "sector": "upstream",
        "fluido": "oil",
        "estado": "activo",
        "operadora": null,
        "propietarios": null,
        "cuenca": "Maturin",
        "bloque": null,
        "subnacional": null,
        "tipo_produccion": null,
        "costa": "onshore",
        "descubrimiento": "1941",
        "inicio_produccion": null,
        "notas": "https://www.gem.wiki/Las_Mercedes_Oil_Field_(Venezuela)",
        "fuente": "Global Energy Monitor, Global Oil and Gas Extraction Tracker, March 2026",
        "confianza": "media",
        "ultima_verificacion": "2026-09-09"
      }
    },
    {
      "type": "Feature",
      "geometry": {
        "type": "MultiPolygon",
        "coordinates": [
          [
            [
              [
                -71.4189651909483,
                7.08875935849063
              ],
              [
                -71.3716650497363,
                7.13458137028972
              ],
              [
                -71.3657525320848,
                7.11240942909661
              ],
              [
                -71.3908807321037,
                7.07249993494902
              ],
              [
                -71.4233995791869,
                7.04441547610441
              ],
              [
                -71.4367027439027,
                7.05032799375591
              ],
              [
                -71.4189651909483,
                7.08875935849063
              ]
            ]
          ]
        ]
      },
      "properties": {
        "id": "GEM-L100000305212",
        "nombre": "La Victoria Oil Field (Venezuela)",
        "tipo": "campo",
        "sector": "upstream",
        "fluido": "oil",
        "estado": "activo",
        "operadora": null,
        "propietarios": null,
        "cuenca": null,
        "bloque": null,
        "subnacional": null,
        "tipo_produccion": null,
        "costa": "onshore",
        "descubrimiento": "1987",
        "inicio_produccion": null,
        "notas": "https://www.gem.wiki/La_Victoria_Oil_Field_(Venezuela)",
        "fuente": "Global Energy Monitor, Global Oil and Gas Extraction Tracker, March 2026",
        "confianza": "media",
        "ultima_verificacion": "2026-09-09"
      }
    },
    {
      "type": "Feature",
      "geometry": {
        "type": "MultiPolygon",
        "coordinates": [
          [
            [
              [
                -63.7937543574112,
                9.03350261100645
              ],
              [
                -63.8088120096053,
                9.00338730661832
              ],
              [
                -63.8272158067313,
                8.98331043702623
              ],
              [
                -63.8523118937215,
                8.98163736456022
              ],
              [
                -63.8841002705756,
                8.98163736456022
              ],
              [
                -63.9075232850997,
                8.98331043702623
              ],
              [
                -63.9259270822258,
                8.98331043702623
              ],
              [
                -63.9309462996238,
                8.99000272689026
              ],
              [
                -63.9142155749637,
                8.99334887182227
              ],
              [
                -63.8723887633135,
                9.00506037908433
              ],
              [
                -63.8673695459155,
                9.00673345155033
              ],
              [
                -63.8590041835855,
                9.01844495881238
              ],
              [
                -63.8590041835855,
                9.01844495881238
              ],
              [
                -63.8272158067313,
                9.0217911037444
              ],
              [
                -63.8155042994693,
                9.02513724867642
              ],
              [
                -63.7937543574112,
                9.03350261100645
              ]
            ]
          ]
        ]
      },
      "properties": {
        "id": "GEM-L100000305195",
        "nombre": "Leona Oil Field (Venezuela)",
        "tipo": "campo",
        "sector": "upstream",
        "fluido": "oil",
        "estado": "activo",
        "operadora": "Petrolera Vencupet",
        "propietarios": "GoldPillar International Fund SPC [40%]; Corporación Venezolana de Petróleo (CVP) [60%]",
        "cuenca": "Maturin",
        "bloque": "Oritupano-Leona",
        "subnacional": null,
        "tipo_produccion": null,
        "costa": "onshore",
        "descubrimiento": "1938",
        "inicio_produccion": null,
        "notas": "https://www.gem.wiki/Leona_Oil_Field_(Venezuela)",
        "fuente": "Global Energy Monitor, Global Oil and Gas Extraction Tracker, March 2026",
        "confianza": "media",
        "ultima_verificacion": "2026-09-09"
      }
    },
    {
      "type": "Feature",
      "geometry": {
        "type": "Point",
        "coordinates": [
          -60.3925,
          9.9317
        ]
      },
      "properties": {
        "id": "GEM-L100000320451",
        "nombre": "Loran Gas Field (Venezuela)",
        "tipo": "campo",
        "sector": "upstream",
        "fluido": "gas",
        "estado": "inactivo",
        "operadora": null,
        "propietarios": "Chevron Corp [60%]",
        "cuenca": null,
        "bloque": null,
        "subnacional": null,
        "tipo_produccion": null,
        "costa": "offshore",
        "descubrimiento": "1983",
        "inicio_produccion": "2013",
        "notas": "https://www.gem.wiki/Loran_Gas_Field_(Venezuela)",
        "fuente": "Global Energy Monitor, Global Oil and Gas Extraction Tracker, March 2026",
        "confianza": "baja",
        "ultima_verificacion": "2026-09-09"
      }
    },
    {
      "type": "Feature",
      "geometry": {
        "type": "MultiPolygon",
        "coordinates": [
          [
            [
              [
                -70.0105779400075,
                8.66108713677606
              ],
              [
                -70.0030491139105,
                8.65104870198002
              ],
              [
                -70.0038856501435,
                8.64435641211599
              ],
              [
                -70.0130875487065,
                8.63599104978595
              ],
              [
                -70.0231259835026,
                8.63180836862093
              ],
              [
                -70.0331644182986,
                8.63682758601895
              ],
              [
                -70.0365105632306,
                8.64184680341698
              ],
              [
                -70.0398567081626,
                8.647702557048
              ],
              [
                -70.0423663168616,
                8.65606791937804
              ],
              [
                -70.0415297806286,
                8.66276020924207
              ],
              [
                -70.0390201719296,
                8.66526981794108
              ],
              [
                -70.0105779400075,
                8.66108713677606
              ]
            ]
          ]
        ]
      },
      "properties": {
        "id": "GEM-L100000305218",
        "nombre": "Maporal Oil Field (Venezuela)",
        "tipo": "campo",
        "sector": "upstream",
        "fluido": "oil",
        "estado": "activo",
        "operadora": null,
        "propietarios": null,
        "cuenca": "Barinas",
        "bloque": null,
        "subnacional": null,
        "tipo_produccion": null,
        "costa": "onshore",
        "descubrimiento": "1958",
        "inicio_produccion": null,
        "notas": "https://www.gem.wiki/Maporal_Oil_Field_(Venezuela)",
        "fuente": "Global Energy Monitor, Global Oil and Gas Extraction Tracker, March 2026",
        "confianza": "media",
        "ultima_verificacion": "2026-09-09"
      }
    },
    {
      "type": "Feature",
      "geometry": {
        "type": "MultiPolygon",
        "coordinates": [
          [
            [
              [
                -71.9089923537803,
                11.0900223728169
              ],
              [
                -71.8914250928872,
                11.0599070684287
              ],
              [
                -71.8889154841882,
                11.0582339959627
              ],
              [
                -71.8646559334311,
                11.0607436046617
              ],
              [
                -71.8328675565769,
                11.0498686336327
              ],
              [
                -71.8311944841109,
                11.0398301988367
              ],
              [
                -71.844579063839,
                11.0239360104096
              ],
              [
                -71.856290571101,
                11.0264456191086
              ],
              [
                -71.8613097884991,
                11.0314648365066
              ],
              [
                -71.8738578319941,
                11.0440128800017
              ],
              [
                -71.8981173827512,
                11.0423398075357
              ],
              [
                -71.9340884407704,
                11.0423398075357
              ],
              [
                -71.9449634117994,
                11.0532147785647
              ],
              [
                -71.9541653103625,
                11.0774743293218
              ],
              [
                -71.9089923537803,
                11.0900223728169
              ]
            ]
          ]
        ]
      },
      "properties": {
        "id": "GEM-L100000305183",
        "nombre": "Mara Oil Field (Venezuela)",
        "tipo": "campo",
        "sector": "upstream",
        "fluido": "oil",
        "estado": "activo",
        "operadora": "Petróleos de Venezuela",
        "propietarios": null,
        "cuenca": "Maracaibo",
        "bloque": null,
        "subnacional": null,
        "tipo_produccion": null,
        "costa": "onshore",
        "descubrimiento": "1928",
        "inicio_produccion": null,
        "notas": "https://www.gem.wiki/Mara_Oil_Field_(Venezuela)",
        "fuente": "Global Energy Monitor, Global Oil and Gas Extraction Tracker, March 2026",
        "confianza": "media",
        "ultima_verificacion": "2026-09-09"
      }
    },
    {
      "type": "Feature",
      "geometry": {
        "type": "Point",
        "coordinates": [
          -64.1019,
          9.2127
        ]
      },
      "properties": {
        "id": "GEM-L100000305196",
        "nombre": "Mata Oil Field (Venezuela)",
        "tipo": "campo",
        "sector": "upstream",
        "fluido": "oil",
        "estado": "activo",
        "operadora": "Petrokariña",
        "propietarios": "Integra Oil and Gas SAS [34%]; Jantesa [5%]; Petróleos de Venezuela SA [60%]",
        "cuenca": "Maturin",
        "bloque": null,
        "subnacional": null,
        "tipo_produccion": null,
        "costa": "onshore",
        "descubrimiento": "1954",
        "inicio_produccion": null,
        "notas": "https://www.gem.wiki/Mata_Oil_Field_(Venezuela)",
        "fuente": "Global Energy Monitor, Global Oil and Gas Extraction Tracker, March 2026",
        "confianza": "media",
        "ultima_verificacion": "2026-09-09"
      }
    },
    {
      "type": "Feature",
      "geometry": {
        "type": "Point",
        "coordinates": [
          -62.0685,
          10.8531
        ]
      },
      "properties": {
        "id": "GEM-L100000309206",
        "nombre": "Mejillones Gas Field (Venezuela)",
        "tipo": "campo",
        "sector": "upstream",
        "fluido": "gas",
        "estado": "inactivo",
        "operadora": null,
        "propietarios": "Petróleo Brasileiro SA [35%]; Petróleos de Venezuela SA [65%]",
        "cuenca": null,
        "bloque": null,
        "subnacional": null,
        "tipo_produccion": null,
        "costa": "offshore",
        "descubrimiento": "1980",
        "inicio_produccion": null,
        "notas": "https://www.gem.wiki/Mejillones_Gas_Field_(Venezuela)",
        "fuente": "Global Energy Monitor, Global Oil and Gas Extraction Tracker, March 2026",
        "confianza": "media",
        "ultima_verificacion": "2026-09-09"
      }
    },
    {
      "type": "Feature",
      "geometry": {
        "type": "MultiPolygon",
        "coordinates": [
          [
            [
              [
                -63.8121581545373,
                8.76915716137728
              ],
              [
                -63.8037927922072,
                8.75577258164922
              ],
              [
                -63.8071389371393,
                8.7507533642512
              ],
              [
                -63.8121581545373,
                8.74238800192116
              ],
              [
                -63.8138312270033,
                8.73736878452314
              ],
              [
                -63.8205235168673,
                8.73402263959112
              ],
              [
                -63.8272158067313,
                8.73402263959112
              ],
              [
                -63.8422734589254,
                8.73067649465911
              ],
              [
                -63.8539849661875,
                8.73234956712512
              ],
              [
                -63.8606772560515,
                8.73904185698915
              ],
              [
                -63.8590041835855,
                8.74406107438717
              ],
              [
                -63.8506388212555,
                8.75242643671721
              ],
              [
                -63.8372542415274,
                8.75911872658124
              ],
              [
                -63.8272158067313,
                8.76581101644527
              ],
              [
                -63.8121581545373,
                8.76915716137728
              ]
            ]
          ]
        ]
      },
      "properties": {
        "id": "GEM-L100000309184",
        "nombre": "Melones Oil Field (Venezuela)",
        "tipo": "campo",
        "sector": "upstream",
        "fluido": "oil",
        "estado": "activo",
        "operadora": "Petróleos de Venezuela",
        "propietarios": null,
        "cuenca": "Maturin",
        "bloque": null,
        "subnacional": null,
        "tipo_produccion": null,
        "costa": "onshore",
        "descubrimiento": "1955",
        "inicio_produccion": null,
        "notas": "https://www.gem.wiki/Melones_Oil_Field_(Venezuela)",
        "fuente": "Global Energy Monitor, Global Oil and Gas Extraction Tracker, March 2026",
        "confianza": "media",
        "ultima_verificacion": "2026-09-09"
      }
    },
    {
      "type": "Feature",
      "geometry": {
        "type": "MultiPolygon",
        "coordinates": [
          [
            [
              [
                -70.9187425879622,
                9.86224860034026
              ],
              [
                -70.8919734285061,
                9.8497005568452
              ],
              [
                -70.8852811386421,
                9.84468133944718
              ],
              [
                -70.874406167613,
                9.84133519451517
              ],
              [
                -70.8534927617879,
                9.82878715102011
              ],
              [
                -70.8493100806229,
                9.82125832492308
              ],
              [
                -70.8426177907589,
                9.802854527797
              ],
              [
                -70.8459639356909,
                9.78612380313692
              ],
              [
                -70.8543292980209,
                9.77608536834088
              ],
              [
                -70.866877341516,
                9.77022961470985
              ],
              [
                -70.8852811386421,
                9.76939307847685
              ],
              [
                -70.8961561096711,
                9.77608536834088
              ],
              [
                -70.9120502980982,
                9.79448916546696
              ],
              [
                -70.9204156604282,
                9.80620067272901
              ],
              [
                -70.9296175589913,
                9.83296983218513
              ],
              [
                -70.9321271676903,
                9.85388323801022
              ],
              [
                -70.9187425879622,
                9.86224860034026
              ]
            ]
          ]
        ]
      },
      "properties": {
        "id": "GEM-L100000305168",
        "nombre": "Mene Grande Oil Field (Venezuela)",
        "tipo": "campo",
        "sector": "upstream",
        "fluido": "oil",
        "estado": "activo",
        "operadora": "Petroquiriquire",
        "propietarios": "Repsol SA [40%]; Petróleos de Venezuela SA [60%]",
        "cuenca": "Maracaibo",
        "bloque": null,
        "subnacional": null,
        "tipo_produccion": null,
        "costa": "onshore",
        "descubrimiento": "1914",
        "inicio_produccion": "1914",
        "notas": "https://www.gem.wiki/Mene_Grande_Oil_Field_(Venezuela)",
        "fuente": "Global Energy Monitor, Global Oil and Gas Extraction Tracker, March 2026",
        "confianza": "media",
        "ultima_verificacion": "2026-09-09"
      }
    },
    {
      "type": "Feature",
      "geometry": {
        "type": "MultiPolygon",
        "coordinates": [
          [
            [
              [
                -63.9175617198958,
                8.81265704549347
              ],
              [
                -63.9192347923618,
                8.79927246576541
              ],
              [
                -63.9225809372938,
                8.78756095850336
              ],
              [
                -63.9225809372938,
                8.78254174110534
              ],
              [
                -63.9259270822258,
                8.77919559617333
              ],
              [
                -63.9342924445558,
                8.77584945124131
              ],
              [
                -63.9543693141479,
                8.7741763787753
              ],
              [
                -63.962734676478,
                8.77919559617333
              ],
              [
                -63.964407748944,
                8.78756095850336
              ],
              [
                -63.9610616040119,
                8.79759939329941
              ],
              [
                -63.9493500967499,
                8.80763782809545
              ],
              [
                -63.9309462996238,
                8.81098397302747
              ],
              [
                -63.9175617198958,
                8.81265704549347
              ]
            ]
          ]
        ]
      },
      "properties": {
        "id": "GEM-L100000305197",
        "nombre": "Merey Oil Field (Venezuela)",
        "tipo": "campo",
        "sector": "upstream",
        "fluido": "oil",
        "estado": "activo",
        "operadora": null,
        "propietarios": null,
        "cuenca": "Maturin",
        "bloque": null,
        "subnacional": null,
        "tipo_produccion": null,
        "costa": "onshore",
        "descubrimiento": "1937",
        "inicio_produccion": null,
        "notas": "https://www.gem.wiki/Merey_Oil_Field_(Venezuela)",
        "fuente": "Global Energy Monitor, Global Oil and Gas Extraction Tracker, March 2026",
        "confianza": "media",
        "ultima_verificacion": "2026-09-09"
      }
    },
    {
      "type": "Feature",
      "geometry": {
        "type": "MultiPolygon",
        "coordinates": [
          [
            [
              [
                -62.9603551352813,
                8.90028421590061
              ],
              [
                -62.9519897729512,
                8.88689963617255
              ],
              [
                -62.9536628454172,
                8.88355349124054
              ],
              [
                -62.9620282077473,
                8.87686120137651
              ],
              [
                -62.9770858599414,
                8.87016891151248
              ],
              [
                -62.9871242947374,
                8.86682276658046
              ],
              [
                -63.0105473092615,
                8.85511125931841
              ],
              [
                -63.0256049614556,
                8.84841896945438
              ],
              [
                -63.0339703237856,
                8.85009204192039
              ],
              [
                -63.0356433962516,
                8.85511125931841
              ],
              [
                -63.0356433962516,
                8.86347662164845
              ],
              [
                -63.0339703237856,
                8.86849583904647
              ],
              [
                -63.0306241788536,
                8.87686120137651
              ],
              [
                -63.0289511063876,
                8.87686120137651
              ],
              [
                -63.0138934541935,
                8.88522656370654
              ],
              [
                -63.0005088744655,
                8.8969380709686
              ],
              [
                -62.9854512222714,
                8.90195728836662
              ],
              [
                -62.9603551352813,
                8.90028421590061
              ]
            ]
          ]
        ]
      },
      "properties": {
        "id": "GEM-L100000310794",
        "nombre": "Morichal Oil Field (Venezuela)",
        "tipo": "campo",
        "sector": "upstream",
        "fluido": "oil",
        "estado": "activo",
        "operadora": null,
        "propietarios": "Petróleos de Venezuela SA [100%]",
        "cuenca": "Maturin",
        "bloque": null,
        "subnacional": null,
        "tipo_produccion": null,
        "costa": "onshore",
        "descubrimiento": "1958",
        "inicio_produccion": "1961",
        "notas": "https://www.gem.wiki/Morichal_Oil_Field_(Venezuela)",
        "fuente": "Global Energy Monitor, Global Oil and Gas Extraction Tracker, March 2026",
        "confianza": "baja",
        "ultima_verificacion": "2026-09-09"
      }
    },
    {
      "type": "Feature",
      "geometry": {
        "type": "MultiPolygon",
        "coordinates": [
          [
            [
              [
                -70.8033836975709,
                9.61815754641477
              ],
              [
                -70.8330971302948,
                9.65529933731968
              ],
              [
                -70.8405254884758,
                9.6850127700436
              ],
              [
                -70.8442396675663,
                9.73329709821999
              ],
              [
                -70.8776672793807,
                9.79272396366784
              ],
              [
                -70.8479538466568,
                9.8075806800298
              ],
              [
                -70.8033836975709,
                9.75929635185342
              ],
              [
                -70.7810986230279,
                9.66272769550066
              ],
              [
                -70.7810986230279,
                9.61815754641477
              ],
              [
                -70.8033836975709,
                9.61815754641477
              ]
            ]
          ]
        ]
      },
      "properties": {
        "id": "GEM-L100000320417",
        "nombre": "Motatan Oil and Gas Field (Venezuela)",
        "tipo": "campo",
        "sector": "upstream",
        "fluido": "oil and gas",
        "estado": "activo",
        "operadora": "Petroquiriquire",
        "propietarios": "Repsol SA [40%]; Petróleos de Venezuela SA [60%]",
        "cuenca": null,
        "bloque": null,
        "subnacional": null,
        "tipo_produccion": null,
        "costa": "onshore",
        "descubrimiento": "1952",
        "inicio_produccion": null,
        "notas": "https://www.gem.wiki/Motatan_Oil_and_Gas_Field_(Venezuela)",
        "fuente": "Global Energy Monitor, Global Oil and Gas Extraction Tracker, March 2026",
        "confianza": "media",
        "ultima_verificacion": "2026-09-09"
      }
    },
    {
      "type": "Feature",
      "geometry": {
        "type": "Point",
        "coordinates": [
          -63.021,
          9.414
        ]
      },
      "properties": {
        "id": "GEM-L100000305054",
        "nombre": "Mulata Oil and Gas Field (Venezuela)",
        "tipo": "campo",
        "sector": "upstream",
        "fluido": "oil and gas",
        "estado": "activo",
        "operadora": "Petróleos de Venezuela",
        "propietarios": null,
        "cuenca": null,
        "bloque": null,
        "subnacional": null,
        "tipo_produccion": "conventional",
        "costa": "onshore",
        "descubrimiento": "1941",
        "inicio_produccion": "1988",
        "notas": "https://www.gem.wiki/Mulata_Oil_and_Gas_Field_(Venezuela)",
        "fuente": "Global Energy Monitor, Global Oil and Gas Extraction Tracker, March 2026",
        "confianza": "baja",
        "ultima_verificacion": "2026-09-09"
      }
    },
    {
      "type": "Feature",
      "geometry": {
        "type": "MultiPolygon",
        "coordinates": [
          [
            [
              [
                -63.977792328672,
                9.12552159663686
              ],
              [
                -63.971100038808,
                9.11046394444279
              ],
              [
                -63.981138473604,
                9.10879087197679
              ],
              [
                -63.9961961257981,
                9.10377165457876
              ],
              [
                -64.0279845026522,
                9.09707936471473
              ],
              [
                -64.0631190244384,
                9.09206014731671
              ],
              [
                -64.0714843867684,
                9.09540629224873
              ],
              [
                -64.0781766766325,
                9.10209858211276
              ],
              [
                -64.0765036041664,
                9.11046394444279
              ],
              [
                -64.0714843867684,
                9.11715623430682
              ],
              [
                -64.0463882997783,
                9.12719466910287
              ],
              [
                -64.0079076330601,
                9.12552159663686
              ],
              [
                -63.977792328672,
                9.12552159663686
              ]
            ]
          ]
        ]
      },
      "properties": {
        "id": "GEM-L100000320424",
        "nombre": "Nardo Oil and Gas Field (Venezuela)",
        "tipo": "campo",
        "sector": "upstream",
        "fluido": "oil and gas",
        "estado": "activo",
        "operadora": null,
        "propietarios": null,
        "cuenca": null,
        "bloque": null,
        "subnacional": null,
        "tipo_produccion": null,
        "costa": "onshore",
        "descubrimiento": "1954",
        "inicio_produccion": null,
        "notas": "https://www.gem.wiki/Nardo_Oil_and_Gas_Field_(Venezuela)",
        "fuente": "Global Energy Monitor, Global Oil and Gas Extraction Tracker, March 2026",
        "confianza": "media",
        "ultima_verificacion": "2026-09-09"
      }
    },
    {
      "type": "Feature",
      "geometry": {
        "type": "MultiPolygon",
        "coordinates": [
          [
            [
              [
                -64.0848689664965,
                9.10711779951078
              ],
              [
                -64.0848689664965,
                9.09707936471473
              ],
              [
                -64.0898881838945,
                9.0903870748507
              ],
              [
                -64.0965804737585,
                9.08704092991869
              ],
              [
                -64.1116381259526,
                9.08202171252067
              ],
              [
                -64.1283688506127,
                9.08034864005466
              ],
              [
                -64.1517918651368,
                9.07532942265664
              ],
              [
                -64.1819071695249,
                9.07365635019063
              ],
              [
                -64.191945604321,
                9.07532942265664
              ],
              [
                -64.198637894185,
                9.08369478498667
              ],
              [
                -64.198637894185,
                9.08704092991869
              ],
              [
                -64.196964821719,
                9.09540629224873
              ],
              [
                -64.190272531855,
                9.10209858211276
              ],
              [
                -64.1701956622629,
                9.10711779951078
              ],
              [
                -64.1384072854087,
                9.10879087197679
              ],
              [
                -64.0848689664965,
                9.10711779951078
              ]
            ]
          ]
        ]
      },
      "properties": {
        "id": "GEM-L100000305198",
        "nombre": "Nipa Oil Field (Venezuela)",
        "tipo": "campo",
        "sector": "upstream",
        "fluido": "oil",
        "estado": "activo",
        "operadora": null,
        "propietarios": null,
        "cuenca": "Maturin",
        "bloque": null,
        "subnacional": null,
        "tipo_produccion": null,
        "costa": "onshore",
        "descubrimiento": "1945",
        "inicio_produccion": null,
        "notas": "https://www.gem.wiki/Nipa_Oil_Field_(Venezuela)",
        "fuente": "Global Energy Monitor, Global Oil and Gas Extraction Tracker, March 2026",
        "confianza": "media",
        "ultima_verificacion": "2026-09-09"
      }
    },
    {
      "type": "Feature",
      "geometry": {
        "type": "MultiPolygon",
        "coordinates": [
          [
            [
              [
                -64.248620934107,
                8.89024578110457
              ],
              [
                -64.2385824993109,
                8.87853427384252
              ],
              [
                -64.244438252942,
                8.87016891151248
              ],
              [
                -64.25782283267,
                8.86514969411446
              ],
              [
                -64.2753900935631,
                8.86347662164845
              ],
              [
                -64.2845919921261,
                8.85762086801742
              ],
              [
                -64.2988131080872,
                8.85092857815339
              ],
              [
                -64.3297649487083,
                8.84841896945438
              ],
              [
                -64.3615533255625,
                8.85092857815339
              ],
              [
                -64.3883224850186,
                8.85427472308541
              ],
              [
                -64.4184377894067,
                8.85427472308541
              ],
              [
                -64.4560819198919,
                8.85511125931841
              ],
              [
                -64.472812644552,
                8.86514969411446
              ],
              [
                -64.472812644552,
                8.88773617240556
              ],
              [
                -64.4677934271539,
                8.89526499850259
              ],
              [
                -64.4376781227658,
                8.91115918692966
              ],
              [
                -64.4234570068048,
                8.91283225939567
              ],
              [
                -64.3975243835816,
                8.90864957823065
              ],
              [
                -64.3657360067275,
                8.8969380709686
              ],
              [
                -64.3448226009024,
                8.89442846226959
              ],
              [
                -64.3080150066502,
                8.89944767966761
              ],
              [
                -64.248620934107,
                8.89024578110457
              ]
            ]
          ]
        ]
      },
      "properties": {
        "id": "GEM-L100000305199",
        "nombre": "Oficina Oil Field (Venezuela)",
        "tipo": "campo",
        "sector": "upstream",
        "fluido": "oil",
        "estado": "activo",
        "operadora": "Petrolera Vencupet",
        "propietarios": "GoldPillar International Fund SPC [40%]; Corporación Venezolana de Petróleo (CVP) [60%]",
        "cuenca": "Maturin",
        "bloque": null,
        "subnacional": null,
        "tipo_produccion": null,
        "costa": "onshore",
        "descubrimiento": "1937",
        "inicio_produccion": null,
        "notas": "https://www.gem.wiki/Oficina_Oil_Field_(Venezuela)",
        "fuente": "Global Energy Monitor, Global Oil and Gas Extraction Tracker, March 2026",
        "confianza": "media",
        "ultima_verificacion": "2026-09-09"
      }
    },
    {
      "type": "Feature",
      "geometry": {
        "type": "Point",
        "coordinates": [
          -63.6967,
          9.3604
        ]
      },
      "properties": {
        "id": "GEM-L100000309191",
        "nombre": "Onado Oil and Gas Field (Venezuela)",
        "tipo": "campo",
        "sector": "upstream",
        "fluido": "oil and gas",
        "estado": "activo",
        "operadora": "Petronado",
        "propietarios": "Korea National Oil Corp [5%]; Petroecuador [8%]; Compañía General de Combustibles SA [26%]; Petróleos de Venezuela SA [60%]",
        "cuenca": null,
        "bloque": null,
        "subnacional": null,
        "tipo_produccion": null,
        "costa": "onshore",
        "descubrimiento": "1971",
        "inicio_produccion": null,
        "notas": "https://www.gem.wiki/Onado_Oil_and_Gas_Field_(Venezuela)",
        "fuente": "Global Energy Monitor, Global Oil and Gas Extraction Tracker, March 2026",
        "confianza": "media",
        "ultima_verificacion": "2026-09-09"
      }
    },
    {
      "type": "Feature",
      "geometry": {
        "type": "MultiPolygon",
        "coordinates": [
          [
            [
              [
                -63.3702578894531,
                9.0324569407152
              ],
              [
                -63.3685848169871,
                9.01739928852113
              ],
              [
                -63.3702578894531,
                9.01405314358911
              ],
              [
                -63.3752771068511,
                9.00903392619109
              ],
              [
                -63.3802963242491,
                9.00234163632706
              ],
              [
                -63.3886616865792,
                8.99732241892904
              ],
              [
                -63.3987001213752,
                8.99230320153102
              ],
              [
                -63.4053924112392,
                8.99564934646303
              ],
              [
                -63.4053924112392,
                9.00234163632706
              ],
              [
                -63.4003731938412,
                9.00903392619109
              ],
              [
                -63.3886616865792,
                9.02074543345314
              ],
              [
                -63.3853155416472,
                9.02576465085117
              ],
              [
                -63.3702578894531,
                9.0324569407152
              ]
            ]
          ]
        ]
      },
      "properties": {
        "id": "GEM-L100000305200",
        "nombre": "Oritupano Oil Field (Venezuela)",
        "tipo": "campo",
        "sector": "upstream",
        "fluido": "oil",
        "estado": "activo",
        "operadora": null,
        "propietarios": null,
        "cuenca": "Maturin",
        "bloque": "Oritupano-Leona",
        "subnacional": null,
        "tipo_produccion": null,
        "costa": "onshore",
        "descubrimiento": "1950",
        "inicio_produccion": null,
        "notas": "https://www.gem.wiki/Oritupano_Oil_Field_(Venezuela)",
        "fuente": "Global Energy Monitor, Global Oil and Gas Extraction Tracker, March 2026",
        "confianza": "media",
        "ultima_verificacion": "2026-09-09"
      }
    },
    {
      "type": "Feature",
      "geometry": {
        "type": "MultiPolygon",
        "coordinates": [
          [
            [
              [
                -63.348507947395,
                9.89157965201
              ],
              [
                -63.3234118604049,
                9.86313742008788
              ],
              [
                -63.3217387879389,
                9.85142591282582
              ],
              [
                -63.3217387879389,
                9.83971440556377
              ],
              [
                -63.3234118604049,
                9.83469518816575
              ],
              [
                -63.3267580053369,
                9.82967597076773
              ],
              [
                -63.3351233676669,
                9.8246567533697
              ],
              [
                -63.351854092327,
                9.8229836809037
              ],
              [
                -63.358546382191,
                9.8246567533697
              ],
              [
                -63.3752771068511,
                9.82632982583571
              ],
              [
                -63.3853155416471,
                9.82632982583571
              ],
              [
                -63.3987001213752,
                9.82632982583571
              ],
              [
                -63.4104116286373,
                9.82632982583571
              ],
              [
                -63.4154308460353,
                9.82967597076773
              ],
              [
                -63.4204500634333,
                9.83971440556377
              ],
              [
                -63.4154308460353,
                9.85644513022384
              ],
              [
                -63.4020462663072,
                9.87317585488392
              ],
              [
                -63.3936809039772,
                9.87986814474795
              ],
              [
                -63.3736040343851,
                9.88488736214597
              ],
              [
                -63.348507947395,
                9.89157965201
              ]
            ]
          ]
        ]
      },
      "properties": {
        "id": "GEM-L100000309186",
        "nombre": "Orocual Oil Field (Venezuela)",
        "tipo": "campo",
        "sector": "upstream",
        "fluido": "oil",
        "estado": "activo",
        "operadora": "Petróleos de Venezuela",
        "propietarios": null,
        "cuenca": "Maturin",
        "bloque": null,
        "subnacional": null,
        "tipo_produccion": "conventional",
        "costa": "onshore",
        "descubrimiento": "1958",
        "inicio_produccion": null,
        "notas": "https://www.gem.wiki/Orocual_Oil_Field_(Venezuela)",
        "fuente": "Global Energy Monitor, Global Oil and Gas Extraction Tracker, March 2026",
        "confianza": "media",
        "ultima_verificacion": "2026-09-09"
      }
    },
    {
      "type": "Feature",
      "geometry": {
        "type": "MultiPolygon",
        "coordinates": [
          [
            [
              [
                -63.8539849661875,
                9.14727153869496
              ],
              [
                -63.8539849661875,
                9.13221388650089
              ],
              [
                -63.8590041835855,
                9.12886774156888
              ],
              [
                -63.8707156908475,
                9.12552159663686
              ],
              [
                -63.8857733430416,
                9.12552159663686
              ],
              [
                -63.8907925604396,
                9.12552159663686
              ],
              [
                -63.9041771401677,
                9.12719466910287
              ],
              [
                -63.9075232850997,
                9.13054081403488
              ],
              [
                -63.9091963575657,
                9.13556003143291
              ],
              [
                -63.9125425024977,
                9.13723310389891
              ],
              [
                -63.9175617198957,
                9.14057924883093
              ],
              [
                -63.9376385894878,
                9.14225232129694
              ],
              [
                -63.964407748944,
                9.1338869589669
              ],
              [
                -63.977792328672,
                9.1338869589669
              ],
              [
                -63.981138473604,
                9.14225232129694
              ],
              [
                -63.979465401138,
                9.14894461116097
              ],
              [
                -63.972773111274,
                9.15396382855899
              ],
              [
                -63.9526962416819,
                9.157309973491
              ],
              [
                -63.9443308793519,
                9.15898304595701
              ],
              [
                -63.9125425024977,
                9.15898304595701
              ],
              [
                -63.8824271981096,
                9.14727153869496
              ],
              [
                -63.8539849661875,
                9.14727153869496
              ]
            ]
          ]
        ]
      },
      "properties": {
        "id": "GEM-L100000305201",
        "nombre": "Oscurote Oil Field (Venezuela)",
        "tipo": "campo",
        "sector": "upstream",
        "fluido": "oil",
        "estado": "activo",
        "operadora": null,
        "propietarios": null,
        "cuenca": "Maturin",
        "bloque": null,
        "subnacional": null,
        "tipo_produccion": null,
        "costa": "onshore",
        "descubrimiento": "1952",
        "inicio_produccion": null,
        "notas": "https://www.gem.wiki/Oscurote_Oil_Field_(Venezuela)",
        "fuente": "Global Energy Monitor, Global Oil and Gas Extraction Tracker, March 2026",
        "confianza": "media",
        "ultima_verificacion": "2026-09-09"
      }
    },
    {
      "type": "Feature",
      "geometry": {
        "type": "MultiPolygon",
        "coordinates": [
          [
            [
              [
                -70.2213850707245,
                8.48541452784529
              ],
              [
                -70.2063274185304,
                8.48541452784529
              ],
              [
                -70.2063274185304,
                8.48541452784529
              ],
              [
                -70.1946159112684,
                8.47872223798126
              ],
              [
                -70.1895966938703,
                8.47370302058324
              ],
              [
                -70.1829044040063,
                8.46199151332119
              ],
              [
                -70.1845774764723,
                8.45529922345716
              ],
              [
                -70.1929428388024,
                8.45028000605913
              ],
              [
                -70.2080004909964,
                8.45529922345716
              ],
              [
                -70.2230581431905,
                8.4653376582532
              ],
              [
                -70.2213850707245,
                8.48541452784529
              ]
            ]
          ]
        ]
      },
      "properties": {
        "id": "GEM-L100000320450",
        "nombre": "Palmita Oil and Gas Field (Venezuela)",
        "tipo": "campo",
        "sector": "upstream",
        "fluido": "oil and gas",
        "estado": "activo",
        "operadora": null,
        "propietarios": null,
        "cuenca": null,
        "bloque": null,
        "subnacional": null,
        "tipo_produccion": null,
        "costa": "onshore",
        "descubrimiento": "1957",
        "inicio_produccion": null,
        "notas": "https://www.gem.wiki/Palmita_Oil_and_Gas_Field_(Venezuela)",
        "fuente": "Global Energy Monitor, Global Oil and Gas Extraction Tracker, March 2026",
        "confianza": "media",
        "ultima_verificacion": "2026-09-09"
      }
    },
    {
      "type": "Feature",
      "geometry": {
        "type": "MultiPolygon",
        "coordinates": [
          [
            [
              [
                -62.2078907936944,
                9.99656494925197
              ],
              [
                -62.2179292284905,
                9.97481500719387
              ],
              [
                -62.2262945908205,
                9.96812271732984
              ],
              [
                -62.2430253154806,
                9.95473813760178
              ],
              [
                -62.2681214024707,
                9.94971892020376
              ],
              [
                -62.2848521271308,
                9.95306506513577
              ],
              [
                -62.2898713445288,
                9.9597573549998
              ],
              [
                -62.2898713445288,
                9.96477657239783
              ],
              [
                -62.2999097793248,
                9.97983422459189
              ],
              [
                -62.3032559242568,
                9.99321880431995
              ],
              [
                -62.2965636343928,
                10.00158416665
              ],
              [
                -62.2815059821988,
                10.004930311582
              ],
              [
                -62.2714675474027,
                9.99321880431995
              ],
              [
                -62.2647752575387,
                9.9815072970579
              ],
              [
                -62.2530637502766,
                9.99154573185394
              ],
              [
                -62.2430253154806,
                9.99991109418398
              ],
              [
                -62.2078907936944,
                9.99656494925197
              ]
            ]
          ]
        ]
      },
      "properties": {
        "id": "GEM-L100000309198",
        "nombre": "Pedernales Oil and Gas Field (Venezuela)",
        "tipo": "campo",
        "sector": "upstream",
        "fluido": "oil and gas",
        "estado": "activo",
        "operadora": "Petrowarao",
        "propietarios": "Perenco SA [40%]; Petróleos de Venezuela SA [60%]",
        "cuenca": "Maturin",
        "bloque": null,
        "subnacional": null,
        "tipo_produccion": null,
        "costa": "offshore",
        "descubrimiento": "1933",
        "inicio_produccion": null,
        "notas": "https://www.gem.wiki/Pedernales_Oil_and_Gas_Field_(Venezuela)",
        "fuente": "Global Energy Monitor, Global Oil and Gas Extraction Tracker, March 2026",
        "confianza": "media",
        "ultima_verificacion": "2026-09-09"
      }
    },
    {
      "type": "Feature",
      "geometry": {
        "type": "Point",
        "coordinates": [
          -70.5498,
          12.0161
        ]
      },
      "properties": {
        "id": "GEM-L100000309180",
        "nombre": "Perla Oil and Gas Field (Venezuela)",
        "tipo": "campo",
        "sector": "upstream",
        "fluido": "oil and gas",
        "estado": "activo",
        "operadora": "Cardón IV",
        "propietarios": "Repsol SA [50%]; Eni SpA [50%]",
        "cuenca": null,
        "bloque": null,
        "subnacional": null,
        "tipo_produccion": "conventional",
        "costa": "offshore",
        "descubrimiento": "2009",
        "inicio_produccion": "2015",
        "notas": "https://www.gem.wiki/Perla_Oil_and_Gas_Field_(Venezuela)",
        "fuente": "Global Energy Monitor, Global Oil and Gas Extraction Tracker, March 2026",
        "confianza": "baja",
        "ultima_verificacion": "2026-09-09"
      }
    },
    {
      "type": "Feature",
      "geometry": {
        "type": "MultiPolygon",
        "coordinates": [
          [
            [
              [
                -62.682625105924,
                8.94545717248281
              ],
              [
                -62.6976827581181,
                8.92203415795871
              ],
              [
                -62.7127404103122,
                8.91366879562867
              ],
              [
                -62.7277980625063,
                8.90363036083262
              ],
              [
                -62.7478749320983,
                8.89191885357057
              ],
              [
                -62.7629325842924,
                8.89359192603658
              ],
              [
                -62.7763171640205,
                8.89359192603658
              ],
              [
                -62.8081055408746,
                8.89526499850259
              ],
              [
                -62.8298554829327,
                8.8969380709686
              ],
              [
                -62.8332016278647,
                8.90028421590061
              ],
              [
                -62.8332016278647,
                8.90864957823065
              ],
              [
                -62.8281824104667,
                8.91868801302669
              ],
              [
                -62.8231631930687,
                8.92538030289072
              ],
              [
                -62.8097786133406,
                8.92872644782274
              ],
              [
                -62.7813363814185,
                8.93207259275475
              ],
              [
                -62.7579133668944,
                8.93709181015277
              ],
              [
                -62.7395095697683,
                8.93876488261878
              ],
              [
                -62.7110673378462,
                8.94545717248281
              ],
              [
                -62.682625105924,
                8.94545717248281
              ]
            ]
          ]
        ]
      },
      "properties": {
        "id": "GEM-L100000320703",
        "nombre": "Pilon Oil Field (Venezuela)",
        "tipo": "campo",
        "sector": "upstream",
        "fluido": "oil",
        "estado": "activo",
        "operadora": null,
        "propietarios": null,
        "cuenca": null,
        "bloque": null,
        "subnacional": null,
        "tipo_produccion": null,
        "costa": "onshore",
        "descubrimiento": "1936",
        "inicio_produccion": "1937",
        "notas": "https://www.gem.wiki/Pilon_Oil_Field_(Venezuela)",
        "fuente": "Global Energy Monitor, Global Oil and Gas Extraction Tracker, March 2026",
        "confianza": "media",
        "ultima_verificacion": "2026-09-09"
      }
    },
    {
      "type": "Feature",
      "geometry": {
        "type": "MultiPolygon",
        "coordinates": [
          [
            [
              [
                -63.7456229478709,
                9.67062469517372
              ],
              [
                -63.7230637290555,
                9.6460146382842
              ],
              [
                -63.6697419391282,
                9.68703139976674
              ],
              [
                -63.6041151207561,
                9.68087888554436
              ],
              [
                -63.5630983592736,
                9.70343810435975
              ],
              [
                -63.5323357881617,
                9.70343810435975
              ],
              [
                -63.4790139982344,
                9.65626882865483
              ],
              [
                -63.5425899785323,
                9.6460146382842
              ],
              [
                -63.5815559019407,
                9.66037050480309
              ],
              [
                -63.5405391404582,
                9.6152520671723
              ],
              [
                -63.5589966831253,
                9.5926928483569
              ],
              [
                -63.5877084161631,
                9.61115039102404
              ],
              [
                -63.6902503198694,
                9.61730290524642
              ],
              [
                -63.7599788143897,
                9.62140458139468
              ],
              [
                -63.7784363570569,
                9.66037050480309
              ],
              [
                -63.7456229478709,
                9.67062469517372
              ]
            ]
          ]
        ]
      },
      "properties": {
        "id": "GEM-L100000320422",
        "nombre": "Pirital Oil and Gas Field (Venezuela)",
        "tipo": "campo",
        "sector": "upstream",
        "fluido": "oil and gas",
        "estado": "activo",
        "operadora": null,
        "propietarios": null,
        "cuenca": null,
        "bloque": null,
        "subnacional": null,
        "tipo_produccion": null,
        "costa": "onshore",
        "descubrimiento": "1945",
        "inicio_produccion": null,
        "notas": "https://www.gem.wiki/Pirital_Oil_and_Gas_Field_(Venezuela)",
        "fuente": "Global Energy Monitor, Global Oil and Gas Extraction Tracker, March 2026",
        "confianza": "media",
        "ultima_verificacion": "2026-09-09"
      }
    },
    {
      "type": "Feature",
      "geometry": {
        "type": "MultiPolygon",
        "coordinates": [
          [
            [
              [
                -64.3992710777529,
                9.87444409292413
              ],
              [
                -64.355110736859,
                9.90204430598284
              ],
              [
                -64.3468306729414,
                9.91032436990045
              ],
              [
                -64.3054303533533,
                9.86616402900652
              ],
              [
                -64.3854709712236,
                9.84132383725368
              ],
              [
                -64.3992710777529,
                9.87444409292413
              ]
            ]
          ]
        ]
      },
      "properties": {
        "id": "GEM-L100000320436",
        "nombre": "Quiamare Oil and Gas Field (Venezuela)",
        "tipo": "campo",
        "sector": "upstream",
        "fluido": "oil and gas",
        "estado": "activo",
        "operadora": null,
        "propietarios": null,
        "cuenca": null,
        "bloque": null,
        "subnacional": null,
        "tipo_produccion": null,
        "costa": "onshore",
        "descubrimiento": "1942",
        "inicio_produccion": null,
        "notas": "https://www.gem.wiki/Quiamare_Oil_and_Gas_Field_(Venezuela)",
        "fuente": "Global Energy Monitor, Global Oil and Gas Extraction Tracker, March 2026",
        "confianza": "media",
        "ultima_verificacion": "2026-09-09"
      }
    },
    {
      "type": "Feature",
      "geometry": {
        "type": "MultiPolygon",
        "coordinates": [
          [
            [
              [
                -63.1561046138041,
                10.0371369565526
              ],
              [
                -63.129335454348,
                10.0220793043586
              ],
              [
                -63.127662381882,
                10.0187331594266
              ],
              [
                -63.127662381882,
                10.0086947246305
              ],
              [
                -63.131008526814,
                9.99865628983448
              ],
              [
                -63.134354671746,
                9.99196399997045
              ],
              [
                -63.1460661790081,
                9.9819255651744
              ],
              [
                -63.1661430486002,
                9.97857942024239
              ],
              [
                -63.1812007007942,
                9.97188713037836
              ],
              [
                -63.2096429327164,
                9.96519484051433
              ],
              [
                -63.2230275124444,
                9.96854098544634
              ],
              [
                -63.2364120921725,
                9.97523327531037
              ],
              [
                -63.2447774545025,
                9.98025249270839
              ],
              [
                -63.2481235994345,
                9.98861785503843
              ],
              [
                -63.2414313095705,
                10.0036755072325
              ],
              [
                -63.2313928747745,
                10.0137139420285
              ],
              [
                -63.2230275124444,
                10.0220793043586
              ],
              [
                -63.2146621501144,
                10.0304446666886
              ],
              [
                -63.1962583529883,
                10.0388100290187
              ],
              [
                -63.1812007007942,
                10.0321177391546
              ],
              [
                -63.1561046138041,
                10.0371369565526
              ]
            ]
          ]
        ]
      },
      "properties": {
        "id": "GEM-L100000305202",
        "nombre": "Quiriquire Oil and Gas Field (Venezuela)",
        "tipo": "campo",
        "sector": "upstream",
        "fluido": "oil and gas",
        "estado": "activo",
        "operadora": "Petroquiriquire",
        "propietarios": "Repsol SA [40%]; Petróleos de Venezuela SA [60%]",
        "cuenca": "Maturin",
        "bloque": null,
        "subnacional": null,
        "tipo_produccion": null,
        "costa": "onshore",
        "descubrimiento": "1928",
        "inicio_produccion": null,
        "notas": "https://www.gem.wiki/Quiriquire_Oil_and_Gas_Field_(Venezuela)",
        "fuente": "Global Energy Monitor, Global Oil and Gas Extraction Tracker, March 2026",
        "confianza": "media",
        "ultima_verificacion": "2026-09-09"
      }
    },
    {
      "type": "Feature",
      "geometry": {
        "type": "MultiPolygon",
        "coordinates": [
          [
            [
              [
                -72.5503019434068,
                9.22993177521859
              ],
              [
                -72.5419365810768,
                9.21822026795654
              ],
              [
                -72.5436096535428,
                9.21487412302452
              ],
              [
                -72.5469557984748,
                9.21152797809251
              ],
              [
                -72.5503019434068,
                9.20316261576247
              ],
              [
                -72.5586673057369,
                9.19145110850042
              ],
              [
                -72.5636865231349,
                9.1864318911024
              ],
              [
                -72.583763392727,
                9.17806652877236
              ],
              [
                -72.592128755057,
                9.17639345630635
              ],
              [
                -72.6038402623191,
                9.1864318911024
              ],
              [
                -72.6055133347851,
                9.19312418096643
              ],
              [
                -72.597147972455,
                9.20483568822848
              ],
              [
                -72.592128755057,
                9.20148954329646
              ],
              [
                -72.585436465193,
                9.19647032589844
              ],
              [
                -72.582090320261,
                9.19814339836445
              ],
              [
                -72.5770711028629,
                9.20650876069449
              ],
              [
                -72.5737249579309,
                9.21487412302452
              ],
              [
                -72.5703788129989,
                9.22156641288855
              ],
              [
                -72.5670326680669,
                9.22491255782057
              ],
              [
                -72.5503019434068,
                9.22993177521859
              ]
            ]
          ]
        ]
      },
      "properties": {
        "id": "GEM-L100000305184",
        "nombre": "Rosario Oil Field (Venezuela)",
        "tipo": "campo",
        "sector": "upstream",
        "fluido": "oil",
        "estado": "activo",
        "operadora": "Baripetrol",
        "propietarios": "Perenco SA [17%]; Tecpetrol SA [17%]; PFC [5%]; Petróleos de Venezuela SA [60%]",
        "cuenca": null,
        "bloque": null,
        "subnacional": null,
        "tipo_produccion": null,
        "costa": "onshore",
        "descubrimiento": "1959",
        "inicio_produccion": null,
        "notas": "https://www.gem.wiki/Rosario_Oil_Field_(Venezuela)",
        "fuente": "Global Energy Monitor, Global Oil and Gas Extraction Tracker, March 2026",
        "confianza": "media",
        "ultima_verificacion": "2026-09-09"
      }
    },
    {
      "type": "Feature",
      "geometry": {
        "type": "Point",
        "coordinates": [
          -64.8289,
          8.3765
        ]
      },
      "properties": {
        "id": "GEM-L100000320726",
        "nombre": "San Cristobal Oil Field (Venezuela)",
        "tipo": "campo",
        "sector": "upstream",
        "fluido": "oil",
        "estado": "activo",
        "operadora": "Perolera Indovenezolana",
        "propietarios": "ONGC Videsh Ltd [40%]; Petróleos de Venezuela SA [60%]",
        "cuenca": null,
        "bloque": "Junín Norte",
        "subnacional": null,
        "tipo_produccion": null,
        "costa": "onshore",
        "descubrimiento": null,
        "inicio_produccion": "1996",
        "notas": "https://www.gem.wiki/San_Cristobal_Oil_Field_(Venezuela)",
        "fuente": "Global Energy Monitor, Global Oil and Gas Extraction Tracker, March 2026",
        "confianza": "baja",
        "ultima_verificacion": "2026-09-09"
      }
    },
    {
      "type": "Feature",
      "geometry": {
        "type": "MultiPolygon",
        "coordinates": [
          [
            [
              [
                -64.5865241556711,
                9.33425448453494
              ],
              [
                -64.5817849936415,
                9.35005169130027
              ],
              [
                -64.535973094022,
                9.36900833941866
              ],
              [
                -64.509117842521,
                9.35321113265333
              ],
              [
                -64.509117842521,
                9.3421530879176
              ],
              [
                -64.5233353286098,
                9.3326747638584
              ],
              [
                -64.532813652669,
                9.32477616047574
              ],
              [
                -64.5470311387578,
                9.32635588115227
              ],
              [
                -64.5517703007874,
                9.29792090897468
              ],
              [
                -64.5691472282292,
                9.31371811574001
              ],
              [
                -64.556509462817,
                9.32951532250534
              ],
              [
                -64.5612486248466,
                9.33425448453494
              ],
              [
                -64.5865241556711,
                9.33425448453494
              ]
            ]
          ]
        ]
      },
      "properties": {
        "id": "GEM-L100000310800",
        "nombre": "San Joaquín Oil Field (Venezuela)",
        "tipo": "campo",
        "sector": "upstream",
        "fluido": "oil",
        "estado": "activo",
        "operadora": "Petróleos de Venezuela",
        "propietarios": null,
        "cuenca": "Maturin",
        "bloque": "San Joaquín",
        "subnacional": null,
        "tipo_produccion": "conventional",
        "costa": "onshore",
        "descubrimiento": "1939",
        "inicio_produccion": null,
        "notas": "https://www.gem.wiki/San_Joaquín_Oil_Field_(Venezuela)",
        "fuente": "Global Energy Monitor, Global Oil and Gas Extraction Tracker, March 2026",
        "confianza": "media",
        "ultima_verificacion": "2026-09-09"
      }
    },
    {
      "type": "Feature",
      "geometry": {
        "type": "Point",
        "coordinates": [
          -64.6652,
          9.2379
        ]
      },
      "properties": {
        "id": "GEM-L100000310801",
        "nombre": "Santa Ana Oil Field (Venezuela)",
        "tipo": "campo",
        "sector": "upstream",
        "fluido": "oil",
        "estado": "activo",
        "operadora": "Petróleos de Venezuela",
        "propietarios": null,
        "cuenca": "Maturin",
        "bloque": "Santa Ana",
        "subnacional": null,
        "tipo_produccion": "conventional",
        "costa": "onshore",
        "descubrimiento": "1936",
        "inicio_produccion": null,
        "notas": "https://www.gem.wiki/Santa_Ana_Oil_Field_(Venezuela)",
        "fuente": "Global Energy Monitor, Global Oil and Gas Extraction Tracker, March 2026",
        "confianza": "media",
        "ultima_verificacion": "2026-09-09"
      }
    },
    {
      "type": "Feature",
      "geometry": {
        "type": "Point",
        "coordinates": [
          -63.5168,
          9.6594
        ]
      },
      "properties": {
        "id": "GEM-L100000305060",
        "nombre": "Santa Bárbara Oil Field (Venezuela)",
        "tipo": "campo",
        "sector": "upstream",
        "fluido": "oil",
        "estado": "activo",
        "operadora": "Petróleos de Venezuela",
        "propietarios": null,
        "cuenca": null,
        "bloque": null,
        "subnacional": null,
        "tipo_produccion": "conventional",
        "costa": "onshore",
        "descubrimiento": "1941",
        "inicio_produccion": null,
        "notas": "https://www.gem.wiki/Santa_Bárbara_Oil_Field_(Venezuela)",
        "fuente": "Global Energy Monitor, Global Oil and Gas Extraction Tracker, March 2026",
        "confianza": "media",
        "ultima_verificacion": "2026-09-09"
      }
    },
    {
      "type": "Feature",
      "geometry": {
        "type": "MultiPolygon",
        "coordinates": [
          [
            [
              [
                -64.3793297205138,
                9.51534748121659
              ],
              [
                -64.3776566480478,
                9.49359753915849
              ],
              [
                -64.3793297205138,
                9.48690524929446
              ],
              [
                -64.3893681553098,
                9.48021295943043
              ],
              [
                -64.3994065901059,
                9.47519374203241
              ],
              [
                -64.416137314766,
                9.4718475971004
              ],
              [
                -64.4395603292901,
                9.47519374203241
              ],
              [
                -64.4479256916201,
                9.48021295943043
              ],
              [
                -64.4479256916201,
                9.49025139422648
              ],
              [
                -64.4445795466881,
                9.49861675655652
              ],
              [
                -64.43119496696,
                9.50363597395454
              ],
              [
                -64.4060988799699,
                9.50698211888655
              ],
              [
                -64.3943873727079,
                9.51200133628458
              ],
              [
                -64.3793297205138,
                9.51534748121659
              ]
            ]
          ]
        ]
      },
      "properties": {
        "id": "GEM-L100000305204",
        "nombre": "Santa Rosa Oil and Gas Field (Venezuela)",
        "tipo": "campo",
        "sector": "upstream",
        "fluido": "oil and gas",
        "estado": "activo",
        "operadora": "Petróleos de Venezuela",
        "propietarios": null,
        "cuenca": "Maturin",
        "bloque": null,
        "subnacional": null,
        "tipo_produccion": "conventional",
        "costa": "onshore",
        "descubrimiento": "1937",
        "inicio_produccion": null,
        "notas": "https://www.gem.wiki/Santa_Rosa_Oil_and_Gas_Field_(Venezuela)",
        "fuente": "Global Energy Monitor, Global Oil and Gas Extraction Tracker, March 2026",
        "confianza": "media",
        "ultima_verificacion": "2026-09-09"
      }
    },
    {
      "type": "Feature",
      "geometry": {
        "type": "MultiPolygon",
        "coordinates": [
          [
            [
              [
                -70.0708085487838,
                8.3749917450888
              ],
              [
                -70.0557508965897,
                8.35658794796272
              ],
              [
                -70.0490586067257,
                8.34989565809869
              ],
              [
                -70.0457124617937,
                8.34654951316667
              ],
              [
                -70.0373470994637,
                8.33985722330265
              ],
              [
                -70.0373470994637,
                8.33149186097261
              ],
              [
                -70.0457124617937,
                8.31476113631253
              ],
              [
                -70.0540778241237,
                8.31476113631253
              ],
              [
                -70.0674624038518,
                8.32479957110858
              ],
              [
                -70.0741546937158,
                8.33316493343862
              ],
              [
                -70.0825200560459,
                8.33985722330265
              ],
              [
                -70.0925584908419,
                8.35324180303071
              ],
              [
                -70.0925584908419,
                8.36328023782675
              ],
              [
                -70.0892123459099,
                8.37164560015679
              ],
              [
                -70.0708085487838,
                8.3749917450888
              ]
            ]
          ]
        ]
      },
      "properties": {
        "id": "GEM-L100000305223",
        "nombre": "Silvestre Oil Field (Venezuela)",
        "tipo": "campo",
        "sector": "upstream",
        "fluido": "oil",
        "estado": "activo",
        "operadora": null,
        "propietarios": null,
        "cuenca": "Barinas",
        "bloque": null,
        "subnacional": null,
        "tipo_produccion": null,
        "costa": "onshore",
        "descubrimiento": "1948",
        "inicio_produccion": null,
        "notas": "https://www.gem.wiki/Silvestre_Oil_Field_(Venezuela)",
        "fuente": "Global Energy Monitor, Global Oil and Gas Extraction Tracker, March 2026",
        "confianza": "media",
        "ultima_verificacion": "2026-09-09"
      }
    },
    {
      "type": "Feature",
      "geometry": {
        "type": "MultiPolygon",
        "coordinates": [
          [
            [
              [
                -70.0875392734439,
                8.29468426672045
              ],
              [
                -70.0607701139878,
                8.29301119425444
              ],
              [
                -70.0590970415218,
                8.29301119425444
              ],
              [
                -70.0557508965897,
                8.29133812178843
              ],
              [
                -70.0507316791917,
                8.28799197685642
              ],
              [
                -70.0440393893277,
                8.27795354206037
              ],
              [
                -70.0440393893277,
                8.26791510726433
              ],
              [
                -70.0490586067257,
                8.26456896233231
              ],
              [
                -70.0607701139878,
                8.26289588986631
              ],
              [
                -70.0741546937158,
                8.26791510726433
              ],
              [
                -70.0825200560459,
                8.27293432466235
              ],
              [
                -70.0892123459099,
                8.28631890439041
              ],
              [
                -70.0875392734439,
                8.29468426672045
              ]
            ]
          ]
        ]
      },
      "properties": {
        "id": "GEM-L100000305224",
        "nombre": "Sinco Oil Field (Venezuela)",
        "tipo": "campo",
        "sector": "upstream",
        "fluido": "oil",
        "estado": "activo",
        "operadora": null,
        "propietarios": null,
        "cuenca": "Barinas",
        "bloque": null,
        "subnacional": null,
        "tipo_produccion": null,
        "costa": "onshore",
        "descubrimiento": "1953",
        "inicio_produccion": null,
        "notas": "https://www.gem.wiki/Sinco_Oil_Field_(Venezuela)",
        "fuente": "Global Energy Monitor, Global Oil and Gas Extraction Tracker, March 2026",
        "confianza": "media",
        "ultima_verificacion": "2026-09-09"
      }
    },
    {
      "type": "Feature",
      "geometry": {
        "type": "Point",
        "coordinates": [
          -64.9592,
          8.3792
        ]
      },
      "properties": {
        "id": "GEM-L100000320733",
        "nombre": "Sincor Oil and Gas Field (Venezuela)",
        "tipo": "campo",
        "sector": "upstream",
        "fluido": "oil and gas",
        "estado": "activo",
        "operadora": "Petrocedeño",
        "propietarios": "Petróleos de Venezuela SA [100%]",
        "cuenca": null,
        "bloque": null,
        "subnacional": null,
        "tipo_produccion": null,
        "costa": "onshore",
        "descubrimiento": null,
        "inicio_produccion": null,
        "notas": "https://www.gem.wiki/Sincor_Oil_and_Gas_Field_(Venezuela)",
        "fuente": "Global Energy Monitor, Global Oil and Gas Extraction Tracker, March 2026",
        "confianza": "baja",
        "ultima_verificacion": "2026-09-09"
      }
    },
    {
      "type": "Feature",
      "geometry": {
        "type": "Point",
        "coordinates": [
          -62.9185,
          8.7337
        ]
      },
      "properties": {
        "id": "GEM-L100000320735",
        "nombre": "Sinovensa Oil and Gas Field (Venezuela)",
        "tipo": "campo",
        "sector": "upstream",
        "fluido": "oil and gas",
        "estado": "activo",
        "operadora": "Petrosinovensa",
        "propietarios": "Petróleos de Venezuela SA [51%]; China National Petroleum Corp [49%]",
        "cuenca": null,
        "bloque": null,
        "subnacional": null,
        "tipo_produccion": null,
        "costa": "onshore",
        "descubrimiento": null,
        "inicio_produccion": null,
        "notas": "https://www.gem.wiki/Sinovensa_Oil_and_Gas_Field_(Venezuela)",
        "fuente": "Global Energy Monitor, Global Oil and Gas Extraction Tracker, March 2026",
        "confianza": "baja",
        "ultima_verificacion": "2026-09-09"
      }
    },
    {
      "type": "Feature",
      "geometry": {
        "type": "MultiPolygon",
        "coordinates": [
          [
            [
              [
                -64.210349401447,
                9.21754058226727
              ],
              [
                -64.201984039117,
                9.20750214747122
              ],
              [
                -64.207003256515,
                9.20415600253921
              ],
              [
                -64.208676328981,
                9.19746371267518
              ],
              [
                -64.2120224739131,
                9.19411756774317
              ],
              [
                -64.2237339811751,
                9.19077142281115
              ],
              [
                -64.2320993435051,
                9.19077142281115
              ],
              [
                -64.2404647058352,
                9.19579064020917
              ],
              [
                -64.2471569956992,
                9.2008098576072
              ],
              [
                -64.2622146478933,
                9.20582907500522
              ],
              [
                -64.2806184450194,
                9.20582907500522
              ],
              [
                -64.2990222421454,
                9.20415600253921
              ],
              [
                -64.3107337494075,
                9.20582907500522
              ],
              [
                -64.3157529668055,
                9.21084829240324
              ],
              [
                -64.3174260392715,
                9.21754058226727
              ],
              [
                -64.3073876044755,
                9.22757901706331
              ],
              [
                -64.2923299522814,
                9.23259823446134
              ],
              [
                -64.2705800102233,
                9.23761745185936
              ],
              [
                -64.2588685029613,
                9.23761745185936
              ],
              [
                -64.2421377783012,
                9.23259823446134
              ],
              [
                -64.2270801261071,
                9.22255979966529
              ],
              [
                -64.210349401447,
                9.21754058226727
              ]
            ]
          ]
        ]
      },
      "properties": {
        "id": "GEM-L100000305205",
        "nombre": "Soto Oil Field (Venezuela)",
        "tipo": "campo",
        "sector": "upstream",
        "fluido": "oil",
        "estado": "activo",
        "operadora": null,
        "propietarios": null,
        "cuenca": "Maturin",
        "bloque": null,
        "subnacional": null,
        "tipo_produccion": null,
        "costa": "onshore",
        "descubrimiento": "1949",
        "inicio_produccion": null,
        "notas": "https://www.gem.wiki/Soto_Oil_Field_(Venezuela)",
        "fuente": "Global Energy Monitor, Global Oil and Gas Extraction Tracker, March 2026",
        "confianza": "media",
        "ultima_verificacion": "2026-09-09"
      }
    },
    {
      "type": "Feature",
      "geometry": {
        "type": "MultiPolygon",
        "coordinates": [
          [
            [
              [
                -62.5872599753616,
                9.05922610017131
              ],
              [
                -62.5788946130316,
                9.03580308564721
              ],
              [
                -62.5939522652257,
                9.01572621605512
              ],
              [
                -62.6190483522158,
                9.0107069986571
              ],
              [
                -62.6324329319438,
                9.00736085372508
              ],
              [
                -62.677605888526,
                8.988957056599
              ],
              [
                -62.6960096856521,
                8.98059169426897
              ],
              [
                -62.7093942653802,
                8.98059169426897
              ],
              [
                -62.7160865552442,
                8.98393783920098
              ],
              [
                -62.7311442074383,
                8.98561091166699
              ],
              [
                -62.7495480045643,
                8.98226476673497
              ],
              [
                -62.7779902364865,
                8.97557247687094
              ],
              [
                -62.7830094538845,
                8.97724554933695
              ],
              [
                -62.7863555988165,
                8.98059169426897
              ],
              [
                -62.7930478886805,
                8.99230320153102
              ],
              [
                -62.7913748162145,
                8.99732241892904
              ],
              [
                -62.7763171640205,
                9.00736085372508
              ],
              [
                -62.7462018596323,
                9.01739928852113
              ],
              [
                -62.7127404103122,
                9.02409157838516
              ],
              [
                -62.6876443233221,
                9.03078386824919
              ],
              [
                -62.6575290189339,
                9.04249537551124
              ],
              [
                -62.6223944971478,
                9.05420688277329
              ],
              [
                -62.5872599753616,
                9.05922610017131
              ]
            ]
          ]
        ]
      },
      "properties": {
        "id": "GEM-L100000305206",
        "nombre": "Temblador Oil Field (Venezuela)",
        "tipo": "campo",
        "sector": "upstream",
        "fluido": "oil",
        "estado": "activo",
        "operadora": "Petrodelta",
        "propietarios": "CT Energy [32%]; PFC [8%]; Petróleos de Venezuela SA [60%]",
        "cuenca": "Oriental",
        "bloque": null,
        "subnacional": null,
        "tipo_produccion": null,
        "costa": "onshore",
        "descubrimiento": "1936",
        "inicio_produccion": null,
        "notas": "https://www.gem.wiki/Temblador_Oil_Field_(Venezuela)",
        "fuente": "Global Energy Monitor, Global Oil and Gas Extraction Tracker, March 2026",
        "confianza": "media",
        "ultima_verificacion": "2026-09-09"
      }
    },
    {
      "type": "Feature",
      "geometry": {
        "type": "Point",
        "coordinates": [
          -71.7711,
          10.3212
        ]
      },
      "properties": {
        "id": "GEM-L100000305185",
        "nombre": "Tía Juana Oil Field (Venezuela)",
        "tipo": "campo",
        "sector": "upstream",
        "fluido": "oil",
        "estado": "activo",
        "operadora": "Petrocabimas",
        "propietarios": "Suelopetrol [40%]; Petróleos de Venezuela SA [60%]",
        "cuenca": null,
        "bloque": null,
        "subnacional": null,
        "tipo_produccion": null,
        "costa": "offshore",
        "descubrimiento": "1925",
        "inicio_produccion": null,
        "notas": "https://www.gem.wiki/Tía_Juana_Oil_Field_(Venezuela)",
        "fuente": "Global Energy Monitor, Global Oil and Gas Extraction Tracker, March 2026",
        "confianza": "media",
        "ultima_verificacion": "2026-09-09"
      }
    },
    {
      "type": "Feature",
      "geometry": {
        "type": "Point",
        "coordinates": [
          -71.1478,
          9.5025
        ]
      },
      "properties": {
        "id": "GEM-L100000310804",
        "nombre": "Tomoporo Oil and Gas Field (Venezuela)",
        "tipo": "campo",
        "sector": "upstream",
        "fluido": "oil and gas",
        "estado": "activo",
        "operadora": "Petroquiriquire",
        "propietarios": "Repsol SA [40%]; Petróleos de Venezuela SA [60%]",
        "cuenca": "Maracaibo",
        "bloque": null,
        "subnacional": null,
        "tipo_produccion": null,
        "costa": "offshore",
        "descubrimiento": "1988",
        "inicio_produccion": null,
        "notas": "https://www.gem.wiki/Tomoporo_Oil_and_Gas_Field_(Venezuela)",
        "fuente": "Global Energy Monitor, Global Oil and Gas Extraction Tracker, March 2026",
        "confianza": "baja",
        "ultima_verificacion": "2026-09-09"
      }
    },
    {
      "type": "Feature",
      "geometry": {
        "type": "MultiPolygon",
        "coordinates": [
          [
            [
              [
                -62.0284537717151,
                9.07093760743337
              ],
              [
                -62.0167422644531,
                9.05755302770531
              ],
              [
                -62.0251076267831,
                9.0558799552393
              ],
              [
                -62.0301268441811,
                9.05086073784128
              ],
              [
                -62.0485306413072,
                9.04249537551124
              ],
              [
                -62.0585690761032,
                9.04249537551124
              ],
              [
                -62.0702805833653,
                9.05086073784128
              ],
              [
                -62.0736267282973,
                9.06257224510333
              ],
              [
                -62.0719536558313,
                9.06926453496736
              ],
              [
                -62.0485306413072,
                9.07595682483139
              ],
              [
                -62.0351460615791,
                9.07428375236538
              ],
              [
                -62.0284537717151,
                9.07093760743337
              ]
            ]
          ]
        ]
      },
      "properties": {
        "id": "GEM-L100000305207",
        "nombre": "Tucupita Oil Field (Venezuela)",
        "tipo": "campo",
        "sector": "upstream",
        "fluido": "oil",
        "estado": "activo",
        "operadora": null,
        "propietarios": null,
        "cuenca": "Maturin",
        "bloque": null,
        "subnacional": null,
        "tipo_produccion": null,
        "costa": "onshore",
        "descubrimiento": "1945",
        "inicio_produccion": null,
        "notas": "https://www.gem.wiki/Tucupita_Oil_Field_(Venezuela)",
        "fuente": "Global Energy Monitor, Global Oil and Gas Extraction Tracker, March 2026",
        "confianza": "media",
        "ultima_verificacion": "2026-09-09"
      }
    },
    {
      "type": "Feature",
      "geometry": {
        "type": "MultiPolygon",
        "coordinates": [
          [
            [
              [
                -62.4701449027411,
                9.03078386824919
              ],
              [
                -62.4684718302751,
                9.01238007112311
              ],
              [
                -62.4701449027411,
                9.00903392619109
              ],
              [
                -62.4818564100032,
                9.00234163632706
              ],
              [
                -62.4969140621972,
                8.99899549139505
              ],
              [
                -62.5169909317893,
                8.99230320153102
              ],
              [
                -62.5471062361774,
                8.97891862180296
              ],
              [
                -62.5655100333035,
                8.9655340420749
              ],
              [
                -62.5755484680996,
                8.95884175221087
              ],
              [
                -62.5855869028956,
                8.95382253481285
              ],
              [
                -62.6006445550897,
                8.95214946234684
              ],
              [
                -62.6039907000217,
                8.95716867974486
              ],
              [
                -62.6056637724877,
                8.97055325947292
              ],
              [
                -62.6056637724877,
                8.97891862180296
              ],
              [
                -62.5922791927596,
                8.99063012906501
              ],
              [
                -62.5839138304296,
                8.99899549139505
              ],
              [
                -62.5588177434395,
                9.01572621605512
              ],
              [
                -62.5153178593233,
                9.03078386824919
              ],
              [
                -62.4701449027411,
                9.03078386824919
              ]
            ]
          ]
        ]
      },
      "properties": {
        "id": "GEM-L100000320428",
        "nombre": "Uracoa Oil and Gas Field (Venezuela)",
        "tipo": "campo",
        "sector": "upstream",
        "fluido": "oil and gas",
        "estado": "activo",
        "operadora": null,
        "propietarios": null,
        "cuenca": null,
        "bloque": null,
        "subnacional": null,
        "tipo_produccion": null,
        "costa": "onshore",
        "descubrimiento": "1937",
        "inicio_produccion": null,
        "notas": "https://www.gem.wiki/Uracoa_Oil_and_Gas_Field_(Venezuela)",
        "fuente": "Global Energy Monitor, Global Oil and Gas Extraction Tracker, March 2026",
        "confianza": "media",
        "ultima_verificacion": "2026-09-09"
      }
    },
    {
      "type": "Feature",
      "geometry": {
        "type": "Point",
        "coordinates": [
          -71.8186,
          10.1115
        ]
      },
      "properties": {
        "id": "GEM-L100000305058",
        "nombre": "Urdaneta Oeste Oil Field (Venezuela)",
        "tipo": "campo",
        "sector": "upstream",
        "fluido": "oil",
        "estado": "activo",
        "operadora": "Petroregional del Lago",
        "propietarios": "Etablissements Maurel & Prom SA [40%]; Petróleos de Venezuela SA [60%]",
        "cuenca": null,
        "bloque": null,
        "subnacional": null,
        "tipo_produccion": null,
        "costa": "offshore",
        "descubrimiento": "1955",
        "inicio_produccion": null,
        "notas": "https://www.gem.wiki/Urdaneta_Oeste_Oil_Field_(Venezuela)",
        "fuente": "Global Energy Monitor, Global Oil and Gas Extraction Tracker, March 2026",
        "confianza": "baja",
        "ultima_verificacion": "2026-09-09"
      }
    },
    {
      "type": "Feature",
      "geometry": {
        "type": "MultiPolygon",
        "coordinates": [
          [
            [
              [
                -71.9659217528945,
                10.0007179927353
              ],
              [
                -71.9362083201706,
                10.1084291863596
              ],
              [
                -71.9324941410801,
                10.1381426190835
              ],
              [
                -71.9139232456276,
                10.2049978427123
              ],
              [
                -71.8767814547227,
                10.2384254545267
              ],
              [
                -71.8953523501752,
                10.2532821708887
              ],
              [
                -71.9362083201706,
                10.1938553054408
              ],
              [
                -71.9659217528945,
                10.2087120218028
              ],
              [
                -71.8582105592703,
                10.316423215427
              ],
              [
                -71.8173545892749,
                10.33870828997
              ],
              [
                -71.8136404101844,
                10.3609933645129
              ],
              [
                -71.7356426492841,
                10.2867097827031
              ],
              [
                -71.6910725001982,
                10.2421396336172
              ],
              [
                -71.6910725001982,
                10.2198545590743
              ],
              [
                -71.757927723827,
                10.2198545590743
              ],
              [
                -71.7839269774604,
                10.2049978427123
              ],
              [
                -71.7802127983699,
                10.1641418727169
              ],
              [
                -71.7207859329221,
                10.1567135145359
              ],
              [
                -71.7282142911031,
                10.134428439993
              ],
              [
                -71.8024978729129,
                10.134428439993
              ],
              [
                -71.8804956338132,
                10.1047150072691
              ],
              [
                -71.9659217528945,
                10.0007179927353
              ]
            ]
          ]
        ]
      },
      "properties": {
        "id": "GEM-L100000320453",
        "nombre": "Urdaneta Oil and Gas Field (Venezuela)",
        "tipo": "campo",
        "sector": "upstream",
        "fluido": "oil and gas",
        "estado": "activo",
        "operadora": null,
        "propietarios": null,
        "cuenca": null,
        "bloque": null,
        "subnacional": null,
        "tipo_produccion": null,
        "costa": "offshore",
        "descubrimiento": "1955",
        "inicio_produccion": null,
        "notas": "https://www.gem.wiki/Urdaneta_Oil_and_Gas_Field_(Venezuela)",
        "fuente": "Global Energy Monitor, Global Oil and Gas Extraction Tracker, March 2026",
        "confianza": "media",
        "ultima_verificacion": "2026-09-09"
      }
    },
    {
      "type": "Feature",
      "geometry": {
        "type": "MultiPolygon",
        "coordinates": [
          [
            [
              [
                -64.4529449090181,
                8.81600319042549
              ],
              [
                -64.4429064742221,
                8.79090710343538
              ],
              [
                -64.4512718365521,
                8.78421481357135
              ],
              [
                -64.4646564162802,
                8.78086866863933
              ],
              [
                -64.4813871409403,
                8.77919559617333
              ],
              [
                -64.4914255757363,
                8.78421481357135
              ],
              [
                -64.4964447931343,
                8.7959263208334
              ],
              [
                -64.4947717206683,
                8.80931090056146
              ],
              [
                -64.4813871409403,
                8.81600319042549
              ],
              [
                -64.4529449090181,
                8.81600319042549
              ]
            ]
          ]
        ]
      },
      "properties": {
        "id": "GEM-L100000310807",
        "nombre": "Yopales Oil Field (Venezuela)",
        "tipo": "campo",
        "sector": "upstream",
        "fluido": "oil",
        "estado": "activo",
        "operadora": null,
        "propietarios": "ANCAP [40%]; Petróleos de Venezuela SA [60%]",
        "cuenca": "Maturin",
        "bloque": null,
        "subnacional": null,
        "tipo_produccion": null,
        "costa": "onshore",
        "descubrimiento": "1937",
        "inicio_produccion": null,
        "notas": "https://www.gem.wiki/Yopales_Oil_Field_(Venezuela)",
        "fuente": "Global Energy Monitor, Global Oil and Gas Extraction Tracker, March 2026",
        "confianza": "media",
        "ultima_verificacion": "2026-09-09"
      }
    },
    {
      "type": "Feature",
      "geometry": {
        "type": "MultiPolygon",
        "coordinates": [
          [
            [
              [
                -66.4241852041345,
                9.6864652444148
              ],
              [
                -66.3956885727173,
                9.72446075297105
              ],
              [
                -66.3434447484525,
                9.73870906867964
              ],
              [
                -66.2128351877904,
                9.80282648936832
              ],
              [
                -66.2128351877904,
                9.77907929652066
              ],
              [
                -66.2223340649294,
                9.74345850724918
              ],
              [
                -66.2223340649294,
                9.72446075297105
              ],
              [
                -66.1392188899626,
                9.76008154224253
              ],
              [
                -66.0537289957111,
                9.77195513866636
              ],
              [
                -66.0584784342806,
                9.71733659511675
              ],
              [
                -66.1415936092474,
                9.65559389371285
              ],
              [
                -66.1938374335122,
                9.58672703445464
              ],
              [
                -66.2247087842142,
                9.64134557800425
              ],
              [
                -66.2579548542009,
                9.62709726229566
              ],
              [
                -66.2745778891943,
                9.60097535016324
              ],
              [
                -66.3054492398962,
                9.60097535016324
              ],
              [
                -66.338695309883,
                9.64609501657378
              ],
              [
                -66.3600677834458,
                9.65084445514331
              ],
              [
                -66.4313093619888,
                9.62472254301089
              ],
              [
                -66.4503071162669,
                9.66984220942144
              ],
              [
                -66.4503071162669,
                9.66984220942144
              ],
              [
                -66.4503071162669,
                9.66984220942144
              ],
              [
                -66.4241852041345,
                9.6864652444148
              ]
            ]
          ]
        ]
      },
      "properties": {
        "id": "GEM-L100000310805",
        "nombre": "Yucal Placer Gas Field (Venezuela)",
        "tipo": "campo",
        "sector": "upstream",
        "fluido": "gas",
        "estado": "activo",
        "operadora": "Ypergas",
        "propietarios": "Otepi [0%]; Sucre Energy Group [84%]; Inepetrol [0%]",
        "cuenca": null,
        "bloque": null,
        "subnacional": null,
        "tipo_produccion": "conventional",
        "costa": "onshore",
        "descubrimiento": "1947",
        "inicio_produccion": "1950",
        "notas": "https://www.gem.wiki/Yucal_Placer_Gas_Field_(Venezuela)",
        "fuente": "Global Energy Monitor, Global Oil and Gas Extraction Tracker, March 2026",
        "confianza": "media",
        "ultima_verificacion": "2026-09-09"
      }
    },
    {
      "type": "Feature",
      "geometry": {
        "type": "MultiPolygon",
        "coordinates": [
          [
            [
              [
                -64.0898881838945,
                9.2928288432376
              ],
              [
                -64.0882151114285,
                9.28111733597555
              ],
              [
                -64.0932343288265,
                9.27609811857753
              ],
              [
                -64.0982535462245,
                9.2694058287135
              ],
              [
                -64.1015996911566,
                9.26605968378149
              ],
              [
                -64.1133111984186,
                9.26104046638346
              ],
              [
                -64.1216765607487,
                9.26438661131548
              ],
              [
                -64.1266957781467,
                9.2694058287135
              ],
              [
                -64.1283688506127,
                9.27777119104354
              ],
              [
                -64.1266957781467,
                9.28279040844156
              ],
              [
                -64.1166573433506,
                9.28948269830559
              ],
              [
                -64.1032727636226,
                9.28948269830559
              ],
              [
                -64.0898881838945,
                9.2928288432376
              ]
            ]
          ]
        ]
      },
      "properties": {
        "id": "GEM-L100000305208",
        "nombre": "Zapatos Oil Field (Venezuela)",
        "tipo": "campo",
        "sector": "upstream",
        "fluido": "oil",
        "estado": "activo",
        "operadora": "Petróleos de Venezuela",
        "propietarios": null,
        "cuenca": "Maturin",
        "bloque": null,
        "subnacional": null,
        "tipo_produccion": "conventional",
        "costa": "onshore",
        "descubrimiento": "1955",
        "inicio_produccion": null,
        "notas": "https://www.gem.wiki/Zapatos_Oil_Field_(Venezuela)",
        "fuente": "Global Energy Monitor, Global Oil and Gas Extraction Tracker, March 2026",
        "confianza": "media",
        "ultima_verificacion": "2026-09-09"
      }
    },
    {
      "type": "Feature",
      "geometry": {
        "type": "MultiPolygon",
        "coordinates": [
          [
            [
              [
                -63.8740618357795,
                9.20917521993723
              ],
              [
                -63.8874464155076,
                9.19913678514119
              ],
              [
                -63.9025040677017,
                9.19746371267518
              ],
              [
                -63.9192347923618,
                9.19746371267518
              ],
              [
                -63.9443308793519,
                9.19579064020917
              ],
              [
                -63.97444618374,
                9.19579064020917
              ],
              [
                -63.9928499808661,
                9.19746371267518
              ],
              [
                -63.9961961257981,
                9.19913678514119
              ],
              [
                -63.9978691982641,
                9.20582907500522
              ],
              [
                -63.9961961257981,
                9.21252136486925
              ],
              [
                -63.9895038359341,
                9.22088672719928
              ],
              [
                -63.984484618536,
                9.2242328721313
              ],
              [
                -63.96608082141,
                9.22925208952932
              ],
              [
                -63.9393116619538,
                9.22757901706331
              ],
              [
                -63.9125425024977,
                9.22590594459731
              ],
              [
                -63.8857733430416,
                9.21586750980126
              ],
              [
                -63.8740618357795,
                9.20917521993723
              ]
            ]
          ]
        ]
      },
      "properties": {
        "id": "GEM-L100000305210",
        "nombre": "Zorro Oil Field (Venezuela)",
        "tipo": "campo",
        "sector": "upstream",
        "fluido": "oil",
        "estado": "activo",
        "operadora": null,
        "propietarios": null,
        "cuenca": "Maturin",
        "bloque": null,
        "subnacional": null,
        "tipo_produccion": null,
        "costa": "onshore",
        "descubrimiento": "1953",
        "inicio_produccion": null,
        "notas": "https://www.gem.wiki/Zorro_Oil_Field_(Venezuela)",
        "fuente": "Global Energy Monitor, Global Oil and Gas Extraction Tracker, March 2026",
        "confianza": "media",
        "ultima_verificacion": "2026-09-09"
      }
    },
    {
      "type": "Feature",
      "geometry": {
        "type": "Point",
        "coordinates": [
          -64.7396,
          8.4187
        ]
      },
      "properties": {
        "id": "GEM-L100000305047",
        "nombre": "Zuata Principal Oil Field (Venezuela)",
        "tipo": "campo",
        "sector": "upstream",
        "fluido": "oil",
        "estado": "activo",
        "operadora": "Petrolera Roraima",
        "propietarios": "A&B Oil and Gas [49%]; Corporación Venezolana de Petróleo (CVP) [51%]",
        "cuenca": null,
        "bloque": "Junin",
        "subnacional": null,
        "tipo_produccion": "conventional",
        "costa": "onshore",
        "descubrimiento": "1985",
        "inicio_produccion": null,
        "notas": "https://www.gem.wiki/Zuata_Principal_Oil_Field_(Venezuela)",
        "fuente": "Global Energy Monitor, Global Oil and Gas Extraction Tracker, March 2026",
        "confianza": "baja",
        "ultima_verificacion": "2026-09-09"
      }
    },
    {
      "type": "Feature",
      "geometry": {
        "type": "Point",
        "coordinates": [
          -63.8351,
          9.1863
        ]
      },
      "properties": {
        "id": "GEM-L100000320739",
        "nombre": "Zumano Oil Field (Venezuela)",
        "tipo": "campo",
        "sector": "upstream",
        "fluido": "oil",
        "estado": "activo",
        "operadora": "Petrozumano",
        "propietarios": "China National Petroleum Corp [40%]; Petróleos de Venezuela SA [60%]",
        "cuenca": null,
        "bloque": null,
        "subnacional": null,
        "tipo_produccion": null,
        "costa": "onshore",
        "descubrimiento": null,
        "inicio_produccion": null,
        "notas": "https://www.gem.wiki/Zumano_Oil_Field_(Venezuela)",
        "fuente": "Global Energy Monitor, Global Oil and Gas Extraction Tracker, March 2026",
        "confianza": "baja",
        "ultima_verificacion": "2026-09-09"
      }
    }
  ]
}