{
  "type": "FeatureCollection",
  "features": [
    {
      "type": "Feature",
      "geometry": {
        "type": "LineString",
        "coordinates": [
          [
            -70.807598,
            11.0580239
          ],
          [
            -70.8042006,
            11.0594709
          ],
          [
            -70.8036025,
            11.0598216
          ],
          [
            -70.8020204,
            11.0606856
          ],
          [
            -70.8006808,
            11.0613242
          ],
          [
            -70.7995069,
            11.0620004
          ],
          [
            -70.7984288,
            11.0625075
          ],
          [
            -70.798129,
            11.062664
          ],
          [
            -70.796011,
            11.0637972
          ],
          [
            -70.7944162,
            11.0646424
          ],
          [
            -70.7940844,
            11.064824
          ],
          [
            -70.7926937,
            11.0655753
          ],
          [
            -70.7914242,
            11.0662515
          ],
          [
            -70.7904099,
            11.066721
          ],
          [
            -70.7898102,
            11.0670841
          ],
          [
            -70.7878326,
            11.0681234
          ],
          [
            -70.7861357,
            11.0690124
          ],
          [
            -70.7849428,
            11.0696323
          ],
          [
            -70.7832905,
            11.0705213
          ],
          [
            -70.7817658,
            11.0713226
          ],
          [
            -70.7804325,
            11.0720301
          ],
          [
            -70.7792077,
            11.0726562
          ],
          [
            -70.7785442,
            11.0730255
          ],
          [
            -70.7775618,
            11.0735452
          ],
          [
            -70.7762859,
            11.0742338
          ],
          [
            -70.7757373,
            11.0745156
          ],
          [
            -70.7747038,
            11.0750352
          ],
          [
            -70.7742126,
            11.0752981
          ],
          [
            -70.7735555,
            11.0756863
          ],
          [
            -70.7723753,
            11.0762811
          ],
          [
            -70.7713291,
            11.0768382
          ],
          [
            -70.7704232,
            11.0773203
          ],
          [
            -70.7694918,
            11.0777523
          ],
          [
            -70.7689943,
            11.0780528
          ],
          [
            -70.7676227,
            11.0788041
          ],
          [
            -70.7662384,
            11.0795178
          ],
          [
            -70.7660151,
            11.0796304
          ],
          [
            -70.7647201,
            11.0803254
          ],
          [
            -70.7631061,
            11.081183
          ],
          [
            -70.762181,
            11.0816651
          ],
          [
            -70.7611476,
            11.0822473
          ],
          [
            -70.7602864,
            11.0826918
          ],
          [
            -70.7591445,
            11.0832866
          ],
          [
            -70.7579196,
            11.0839251
          ],
          [
            -70.7563248,
            11.0847765
          ],
          [
            -70.7548447,
            11.0855841
          ],
          [
            -70.7538751,
            11.0860787
          ],
          [
            -70.7532563,
            11.0863729
          ],
          [
            -70.752529,
            11.0868111
          ],
          [
            -70.7513297,
            11.0874121
          ],
          [
            -70.7494159,
            11.0884075
          ],
          [
            -70.7475339,
            11.0893904
          ],
          [
            -70.7454989,
            11.0904484
          ],
          [
            -70.7439934,
            11.0912747
          ],
          [
            -70.7413651,
            11.0926457
          ],
          [
            -70.7396235,
            11.0935597
          ],
          [
            -70.7374481,
            11.0947053
          ],
          [
            -70.7355789,
            11.0957007
          ],
          [
            -70.7346412,
            11.0962078
          ],
          [
            -70.7333079,
            11.0968776
          ],
          [
            -70.7320128,
            11.097585
          ],
          [
            -70.7298949,
            11.0987118
          ],
          [
            -70.7284021,
            11.0995256
          ],
          [
            -70.7270178,
            11.1002768
          ],
          [
            -70.7256781,
            11.1009404
          ],
          [
            -70.7249317,
            11.1013223
          ],
          [
            -70.7229924,
            11.1023614
          ],
          [
            -70.7219844,
            11.1028935
          ],
          [
            -70.7203258,
            11.103795
          ],
          [
            -70.7189096,
            11.1045023
          ],
          [
            -70.7180292,
            11.1049844
          ],
          [
            -70.7167852,
            11.1056104
          ],
          [
            -70.7152031,
            11.106468
          ],
          [
            -70.7148076,
            11.1066495
          ],
          [
            -70.7134679,
            11.1073757
          ],
          [
            -70.7123834,
            11.1079641
          ],
          [
            -70.7117391,
            11.1082896
          ],
          [
            -70.7112479,
            11.1085588
          ],
          [
            -70.7106227,
            11.1088593
          ],
          [
            -70.7100039,
            11.1091785
          ],
          [
            -70.709283,
            11.1095541
          ],
          [
            -70.7083453,
            11.1100987
          ],
          [
            -70.7076244,
            11.1104493
          ],
          [
            -70.7064378,
            11.1110878
          ],
          [
            -70.7051109,
            11.1117701
          ],
          [
            -70.7046643,
            11.1120393
          ],
          [
            -70.7041923,
            11.1122458
          ],
          [
            -70.7035479,
            11.1125713
          ],
          [
            -70.702776,
            11.1130158
          ],
          [
            -70.7018191,
            11.1134978
          ],
          [
            -70.7013088,
            11.1137419
          ],
          [
            -70.7001669,
            11.1143366
          ],
          [
            -70.6989293,
            11.1150064
          ],
          [
            -70.697647,
            11.1156699
          ],
          [
            -70.6966965,
            11.1162145
          ],
          [
            -70.6957332,
            11.116709
          ],
          [
            -70.6947507,
            11.1172161
          ],
          [
            -70.6936025,
            11.1178045
          ],
          [
            -70.6926902,
            11.1182677
          ],
          [
            -70.691746,
            11.118806
          ],
          [
            -70.6906424,
            11.1194132
          ],
          [
            -70.6898131,
            11.1198201
          ],
          [
            -70.6885882,
            11.1204586
          ],
          [
            -70.6874846,
            11.1210595
          ],
          [
            -70.6862151,
            11.1217293
          ],
          [
            -70.6849839,
            11.1224053
          ],
          [
            -70.6838292,
            11.1229937
          ],
          [
            -70.6816411,
            11.1241517
          ],
          [
            -70.6795486,
            11.1252972
          ],
          [
            -70.6782727,
            11.1259482
          ],
          [
            -70.6774498,
            11.1264051
          ],
          [
            -70.6766843,
            11.1267995
          ],
          [
            -70.6753255,
            11.1275256
          ],
          [
            -70.6735584,
            11.128477
          ],
          [
            -70.6720783,
            11.1292532
          ],
          [
            -70.6709045,
            11.1299104
          ],
          [
            -70.6695266,
            11.1306303
          ],
          [
            -70.668104,
            11.1313814
          ],
          [
            -70.6666559,
            11.1321763
          ],
          [
            -70.6643529,
            11.1333969
          ],
          [
            -70.6630642,
            11.1340667
          ],
          [
            -70.6627453,
            11.1342544
          ],
          [
            -70.6617884,
            11.1347802
          ],
          [
            -70.6600978,
            11.1356753
          ],
          [
            -70.6585221,
            11.1365391
          ],
          [
            -70.6568571,
            11.1374279
          ],
          [
            -70.655409,
            11.1381915
          ],
          [
            -70.6536291,
            11.1391492
          ],
          [
            -70.6518812,
            11.140063
          ],
          [
            -70.6507456,
            11.1406201
          ],
          [
            -70.6499673,
            11.1411772
          ],
          [
            -70.648717,
            11.1419658
          ],
          [
            -70.6471476,
            11.142961
          ],
          [
            -70.6460568,
            11.1436433
          ],
          [
            -70.6451254,
            11.1442003
          ],
          [
            -70.6432371,
            11.1453958
          ],
          [
            -70.6413201,
            11.1466032
          ],
          [
            -70.6402901,
            11.1472559
          ],
          [
            -70.6394801,
            11.1477611
          ],
          [
            -70.6387237,
            11.1482348
          ],
          [
            -70.6377849,
            11.1488427
          ],
          [
            -70.6371412,
            11.1492664
          ],
          [
            -70.6363741,
            11.1496717
          ],
          [
            -70.6354675,
            11.1502717
          ],
          [
            -70.6345099,
            11.1509032
          ],
          [
            -70.6338769,
            11.1512822
          ],
          [
            -70.6328094,
            11.1519322
          ],
          [
            -70.6326887,
            11.1520059
          ],
          [
            -70.6320369,
            11.1523138
          ],
          [
            -70.6313637,
            11.1526559
          ],
          [
            -70.630787,
            11.1529374
          ],
          [
            -70.6297678,
            11.1534269
          ],
          [
            -70.6290248,
            11.1537901
          ],
          [
            -70.6284133,
            11.1541059
          ],
          [
            -70.628019,
            11.1543032
          ],
          [
            -70.6273431,
            11.1546164
          ],
          [
            -70.6266457,
            11.1549453
          ],
          [
            -70.6259242,
            11.1553006
          ],
          [
            -70.6253582,
            11.1555664
          ],
          [
            -70.6245267,
            11.1559848
          ],
          [
            -70.6237569,
            11.1563663
          ],
          [
            -70.6228986,
            11.1567953
          ],
          [
            -70.6222013,
            11.1571321
          ],
          [
            -70.6212276,
            11.1575821
          ],
          [
            -70.6203344,
            11.1580795
          ],
          [
            -70.619849,
            11.158361
          ],
          [
            -70.6196746,
            11.1584163
          ],
          [
            -70.6178802,
            11.1587689
          ],
          [
            -70.616405,
            11.1590768
          ],
          [
            -70.6154797,
            11.1592742
          ],
          [
            -70.6151015,
            11.1593505
          ],
          [
            -70.6144094,
            11.1594636
          ],
          [
            -70.613645,
            11.1596347
          ],
          [
            -70.6129342,
            11.1597768
          ],
          [
            -70.6118372,
            11.1599715
          ],
          [
            -70.611172,
            11.1600952
          ],
          [
            -70.6109628,
            11.1601715
          ],
          [
            -70.6103486,
            11.1604873
          ],
          [
            -70.6095225,
            11.1608267
          ],
          [
            -70.6086288,
            11.1611988
          ],
          [
            -70.6082333,
            11.1613748
          ],
          [
            -70.6078058,
            11.1615657
          ],
          [
            -70.607203,
            11.1618568
          ],
          [
            -70.6068457,
            11.1620195
          ],
          [
            -70.6059712,
            11.1623925
          ],
          [
            -70.605581,
            11.1625661
          ],
          [
            -70.6052023,
            11.1627133
          ],
          [
            -70.6036461,
            11.1633992
          ],
          [
            -70.6029694,
            11.1637179
          ],
          [
            -70.6025815,
            11.1638772
          ],
          [
            -70.6015169,
            11.1643198
          ],
          [
            -70.6002133,
            11.1649083
          ],
          [
            -70.5994689,
            11.1652668
          ],
          [
            -70.5987156,
            11.1655855
          ],
          [
            -70.598015,
            11.165864
          ],
          [
            -70.595957,
            11.166771
          ],
          [
            -70.582942,
            11.173912
          ],
          [
            -70.572439,
            11.17906
          ],
          [
            -70.563297,
            11.181402
          ],
          [
            -70.56154,
            11.181019
          ],
          [
            -70.55864,
            11.179524
          ],
          [
            -70.558167,
            11.179319
          ],
          [
            -70.556415,
            11.179268
          ],
          [
            -70.555069,
            11.17936
          ],
          [
            -70.553841,
            11.179682
          ],
          [
            -70.5532,
            11.179941
          ],
          [
            -70.552501,
            11.180296
          ],
          [
            -70.552294,
            11.180353
          ],
          [
            -70.537584,
            11.182909
          ],
          [
            -70.529986,
            11.184275
          ],
          [
            -70.517312,
            11.186451
          ],
          [
            -70.516992,
            11.186539
          ],
          [
            -70.514141,
            11.187611
          ],
          [
            -70.50985,
            11.190813
          ],
          [
            -70.487277,
            11.207935
          ],
          [
            -70.471573,
            11.22289
          ],
          [
            -70.451708,
            11.241952
          ],
          [
            -70.435604,
            11.250469
          ],
          [
            -70.428947,
            11.255094
          ],
          [
            -70.390546,
            11.274793
          ],
          [
            -70.388189,
            11.276829
          ],
          [
            -70.386441,
            11.278985
          ],
          [
            -70.384587,
            11.280192
          ],
          [
            -70.382867,
            11.281391
          ],
          [
            -70.382466,
            11.281618
          ],
          [
            -70.361261,
            11.287746
          ],
          [
            -70.344653,
            11.292592
          ],
          [
            -70.333321,
            11.295966
          ],
          [
            -70.314708,
            11.301353
          ],
          [
            -70.31387,
            11.301582
          ],
          [
            -70.311009,
            11.302234
          ],
          [
            -70.31008,
            11.302231
          ],
          [
            -70.307687,
            11.302336
          ],
          [
            -70.304505,
            11.303786
          ],
          [
            -70.289421,
            11.30528
          ],
          [
            -70.287166,
            11.305437
          ],
          [
            -70.262732,
            11.30653
          ],
          [
            -70.260216,
            11.306875
          ],
          [
            -70.250992,
            11.309664
          ],
          [
            -70.242085,
            11.311841
          ],
          [
            -70.239497,
            11.312484
          ],
          [
            -70.239256,
            11.312576
          ],
          [
            -70.231594,
            11.316601
          ],
          [
            -70.23095,
            11.317135
          ],
          [
            -70.23035,
            11.317738
          ],
          [
            -70.229828,
            11.317904
          ],
          [
            -70.22922,
            11.317949
          ],
          [
            -70.22896,
            11.318023
          ],
          [
            -70.224704,
            11.320234
          ],
          [
            -70.219775,
            11.32347
          ],
          [
            -70.219224,
            11.323758
          ],
          [
            -70.2159,
            11.324274
          ],
          [
            -70.1915563,
            11.3283068
          ],
          [
            -70.1894625,
            11.3291429
          ],
          [
            -70.1860452,
            11.3317678
          ],
          [
            -70.1848115,
            11.3320736
          ]
        ]
      },
      "properties": {
        "id": "OSM-W106897764",
        "nombre": "Línea Maracaibo - Cardón",
        "tipo": "ducto",
        "sector": "midstream",
        "fluido": "oil",
        "estado": "desconocido",
        "operadora": "PDVSA",
        "diametro": null,
        "ubicacion": "overground",
        "fuente": "OpenStreetMap contributors (ODbL), consulta Overpass 2026-09-08",
        "confianza": "baja",
        "ultima_verificacion": "2026-09-08"
      }
    },
    {
      "type": "Feature",
      "geometry": {
        "type": "LineString",
        "coordinates": [
          [
            -70.135704,
            11.565386
          ],
          [
            -70.1728425,
            11.6094973
          ]
        ]
      },
      "properties": {
        "id": "OSM-W116338491",
        "nombre": "Línea Maracaibo - Cardón",
        "tipo": "ducto",
        "sector": "midstream",
        "fluido": "oil",
        "estado": "desconocido",
        "operadora": "PDVSA",
        "diametro": null,
        "ubicacion": "underwater",
        "fuente": "OpenStreetMap contributors (ODbL), consulta Overpass 2026-09-08",
        "confianza": "baja",
        "ultima_verificacion": "2026-09-08"
      }
    },
    {
      "type": "Feature",
      "geometry": {
        "type": "LineString",
        "coordinates": [
          [
            -65.4611154,
            9.5120663
          ],
          [
            -65.4613568,
            9.5115787
          ],
          [
            -65.4603794,
            9.5111647
          ],
          [
            -65.4601437,
            9.5116354
          ],
          [
            -65.4611154,
            9.5120663
          ]
        ]
      },
      "properties": {
        "id": "OSM-W521611023",
        "nombre": "Estación de Bombeo Taparito",
        "tipo": "ducto",
        "sector": "midstream",
        "fluido": "gas",
        "estado": "desconocido",
        "operadora": null,
        "diametro": null,
        "ubicacion": null,
        "fuente": "OpenStreetMap contributors (ODbL), consulta Overpass 2026-09-08",
        "confianza": "baja",
        "ultima_verificacion": "2026-09-08"
      }
    },
    {
      "type": "Feature",
      "geometry": {
        "type": "LineString",
        "coordinates": [
          [
            -64.6215753,
            10.2408642
          ],
          [
            -64.6215659,
            10.2407771
          ]
        ]
      },
      "properties": {
        "id": "OSM-W544846019",
        "nombre": null,
        "tipo": "ducto",
        "sector": "midstream",
        "fluido": "hydrocarbons",
        "estado": "desconocido",
        "operadora": null,
        "diametro": null,
        "ubicacion": "overground",
        "fuente": "OpenStreetMap contributors (ODbL), consulta Overpass 2026-09-08",
        "confianza": "baja",
        "ultima_verificacion": "2026-09-08"
      }
    },
    {
      "type": "Feature",
      "geometry": {
        "type": "LineString",
        "coordinates": [
          [
            -64.6215659,
            10.2407771
          ],
          [
            -64.6211851,
            10.240789
          ],
          [
            -64.6206272,
            10.2408536
          ],
          [
            -64.620017,
            10.2409711
          ],
          [
            -64.6196455,
            10.2410067
          ],
          [
            -64.6191573,
            10.2409922
          ],
          [
            -64.6187805,
            10.2409737
          ],
          [
            -64.6183607,
            10.2409737
          ],
          [
            -64.6179315,
            10.2410423
          ],
          [
            -64.617552,
            10.2411374
          ],
          [
            -64.6171457,
            10.2412456
          ],
          [
            -64.6166803,
            10.2413947
          ],
          [
            -64.6162243,
            10.2415452
          ],
          [
            -64.6160151,
            10.2416468
          ],
          [
            -64.6157643,
            10.2417959
          ],
          [
            -64.6153513,
            10.2419714
          ],
          [
            -64.6147585,
            10.2422037
          ],
          [
            -64.6145466,
            10.2421958
          ],
          [
            -64.6143079,
            10.2421866
          ],
          [
            -64.6136293,
            10.2422288
          ],
          [
            -64.6134992,
            10.2421932
          ]
        ]
      },
      "properties": {
        "id": "OSM-W544846020",
        "nombre": null,
        "tipo": "ducto",
        "sector": "midstream",
        "fluido": "hydrocarbons",
        "estado": "desconocido",
        "operadora": null,
        "diametro": null,
        "ubicacion": null,
        "fuente": "OpenStreetMap contributors (ODbL), consulta Overpass 2026-09-08",
        "confianza": "baja",
        "ultima_verificacion": "2026-09-08"
      }
    },
    {
      "type": "Feature",
      "geometry": {
        "type": "LineString",
        "coordinates": [
          [
            -64.6303716,
            10.2409038
          ],
          [
            -64.630326,
            10.2409434
          ],
          [
            -64.6295482,
            10.2410859
          ],
          [
            -64.629516,
            10.2409856
          ],
          [
            -64.6288723,
            10.2411017
          ],
          [
            -64.6278048,
            10.2412495
          ],
          [
            -64.6266434,
            10.2414528
          ],
          [
            -64.6266219,
            10.2413551
          ],
          [
            -64.6265012,
            10.241371
          ],
          [
            -64.6265119,
            10.241466
          ],
          [
            -64.6258843,
            10.2415478
          ],
          [
            -64.6257797,
            10.2414739
          ],
          [
            -64.6251977,
            10.2415927
          ],
          [
            -64.6252057,
            10.2417088
          ],
          [
            -64.6251279,
            10.2417273
          ],
          [
            -64.6251091,
            10.2416059
          ],
          [
            -64.6241918,
            10.2417431
          ],
          [
            -64.6241596,
            10.2417722
          ],
          [
            -64.6236849,
            10.2418434
          ],
          [
            -64.6235347,
            10.2418672
          ],
          [
            -64.6235454,
            10.2419833
          ],
          [
            -64.6234381,
            10.2419992
          ],
          [
            -64.6234167,
            10.2418725
          ],
          [
            -64.6223009,
            10.2420599
          ],
          [
            -64.6217752,
            10.242147
          ],
          [
            -64.6215753,
            10.2408642
          ]
        ]
      },
      "properties": {
        "id": "OSM-W544846021",
        "nombre": null,
        "tipo": "ducto",
        "sector": "midstream",
        "fluido": "hydrocarbons",
        "estado": "desconocido",
        "operadora": null,
        "diametro": null,
        "ubicacion": null,
        "fuente": "OpenStreetMap contributors (ODbL), consulta Overpass 2026-09-08",
        "confianza": "baja",
        "ultima_verificacion": "2026-09-08"
      }
    },
    {
      "type": "Feature",
      "geometry": {
        "type": "LineString",
        "coordinates": [
          [
            -64.6310046,
            10.2408404
          ],
          [
            -64.6304575,
            10.2409143
          ]
        ]
      },
      "properties": {
        "id": "OSM-W544846022",
        "nombre": null,
        "tipo": "ducto",
        "sector": "midstream",
        "fluido": "hydrocarbons",
        "estado": "desconocido",
        "operadora": null,
        "diametro": null,
        "ubicacion": null,
        "fuente": "OpenStreetMap contributors (ODbL), consulta Overpass 2026-09-08",
        "confianza": "baja",
        "ultima_verificacion": "2026-09-08"
      }
    },
    {
      "type": "Feature",
      "geometry": {
        "type": "LineString",
        "coordinates": [
          [
            -64.6328285,
            10.2403495
          ],
          [
            -64.632732,
            10.2403996
          ],
          [
            -64.632386,
            10.2402703
          ],
          [
            -64.6315008,
            10.2406477
          ],
          [
            -64.6312353,
            10.2406873
          ],
          [
            -64.631238,
            10.2407903
          ],
          [
            -64.6311736,
            10.2407903
          ]
        ]
      },
      "properties": {
        "id": "OSM-W544846023",
        "nombre": null,
        "tipo": "ducto",
        "sector": "midstream",
        "fluido": "hydrocarbons",
        "estado": "desconocido",
        "operadora": null,
        "diametro": null,
        "ubicacion": null,
        "fuente": "OpenStreetMap contributors (ODbL), consulta Overpass 2026-09-08",
        "confianza": "baja",
        "ultima_verificacion": "2026-09-08"
      }
    },
    {
      "type": "Feature",
      "geometry": {
        "type": "LineString",
        "coordinates": [
          [
            -64.621684,
            10.2278724
          ],
          [
            -64.6228588,
            10.2292767
          ],
          [
            -64.623532,
            10.2287144
          ]
        ]
      },
      "properties": {
        "id": "OSM-W544846125",
        "nombre": null,
        "tipo": "ducto",
        "sector": "midstream",
        "fluido": "hydrocarbons",
        "estado": "desconocido",
        "operadora": null,
        "diametro": null,
        "ubicacion": null,
        "fuente": "OpenStreetMap contributors (ODbL), consulta Overpass 2026-09-08",
        "confianza": "baja",
        "ultima_verificacion": "2026-09-08"
      }
    },
    {
      "type": "Feature",
      "geometry": {
        "type": "LineString",
        "coordinates": [
          [
            -64.6217108,
            10.2276916
          ],
          [
            -64.6234006,
            10.2263032
          ]
        ]
      },
      "properties": {
        "id": "OSM-W544846126",
        "nombre": null,
        "tipo": "ducto",
        "sector": "midstream",
        "fluido": "hydrocarbons",
        "estado": "desconocido",
        "operadora": null,
        "diametro": null,
        "ubicacion": null,
        "fuente": "OpenStreetMap contributors (ODbL), consulta Overpass 2026-09-08",
        "confianza": "baja",
        "ultima_verificacion": "2026-09-08"
      }
    },
    {
      "type": "Feature",
      "geometry": {
        "type": "LineString",
        "coordinates": [
          [
            -64.6270135,
            10.2249504
          ],
          [
            -64.6272442,
            10.2247761
          ],
          [
            -64.6273005,
            10.2247761
          ],
          [
            -64.6278584,
            10.2252275
          ],
          [
            -64.6279576,
            10.2255337
          ],
          [
            -64.6278504,
            10.2259191
          ],
          [
            -64.6276036,
            10.2262913
          ],
          [
            -64.6273273,
            10.2265051
          ]
        ]
      },
      "properties": {
        "id": "OSM-W544846127",
        "nombre": null,
        "tipo": "ducto",
        "sector": "midstream",
        "fluido": "hydrocarbons",
        "estado": "desconocido",
        "operadora": null,
        "diametro": null,
        "ubicacion": null,
        "fuente": "OpenStreetMap contributors (ODbL), consulta Overpass 2026-09-08",
        "confianza": "baja",
        "ultima_verificacion": "2026-09-08"
      }
    },
    {
      "type": "Feature",
      "geometry": {
        "type": "LineString",
        "coordinates": [
          [
            -64.6274078,
            10.2231686
          ],
          [
            -64.6270376,
            10.2232636
          ],
          [
            -64.6259809,
            10.2242034
          ],
          [
            -64.6259058,
            10.2243089
          ],
          [
            -64.6258897,
            10.224462
          ],
          [
            -64.6259111,
            10.2246415
          ],
          [
            -64.6259755,
            10.2248263
          ],
          [
            -64.6260479,
            10.2249451
          ]
        ]
      },
      "properties": {
        "id": "OSM-W544846128",
        "nombre": null,
        "tipo": "ducto",
        "sector": "midstream",
        "fluido": "hydrocarbons",
        "estado": "desconocido",
        "operadora": null,
        "diametro": null,
        "ubicacion": null,
        "fuente": "OpenStreetMap contributors (ODbL), consulta Overpass 2026-09-08",
        "confianza": "baja",
        "ultima_verificacion": "2026-09-08"
      }
    },
    {
      "type": "Feature",
      "geometry": {
        "type": "LineString",
        "coordinates": [
          [
            -64.6267211,
            10.22121
          ],
          [
            -64.6267855,
            10.2212734
          ],
          [
            -64.6271825,
            10.2230683
          ],
          [
            -64.6252459,
            10.2246363
          ]
        ]
      },
      "properties": {
        "id": "OSM-W544846129",
        "nombre": null,
        "tipo": "ducto",
        "sector": "midstream",
        "fluido": "hydrocarbons",
        "estado": "desconocido",
        "operadora": null,
        "diametro": null,
        "ubicacion": null,
        "fuente": "OpenStreetMap contributors (ODbL), consulta Overpass 2026-09-08",
        "confianza": "baja",
        "ultima_verificacion": "2026-09-08"
      }
    },
    {
      "type": "Feature",
      "geometry": {
        "type": "LineString",
        "coordinates": [
          [
            -64.6249246,
            10.2267053
          ],
          [
            -64.6250206,
            10.2271254
          ],
          [
            -64.6250527,
            10.2272563
          ]
        ]
      },
      "properties": {
        "id": "OSM-W544846130",
        "nombre": null,
        "tipo": "ducto",
        "sector": "midstream",
        "fluido": "hydrocarbons",
        "estado": "desconocido",
        "operadora": null,
        "diametro": null,
        "ubicacion": null,
        "fuente": "OpenStreetMap contributors (ODbL), consulta Overpass 2026-09-08",
        "confianza": "baja",
        "ultima_verificacion": "2026-09-08"
      }
    },
    {
      "type": "Feature",
      "geometry": {
        "type": "LineString",
        "coordinates": [
          [
            -64.6262357,
            10.2256314
          ],
          [
            -64.6256697,
            10.2260986
          ],
          [
            -64.6249246,
            10.2267053
          ],
          [
            -64.6247685,
            10.2268324
          ],
          [
            -64.624264,
            10.2280296
          ]
        ]
      },
      "properties": {
        "id": "OSM-W544846131",
        "nombre": null,
        "tipo": "ducto",
        "sector": "midstream",
        "fluido": "hydrocarbons",
        "estado": "desconocido",
        "operadora": null,
        "diametro": null,
        "ubicacion": null,
        "fuente": "OpenStreetMap contributors (ODbL), consulta Overpass 2026-09-08",
        "confianza": "baja",
        "ultima_verificacion": "2026-09-08"
      }
    },
    {
      "type": "Feature",
      "geometry": {
        "type": "LineString",
        "coordinates": [
          [
            -64.6269786,
            10.2250269
          ],
          [
            -64.6264207,
            10.2254598
          ],
          [
            -64.6269411,
            10.2260828
          ],
          [
            -64.6270537,
            10.2261461
          ],
          [
            -64.6272849,
            10.2256913
          ]
        ]
      },
      "properties": {
        "id": "OSM-W544846132",
        "nombre": null,
        "tipo": "ducto",
        "sector": "midstream",
        "fluido": "hydrocarbons",
        "estado": "desconocido",
        "operadora": null,
        "diametro": null,
        "ubicacion": null,
        "fuente": "OpenStreetMap contributors (ODbL), consulta Overpass 2026-09-08",
        "confianza": "baja",
        "ultima_verificacion": "2026-09-08"
      }
    },
    {
      "type": "Feature",
      "geometry": {
        "type": "LineString",
        "coordinates": [
          [
            -64.6251118,
            10.2246943
          ],
          [
            -64.624334,
            10.2252856
          ],
          [
            -64.6241194,
            10.2253437
          ],
          [
            -64.6238351,
            10.2252222
          ],
          [
            -64.6238056,
            10.2252618
          ],
          [
            -64.6231943,
            10.2254384
          ]
        ]
      },
      "properties": {
        "id": "OSM-W544846133",
        "nombre": null,
        "tipo": "ducto",
        "sector": "midstream",
        "fluido": "hydrocarbons",
        "estado": "desconocido",
        "operadora": null,
        "diametro": null,
        "ubicacion": null,
        "fuente": "OpenStreetMap contributors (ODbL), consulta Overpass 2026-09-08",
        "confianza": "baja",
        "ultima_verificacion": "2026-09-08"
      }
    },
    {
      "type": "Feature",
      "geometry": {
        "type": "LineString",
        "coordinates": [
          [
            -62.7986037,
            8.2991395
          ],
          [
            -62.799065,
            8.2986193
          ],
          [
            -62.7992528,
            8.2984441
          ],
          [
            -62.7994406,
            8.2983114
          ],
          [
            -62.7996122,
            8.2982583
          ],
          [
            -62.8000789,
            8.2982637
          ],
          [
            -62.800433,
            8.298269
          ],
          [
            -62.8005885,
            8.2982477
          ],
          [
            -62.8007548,
            8.298184
          ],
          [
            -62.800838,
            8.298123
          ],
          [
            -62.8012215,
            8.2977541
          ],
          [
            -62.8018385,
            8.2972604
          ],
          [
            -62.8024232,
            8.2968357
          ],
          [
            -62.8027719,
            8.2965279
          ],
          [
            -62.8037696,
            8.2955246
          ],
          [
            -62.8074925,
            8.2917928
          ],
          [
            -62.8116875,
            8.2875727
          ],
          [
            -62.816179,
            8.283028
          ]
        ]
      },
      "properties": {
        "id": "OSM-W550132857",
        "nombre": null,
        "tipo": "ducto",
        "sector": "midstream",
        "fluido": "gas",
        "estado": "desconocido",
        "operadora": "PDVSA",
        "diametro": null,
        "ubicacion": "overground",
        "fuente": "OpenStreetMap contributors (ODbL), consulta Overpass 2026-09-08",
        "confianza": "baja",
        "ultima_verificacion": "2026-09-08"
      }
    },
    {
      "type": "Feature",
      "geometry": {
        "type": "LineString",
        "coordinates": [
          [
            -62.7990007,
            8.2993837
          ],
          [
            -62.7993172,
            8.2990599
          ],
          [
            -62.7996712,
            8.2988688
          ],
          [
            -62.8001701,
            8.2986565
          ],
          [
            -62.8004544,
            8.2985556
          ],
          [
            -62.8006797,
            8.2984919
          ],
          [
            -62.8008299,
            8.2984866
          ],
          [
            -62.8010767,
            8.2985185
          ],
          [
            -62.8013127,
            8.2985928
          ],
          [
            -62.8014468,
            8.2986777
          ]
        ]
      },
      "properties": {
        "id": "OSM-W550132861",
        "nombre": null,
        "tipo": "ducto",
        "sector": "midstream",
        "fluido": "gas",
        "estado": "desconocido",
        "operadora": "PDVSA",
        "diametro": null,
        "ubicacion": "overground",
        "fuente": "OpenStreetMap contributors (ODbL), consulta Overpass 2026-09-08",
        "confianza": "baja",
        "ultima_verificacion": "2026-09-08"
      }
    },
    {
      "type": "Feature",
      "geometry": {
        "type": "LineString",
        "coordinates": [
          [
            -62.8014468,
            8.2986777
          ],
          [
            -62.80164,
            8.2988582
          ]
        ]
      },
      "properties": {
        "id": "OSM-W550132862",
        "nombre": null,
        "tipo": "ducto",
        "sector": "midstream",
        "fluido": "gas",
        "estado": "desconocido",
        "operadora": "PDVSA",
        "diametro": null,
        "ubicacion": "overground",
        "fuente": "OpenStreetMap contributors (ODbL), consulta Overpass 2026-09-08",
        "confianza": "baja",
        "ultima_verificacion": "2026-09-08"
      }
    },
    {
      "type": "Feature",
      "geometry": {
        "type": "LineString",
        "coordinates": [
          [
            -62.80164,
            8.2988582
          ],
          [
            -62.8017417,
            8.2989588
          ],
          [
            -62.8018492,
            8.2990652
          ],
          [
            -62.8022301,
            8.2993837
          ],
          [
            -62.8030508,
            8.3001746
          ],
          [
            -62.8033459,
            8.3003763
          ],
          [
            -62.804585,
            8.3011726
          ],
          [
            -62.8061139,
            8.302144
          ],
          [
            -62.8083938,
            8.3035931
          ],
          [
            -62.8111833,
            8.3053554
          ],
          [
            -62.8118163,
            8.3057641
          ]
        ]
      },
      "properties": {
        "id": "OSM-W550132863",
        "nombre": null,
        "tipo": "ducto",
        "sector": "midstream",
        "fluido": "gas",
        "estado": "desconocido",
        "operadora": "PDVSA",
        "diametro": null,
        "ubicacion": "overground",
        "fuente": "OpenStreetMap contributors (ODbL), consulta Overpass 2026-09-08",
        "confianza": "baja",
        "ultima_verificacion": "2026-09-08"
      }
    },
    {
      "type": "Feature",
      "geometry": {
        "type": "LineString",
        "coordinates": [
          [
            -62.7990833,
            8.2996978
          ],
          [
            -62.7991932,
            8.2998092
          ],
          [
            -62.7983725,
            8.3005497
          ],
          [
            -62.7967952,
            8.3020291
          ],
          [
            -62.7957547,
            8.303033
          ]
        ]
      },
      "properties": {
        "id": "OSM-W550132866",
        "nombre": null,
        "tipo": "ducto",
        "sector": "midstream",
        "fluido": "gas",
        "estado": "desconocido",
        "operadora": "PDVSA",
        "diametro": null,
        "ubicacion": "overground",
        "fuente": "OpenStreetMap contributors (ODbL), consulta Overpass 2026-09-08",
        "confianza": "baja",
        "ultima_verificacion": "2026-09-08"
      }
    },
    {
      "type": "Feature",
      "geometry": {
        "type": "LineString",
        "coordinates": [
          [
            -62.7957547,
            8.303033
          ],
          [
            -62.795496,
            8.3032889
          ]
        ]
      },
      "properties": {
        "id": "OSM-W550132867",
        "nombre": null,
        "tipo": "ducto",
        "sector": "midstream",
        "fluido": "gas",
        "estado": "desconocido",
        "operadora": "PDVSA",
        "diametro": null,
        "ubicacion": "underground",
        "fuente": "OpenStreetMap contributors (ODbL), consulta Overpass 2026-09-08",
        "confianza": "baja",
        "ultima_verificacion": "2026-09-08"
      }
    },
    {
      "type": "Feature",
      "geometry": {
        "type": "LineString",
        "coordinates": [
          [
            -62.795496,
            8.3032889
          ],
          [
            -62.7953728,
            8.3034459
          ],
          [
            -62.7952735,
            8.3036184
          ],
          [
            -62.7951169,
            8.3039391
          ],
          [
            -62.7950246,
            8.3041066
          ],
          [
            -62.7949361,
            8.304217
          ],
          [
            -62.7947015,
            8.3044073
          ],
          [
            -62.7940784,
            8.3048716
          ],
          [
            -62.7939515,
            8.3049477
          ],
          [
            -62.7937746,
            8.3050314
          ],
          [
            -62.7931131,
            8.3052445
          ],
          [
            -62.7921284,
            8.3055756
          ],
          [
            -62.7912707,
            8.3056061
          ],
          [
            -62.7912707,
            8.3055109
          ],
          [
            -62.7898977,
            8.304099
          ],
          [
            -62.7885284,
            8.3026908
          ],
          [
            -62.7865938,
            8.3007651
          ],
          [
            -62.7850284,
            8.2992084
          ],
          [
            -62.7810731,
            8.2953062
          ]
        ]
      },
      "properties": {
        "id": "OSM-W550132868",
        "nombre": null,
        "tipo": "ducto",
        "sector": "midstream",
        "fluido": "gas",
        "estado": "desconocido",
        "operadora": "PDVSA",
        "diametro": null,
        "ubicacion": "overground",
        "fuente": "OpenStreetMap contributors (ODbL), consulta Overpass 2026-09-08",
        "confianza": "baja",
        "ultima_verificacion": "2026-09-08"
      }
    },
    {
      "type": "Feature",
      "geometry": {
        "type": "LineString",
        "coordinates": [
          [
            -62.7651444,
            8.3237179
          ],
          [
            -62.7680025,
            8.3202976
          ],
          [
            -62.7699852,
            8.3178768
          ],
          [
            -62.7713544,
            8.3162703
          ],
          [
            -62.7735071,
            8.3137372
          ],
          [
            -62.7747945,
            8.3122297
          ],
          [
            -62.7760498,
            8.3108814
          ],
          [
            -62.7767901,
            8.3102763
          ],
          [
            -62.7778844,
            8.3095862
          ],
          [
            -62.7802662,
            8.3083229
          ],
          [
            -62.7815322,
            8.3077178
          ],
          [
            -62.7821545,
            8.3075798
          ],
          [
            -62.7895252,
            8.3066986
          ]
        ]
      },
      "properties": {
        "id": "OSM-W550132869",
        "nombre": null,
        "tipo": "ducto",
        "sector": "midstream",
        "fluido": "gas",
        "estado": "desconocido",
        "operadora": "PDVSA",
        "diametro": null,
        "ubicacion": "overground",
        "fuente": "OpenStreetMap contributors (ODbL), consulta Overpass 2026-09-08",
        "confianza": "baja",
        "ultima_verificacion": "2026-09-08"
      }
    },
    {
      "type": "Feature",
      "geometry": {
        "type": "LineString",
        "coordinates": [
          [
            -62.8017417,
            8.2989588
          ],
          [
            -62.8017839,
            8.3001803
          ],
          [
            -62.8011456,
            8.3003024
          ],
          [
            -62.800813,
            8.3005041
          ],
          [
            -62.7990856,
            8.3020276
          ],
          [
            -62.7967307,
            8.3041509
          ],
          [
            -62.7963283,
            8.3044906
          ],
          [
            -62.7960387,
            8.3047241
          ],
          [
            -62.7953118,
            8.3052096
          ],
          [
            -62.7946758,
            8.3055871
          ],
          [
            -62.79398,
            8.3059573
          ],
          [
            -62.7935984,
            8.3061128
          ],
          [
            -62.7931495,
            8.306246
          ],
          [
            -62.792521,
            8.3063423
          ],
          [
            -62.7899397,
            8.3066606
          ],
          [
            -62.7895252,
            8.3066986
          ]
        ]
      },
      "properties": {
        "id": "OSM-W550132870",
        "nombre": null,
        "tipo": "ducto",
        "sector": "midstream",
        "fluido": "gas",
        "estado": "desconocido",
        "operadora": "PDVSA",
        "diametro": null,
        "ubicacion": "overground",
        "fuente": "OpenStreetMap contributors (ODbL), consulta Overpass 2026-09-08",
        "confianza": "baja",
        "ultima_verificacion": "2026-09-08"
      }
    },
    {
      "type": "Feature",
      "geometry": {
        "type": "LineString",
        "coordinates": [
          [
            -63.4111122,
            10.4773336
          ],
          [
            -63.4151786,
            10.4759946
          ],
          [
            -63.4209073,
            10.4741299
          ],
          [
            -63.427096,
            10.4722724
          ],
          [
            -63.4290273,
            10.471715
          ],
          [
            -63.4291523,
            10.4716839
          ],
          [
            -63.429269,
            10.471612
          ],
          [
            -63.4296588,
            10.4711645
          ],
          [
            -63.4298525,
            10.4710359
          ],
          [
            -63.4300039,
            10.4709807
          ],
          [
            -63.4303286,
            10.4709374
          ],
          [
            -63.4306089,
            10.4709563
          ],
          [
            -63.4307814,
            10.4710399
          ],
          [
            -63.4309952,
            10.4711091
          ],
          [
            -63.4330201,
            10.4705095
          ],
          [
            -63.4343147,
            10.4701003
          ],
          [
            -63.4346906,
            10.4700763
          ],
          [
            -63.4353176,
            10.4699187
          ],
          [
            -63.4357506,
            10.4696506
          ],
          [
            -63.4361063,
            10.4692451
          ],
          [
            -63.436269,
            10.4690574
          ],
          [
            -63.4365289,
            10.4687785
          ],
          [
            -63.4366953,
            10.4686259
          ],
          [
            -63.4367824,
            10.468479
          ],
          [
            -63.4369045,
            10.4683355
          ],
          [
            -63.4370034,
            10.4681799
          ],
          [
            -63.4371161,
            10.4680693
          ],
          [
            -63.4372852,
            10.4678892
          ],
          [
            -63.437563,
            10.4678093
          ],
          [
            -63.4379795,
            10.4677483
          ],
          [
            -63.4383218,
            10.4677827
          ],
          [
            -63.4387573,
            10.4679623
          ],
          [
            -63.4398369,
            10.4685382
          ],
          [
            -63.4410062,
            10.4691818
          ],
          [
            -63.4413281,
            10.4695836
          ],
          [
            -63.4416113,
            10.4703633
          ],
          [
            -63.4422346,
            10.4716103
          ],
          [
            -63.442868,
            10.4725431
          ],
          [
            -63.4433409,
            10.4731417
          ],
          [
            -63.4444889,
            10.4741135
          ],
          [
            -63.446486,
            10.4756423
          ],
          [
            -63.4473356,
            10.4763211
          ],
          [
            -63.4485101,
            10.4772555
          ],
          [
            -63.4519273,
            10.4793514
          ],
          [
            -63.4535014,
            10.4804517
          ],
          [
            -63.4541084,
            10.4808139
          ],
          [
            -63.4547787,
            10.4810421
          ],
          [
            -63.455608,
            10.4811377
          ],
          [
            -63.4579333,
            10.4812179
          ],
          [
            -63.4596972,
            10.481174
          ],
          [
            -63.4626017,
            10.481105
          ],
          [
            -63.4643938,
            10.4810687
          ],
          [
            -63.4647626,
            10.4810279
          ],
          [
            -63.4671882,
            10.4806279
          ],
          [
            -63.4686995,
            10.4804555
          ],
          [
            -63.4691607,
            10.4803062
          ],
          [
            -63.4699082,
            10.4798749
          ],
          [
            -63.4704434,
            10.4796308
          ],
          [
            -63.4712979,
            10.4793231
          ],
          [
            -63.4734926,
            10.4784966
          ],
          [
            -63.474336,
            10.4781732
          ],
          [
            -63.4756556,
            10.4777865
          ],
          [
            -63.4768835,
            10.4776295
          ],
          [
            -63.4780513,
            10.4776392
          ],
          [
            -63.4787565,
            10.4776483
          ],
          [
            -63.4789935,
            10.4776759
          ],
          [
            -63.479222,
            10.4777843
          ],
          [
            -63.4794848,
            10.4780411
          ],
          [
            -63.4798567,
            10.4784084
          ],
          [
            -63.4803552,
            10.4786695
          ],
          [
            -63.4810609,
            10.4788673
          ],
          [
            -63.4817408,
            10.4789018
          ],
          [
            -63.4828632,
            10.4789081
          ],
          [
            -63.4832743,
            10.4789669
          ],
          [
            -63.4837572,
            10.4791028
          ],
          [
            -63.4841266,
            10.4792562
          ],
          [
            -63.4847285,
            10.4795534
          ],
          [
            -63.4851601,
            10.4797107
          ],
          [
            -63.4857082,
            10.4798278
          ],
          [
            -63.4866346,
            10.4798341
          ],
          [
            -63.4876008,
            10.4797645
          ],
          [
            -63.4881464,
            10.4795936
          ],
          [
            -63.4883766,
            10.4794497
          ],
          [
            -63.4886398,
            10.4793646
          ],
          [
            -63.4889798,
            10.4793055
          ],
          [
            -63.4898216,
            10.4792232
          ],
          [
            -63.4906481,
            10.4791254
          ],
          [
            -63.4913146,
            10.4789484
          ],
          [
            -63.4919902,
            10.4788143
          ],
          [
            -63.4927369,
            10.4787184
          ],
          [
            -63.4937178,
            10.4786987
          ],
          [
            -63.4972141,
            10.4786566
          ],
          [
            -63.499577,
            10.4786916
          ],
          [
            -63.5025551,
            10.4786864
          ],
          [
            -63.5030949,
            10.4786474
          ],
          [
            -63.5040387,
            10.4785136
          ],
          [
            -63.5049237,
            10.4784684
          ],
          [
            -63.5055991,
            10.4785052
          ],
          [
            -63.5067617,
            10.4785181
          ],
          [
            -63.5074828,
            10.4786076
          ],
          [
            -63.5084058,
            10.478943
          ],
          [
            -63.509719,
            10.4792671
          ],
          [
            -63.5106152,
            10.4793674
          ],
          [
            -63.5112628,
            10.4793793
          ],
          [
            -63.5123024,
            10.4792983
          ],
          [
            -63.5176535,
            10.4788048
          ],
          [
            -63.5197894,
            10.4785719
          ],
          [
            -63.5216917,
            10.478383
          ],
          [
            -63.5240586,
            10.478328
          ],
          [
            -63.5262559,
            10.4783556
          ],
          [
            -63.5269048,
            10.4783113
          ],
          [
            -63.5276932,
            10.478223
          ],
          [
            -63.5281542,
            10.478154
          ],
          [
            -63.5285981,
            10.478044
          ],
          [
            -63.5290042,
            10.4778167
          ],
          [
            -63.5297491,
            10.4769554
          ],
          [
            -63.5304779,
            10.4762851
          ],
          [
            -63.5313292,
            10.4755343
          ],
          [
            -63.5316053,
            10.475382
          ],
          [
            -63.5324623,
            10.4751871
          ],
          [
            -63.5361401,
            10.4746845
          ],
          [
            -63.5377053,
            10.4745634
          ],
          [
            -63.5386959,
            10.4745905
          ],
          [
            -63.540811,
            10.4752676
          ],
          [
            -63.5437717,
            10.4765288
          ],
          [
            -63.5457247,
            10.4776723
          ],
          [
            -63.5464719,
            10.478157
          ],
          [
            -63.547222,
            10.4784376
          ],
          [
            -63.5479156,
            10.4785362
          ],
          [
            -63.5485308,
            10.4785661
          ],
          [
            -63.5496567,
            10.4785606
          ],
          [
            -63.5500774,
            10.4786539
          ],
          [
            -63.5511512,
            10.4788883
          ],
          [
            -63.5521911,
            10.4790517
          ],
          [
            -63.5532138,
            10.479224
          ],
          [
            -63.5537094,
            10.4792795
          ],
          [
            -63.5546124,
            10.4792706
          ],
          [
            -63.5547983,
            10.4792997
          ],
          [
            -63.5551843,
            10.4794782
          ],
          [
            -63.5554491,
            10.4796268
          ],
          [
            -63.5557437,
            10.4797367
          ],
          [
            -63.5560606,
            10.4797556
          ],
          [
            -63.55659,
            10.4798145
          ],
          [
            -63.5572103,
            10.4799747
          ],
          [
            -63.5579729,
            10.480287
          ],
          [
            -63.5589971,
            10.4808326
          ],
          [
            -63.5599249,
            10.4815547
          ],
          [
            -63.5612077,
            10.4825336
          ],
          [
            -63.5620305,
            10.4828964
          ]
        ]
      },
      "properties": {
        "id": "OSM-W565571834",
        "nombre": "Gasoducto Nororietal José Francisco Bermúdez",
        "tipo": "ducto",
        "sector": "midstream",
        "fluido": "gas",
        "estado": "desconocido",
        "operadora": "PDVSA",
        "diametro": null,
        "ubicacion": "underground",
        "fuente": "OpenStreetMap contributors (ODbL), consulta Overpass 2026-09-08",
        "confianza": "baja",
        "ultima_verificacion": "2026-09-08"
      }
    },
    {
      "type": "Feature",
      "geometry": {
        "type": "LineString",
        "coordinates": [
          [
            -63.5620305,
            10.4828964
          ],
          [
            -63.5624371,
            10.482373
          ],
          [
            -63.562951,
            10.4819719
          ],
          [
            -63.5633283,
            10.4817187
          ],
          [
            -63.5637578,
            10.48149
          ],
          [
            -63.5642401,
            10.4813074
          ],
          [
            -63.564657,
            10.481181
          ],
          [
            -63.5655175,
            10.4810269
          ],
          [
            -63.5662621,
            10.4809855
          ],
          [
            -63.566393,
            10.4809629
          ],
          [
            -63.5666596,
            10.4808156
          ],
          [
            -63.5672495,
            10.4803635
          ],
          [
            -63.5679114,
            10.47988
          ],
          [
            -63.5683751,
            10.4795635
          ],
          [
            -63.5687149,
            10.4793823
          ],
          [
            -63.5692805,
            10.4791634
          ],
          [
            -63.5703544,
            10.4787913
          ],
          [
            -63.5710432,
            10.4785457
          ],
          [
            -63.5714749,
            10.4783415
          ],
          [
            -63.5720268,
            10.4778979
          ],
          [
            -63.5729119,
            10.4770335
          ],
          [
            -63.5738105,
            10.4763065
          ],
          [
            -63.5747083,
            10.4754043
          ],
          [
            -63.5749997,
            10.4751377
          ],
          [
            -63.5752286,
            10.4750323
          ],
          [
            -63.5755254,
            10.4749846
          ],
          [
            -63.5757823,
            10.4750193
          ],
          [
            -63.5764165,
            10.4753113
          ],
          [
            -63.5782519,
            10.4762612
          ],
          [
            -63.5785691,
            10.4763611
          ],
          [
            -63.5796399,
            10.4766796
          ],
          [
            -63.5799572,
            10.4767517
          ],
          [
            -63.5811771,
            10.4768977
          ],
          [
            -63.583557,
            10.4771033
          ],
          [
            -63.5845733,
            10.4772182
          ],
          [
            -63.5849946,
            10.4772311
          ],
          [
            -63.5854142,
            10.4772001
          ],
          [
            -63.5857025,
            10.4771762
          ],
          [
            -63.5862749,
            10.4771676
          ],
          [
            -63.5867801,
            10.4772073
          ],
          [
            -63.5891845,
            10.4775102
          ],
          [
            -63.5915796,
            10.4778699
          ],
          [
            -63.5930245,
            10.4780095
          ],
          [
            -63.5955158,
            10.4783557
          ],
          [
            -63.5982255,
            10.4787869
          ],
          [
            -63.5998893,
            10.4790605
          ],
          [
            -63.6013557,
            10.4792164
          ],
          [
            -63.6050723,
            10.4795531
          ],
          [
            -63.606634,
            10.4797072
          ],
          [
            -63.6069286,
            10.4796959
          ],
          [
            -63.607262,
            10.4796457
          ],
          [
            -63.6075828,
            10.4796225
          ],
          [
            -63.6079379,
            10.4796332
          ],
          [
            -63.6087232,
            10.4798285
          ],
          [
            -63.6090657,
            10.4799714
          ],
          [
            -63.6091815,
            10.4800157
          ],
          [
            -63.6092937,
            10.4800155
          ],
          [
            -63.6095605,
            10.4799344
          ],
          [
            -63.6110862,
            10.4795684
          ],
          [
            -63.6126262,
            10.479246
          ],
          [
            -63.6128584,
            10.4792315
          ],
          [
            -63.6141993,
            10.4792083
          ],
          [
            -63.6145723,
            10.4791868
          ],
          [
            -63.6149308,
            10.4791292
          ],
          [
            -63.6170796,
            10.4786827
          ],
          [
            -63.6177191,
            10.4785313
          ],
          [
            -63.6179018,
            10.4784288
          ],
          [
            -63.6180291,
            10.4782753
          ],
          [
            -63.6181328,
            10.4781664
          ],
          [
            -63.6183172,
            10.4781347
          ],
          [
            -63.6188638,
            10.4780894
          ],
          [
            -63.6193946,
            10.4780053
          ],
          [
            -63.6200232,
            10.4778523
          ],
          [
            -63.6206921,
            10.4777035
          ],
          [
            -63.6211449,
            10.4777131
          ],
          [
            -63.621463,
            10.4777113
          ],
          [
            -63.6218019,
            10.477613
          ],
          [
            -63.6227517,
            10.4772491
          ],
          [
            -63.6231654,
            10.4771227
          ],
          [
            -63.6234376,
            10.4771123
          ],
          [
            -63.6238003,
            10.4771947
          ],
          [
            -63.6241698,
            10.4772105
          ],
          [
            -63.6245087,
            10.4771142
          ],
          [
            -63.6254728,
            10.4767255
          ],
          [
            -63.6259317,
            10.4766194
          ],
          [
            -63.627148,
            10.4763506
          ],
          [
            -63.6298627,
            10.4758594
          ],
          [
            -63.6316131,
            10.4755121
          ],
          [
            -63.6329883,
            10.4750967
          ],
          [
            -63.6351982,
            10.474707
          ],
          [
            -63.6373367,
            10.4743254
          ],
          [
            -63.6401222,
            10.4737872
          ],
          [
            -63.641101,
            10.4735749
          ],
          [
            -63.6415795,
            10.4735146
          ],
          [
            -63.6422389,
            10.4734338
          ],
          [
            -63.6426814,
            10.4733218
          ],
          [
            -63.6429916,
            10.4731581
          ],
          [
            -63.6435152,
            10.4726576
          ],
          [
            -63.643909,
            10.4722562
          ],
          [
            -63.6441139,
            10.4718114
          ],
          [
            -63.6447711,
            10.4703536
          ],
          [
            -63.6449771,
            10.4699318
          ],
          [
            -63.645102,
            10.4698482
          ],
          [
            -63.6453824,
            10.4697876
          ],
          [
            -63.6464789,
            10.469623
          ],
          [
            -63.6477188,
            10.4694938
          ],
          [
            -63.6508554,
            10.4692561
          ],
          [
            -63.6518727,
            10.4692159
          ],
          [
            -63.6524206,
            10.4692257
          ],
          [
            -63.652765,
            10.4692152
          ],
          [
            -63.6530787,
            10.4690925
          ],
          [
            -63.6536309,
            10.4688076
          ],
          [
            -63.6540107,
            10.468717
          ],
          [
            -63.6545824,
            10.4688279
          ],
          [
            -63.6551927,
            10.4689521
          ],
          [
            -63.6558856,
            10.4689902
          ],
          [
            -63.6569384,
            10.4690148
          ],
          [
            -63.6588337,
            10.468908
          ],
          [
            -63.6597926,
            10.4688084
          ],
          [
            -63.6603927,
            10.4687094
          ],
          [
            -63.6609366,
            10.4685182
          ],
          [
            -63.6612416,
            10.4684839
          ],
          [
            -63.6615605,
            10.4685142
          ],
          [
            -63.6619647,
            10.4686585
          ],
          [
            -63.6623084,
            10.4687515
          ],
          [
            -63.6626699,
            10.4687952
          ],
          [
            -63.6633008,
            10.4689114
          ],
          [
            -63.6648423,
            10.4693056
          ],
          [
            -63.665139,
            10.469352
          ],
          [
            -63.6653585,
            10.469363
          ],
          [
            -63.6655919,
            10.4692948
          ],
          [
            -63.6664803,
            10.4687172
          ],
          [
            -63.6670604,
            10.4682916
          ],
          [
            -63.6671822,
            10.468108
          ],
          [
            -63.6673664,
            10.4673705
          ],
          [
            -63.6675429,
            10.4669268
          ],
          [
            -63.6678428,
            10.4665416
          ],
          [
            -63.6680579,
            10.4663627
          ],
          [
            -63.6682642,
            10.4663177
          ],
          [
            -63.6687322,
            10.4663672
          ],
          [
            -63.6698966,
            10.466416
          ],
          [
            -63.6705957,
            10.466417
          ],
          [
            -63.6718163,
            10.4663127
          ],
          [
            -63.6730486,
            10.4661029
          ],
          [
            -63.6737415,
            10.4660216
          ],
          [
            -63.6744,
            10.4660268
          ],
          [
            -63.6747982,
            10.4659967
          ],
          [
            -63.6752307,
            10.4658269
          ],
          [
            -63.6759954,
            10.4653863
          ],
          [
            -63.6763694,
            10.4652709
          ],
          [
            -63.6768887,
            10.465214
          ],
          [
            -63.6779239,
            10.4650998
          ],
          [
            -63.6788113,
            10.4649654
          ],
          [
            -63.6797545,
            10.4647414
          ],
          [
            -63.6811862,
            10.4644736
          ],
          [
            -63.6869442,
            10.463172
          ],
          [
            -63.6919134,
            10.4619952
          ],
          [
            -63.6922854,
            10.4619266
          ],
          [
            -63.6928374,
            10.4619298
          ],
          [
            -63.6934762,
            10.461885
          ],
          [
            -63.6944826,
            10.4616886
          ],
          [
            -63.6961775,
            10.4613275
          ],
          [
            -63.7010877,
            10.4602564
          ],
          [
            -63.7027231,
            10.4599769
          ],
          [
            -63.7038998,
            10.4597174
          ],
          [
            -63.7063413,
            10.4591496
          ],
          [
            -63.7094584,
            10.4584766
          ],
          [
            -63.7125071,
            10.457795
          ],
          [
            -63.7155572,
            10.4571128
          ],
          [
            -63.7204379,
            10.4561714
          ],
          [
            -63.7215209,
            10.4559592
          ],
          [
            -63.7222814,
            10.4557407
          ],
          [
            -63.7235669,
            10.4553281
          ],
          [
            -63.7243083,
            10.4551077
          ],
          [
            -63.7249778,
            10.4549426
          ],
          [
            -63.7263633,
            10.4546154
          ],
          [
            -63.7277851,
            10.4542824
          ],
          [
            -63.7289715,
            10.4541416
          ],
          [
            -63.7303302,
            10.4539058
          ],
          [
            -63.7323177,
            10.4533639
          ],
          [
            -63.7330494,
            10.4530873
          ],
          [
            -63.7338562,
            10.4529091
          ],
          [
            -63.7350781,
            10.4527833
          ],
          [
            -63.7359949,
            10.4527025
          ],
          [
            -63.7366985,
            10.4526195
          ],
          [
            -63.7386436,
            10.4522562
          ],
          [
            -63.7396661,
            10.452001
          ],
          [
            -63.741675,
            10.4515608
          ],
          [
            -63.7437222,
            10.4510312
          ],
          [
            -63.7460117,
            10.4504665
          ],
          [
            -63.7477777,
            10.4499603
          ],
          [
            -63.749256,
            10.4493287
          ],
          [
            -63.7506281,
            10.448723
          ],
          [
            -63.7516667,
            10.4484186
          ],
          [
            -63.7525473,
            10.4482091
          ],
          [
            -63.7534472,
            10.4478527
          ],
          [
            -63.7546057,
            10.4472421
          ],
          [
            -63.7564004,
            10.4465306
          ],
          [
            -63.7585612,
            10.4456708
          ],
          [
            -63.7606508,
            10.4450288
          ],
          [
            -63.7628248,
            10.4440844
          ],
          [
            -63.7647996,
            10.4433052
          ],
          [
            -63.7653881,
            10.4431348
          ],
          [
            -63.7660103,
            10.4430151
          ],
          [
            -63.7671361,
            10.442802
          ],
          [
            -63.7675583,
            10.4426451
          ],
          [
            -63.7686963,
            10.4418568
          ],
          [
            -63.7695279,
            10.4413984
          ],
          [
            -63.7717384,
            10.4401334
          ],
          [
            -63.7741128,
            10.4386619
          ],
          [
            -63.7750925,
            10.4379409
          ],
          [
            -63.7754156,
            10.4375059
          ],
          [
            -63.775891,
            10.436858
          ],
          [
            -63.7762874,
            10.4366689
          ],
          [
            -63.7776354,
            10.436181
          ],
          [
            -63.7787807,
            10.4356218
          ],
          [
            -63.7795775,
            10.4350935
          ],
          [
            -63.7802352,
            10.434706
          ],
          [
            -63.7807297,
            10.4344891
          ],
          [
            -63.7815307,
            10.4342107
          ],
          [
            -63.7837327,
            10.4336141
          ],
          [
            -63.7846542,
            10.4332991
          ],
          [
            -63.7850505,
            10.4331624
          ],
          [
            -63.7853536,
            10.4331672
          ],
          [
            -63.7857167,
            10.4332539
          ],
          [
            -63.7862501,
            10.4335689
          ],
          [
            -63.7867066,
            10.4337295
          ],
          [
            -63.7870677,
            10.4337697
          ],
          [
            -63.7873605,
            10.4337616
          ],
          [
            -63.7878588,
            10.4334961
          ],
          [
            -63.7882983,
            10.4330531
          ],
          [
            -63.7890145,
            10.4325018
          ],
          [
            -63.789672,
            10.4319846
          ],
          [
            -63.7907222,
            10.4314926
          ],
          [
            -63.791619,
            10.4311583
          ],
          [
            -63.7933134,
            10.4306743
          ],
          [
            -63.7957271,
            10.4299819
          ],
          [
            -63.7965096,
            10.4297486
          ],
          [
            -63.7968314,
            10.4297416
          ],
          [
            -63.7970903,
            10.4297595
          ],
          [
            -63.7973169,
            10.4298754
          ],
          [
            -63.7978231,
            10.4302075
          ],
          [
            -63.7988996,
            10.4312042
          ],
          [
            -63.79973,
            10.4319447
          ],
          [
            -63.8003246,
            10.432332
          ],
          [
            -63.8011314,
            10.4327405
          ],
          [
            -63.8023672,
            10.433287
          ],
          [
            -63.8029815,
            10.4335757
          ],
          [
            -63.803248,
            10.4338058
          ],
          [
            -63.8034777,
            10.4340849
          ],
          [
            -63.8036391,
            10.4342745
          ],
          [
            -63.8038072,
            10.4343533
          ],
          [
            -63.8041364,
            10.4343966
          ],
          [
            -63.8046482,
            10.4344321
          ],
          [
            -63.805238,
            10.4345334
          ],
          [
            -63.80573,
            10.4346778
          ],
          [
            -63.8064057,
            10.4349978
          ],
          [
            -63.8067863,
            10.4352016
          ],
          [
            -63.8070129,
            10.4352365
          ],
          [
            -63.8073513,
            10.4351846
          ],
          [
            -63.8078599,
            10.435007
          ],
          [
            -63.8085555,
            10.4347511
          ],
          [
            -63.8097977,
            10.4344254
          ],
          [
            -63.8107692,
            10.4341871
          ],
          [
            -63.8110208,
            10.4340641
          ],
          [
            -63.8111966,
            10.4339248
          ],
          [
            -63.8114025,
            10.4337922
          ],
          [
            -63.8119569,
            10.4336944
          ],
          [
            -63.8125073,
            10.4336633
          ],
          [
            -63.8131564,
            10.4337369
          ],
          [
            -63.8140901,
            10.4339005
          ],
          [
            -63.8145618,
            10.4339135
          ],
          [
            -63.8148788,
            10.4338759
          ],
          [
            -63.815142,
            10.4337836
          ],
          [
            -63.8154476,
            10.4337102
          ],
          [
            -63.8162333,
            10.4336877
          ],
          [
            -63.8187194,
            10.4335571
          ],
          [
            -63.8203344,
            10.4334537
          ],
          [
            -63.8208158,
            10.4334031
          ],
          [
            -63.8210071,
            10.4334256
          ],
          [
            -63.8214079,
            10.433643
          ],
          [
            -63.8218269,
            10.4338325
          ],
          [
            -63.8220938,
            10.4338715
          ],
          [
            -63.8229464,
            10.4338109
          ],
          [
            -63.823266,
            10.4338247
          ],
          [
            -63.8243546,
            10.4341065
          ],
          [
            -63.826071,
            10.4345093
          ],
          [
            -63.826372,
            10.4345394
          ],
          [
            -63.8265607,
            10.4345152
          ],
          [
            -63.8267794,
            10.4343675
          ],
          [
            -63.8270953,
            10.4341212
          ],
          [
            -63.8272787,
            10.4340586
          ],
          [
            -63.8275466,
            10.4340929
          ],
          [
            -63.8278947,
            10.4342126
          ],
          [
            -63.8281292,
            10.4342793
          ],
          [
            -63.8284514,
            10.4343094
          ],
          [
            -63.8287624,
            10.4342872
          ],
          [
            -63.8291858,
            10.434277
          ],
          [
            -63.8294452,
            10.4342875
          ],
          [
            -63.8297479,
            10.4343529
          ],
          [
            -63.8299162,
            10.4344705
          ],
          [
            -63.8300275,
            10.434703
          ],
          [
            -63.8301612,
            10.4350306
          ],
          [
            -63.8303137,
            10.4353192
          ],
          [
            -63.8304928,
            10.4355953
          ],
          [
            -63.8306476,
            10.4357574
          ],
          [
            -63.8308032,
            10.4358552
          ],
          [
            -63.831057,
            10.4359029
          ],
          [
            -63.8319917,
            10.4359601
          ],
          [
            -63.832455,
            10.4359824
          ],
          [
            -63.832864,
            10.4360247
          ],
          [
            -63.8338908,
            10.4361807
          ],
          [
            -63.835291,
            10.4364162
          ],
          [
            -63.8356369,
            10.4364376
          ],
          [
            -63.8366525,
            10.4364056
          ],
          [
            -63.8370589,
            10.4363288
          ],
          [
            -63.8372708,
            10.4362631
          ],
          [
            -63.8374066,
            10.4362601
          ],
          [
            -63.8375513,
            10.4363089
          ],
          [
            -63.8377325,
            10.4364271
          ],
          [
            -63.838215,
            10.4367653
          ],
          [
            -63.8385536,
            10.4369154
          ],
          [
            -63.8390574,
            10.4370543
          ],
          [
            -63.8397446,
            10.4371657
          ],
          [
            -63.8415494,
            10.4373871
          ],
          [
            -63.8423365,
            10.4374558
          ],
          [
            -63.8429825,
            10.4374337
          ],
          [
            -63.8433533,
            10.4374048
          ],
          [
            -63.8435758,
            10.4374152
          ],
          [
            -63.8436931,
            10.4374601
          ],
          [
            -63.8437882,
            10.437536
          ],
          [
            -63.8438293,
            10.4376535
          ],
          [
            -63.8438394,
            10.4377458
          ],
          [
            -63.8439098,
            10.4378495
          ],
          [
            -63.8440493,
            10.4379728
          ],
          [
            -63.8441356,
            10.4380222
          ],
          [
            -63.8442514,
            10.4380229
          ],
          [
            -63.8444648,
            10.4379282
          ],
          [
            -63.8447296,
            10.4376581
          ],
          [
            -63.8449122,
            10.4374329
          ],
          [
            -63.8450348,
            10.4373952
          ],
          [
            -63.8452494,
            10.4374285
          ],
          [
            -63.8455092,
            10.4376832
          ],
          [
            -63.8457096,
            10.4378103
          ],
          [
            -63.8463642,
            10.4380411
          ],
          [
            -63.8471489,
            10.4381905
          ],
          [
            -63.8477499,
            10.4382027
          ],
          [
            -63.8480933,
            10.4381423
          ],
          [
            -63.8483271,
            10.4380009
          ],
          [
            -63.8485002,
            10.4377991
          ],
          [
            -63.8486694,
            10.4376618
          ],
          [
            -63.8488421,
            10.4376234
          ],
          [
            -63.8495308,
            10.4375822
          ],
          [
            -63.8504234,
            10.4376236
          ],
          [
            -63.8519647,
            10.4376726
          ],
          [
            -63.852675,
            10.4377265
          ],
          [
            -63.8536046,
            10.4378855
          ],
          [
            -63.8562399,
            10.4381352
          ],
          [
            -63.8575659,
            10.4383767
          ],
          [
            -63.8580768,
            10.4384683
          ],
          [
            -63.8583216,
            10.4384915
          ],
          [
            -63.8586133,
            10.438446
          ],
          [
            -63.8590527,
            10.4382945
          ],
          [
            -63.8593182,
            10.4382443
          ],
          [
            -63.8596224,
            10.4382639
          ],
          [
            -63.8599638,
            10.4383648
          ],
          [
            -63.8603024,
            10.4384702
          ],
          [
            -63.8606634,
            10.4384998
          ],
          [
            -63.8616129,
            10.438446
          ],
          [
            -63.8627449,
            10.438327
          ],
          [
            -63.8635177,
            10.4382793
          ],
          [
            -63.8640474,
            10.4382695
          ],
          [
            -63.864614,
            10.4383091
          ],
          [
            -63.865522,
            10.4383733
          ],
          [
            -63.8659187,
            10.4384095
          ],
          [
            -63.8667865,
            10.4386752
          ],
          [
            -63.8672101,
            10.438822
          ],
          [
            -63.8674107,
            10.4388801
          ],
          [
            -63.8676326,
            10.4389198
          ],
          [
            -63.8679001,
            10.4389229
          ],
          [
            -63.8685284,
            10.4387538
          ],
          [
            -63.8690984,
            10.438642
          ],
          [
            -63.8693526,
            10.4386495
          ],
          [
            -63.8698457,
            10.4387549
          ],
          [
            -63.8702177,
            10.4388358
          ],
          [
            -63.870502,
            10.438839
          ],
          [
            -63.8709034,
            10.4387391
          ],
          [
            -63.8715299,
            10.438492
          ],
          [
            -63.8720726,
            10.4381581
          ],
          [
            -63.8724056,
            10.4380218
          ],
          [
            -63.8727643,
            10.4379516
          ],
          [
            -63.874029,
            10.4378922
          ],
          [
            -63.8763712,
            10.4377091
          ],
          [
            -63.8770285,
            10.4376952
          ],
          [
            -63.8772052,
            10.4377061
          ],
          [
            -63.8774202,
            10.4378035
          ],
          [
            -63.8775352,
            10.4379861
          ],
          [
            -63.8776105,
            10.4381813
          ],
          [
            -63.8777218,
            10.4383827
          ],
          [
            -63.8778732,
            10.4385383
          ],
          [
            -63.8780814,
            10.4386859
          ],
          [
            -63.8783392,
            10.4387122
          ],
          [
            -63.8787425,
            10.4386774
          ],
          [
            -63.8797443,
            10.4386128
          ],
          [
            -63.8803526,
            10.4386295
          ],
          [
            -63.880809,
            10.4386668
          ],
          [
            -63.881269,
            10.4387362
          ],
          [
            -63.8814594,
            10.4387508
          ],
          [
            -63.8816453,
            10.4387355
          ],
          [
            -63.8821631,
            10.4385414
          ],
          [
            -63.8826937,
            10.4383358
          ],
          [
            -63.8830507,
            10.4382391
          ],
          [
            -63.8832906,
            10.4381572
          ],
          [
            -63.8834424,
            10.4380309
          ],
          [
            -63.883709,
            10.4377389
          ],
          [
            -63.8839486,
            10.4376242
          ],
          [
            -63.8841238,
            10.4376005
          ],
          [
            -63.8845524,
            10.4376002
          ],
          [
            -63.8847619,
            10.4375627
          ],
          [
            -63.8850815,
            10.4374835
          ],
          [
            -63.8852898,
            10.4374697
          ],
          [
            -63.8856038,
            10.4374973
          ],
          [
            -63.8861387,
            10.4376562
          ],
          [
            -63.886502,
            10.4377254
          ],
          [
            -63.8869462,
            10.4377207
          ],
          [
            -63.8878226,
            10.4376755
          ],
          [
            -63.8885644,
            10.4376607
          ],
          [
            -63.8891511,
            10.4376916
          ],
          [
            -63.8905325,
            10.4378077
          ],
          [
            -63.891053,
            10.4378304
          ],
          [
            -63.8912886,
            10.4378328
          ],
          [
            -63.8914914,
            10.4377098
          ],
          [
            -63.8916547,
            10.4375112
          ],
          [
            -63.8918805,
            10.4371019
          ],
          [
            -63.8919798,
            10.436983
          ],
          [
            -63.8921373,
            10.4369182
          ],
          [
            -63.8924559,
            10.4369185
          ],
          [
            -63.8929968,
            10.4370533
          ],
          [
            -63.8936133,
            10.4370967
          ],
          [
            -63.8943048,
            10.4370974
          ],
          [
            -63.8947994,
            10.4370501
          ],
          [
            -63.8950798,
            10.4369531
          ],
          [
            -63.8952726,
            10.4367782
          ],
          [
            -63.8955157,
            10.4363613
          ],
          [
            -63.8962708,
            10.4351743
          ],
          [
            -63.8975115,
            10.4332081
          ],
          [
            -63.8977448,
            10.4330399
          ],
          [
            -63.8979625,
            10.4329642
          ],
          [
            -63.8981889,
            10.4329633
          ],
          [
            -63.8985125,
            10.4330282
          ],
          [
            -63.898992,
            10.4331882
          ],
          [
            -63.8995876,
            10.4334519
          ],
          [
            -63.8999661,
            10.4337224
          ],
          [
            -63.9002677,
            10.4341399
          ],
          [
            -63.9007224,
            10.4347305
          ],
          [
            -63.9009314,
            10.4350154
          ],
          [
            -63.9010896,
            10.4351215
          ],
          [
            -63.9013885,
            10.4351615
          ],
          [
            -63.9023557,
            10.4351593
          ],
          [
            -63.9028972,
            10.4352689
          ],
          [
            -63.9032974,
            10.4353889
          ],
          [
            -63.9035998,
            10.4354033
          ],
          [
            -63.9046547,
            10.4352454
          ],
          [
            -63.9058872,
            10.4351161
          ],
          [
            -63.9068684,
            10.435106
          ],
          [
            -63.9071091,
            10.4351315
          ],
          [
            -63.9072941,
            10.4351421
          ],
          [
            -63.9074745,
            10.4351065
          ],
          [
            -63.9078638,
            10.4348985
          ],
          [
            -63.9081771,
            10.4347766
          ],
          [
            -63.9085086,
            10.4347365
          ],
          [
            -63.9089669,
            10.4347611
          ],
          [
            -63.9092967,
            10.4348403
          ],
          [
            -63.9095517,
            10.4348285
          ],
          [
            -63.9098774,
            10.4347984
          ],
          [
            -63.9102926,
            10.4348164
          ],
          [
            -63.9107312,
            10.4349352
          ],
          [
            -63.9108963,
            10.4349485
          ],
          [
            -63.9110564,
            10.4349243
          ],
          [
            -63.9112148,
            10.4347779
          ],
          [
            -63.9115396,
            10.4342393
          ],
          [
            -63.9117073,
            10.4341347
          ],
          [
            -63.911991,
            10.4341248
          ],
          [
            -63.912395,
            10.4342109
          ],
          [
            -63.9134334,
            10.4347347
          ],
          [
            -63.9138699,
            10.4349874
          ],
          [
            -63.9139907,
            10.4351185
          ],
          [
            -63.9140988,
            10.4353716
          ],
          [
            -63.9141831,
            10.4357664
          ],
          [
            -63.9142882,
            10.4360445
          ],
          [
            -63.9144681,
            10.436329
          ],
          [
            -63.9149921,
            10.4368421
          ],
          [
            -63.9152781,
            10.4370754
          ],
          [
            -63.9154875,
            10.4371315
          ],
          [
            -63.9156975,
            10.4371175
          ],
          [
            -63.915854,
            10.4371176
          ],
          [
            -63.916009,
            10.4371927
          ],
          [
            -63.9161833,
            10.4374072
          ],
          [
            -63.9165112,
            10.4378693
          ],
          [
            -63.9167218,
            10.4380684
          ],
          [
            -63.9168728,
            10.4381419
          ],
          [
            -63.9173147,
            10.4381779
          ],
          [
            -63.9183673,
            10.4382724
          ],
          [
            -63.9186077,
            10.4383649
          ],
          [
            -63.9188531,
            10.4384995
          ],
          [
            -63.9194785,
            10.4387442
          ],
          [
            -63.9199652,
            10.4390084
          ],
          [
            -63.9201589,
            10.4390393
          ],
          [
            -63.9203473,
            10.4390402
          ],
          [
            -63.9206028,
            10.4389558
          ],
          [
            -63.9213977,
            10.4385266
          ],
          [
            -63.9217806,
            10.4383485
          ],
          [
            -63.9227648,
            10.4380126
          ],
          [
            -63.9236365,
            10.437797
          ],
          [
            -63.9239772,
            10.4377308
          ],
          [
            -63.9242776,
            10.4377331
          ],
          [
            -63.9245583,
            10.4377893
          ],
          [
            -63.9247865,
            10.4378939
          ],
          [
            -63.9249602,
            10.4380377
          ],
          [
            -63.9251242,
            10.4382156
          ],
          [
            -63.9252636,
            10.4384811
          ],
          [
            -63.9254119,
            10.4386713
          ],
          [
            -63.9255321,
            10.4387287
          ],
          [
            -63.9259227,
            10.4388149
          ],
          [
            -63.9260604,
            10.4388682
          ],
          [
            -63.9262518,
            10.4390507
          ],
          [
            -63.926386,
            10.4393136
          ],
          [
            -63.9266571,
            10.439785
          ],
          [
            -63.9268889,
            10.4402116
          ],
          [
            -63.9269206,
            10.4403324
          ],
          [
            -63.9269248,
            10.4405364
          ],
          [
            -63.9268684,
            10.4408476
          ],
          [
            -63.9266143,
            10.44139
          ],
          [
            -63.9264239,
            10.4418171
          ],
          [
            -63.9261482,
            10.4422205
          ],
          [
            -63.9258994,
            10.4425632
          ],
          [
            -63.9257651,
            10.4428391
          ],
          [
            -63.9257486,
            10.4430282
          ],
          [
            -63.9258428,
            10.4434108
          ],
          [
            -63.9262106,
            10.4443807
          ],
          [
            -63.9264805,
            10.4448609
          ],
          [
            -63.9266417,
            10.4450878
          ],
          [
            -63.926791,
            10.4452595
          ],
          [
            -63.9269881,
            10.4453398
          ],
          [
            -63.9274078,
            10.4453532
          ],
          [
            -63.9276354,
            10.4453645
          ],
          [
            -63.9278096,
            10.4453956
          ],
          [
            -63.9280563,
            10.4455125
          ],
          [
            -63.928352,
            10.4455652
          ],
          [
            -63.9286555,
            10.4455901
          ],
          [
            -63.9289438,
            10.4454762
          ],
          [
            -63.9291415,
            10.4452156
          ],
          [
            -63.9297297,
            10.444587
          ],
          [
            -63.9304804,
            10.4440109
          ],
          [
            -63.9307108,
            10.4439718
          ],
          [
            -63.9311085,
            10.4439917
          ],
          [
            -63.9315398,
            10.4440875
          ],
          [
            -63.9322386,
            10.4443245
          ],
          [
            -63.9324501,
            10.444327
          ],
          [
            -63.9327926,
            10.4442331
          ],
          [
            -63.9334526,
            10.4439993
          ],
          [
            -63.933668,
            10.4438038
          ],
          [
            -63.9338561,
            10.4435657
          ],
          [
            -63.9341659,
            10.4428735
          ],
          [
            -63.9347243,
            10.4413557
          ],
          [
            -63.9349794,
            10.4409033
          ],
          [
            -63.9351211,
            10.4407789
          ],
          [
            -63.9352699,
            10.4406825
          ],
          [
            -63.9355473,
            10.4406037
          ],
          [
            -63.9357138,
            10.440604
          ],
          [
            -63.9359911,
            10.4407246
          ],
          [
            -63.9363422,
            10.4409594
          ],
          [
            -63.936708,
            10.4411066
          ],
          [
            -63.9370819,
            10.4411596
          ],
          [
            -63.9378605,
            10.4412315
          ],
          [
            -63.9381528,
            10.4411867
          ],
          [
            -63.9385514,
            10.4409497
          ],
          [
            -63.9391672,
            10.4404982
          ],
          [
            -63.9395793,
            10.4402872
          ],
          [
            -63.9401378,
            10.4401423
          ],
          [
            -63.9405417,
            10.4399518
          ],
          [
            -63.9411779,
            10.4394918
          ],
          [
            -63.9421377,
            10.4387969
          ],
          [
            -63.942396,
            10.4387092
          ],
          [
            -63.9425582,
            10.438705
          ],
          [
            -63.9427688,
            10.4387485
          ],
          [
            -63.9430786,
            10.4389451
          ],
          [
            -63.9435349,
            10.4393088
          ],
          [
            -63.9437585,
            10.4395975
          ],
          [
            -63.9439977,
            10.4400023
          ],
          [
            -63.9441593,
            10.4402426
          ],
          [
            -63.9443273,
            10.440385
          ],
          [
            -63.9448695,
            10.4406297
          ],
          [
            -63.9454005,
            10.4408533
          ],
          [
            -63.9462993,
            10.4417199
          ],
          [
            -63.9471823,
            10.4427079
          ],
          [
            -63.9476931,
            10.4430834
          ],
          [
            -63.9479722,
            10.4432133
          ],
          [
            -63.9482691,
            10.4432429
          ],
          [
            -63.9484994,
            10.4431947
          ],
          [
            -63.9489701,
            10.4429789
          ],
          [
            -63.9497015,
            10.4426737
          ],
          [
            -63.9500299,
            10.4426414
          ],
          [
            -63.9504604,
            10.4426385
          ],
          [
            -63.9506191,
            10.442693
          ],
          [
            -63.9507305,
            10.4428563
          ],
          [
            -63.9507503,
            10.4431427
          ],
          [
            -63.9506297,
            10.4437285
          ],
          [
            -63.9504009,
            10.4442483
          ],
          [
            -63.9503652,
            10.4444633
          ],
          [
            -63.9503728,
            10.4447447
          ],
          [
            -63.9504434,
            10.4451493
          ],
          [
            -63.9505932,
            10.4457127
          ],
          [
            -63.9508095,
            10.4462663
          ],
          [
            -63.9510081,
            10.4464508
          ],
          [
            -63.951436,
            10.4466686
          ],
          [
            -63.9520914,
            10.4469806
          ],
          [
            -63.9528516,
            10.4473283
          ],
          [
            -63.9538061,
            10.4477597
          ],
          [
            -63.9543028,
            10.4478424
          ],
          [
            -63.9545767,
            10.4478117
          ],
          [
            -63.9550921,
            10.4475692
          ],
          [
            -63.9555548,
            10.4474089
          ],
          [
            -63.9560382,
            10.4472372
          ],
          [
            -63.9567972,
            10.4468665
          ],
          [
            -63.9579202,
            10.4461845
          ],
          [
            -63.9587624,
            10.4456922
          ],
          [
            -63.9590182,
            10.4455976
          ],
          [
            -63.9594088,
            10.4455527
          ],
          [
            -63.9598037,
            10.4454912
          ],
          [
            -63.9600623,
            10.4453425
          ],
          [
            -63.9602645,
            10.4450962
          ],
          [
            -63.9607071,
            10.4445056
          ],
          [
            -63.9613583,
            10.4439229
          ],
          [
            -63.9615716,
            10.4437221
          ],
          [
            -63.9616222,
            10.4436016
          ],
          [
            -63.9616586,
            10.4433579
          ],
          [
            -63.961623,
            10.4427352
          ],
          [
            -63.9617225,
            10.4423988
          ],
          [
            -63.9618732,
            10.4422272
          ],
          [
            -63.963027,
            10.4414856
          ],
          [
            -63.9639579,
            10.4409456
          ],
          [
            -63.964244,
            10.4407492
          ],
          [
            -63.9644005,
            10.4405638
          ],
          [
            -63.9647416,
            10.4397479
          ],
          [
            -63.9649174,
            10.4393604
          ],
          [
            -63.9651075,
            10.4392002
          ],
          [
            -63.9653589,
            10.4390555
          ],
          [
            -63.9656985,
            10.4390209
          ],
          [
            -63.9663907,
            10.4391828
          ],
          [
            -63.9666886,
            10.4393893
          ],
          [
            -63.9668,
            10.4397079
          ],
          [
            -63.9669105,
            10.4399815
          ],
          [
            -63.9671122,
            10.4402831
          ],
          [
            -63.9673942,
            10.4404973
          ],
          [
            -63.9675615,
            10.4405895
          ],
          [
            -63.9676857,
            10.4406014
          ],
          [
            -63.9679865,
            10.4405431
          ],
          [
            -63.9691967,
            10.4402133
          ],
          [
            -63.9703541,
            10.4399121
          ],
          [
            -63.9712108,
            10.4396314
          ],
          [
            -63.971621,
            10.4394074
          ],
          [
            -63.9720599,
            10.4391335
          ],
          [
            -63.9722542,
            10.4390202
          ],
          [
            -63.9724772,
            10.438934
          ],
          [
            -63.9727202,
            10.4389341
          ],
          [
            -63.9729826,
            10.4390099
          ],
          [
            -63.9733245,
            10.4391227
          ],
          [
            -63.9737786,
            10.4391905
          ],
          [
            -63.9740783,
            10.439148
          ],
          [
            -63.974451,
            10.4390185
          ],
          [
            -63.9749515,
            10.4387412
          ],
          [
            -63.97529,
            10.4386209
          ],
          [
            -63.9755098,
            10.4385828
          ],
          [
            -63.9759913,
            10.4385842
          ],
          [
            -63.9763265,
            10.4386122
          ],
          [
            -63.9766559,
            10.4387836
          ],
          [
            -63.9779867,
            10.4392256
          ],
          [
            -63.9783464,
            10.439309
          ],
          [
            -63.9785392,
            10.4393042
          ],
          [
            -63.9791355,
            10.4392001
          ],
          [
            -63.9797946,
            10.4390504
          ],
          [
            -63.9799667,
            10.4389772
          ],
          [
            -63.9803358,
            10.4387777
          ],
          [
            -63.9814077,
            10.4381585
          ],
          [
            -63.9819627,
            10.437739
          ],
          [
            -63.9824536,
            10.4373269
          ],
          [
            -63.9830197,
            10.4369959
          ],
          [
            -63.9833144,
            10.4369116
          ],
          [
            -63.9836575,
            10.436899
          ],
          [
            -63.9839643,
            10.4368959
          ],
          [
            -63.9841867,
            10.4369681
          ],
          [
            -63.984471,
            10.4371359
          ],
          [
            -63.98506,
            10.4376874
          ],
          [
            -63.9855804,
            10.4382366
          ],
          [
            -63.9857452,
            10.4383291
          ],
          [
            -63.9859492,
            10.4383799
          ],
          [
            -63.9862543,
            10.4383832
          ],
          [
            -63.9865127,
            10.4383096
          ],
          [
            -63.9867992,
            10.4381324
          ],
          [
            -63.9869536,
            10.438052
          ],
          [
            -63.9872902,
            10.4380157
          ],
          [
            -63.9875759,
            10.438017
          ],
          [
            -63.9889765,
            10.4379701
          ],
          [
            -63.9894041,
            10.4379282
          ],
          [
            -63.9898887,
            10.4378639
          ],
          [
            -63.9902569,
            10.4378133
          ],
          [
            -63.9912738,
            10.4376277
          ],
          [
            -63.9918334,
            10.4375356
          ],
          [
            -63.992085,
            10.4373539
          ],
          [
            -63.9922449,
            10.4370567
          ],
          [
            -63.9923292,
            10.4367701
          ],
          [
            -63.9923048,
            10.4363854
          ],
          [
            -63.9922181,
            10.4359463
          ],
          [
            -63.9921707,
            10.4357062
          ],
          [
            -63.992161,
            10.4355368
          ],
          [
            -63.9922155,
            10.4353746
          ],
          [
            -63.9923229,
            10.4352134
          ],
          [
            -63.9928472,
            10.4349163
          ],
          [
            -63.9933179,
            10.4346926
          ],
          [
            -63.9941273,
            10.4342039
          ],
          [
            -63.9943014,
            10.4341149
          ],
          [
            -63.9944935,
            10.4340992
          ],
          [
            -63.99472,
            10.434125
          ],
          [
            -63.9949665,
            10.4342597
          ],
          [
            -63.9951347,
            10.4343488
          ],
          [
            -63.9953701,
            10.4343549
          ],
          [
            -63.9955722,
            10.4343289
          ],
          [
            -63.995804,
            10.434193
          ],
          [
            -63.9959828,
            10.4339413
          ],
          [
            -63.99618,
            10.4334256
          ],
          [
            -63.9962857,
            10.4327321
          ],
          [
            -63.9963095,
            10.4318835
          ],
          [
            -63.9962699,
            10.4313006
          ],
          [
            -63.9962373,
            10.4305213
          ],
          [
            -63.9962863,
            10.4299913
          ],
          [
            -63.9964686,
            10.4287224
          ],
          [
            -63.9966788,
            10.4281436
          ],
          [
            -63.9969589,
            10.4278496
          ],
          [
            -63.9971595,
            10.4275815
          ],
          [
            -63.9973166,
            10.427155
          ],
          [
            -63.9974341,
            10.426906
          ],
          [
            -63.9976524,
            10.4266789
          ],
          [
            -63.9979392,
            10.426477
          ],
          [
            -63.9981787,
            10.4263222
          ],
          [
            -63.9984325,
            10.4261402
          ],
          [
            -63.998565,
            10.4259531
          ],
          [
            -63.9986219,
            10.4257367
          ],
          [
            -63.9986744,
            10.425289
          ],
          [
            -63.9987527,
            10.4250748
          ],
          [
            -63.999104,
            10.4246258
          ],
          [
            -63.9993863,
            10.4242926
          ],
          [
            -63.9995122,
            10.4240853
          ],
          [
            -63.9996404,
            10.4238665
          ],
          [
            -63.9997293,
            10.4237247
          ],
          [
            -63.9998753,
            10.4236687
          ],
          [
            -64.0001473,
            10.423635
          ],
          [
            -64.0007505,
            10.4234954
          ],
          [
            -64.0015046,
            10.4232384
          ],
          [
            -64.0019932,
            10.4231888
          ],
          [
            -64.0023328,
            10.4232102
          ],
          [
            -64.0025712,
            10.4233428
          ],
          [
            -64.0026833,
            10.4236808
          ],
          [
            -64.0027782,
            10.4242194
          ],
          [
            -64.0028451,
            10.4244919
          ],
          [
            -64.0029464,
            10.4246296
          ],
          [
            -64.0031116,
            10.4247105
          ],
          [
            -64.0036346,
            10.4247729
          ],
          [
            -64.0038843,
            10.4248569
          ],
          [
            -64.0041368,
            10.4250882
          ],
          [
            -64.0044513,
            10.4252851
          ],
          [
            -64.0047339,
            10.425357
          ],
          [
            -64.0051435,
            10.4254005
          ],
          [
            -64.0055621,
            10.4254157
          ],
          [
            -64.0059925,
            10.4255108
          ],
          [
            -64.0064588,
            10.4256322
          ],
          [
            -64.0067456,
            10.4256376
          ],
          [
            -64.0072494,
            10.425542
          ],
          [
            -64.0087598,
            10.4252526
          ],
          [
            -64.0092321,
            10.4251845
          ],
          [
            -64.0096996,
            10.4251676
          ],
          [
            -64.0100239,
            10.4252527
          ],
          [
            -64.010284,
            10.4253308
          ],
          [
            -64.0104798,
            10.425357
          ],
          [
            -64.0107377,
            10.4253142
          ],
          [
            -64.0111993,
            10.4251303
          ],
          [
            -64.0119274,
            10.424878
          ],
          [
            -64.0124297,
            10.4245558
          ],
          [
            -64.0131213,
            10.423921
          ],
          [
            -64.0132886,
            10.4236058
          ],
          [
            -64.0134902,
            10.4235146
          ],
          [
            -64.0137638,
            10.4235087
          ],
          [
            -64.0142102,
            10.4235091
          ],
          [
            -64.0149016,
            10.4233803
          ],
          [
            -64.0156653,
            10.4231942
          ],
          [
            -64.0163473,
            10.4228963
          ],
          [
            -64.0167322,
            10.4225327
          ],
          [
            -64.01704,
            10.4221254
          ],
          [
            -64.0171962,
            10.422052
          ],
          [
            -64.0174655,
            10.4220404
          ],
          [
            -64.0179026,
            10.4220637
          ],
          [
            -64.0193656,
            10.4224806
          ],
          [
            -64.0198597,
            10.4225842
          ],
          [
            -64.020203,
            10.4225639
          ],
          [
            -64.0207858,
            10.422423
          ],
          [
            -64.0215348,
            10.4220942
          ],
          [
            -64.0221823,
            10.421946
          ],
          [
            -64.023251,
            10.4217138
          ],
          [
            -64.0237168,
            10.4215124
          ],
          [
            -64.024487,
            10.4209267
          ],
          [
            -64.0250402,
            10.4205175
          ],
          [
            -64.0254048,
            10.4203707
          ],
          [
            -64.0256827,
            10.4203367
          ],
          [
            -64.0259629,
            10.4204158
          ],
          [
            -64.0267136,
            10.4207683
          ],
          [
            -64.0269288,
            10.4208648
          ],
          [
            -64.0271401,
            10.4210495
          ],
          [
            -64.0273443,
            10.4213192
          ],
          [
            -64.0277933,
            10.4220598
          ],
          [
            -64.0280469,
            10.4225268
          ],
          [
            -64.0283531,
            10.4231268
          ],
          [
            -64.0284985,
            10.4234329
          ],
          [
            -64.028701,
            10.4236437
          ],
          [
            -64.0289431,
            10.4238083
          ],
          [
            -64.029154,
            10.423979
          ],
          [
            -64.0293467,
            10.4242276
          ],
          [
            -64.0297029,
            10.4250098
          ],
          [
            -64.0300484,
            10.4258983
          ],
          [
            -64.0301281,
            10.4261532
          ],
          [
            -64.0301494,
            10.4264522
          ],
          [
            -64.0301182,
            10.4267934
          ],
          [
            -64.0298936,
            10.4273702
          ],
          [
            -64.0297364,
            10.4277986
          ],
          [
            -64.0296836,
            10.4281104
          ],
          [
            -64.0297011,
            10.4283702
          ],
          [
            -64.0297178,
            10.4286153
          ],
          [
            -64.0296601,
            10.4288593
          ],
          [
            -64.0293862,
            10.4292069
          ],
          [
            -64.0291579,
            10.4295096
          ],
          [
            -64.0290937,
            10.4296537
          ],
          [
            -64.0291083,
            10.4298409
          ],
          [
            -64.0291935,
            10.4300637
          ],
          [
            -64.0294396,
            10.4302977
          ],
          [
            -64.0298916,
            10.4305509
          ],
          [
            -64.0305785,
            10.4308399
          ],
          [
            -64.0315188,
            10.4313307
          ],
          [
            -64.032129,
            10.4316123
          ],
          [
            -64.0328125,
            10.4317198
          ],
          [
            -64.0341932,
            10.4318258
          ],
          [
            -64.0348241,
            10.4318286
          ],
          [
            -64.0351581,
            10.4319121
          ],
          [
            -64.035331,
            10.4320393
          ],
          [
            -64.0355573,
            10.4324075
          ],
          [
            -64.035709,
            10.4326369
          ],
          [
            -64.0359764,
            10.4328514
          ],
          [
            -64.0363736,
            10.4331831
          ],
          [
            -64.0366956,
            10.4333429
          ],
          [
            -64.0369154,
            10.4334449
          ],
          [
            -64.0370727,
            10.4335788
          ],
          [
            -64.0372138,
            10.4337361
          ],
          [
            -64.0376083,
            10.4344155
          ],
          [
            -64.0379674,
            10.434976
          ],
          [
            -64.0382242,
            10.4352409
          ],
          [
            -64.0384321,
            10.4353274
          ],
          [
            -64.0387843,
            10.4353362
          ],
          [
            -64.0394587,
            10.435201
          ],
          [
            -64.0405531,
            10.4349917
          ],
          [
            -64.0419624,
            10.4348667
          ],
          [
            -64.0428464,
            10.4347207
          ],
          [
            -64.0431723,
            10.4345885
          ],
          [
            -64.0435935,
            10.4343854
          ],
          [
            -64.0441785,
            10.4338479
          ],
          [
            -64.045096,
            10.4329686
          ],
          [
            -64.0456183,
            10.4326532
          ],
          [
            -64.0471515,
            10.431958
          ],
          [
            -64.0481544,
            10.4314626
          ],
          [
            -64.048626,
            10.4312501
          ],
          [
            -64.0493563,
            10.43103
          ],
          [
            -64.0497921,
            10.4309157
          ],
          [
            -64.0509367,
            10.4306214
          ],
          [
            -64.0515925,
            10.4304906
          ],
          [
            -64.0519594,
            10.4304602
          ],
          [
            -64.0523925,
            10.4304504
          ],
          [
            -64.0527828,
            10.430476
          ],
          [
            -64.0532755,
            10.4305764
          ],
          [
            -64.0536638,
            10.4307042
          ],
          [
            -64.0542209,
            10.4309117
          ],
          [
            -64.0545241,
            10.4310061
          ],
          [
            -64.0548701,
            10.4310647
          ],
          [
            -64.0551444,
            10.431077
          ],
          [
            -64.0553135,
            10.4310982
          ],
          [
            -64.0555192,
            10.4311848
          ],
          [
            -64.0558357,
            10.4313777
          ],
          [
            -64.0561303,
            10.4314594
          ],
          [
            -64.05643,
            10.4314829
          ],
          [
            -64.0568184,
            10.4314896
          ],
          [
            -64.0571398,
            10.4314575
          ],
          [
            -64.0580159,
            10.4313603
          ],
          [
            -64.0584796,
            10.4313559
          ],
          [
            -64.0589153,
            10.431365
          ],
          [
            -64.059322,
            10.4313273
          ],
          [
            -64.0598355,
            10.4312399
          ],
          [
            -64.0602099,
            10.4311219
          ],
          [
            -64.0604531,
            10.4309465
          ],
          [
            -64.0607754,
            10.4306587
          ],
          [
            -64.0611235,
            10.4304213
          ],
          [
            -64.0616906,
            10.4300923
          ],
          [
            -64.0618985,
            10.4299292
          ],
          [
            -64.0619868,
            10.4297893
          ],
          [
            -64.062008,
            10.4295808
          ],
          [
            -64.0619228,
            10.429091
          ],
          [
            -64.061812,
            10.4286142
          ],
          [
            -64.0617919,
            10.42838
          ],
          [
            -64.0618615,
            10.4281975
          ],
          [
            -64.0619759,
            10.4280021
          ],
          [
            -64.0621035,
            10.4278953
          ],
          [
            -64.062267,
            10.4278253
          ],
          [
            -64.0628441,
            10.4277115
          ],
          [
            -64.0636177,
            10.4274569
          ],
          [
            -64.0644817,
            10.4271138
          ],
          [
            -64.0648823,
            10.4269984
          ],
          [
            -64.0651922,
            10.4269443
          ],
          [
            -64.0659199,
            10.4268207
          ],
          [
            -64.0669247,
            10.4266904
          ],
          [
            -64.068078,
            10.4265497
          ],
          [
            -64.0707147,
            10.426415
          ],
          [
            -64.071113,
            10.4264091
          ],
          [
            -64.0713264,
            10.4263408
          ],
          [
            -64.0714889,
            10.4261987
          ],
          [
            -64.0718479,
            10.4254529
          ],
          [
            -64.0721545,
            10.4248532
          ],
          [
            -64.0724628,
            10.4243953
          ],
          [
            -64.0729691,
            10.4239856
          ],
          [
            -64.0733674,
            10.4237358
          ],
          [
            -64.0737125,
            10.4234365
          ],
          [
            -64.0741927,
            10.4229058
          ],
          [
            -64.0746153,
            10.4225905
          ],
          [
            -64.0751251,
            10.4219697
          ],
          [
            -64.0754835,
            10.4217014
          ],
          [
            -64.0761375,
            10.4213734
          ],
          [
            -64.0767638,
            10.4211062
          ],
          [
            -64.0771497,
            10.4209539
          ],
          [
            -64.0775989,
            10.4209144
          ],
          [
            -64.0781694,
            10.4209264
          ],
          [
            -64.0787485,
            10.4206867
          ],
          [
            -64.0792989,
            10.4204909
          ],
          [
            -64.0794122,
            10.420433
          ],
          [
            -64.0795362,
            10.4203066
          ],
          [
            -64.0795947,
            10.4201571
          ],
          [
            -64.0798088,
            10.4199126
          ],
          [
            -64.0800669,
            10.4196909
          ],
          [
            -64.0805829,
            10.4193732
          ],
          [
            -64.0807905,
            10.4192841
          ],
          [
            -64.0809928,
            10.4192584
          ],
          [
            -64.0814691,
            10.419346
          ],
          [
            -64.0818172,
            10.4195196
          ],
          [
            -64.0822526,
            10.4198385
          ],
          [
            -64.0825305,
            10.4201305
          ],
          [
            -64.0828129,
            10.4205789
          ],
          [
            -64.0831181,
            10.4211044
          ],
          [
            -64.083374,
            10.4214179
          ],
          [
            -64.0838625,
            10.4217397
          ],
          [
            -64.0845661,
            10.4220805
          ],
          [
            -64.0852921,
            10.4223674
          ],
          [
            -64.0855851,
            10.4223714
          ],
          [
            -64.0858131,
            10.422306
          ],
          [
            -64.0859657,
            10.422113
          ],
          [
            -64.086093,
            10.4216985
          ],
          [
            -64.0862538,
            10.4212549
          ],
          [
            -64.0863472,
            10.4210722
          ],
          [
            -64.0865686,
            10.420886
          ],
          [
            -64.0867029,
            10.4207209
          ],
          [
            -64.0868868,
            10.4202335
          ],
          [
            -64.0870518,
            10.4198567
          ],
          [
            -64.0872193,
            10.4196926
          ],
          [
            -64.0875632,
            10.4195112
          ],
          [
            -64.0884319,
            10.4191484
          ],
          [
            -64.0888634,
            10.4190302
          ],
          [
            -64.0892631,
            10.4189865
          ],
          [
            -64.0896392,
            10.4189716
          ],
          [
            -64.0905444,
            10.4189542
          ],
          [
            -64.0908273,
            10.4189165
          ],
          [
            -64.0910784,
            10.4188078
          ],
          [
            -64.0916414,
            10.4184543
          ],
          [
            -64.0928014,
            10.4176089
          ],
          [
            -64.093038,
            10.4173921
          ],
          [
            -64.0931639,
            10.4171839
          ],
          [
            -64.0932177,
            10.416967
          ],
          [
            -64.0932303,
            10.416549
          ],
          [
            -64.0932433,
            10.4158675
          ],
          [
            -64.0932783,
            10.4154074
          ],
          [
            -64.0933388,
            10.4151105
          ],
          [
            -64.0934647,
            10.414749
          ],
          [
            -64.0938081,
            10.4140095
          ],
          [
            -64.0940726,
            10.4135274
          ],
          [
            -64.0941842,
            10.4134193
          ],
          [
            -64.0942883,
            10.4133661
          ],
          [
            -64.0944081,
            10.4133468
          ],
          [
            -64.0947068,
            10.4133196
          ],
          [
            -64.0952671,
            10.4133301
          ],
          [
            -64.0960289,
            10.4133842
          ],
          [
            -64.0963144,
            10.4133847
          ],
          [
            -64.0965087,
            10.4133628
          ],
          [
            -64.0967206,
            10.413276
          ],
          [
            -64.0972255,
            10.4130228
          ],
          [
            -64.1011412,
            10.4108391
          ],
          [
            -64.1013212,
            10.410746
          ],
          [
            -64.1015128,
            10.4106804
          ],
          [
            -64.1016788,
            10.4106577
          ],
          [
            -64.1019369,
            10.4106437
          ],
          [
            -64.1051448,
            10.4110111
          ],
          [
            -64.1066774,
            10.4111509
          ],
          [
            -64.1078795,
            10.4113674
          ],
          [
            -64.1087725,
            10.4115766
          ],
          [
            -64.1090421,
            10.4116076
          ],
          [
            -64.1092209,
            10.4115983
          ],
          [
            -64.1094076,
            10.4115704
          ],
          [
            -64.1096085,
            10.4114919
          ],
          [
            -64.1097946,
            10.4113796
          ],
          [
            -64.1101988,
            10.4110247
          ],
          [
            -64.1107326,
            10.4104432
          ],
          [
            -64.1110334,
            10.410211
          ],
          [
            -64.1119861,
            10.4096151
          ],
          [
            -64.1131298,
            10.408938
          ],
          [
            -64.1132655,
            10.4088754
          ],
          [
            -64.1133803,
            10.4088662
          ],
          [
            -64.1135856,
            10.4088796
          ],
          [
            -64.1142194,
            10.4090193
          ],
          [
            -64.1145335,
            10.4090324
          ],
          [
            -64.1148963,
            10.4089782
          ],
          [
            -64.1162086,
            10.40851
          ],
          [
            -64.1170575,
            10.4083287
          ],
          [
            -64.1178329,
            10.4081548
          ],
          [
            -64.117958,
            10.4080669
          ],
          [
            -64.118109,
            10.4077655
          ],
          [
            -64.1182806,
            10.4075309
          ],
          [
            -64.1184587,
            10.4073886
          ],
          [
            -64.1192576,
            10.4070118
          ],
          [
            -64.1202025,
            10.4066304
          ],
          [
            -64.120548,
            10.4063812
          ],
          [
            -64.1207684,
            10.4061002
          ],
          [
            -64.1209277,
            10.4057781
          ],
          [
            -64.1209835,
            10.4054831
          ],
          [
            -64.1209886,
            10.4052426
          ],
          [
            -64.1209294,
            10.4050234
          ],
          [
            -64.120609,
            10.404583
          ],
          [
            -64.1205203,
            10.4043582
          ],
          [
            -64.1204882,
            10.4042051
          ],
          [
            -64.1204917,
            10.4039771
          ],
          [
            -64.1205245,
            10.4038101
          ],
          [
            -64.1207688,
            10.4034679
          ],
          [
            -64.1213944,
            10.4026047
          ],
          [
            -64.1221387,
            10.4017956
          ],
          [
            -64.1236975,
            10.3997335
          ],
          [
            -64.124889,
            10.3982464
          ],
          [
            -64.1264505,
            10.3967209
          ],
          [
            -64.1272185,
            10.3960949
          ],
          [
            -64.1275814,
            10.3958508
          ],
          [
            -64.1280616,
            10.3955744
          ],
          [
            -64.1285627,
            10.3952479
          ],
          [
            -64.1289596,
            10.3949579
          ],
          [
            -64.1292212,
            10.3946882
          ],
          [
            -64.1297362,
            10.394032
          ],
          [
            -64.1303893,
            10.3930818
          ],
          [
            -64.1305193,
            10.3929536
          ],
          [
            -64.1306958,
            10.3928421
          ],
          [
            -64.1308492,
            10.3928117
          ],
          [
            -64.1310949,
            10.392834
          ],
          [
            -64.13178,
            10.3928849
          ],
          [
            -64.1321787,
            10.3929001
          ],
          [
            -64.1326246,
            10.3929441
          ],
          [
            -64.133002,
            10.3930611
          ],
          [
            -64.1334072,
            10.3932081
          ],
          [
            -64.1336696,
            10.3932418
          ],
          [
            -64.133891,
            10.393234
          ],
          [
            -64.1342126,
            10.3931522
          ],
          [
            -64.1353279,
            10.3926497
          ],
          [
            -64.1357211,
            10.3925218
          ],
          [
            -64.1359263,
            10.392512
          ],
          [
            -64.1361459,
            10.3925255
          ],
          [
            -64.1364511,
            10.3925507
          ],
          [
            -64.1366918,
            10.3925464
          ],
          [
            -64.1369363,
            10.3924845
          ],
          [
            -64.1374083,
            10.3922999
          ],
          [
            -64.1378471,
            10.392037
          ],
          [
            -64.1388067,
            10.3911314
          ],
          [
            -64.1396028,
            10.3904025
          ],
          [
            -64.1397703,
            10.3902176
          ],
          [
            -64.1398318,
            10.3900684
          ],
          [
            -64.1398552,
            10.389784
          ],
          [
            -64.1398532,
            10.3892913
          ],
          [
            -64.1398594,
            10.3889182
          ],
          [
            -64.1399155,
            10.388726
          ],
          [
            -64.1400421,
            10.3885046
          ],
          [
            -64.1407164,
            10.3876627
          ],
          [
            -64.1411929,
            10.3871819
          ],
          [
            -64.1422207,
            10.386396
          ],
          [
            -64.1430333,
            10.3859845
          ],
          [
            -64.1436544,
            10.3857725
          ],
          [
            -64.1442164,
            10.385645
          ],
          [
            -64.1445031,
            10.3856641
          ],
          [
            -64.1449439,
            10.3858252
          ],
          [
            -64.1455911,
            10.3861058
          ],
          [
            -64.1460973,
            10.3862756
          ],
          [
            -64.1465098,
            10.3864407
          ],
          [
            -64.1467241,
            10.3865703
          ],
          [
            -64.1468942,
            10.3867729
          ],
          [
            -64.1470655,
            10.3871633
          ],
          [
            -64.1471913,
            10.3876545
          ],
          [
            -64.1474212,
            10.3882728
          ],
          [
            -64.1477103,
            10.3887222
          ],
          [
            -64.1479193,
            10.3889419
          ],
          [
            -64.1481591,
            10.3890869
          ],
          [
            -64.1484849,
            10.3891587
          ],
          [
            -64.1495313,
            10.3891499
          ],
          [
            -64.1517344,
            10.3891132
          ],
          [
            -64.1531329,
            10.3890421
          ],
          [
            -64.1545111,
            10.3888813
          ],
          [
            -64.157259,
            10.3888583
          ],
          [
            -64.1582136,
            10.3887937
          ],
          [
            -64.1586504,
            10.3887402
          ],
          [
            -64.160222,
            10.3885949
          ],
          [
            -64.160896,
            10.3886268
          ],
          [
            -64.1611873,
            10.3886938
          ],
          [
            -64.1615368,
            10.3888458
          ],
          [
            -64.161698,
            10.3891082
          ],
          [
            -64.1617994,
            10.3895192
          ],
          [
            -64.161798,
            10.3898995
          ],
          [
            -64.1616398,
            10.3904628
          ],
          [
            -64.1611926,
            10.3912998
          ],
          [
            -64.1609796,
            10.3917083
          ],
          [
            -64.160853,
            10.3921297
          ],
          [
            -64.1607194,
            10.3924282
          ],
          [
            -64.1604522,
            10.3929111
          ],
          [
            -64.1601794,
            10.3933548
          ],
          [
            -64.1600763,
            10.3936658
          ],
          [
            -64.1600674,
            10.393945
          ],
          [
            -64.1600901,
            10.3942625
          ],
          [
            -64.1600687,
            10.3945598
          ],
          [
            -64.1600616,
            10.3948036
          ],
          [
            -64.1600685,
            10.3950149
          ],
          [
            -64.1601072,
            10.3951704
          ],
          [
            -64.1603862,
            10.3960804
          ],
          [
            -64.160439,
            10.3963791
          ],
          [
            -64.1604297,
            10.3965442
          ],
          [
            -64.1603992,
            10.3966879
          ],
          [
            -64.1603216,
            10.3968047
          ],
          [
            -64.1599383,
            10.3971713
          ],
          [
            -64.1596107,
            10.3975079
          ],
          [
            -64.1593047,
            10.397892
          ],
          [
            -64.1585558,
            10.3987224
          ],
          [
            -64.1579958,
            10.3992727
          ],
          [
            -64.1578554,
            10.3993751
          ],
          [
            -64.1576819,
            10.3994254
          ],
          [
            -64.1573415,
            10.3994512
          ],
          [
            -64.1568391,
            10.3994928
          ],
          [
            -64.1563399,
            10.3994939
          ],
          [
            -64.1557974,
            10.3993671
          ],
          [
            -64.1551347,
            10.3991505
          ],
          [
            -64.154666,
            10.3990176
          ],
          [
            -64.1544398,
            10.399021
          ],
          [
            -64.1542757,
            10.399083
          ],
          [
            -64.1541055,
            10.3992314
          ],
          [
            -64.1540071,
            10.3994227
          ],
          [
            -64.1539914,
            10.3996119
          ],
          [
            -64.1540207,
            10.3997752
          ],
          [
            -64.1541119,
            10.3999174
          ],
          [
            -64.1542681,
            10.4000589
          ],
          [
            -64.1544817,
            10.4001076
          ],
          [
            -64.1547024,
            10.4000879
          ],
          [
            -64.1549641,
            10.4000572
          ],
          [
            -64.1551861,
            10.4000924
          ],
          [
            -64.1557621,
            10.4003052
          ]
        ]
      },
      "properties": {
        "id": "OSM-W565572145",
        "nombre": "Gasoducto Nororietal José Francisco Bermúdez",
        "tipo": "ducto",
        "sector": "midstream",
        "fluido": "gas",
        "estado": "desconocido",
        "operadora": "PDVSA",
        "diametro": "900",
        "ubicacion": "underground",
        "fuente": "OpenStreetMap contributors (ODbL), consulta Overpass 2026-09-08",
        "confianza": "baja",
        "ultima_verificacion": "2026-09-08"
      }
    },
    {
      "type": "Feature",
      "geometry": {
        "type": "LineString",
        "coordinates": [
          [
            -64.1559847,
            10.4005779
          ],
          [
            -64.1554231,
            10.4003794
          ],
          [
            -64.1555307,
            10.4000851
          ],
          [
            -64.1560232,
            10.4002591
          ],
          [
            -64.1559425,
            10.40048
          ],
          [
            -64.1560116,
            10.4005044
          ],
          [
            -64.1559847,
            10.4005779
          ]
        ]
      },
      "properties": {
        "id": "OSM-W565574528",
        "nombre": "Estación de Bombeo Cumaná",
        "tipo": "ducto",
        "sector": "midstream",
        "fluido": "gas",
        "estado": "desconocido",
        "operadora": "PDVSA",
        "diametro": null,
        "ubicacion": null,
        "fuente": "OpenStreetMap contributors (ODbL), consulta Overpass 2026-09-08",
        "confianza": "baja",
        "ultima_verificacion": "2026-09-08"
      }
    },
    {
      "type": "Feature",
      "geometry": {
        "type": "LineString",
        "coordinates": [
          [
            -63.0779129,
            10.5757232
          ],
          [
            -63.0833106,
            10.5747619
          ],
          [
            -63.0926662,
            10.5727791
          ],
          [
            -63.0931597,
            10.5725682
          ],
          [
            -63.0935674,
            10.5721885
          ],
          [
            -63.0968719,
            10.5678432
          ],
          [
            -63.10288,
            10.5599752
          ],
          [
            -63.1037813,
            10.5584775
          ],
          [
            -63.1051116,
            10.5558828
          ],
          [
            -63.1055193,
            10.5552289
          ],
          [
            -63.1079226,
            10.5525921
          ],
          [
            -63.11024,
            10.5500818
          ],
          [
            -63.1141453,
            10.5444705
          ],
          [
            -63.1187402,
            10.5380099
          ],
          [
            -63.1196599,
            10.5367284
          ],
          [
            -63.1200462,
            10.5365174
          ],
          [
            -63.121162,
            10.5364331
          ],
          [
            -63.121625,
            10.5362878
          ],
          [
            -63.1220021,
            10.5362691
          ],
          [
            -63.1247883,
            10.5361799
          ],
          [
            -63.1261509,
            10.5360884
          ],
          [
            -63.1291871,
            10.5358846
          ],
          [
            -63.1296592,
            10.535758
          ],
          [
            -63.1303029,
            10.5347665
          ],
          [
            -63.1310678,
            10.5337519
          ],
          [
            -63.1328349,
            10.5294896
          ],
          [
            -63.1328846,
            10.5293257
          ],
          [
            -63.133537,
            10.5271737
          ],
          [
            -63.1363893,
            10.519575
          ],
          [
            -63.1406912,
            10.5166361
          ],
          [
            -63.1545317,
            10.5071591
          ],
          [
            -63.1556154,
            10.5053131
          ],
          [
            -63.1571465,
            10.5030998
          ],
          [
            -63.1606441,
            10.5005258
          ],
          [
            -63.1621676,
            10.4998296
          ],
          [
            -63.1626396,
            10.4994709
          ],
          [
            -63.1630606,
            10.4990018
          ],
          [
            -63.1634443,
            10.4985742
          ],
          [
            -63.1653219,
            10.4971711
          ],
          [
            -63.1695061,
            10.4949558
          ],
          [
            -63.1717806,
            10.4935211
          ],
          [
            -63.1727033,
            10.4931835
          ],
          [
            -63.1729822,
            10.4932468
          ],
          [
            -63.174892,
            10.4942384
          ],
          [
            -63.1752353,
            10.4943439
          ],
          [
            -63.1839042,
            10.4944916
          ],
          [
            -63.1884103,
            10.4941962
          ],
          [
            -63.1897407,
            10.4943439
          ],
          [
            -63.1958132,
            10.4937321
          ],
          [
            -63.1964355,
            10.4935211
          ],
          [
            -63.1972294,
            10.4931835
          ],
          [
            -63.1978946,
            10.4930991
          ],
          [
            -63.1995468,
            10.4933523
          ],
          [
            -63.2017355,
            10.4932257
          ],
          [
            -63.2021218,
            10.4930358
          ],
          [
            -63.2028728,
            10.4926982
          ],
          [
            -63.2035165,
            10.492656
          ],
          [
            -63.2042032,
            10.4926138
          ],
          [
            -63.2060271,
            10.4929725
          ],
          [
            -63.2091384,
            10.493922
          ],
          [
            -63.2114988,
            10.494787
          ],
          [
            -63.2118635,
            10.4948503
          ],
          [
            -63.2125716,
            10.494787
          ],
          [
            -63.2163008,
            10.4947325
          ],
          [
            -63.2169061,
            10.4947237
          ],
          [
            -63.2173353,
            10.4945338
          ],
          [
            -63.2178717,
            10.4943017
          ],
          [
            -63.2185154,
            10.4942595
          ],
          [
            -63.2188587,
            10.4940485
          ],
          [
            -63.2197814,
            10.4927404
          ],
          [
            -63.2200175,
            10.4924028
          ],
          [
            -63.2203608,
            10.4915378
          ],
          [
            -63.2204895,
            10.4907782
          ],
          [
            -63.2204252,
            10.4895334
          ],
          [
            -63.2204681,
            10.4891958
          ],
          [
            -63.2207685,
            10.4880353
          ],
          [
            -63.2209831,
            10.4871281
          ],
          [
            -63.2218199,
            10.4834146
          ],
          [
            -63.2222061,
            10.482655
          ],
          [
            -63.2230973,
            10.4818794
          ],
          [
            -63.2303247,
            10.4777485
          ],
          [
            -63.2318944,
            10.4754055
          ],
          [
            -63.2338029,
            10.4745949
          ],
          [
            -63.2362873,
            10.4728403
          ],
          [
            -63.2374618,
            10.4699975
          ],
          [
            -63.2372811,
            10.4695977
          ],
          [
            -63.2362421,
            10.4677099
          ],
          [
            -63.2383652,
            10.4659887
          ],
          [
            -63.2399236,
            10.4653335
          ],
          [
            -63.2429839,
            10.4656888
          ],
          [
            -63.2448247,
            10.4650892
          ],
          [
            -63.245762,
            10.4656888
          ],
          [
            -63.2508211,
            10.4660997
          ],
          [
            -63.2533055,
            10.4637677
          ],
          [
            -63.2544461,
            10.4628349
          ],
          [
            -63.2562078,
            10.4618243
          ],
          [
            -63.2564788,
            10.4608137
          ],
          [
            -63.2642934,
            10.453451
          ],
          [
            -63.2687944,
            10.4518779
          ],
          [
            -63.2696312,
            10.4516563
          ],
          [
            -63.2733327,
            10.4506962
          ],
          [
            -63.2741569,
            10.450486
          ],
          [
            -63.2750707,
            10.450253
          ],
          [
            -63.2754484,
            10.4502662
          ],
          [
            -63.2761114,
            10.4503163
          ],
          [
            -63.2767788,
            10.450224
          ],
          [
            -63.2778388,
            10.449831
          ],
          [
            -63.2787722,
            10.4492824
          ],
          [
            -63.2793859,
            10.4491056
          ],
          [
            -63.2799953,
            10.4490924
          ],
          [
            -63.2803815,
            10.4492613
          ],
          [
            -63.2806712,
            10.4495039
          ],
          [
            -63.2810274,
            10.4498125
          ],
          [
            -63.2815209,
            10.4499814
          ],
          [
            -63.2823771,
            10.4501581
          ],
          [
            -63.2832568,
            10.4503058
          ],
          [
            -63.2841924,
            10.4504456
          ],
          [
            -63.285703,
            10.4506118
          ],
          [
            -63.2866171,
            10.4508254
          ],
          [
            -63.2872072,
            10.4511103
          ],
          [
            -63.287881,
            10.4515191
          ],
          [
            -63.288838,
            10.4519016
          ],
          [
            -63.2910245,
            10.4529857
          ],
          [
            -63.2918077,
            10.4533339
          ],
          [
            -63.2938054,
            10.4544232
          ],
          [
            -63.2958332,
            10.4553728
          ],
          [
            -63.296831,
            10.4559003
          ],
          [
            -63.2977944,
            10.456383
          ],
          [
            -63.3011225,
            10.458021
          ],
          [
            -63.3031932,
            10.4589917
          ],
          [
            -63.3042639,
            10.4595593
          ],
          [
            -63.3051673,
            10.4598041
          ],
          [
            -63.3063453,
            10.4603506
          ],
          [
            -63.3067315,
            10.4603928
          ],
          [
            -63.3073323,
            10.4602029
          ],
          [
            -63.3081713,
            10.4600151
          ],
          [
            -63.3088236,
            10.460013
          ],
          [
            -63.3098772,
            10.4602155
          ],
          [
            -63.3107677,
            10.4603949
          ],
          [
            -63.3115938,
            10.4603949
          ],
          [
            -63.3140164,
            10.4598125
          ],
          [
            -63.3153253,
            10.4596332
          ],
          [
            -63.316484,
            10.4595593
          ],
          [
            -63.316851,
            10.4596036
          ],
          [
            -63.3171063,
            10.4597809
          ],
          [
            -63.31772,
            10.4603105
          ],
          [
            -63.3192735,
            10.4617955
          ],
          [
            -63.3199173,
            10.4622703
          ],
          [
            -63.3203593,
            10.4624206
          ],
          [
            -63.3208957,
            10.4623995
          ],
          [
            -63.3214944,
            10.4622386
          ],
          [
            -63.3235007,
            10.4613946
          ],
          [
            -63.3249481,
            10.460656
          ],
          [
            -63.3251744,
            10.4605405
          ],
          [
            -63.3261743,
            10.4600573
          ],
          [
            -63.3269468,
            10.459899
          ],
          [
            -63.3284917,
            10.4596353
          ],
          [
            -63.32879,
            10.4595804
          ],
          [
            -63.3293694,
            10.4591478
          ],
          [
            -63.3303993,
            10.4584304
          ],
          [
            -63.3310849,
            10.4580667
          ],
          [
            -63.3316332,
            10.4577757
          ],
          [
            -63.3326953,
            10.4572904
          ],
          [
            -63.3335879,
            10.4570082
          ],
          [
            -63.3341888,
            10.4568394
          ],
          [
            -63.3349805,
            10.4563725
          ],
          [
            -63.3360105,
            10.4558661
          ],
          [
            -63.3371506,
            10.4553952
          ],
          [
            -63.3376198,
            10.4552014
          ],
          [
            -63.3386927,
            10.4546844
          ],
          [
            -63.3398107,
            10.4539696
          ],
          [
            -63.3414415,
            10.4531572
          ],
          [
            -63.3417132,
            10.4530904
          ],
          [
            -63.3418277,
            10.4530622
          ],
          [
            -63.3424392,
            10.4530411
          ],
          [
            -63.3429199,
            10.452933
          ],
          [
            -63.3449154,
            10.4519412
          ],
          [
            -63.345248,
            10.4518884
          ],
          [
            -63.3454841,
            10.4519517
          ],
          [
            -63.345733,
            10.4521126
          ],
          [
            -63.3462351,
            10.4524687
          ],
          [
            -63.3472221,
            10.4532917
          ],
          [
            -63.3480375,
            10.4540408
          ],
          [
            -63.3481208,
            10.4541468
          ],
          [
            -63.3485847,
            10.4547371
          ],
          [
            -63.3492842,
            10.4554678
          ],
          [
            -63.3504408,
            10.4566257
          ],
          [
            -63.3519214,
            10.4578918
          ],
          [
            -63.3522561,
            10.4582004
          ],
          [
            -63.3525458,
            10.458633
          ],
          [
            -63.3529192,
            10.4591795
          ],
          [
            -63.3533054,
            10.4596226
          ],
          [
            -63.354625,
            10.4609092
          ],
          [
            -63.3555391,
            10.4618509
          ],
          [
            -63.3559254,
            10.4622729
          ],
          [
            -63.3562773,
            10.4625973
          ],
          [
            -63.357039,
            10.4631987
          ],
          [
            -63.3574896,
            10.4636735
          ],
          [
            -63.3577493,
            10.4640665
          ],
          [
            -63.3580905,
            10.4647285
          ],
          [
            -63.358511,
            10.4655541
          ],
          [
            -63.3587771,
            10.4660579
          ],
          [
            -63.3590882,
            10.466301
          ],
          [
            -63.3594423,
            10.4666175
          ],
          [
            -63.3601504,
            10.4670185
          ],
          [
            -63.3617812,
            10.4678519
          ],
          [
            -63.3621245,
            10.4680946
          ],
          [
            -63.3624249,
            10.4684955
          ],
          [
            -63.3629828,
            10.4689803
          ],
          [
            -63.3633497,
            10.4693205
          ],
          [
            -63.3638089,
            10.4695816
          ],
          [
            -63.3641766,
            10.4696313
          ],
          [
            -63.3643561,
            10.4696555
          ],
          [
            -63.3646672,
            10.4698032
          ],
          [
            -63.3651715,
            10.4701303
          ],
          [
            -63.3654097,
            10.4704177
          ],
          [
            -63.365753,
            10.4711141
          ],
          [
            -63.366062,
            10.4719032
          ],
          [
            -63.3661476,
            10.4720278
          ],
          [
            -63.3663302,
            10.4722936
          ],
          [
            -63.3666521,
            10.4725679
          ],
          [
            -63.3669761,
            10.4727599
          ],
          [
            -63.367328,
            10.473127
          ],
          [
            -63.3675426,
            10.4734013
          ],
          [
            -63.3678001,
            10.473644
          ],
          [
            -63.3681064,
            10.4737305
          ],
          [
            -63.3687657,
            10.4736545
          ],
          [
            -63.3710209,
            10.4735089
          ],
          [
            -63.3725658,
            10.4734351
          ],
          [
            -63.3731344,
            10.4733507
          ],
          [
            -63.3754304,
            10.4729287
          ],
          [
            -63.3769839,
            10.4726734
          ],
          [
            -63.3790313,
            10.4724141
          ],
          [
            -63.3811831,
            10.4719937
          ],
          [
            -63.3817861,
            10.471875
          ],
          [
            -63.3825093,
            10.4716922
          ],
          [
            -63.3828869,
            10.4716416
          ],
          [
            -63.3838418,
            10.4717365
          ],
          [
            -63.3855026,
            10.471956
          ],
          [
            -63.3869321,
            10.4722271
          ],
          [
            -63.3875176,
            10.4724103
          ],
          [
            -63.388062,
            10.4726036
          ],
          [
            -63.3892813,
            10.4731186
          ],
          [
            -63.3905473,
            10.4736566
          ],
          [
            -63.3907077,
            10.4737498
          ],
          [
            -63.3907834,
            10.4737938
          ],
          [
            -63.3915558,
            10.4739309
          ],
          [
            -63.3928412,
            10.4741504
          ],
          [
            -63.3939228,
            10.4743477
          ],
          [
            -63.3943561,
            10.4744268
          ],
          [
            -63.3961907,
            10.4747433
          ],
          [
            -63.3976691,
            10.4750471
          ],
          [
            -63.3993021,
            10.4753868
          ],
          [
            -63.4006217,
            10.4756611
          ],
          [
            -63.4012386,
            10.4759025
          ],
          [
            -63.4012633,
            10.4759122
          ],
          [
            -63.4016731,
            10.4759987
          ],
          [
            -63.402628,
            10.4759987
          ],
          [
            -63.4030679,
            10.4760515
          ],
          [
            -63.4051064,
            10.4764418
          ],
          [
            -63.4070569,
            10.4767984
          ],
          [
            -63.4095138,
            10.4770722
          ],
          [
            -63.4105116,
            10.4773254
          ],
          [
            -63.4108785,
            10.4773702
          ],
          [
            -63.4110064,
            10.4773571
          ],
          [
            -63.4111122,
            10.4773336
          ]
        ]
      },
      "properties": {
        "id": "OSM-W593540098",
        "nombre": "Gasoducto Nororietal José Francisco Bermúdez",
        "tipo": "ducto",
        "sector": "midstream",
        "fluido": "gas",
        "estado": "desconocido",
        "operadora": "PDVSA",
        "diametro": null,
        "ubicacion": "underground",
        "fuente": "OpenStreetMap contributors (ODbL), consulta Overpass 2026-09-08",
        "confianza": "baja",
        "ultima_verificacion": "2026-09-08"
      }
    },
    {
      "type": "Feature",
      "geometry": {
        "type": "LineString",
        "coordinates": [
          [
            -70.8550486,
            11.0335108
          ],
          [
            -70.8573673,
            11.0321693
          ],
          [
            -70.8603354,
            11.030416
          ],
          [
            -70.8604843,
            11.0303274
          ],
          [
            -70.8617564,
            11.0295836
          ],
          [
            -70.8627849,
            11.0289991
          ],
          [
            -70.8639848,
            11.0282863
          ],
          [
            -70.8656087,
            11.0273565
          ],
          [
            -70.8669349,
            11.0265639
          ],
          [
            -70.8676792,
            11.0261345
          ],
          [
            -70.8690776,
            11.0253375
          ],
          [
            -70.870697,
            11.0243634
          ],
          [
            -70.871906,
            11.0236815
          ],
          [
            -70.8734216,
            11.0227871
          ],
          [
            -70.8743464,
            11.0222514
          ],
          [
            -70.8755778,
            11.0215208
          ],
          [
            -70.8773867,
            11.0204582
          ],
          [
            -70.8807474,
            11.0193069
          ],
          [
            -70.8827728,
            11.0185675
          ],
          [
            -70.884117,
            11.0181203
          ],
          [
            -70.8867785,
            11.0171639
          ],
          [
            -70.8882265,
            11.0166591
          ],
          [
            -70.8902113,
            11.0159684
          ],
          [
            -70.8922547,
            11.0152555
          ],
          [
            -70.8926833,
            11.015105
          ],
          [
            -70.9079729,
            11.0097391
          ],
          [
            -70.9149901,
            11.0072689
          ],
          [
            -70.932262,
            11.0011969
          ],
          [
            -70.9402741,
            10.9983558
          ],
          [
            -70.9663207,
            10.9883269
          ],
          [
            -70.9689009,
            10.9873105
          ],
          [
            -70.9719372,
            10.9861046
          ],
          [
            -70.9753007,
            10.9848038
          ],
          [
            -70.979088,
            10.9832872
          ],
          [
            -70.9792596,
            10.9832082
          ],
          [
            -70.9793991,
            10.9830976
          ],
          [
            -70.9821028,
            10.98077
          ],
          [
            -70.9837335,
            10.9793691
          ],
          [
            -70.983991,
            10.9792533
          ],
          [
            -70.9859759,
            10.9787372
          ],
          [
            -70.9905678,
            10.9773785
          ]
        ]
      },
      "properties": {
        "id": "OSM-W836120272",
        "nombre": "Línea Maracaibo - Cardón",
        "tipo": "ducto",
        "sector": "midstream",
        "fluido": "oil",
        "estado": "desconocido",
        "operadora": "PDVSA",
        "diametro": null,
        "ubicacion": "overground",
        "fuente": "OpenStreetMap contributors (ODbL), consulta Overpass 2026-09-08",
        "confianza": "baja",
        "ultima_verificacion": "2026-09-08"
      }
    },
    {
      "type": "Feature",
      "geometry": {
        "type": "LineString",
        "coordinates": [
          [
            -70.8548411,
            11.0336304
          ],
          [
            -70.8550486,
            11.0335108
          ]
        ]
      },
      "properties": {
        "id": "OSM-W836120273",
        "nombre": "Línea Maracaibo - Cardón",
        "tipo": "ducto",
        "sector": "midstream",
        "fluido": "oil",
        "estado": "desconocido",
        "operadora": "PDVSA",
        "diametro": null,
        "ubicacion": "overground",
        "fuente": "OpenStreetMap contributors (ODbL), consulta Overpass 2026-09-08",
        "confianza": "baja",
        "ultima_verificacion": "2026-09-08"
      }
    },
    {
      "type": "Feature",
      "geometry": {
        "type": "LineString",
        "coordinates": [
          [
            -66.0754466,
            10.5510344
          ],
          [
            -66.0742369,
            10.5504886
          ],
          [
            -66.0727295,
            10.5515064
          ],
          [
            -66.070565,
            10.5530279
          ]
        ]
      },
      "properties": {
        "id": "OSM-W953609456",
        "nombre": "Guarenas - Carenero",
        "tipo": "ducto",
        "sector": "midstream",
        "fluido": "oil",
        "estado": "desconocido",
        "operadora": "PDVSA",
        "diametro": null,
        "ubicacion": "overground",
        "fuente": "OpenStreetMap contributors (ODbL), consulta Overpass 2026-09-08",
        "confianza": "baja",
        "ultima_verificacion": "2026-09-08"
      }
    },
    {
      "type": "Feature",
      "geometry": {
        "type": "LineString",
        "coordinates": [
          [
            -66.1312634,
            10.5494787
          ],
          [
            -66.1307055,
            10.5498742
          ],
          [
            -66.1283022,
            10.5502539
          ],
          [
            -66.1217415,
            10.5511135
          ],
          [
            -66.116876,
            10.5517727
          ],
          [
            -66.1124396,
            10.5523265
          ],
          [
            -66.1059809,
            10.5531386
          ],
          [
            -66.1007881,
            10.552548
          ],
          [
            -66.093235,
            10.551894
          ],
          [
            -66.0909283,
            10.550333
          ],
          [
            -66.0901666,
            10.5517358
          ],
          [
            -66.0892654,
            10.5517991
          ],
          [
            -66.0834289,
            10.551546
          ],
          [
            -66.0802102,
            10.5520206
          ],
          [
            -66.0796845,
            10.5512717
          ],
          [
            -66.0771342,
            10.5511171
          ],
          [
            -66.0757792,
            10.5510423
          ],
          [
            -66.0754466,
            10.5510344
          ]
        ]
      },
      "properties": {
        "id": "OSM-W953609457",
        "nombre": "Guarenas - Carenero",
        "tipo": "ducto",
        "sector": "midstream",
        "fluido": "oil",
        "estado": "desconocido",
        "operadora": "PDVSA",
        "diametro": null,
        "ubicacion": "underground",
        "fuente": "OpenStreetMap contributors (ODbL), consulta Overpass 2026-09-08",
        "confianza": "baja",
        "ultima_verificacion": "2026-09-08"
      }
    },
    {
      "type": "Feature",
      "geometry": {
        "type": "LineString",
        "coordinates": [
          [
            -66.1312634,
            10.5494787
          ],
          [
            -66.1295468,
            10.5483501
          ],
          [
            -66.1257541,
            10.5460296
          ],
          [
            -66.1255878,
            10.5459874
          ],
          [
            -66.1238068,
            10.5461562
          ],
          [
            -66.1222726,
            10.54623
          ],
          [
            -66.1197352,
            10.5464568
          ],
          [
            -66.1188823,
            10.5466256
          ],
          [
            -66.1152452,
            10.5473375
          ],
          [
            -66.1148375,
            10.5473692
          ],
          [
            -66.1144352,
            10.5473955
          ],
          [
            -66.1135179,
            10.5473375
          ],
          [
            -66.1122787,
            10.5470949
          ],
          [
            -66.1117074,
            10.5468919
          ],
          [
            -66.1112863,
            10.5467231
          ],
          [
            -66.1099613,
            10.5458292
          ],
          [
            -66.1081159,
            10.547174
          ],
          [
            -66.1068606,
            10.5483422
          ],
          [
            -66.1049295,
            10.5489038
          ],
          [
            -66.1036313,
            10.5497213
          ],
          [
            -66.1022419,
            10.5495894
          ],
          [
            -66.100418,
            10.5483132
          ],
          [
            -66.0991359,
            10.5477594
          ],
          [
            -66.0979396,
            10.5476223
          ],
          [
            -66.0965931,
            10.5476856
          ],
          [
            -66.0945171,
            10.5478174
          ],
          [
            -66.0914111,
            10.5469631
          ],
          [
            -66.0892493,
            10.5464832
          ],
          [
            -66.0842979,
            10.5467943
          ],
          [
            -66.0831177,
            10.5469156
          ],
          [
            -66.081031,
            10.547654
          ],
          [
            -66.0783219,
            10.5492572
          ],
          [
            -66.0774744,
            10.5498267
          ],
          [
            -66.0771342,
            10.5511171
          ],
          [
            -66.076718,
            10.5526956
          ],
          [
            -66.0761762,
            10.55461
          ],
          [
            -66.0753554,
            10.5557069
          ],
          [
            -66.0741967,
            10.5562501
          ],
          [
            -66.0725015,
            10.5567247
          ]
        ]
      },
      "properties": {
        "id": "OSM-W953609458",
        "nombre": "Guarenas - Carenero",
        "tipo": "ducto",
        "sector": "midstream",
        "fluido": "oil",
        "estado": "desconocido",
        "operadora": "PDVSA",
        "diametro": null,
        "ubicacion": "underground",
        "fuente": "OpenStreetMap contributors (ODbL), consulta Overpass 2026-09-08",
        "confianza": "baja",
        "ultima_verificacion": "2026-09-08"
      }
    },
    {
      "type": "Feature",
      "geometry": {
        "type": "LineString",
        "coordinates": [
          [
            -66.2802815,
            10.4219912
          ],
          [
            -66.2784416,
            10.4219332
          ],
          [
            -66.2776315,
            10.4217116
          ],
          [
            -66.2768376,
            10.4212737
          ],
          [
            -66.2757486,
            10.420973
          ],
          [
            -66.2725353,
            10.4199917
          ],
          [
            -66.2715215,
            10.4202133
          ],
          [
            -66.2662268,
            10.4215217
          ],
          [
            -66.2643868,
            10.4222392
          ],
          [
            -66.2642795,
            10.4223553
          ],
          [
            -66.2642151,
            10.4225505
          ],
          [
            -66.264199,
            10.4231994
          ],
          [
            -66.263625,
            10.4241438
          ],
          [
            -66.2625146,
            10.4247769
          ],
          [
            -66.2623268,
            10.4253942
          ],
          [
            -66.2605888,
            10.4260273
          ],
          [
            -66.259371,
            10.4265865
          ],
          [
            -66.2554979,
            10.4277947
          ],
          [
            -66.2536579,
            10.4286547
          ],
          [
            -66.2526923,
            10.4284067
          ],
          [
            -66.2521988,
            10.4283328
          ],
          [
            -66.2519091,
            10.4283487
          ],
          [
            -66.2518233,
            10.4284278
          ],
          [
            -66.2509543,
            10.4291928
          ],
          [
            -66.250906,
            10.4292825
          ],
          [
            -66.2513754,
            10.4310472
          ],
          [
            -66.2514102,
            10.4311923
          ],
          [
            -66.2514022,
            10.4313031
          ],
          [
            -66.2513727,
            10.4314113
          ],
          [
            -66.2511581,
            10.4316618
          ],
          [
            -66.2508443,
            10.4320786
          ],
          [
            -66.250847,
            10.4323266
          ],
          [
            -66.2509114,
            10.4334239
          ],
          [
            -66.2508819,
            10.4345872
          ],
          [
            -66.2508416,
            10.434611
          ],
          [
            -66.2498117,
            10.4344949
          ],
          [
            -66.2485805,
            10.4345503
          ],
          [
            -66.2485054,
            10.434582
          ],
          [
            -66.2482989,
            10.4355923
          ],
          [
            -66.2479824,
            10.4366791
          ],
          [
            -66.2467539,
            10.4384042
          ],
          [
            -66.2467057,
            10.4399499
          ],
          [
            -66.2467164,
            10.4411106
          ],
          [
            -66.2465233,
            10.4422818
          ],
          [
            -66.2459922,
            10.4437009
          ],
          [
            -66.2451983,
            10.4435532
          ],
          [
            -66.2433744,
            10.44311
          ],
          [
            -66.2427843,
            10.4427407
          ],
          [
            -66.2420654,
            10.4426036
          ],
          [
            -66.2376559,
            10.4424453
          ],
          [
            -66.2364328,
            10.4423081
          ],
          [
            -66.2358642,
            10.4423609
          ],
          [
            -66.235317,
            10.4424875
          ],
          [
            -66.2341047,
            10.4428885
          ],
          [
            -66.2210798,
            10.4471722
          ],
          [
            -66.2147927,
            10.4491136
          ],
          [
            -66.2092781,
            10.4518568
          ],
          [
            -66.1992789,
            10.4593056
          ],
          [
            -66.1965108,
            10.4622914
          ],
          [
            -66.1913502,
            10.4700881
          ],
          [
            -66.1877561,
            10.4749306
          ],
          [
            -66.1836791,
            10.482516
          ],
          [
            -66.1825955,
            10.4838769
          ],
          [
            -66.1792696,
            10.4884976
          ],
          [
            -66.1756969,
            10.4933609
          ],
          [
            -66.1741626,
            10.4953653
          ],
          [
            -66.1702573,
            10.5009775
          ],
          [
            -66.1664057,
            10.5061782
          ],
          [
            -66.161449,
            10.5128978
          ],
          [
            -66.1583376,
            10.5171067
          ],
          [
            -66.154604,
            10.5222122
          ],
          [
            -66.154486,
            10.5224759
          ],
          [
            -66.1541212,
            10.5236995
          ],
          [
            -66.1531556,
            10.5243324
          ],
          [
            -66.14954,
            10.5292268
          ],
          [
            -66.1483732,
            10.5324466
          ],
          [
            -66.1471367,
            10.5336491
          ],
          [
            -66.1452967,
            10.5354818
          ],
          [
            -66.1428183,
            10.5379131
          ],
          [
            -66.1412036,
            10.5394953
          ],
          [
            -66.1390901,
            10.5415469
          ],
          [
            -66.1375685,
            10.5430993
          ],
          [
            -66.1360055,
            10.5446215
          ],
          [
            -66.1348039,
            10.5456605
          ],
          [
            -66.1342675,
            10.5460982
          ],
          [
            -66.1312634,
            10.5494787
          ]
        ]
      },
      "properties": {
        "id": "OSM-W953609459",
        "nombre": "Guarenas - Carenero",
        "tipo": "ducto",
        "sector": "midstream",
        "fluido": "oil",
        "estado": "desconocido",
        "operadora": "PDVSA",
        "diametro": null,
        "ubicacion": "underground",
        "fuente": "OpenStreetMap contributors (ODbL), consulta Overpass 2026-09-08",
        "confianza": "baja",
        "ultima_verificacion": "2026-09-08"
      }
    },
    {
      "type": "Feature",
      "geometry": {
        "type": "LineString",
        "coordinates": [
          [
            -66.9634536,
            10.5259331
          ],
          [
            -66.9633222,
            10.5258303
          ],
          [
            -66.963172,
            10.5258382
          ],
          [
            -66.9627267,
            10.5262338
          ],
          [
            -66.9623244,
            10.5263946
          ],
          [
            -66.9620615,
            10.5265845
          ],
          [
            -66.9620669,
            10.5267559
          ]
        ]
      },
      "properties": {
        "id": "OSM-W958710318",
        "nombre": null,
        "tipo": "ducto",
        "sector": "midstream",
        "fluido": "oil",
        "estado": "desconocido",
        "operadora": "PDVSA",
        "diametro": null,
        "ubicacion": "overground",
        "fuente": "OpenStreetMap contributors (ODbL), consulta Overpass 2026-09-08",
        "confianza": "baja",
        "ultima_verificacion": "2026-09-08"
      }
    },
    {
      "type": "Feature",
      "geometry": {
        "type": "LineString",
        "coordinates": [
          [
            -66.9828299,
            10.5428205
          ],
          [
            -66.9827843,
            10.5428324
          ],
          [
            -66.9825992,
            10.5428732
          ],
          [
            -66.9825375,
            10.5428759
          ],
          [
            -66.9824383,
            10.5428548
          ],
          [
            -66.9800913,
            10.542359
          ],
          [
            -66.9800243,
            10.5423406
          ],
          [
            -66.9799612,
            10.5423116
          ]
        ]
      },
      "properties": {
        "id": "OSM-W961047869",
        "nombre": null,
        "tipo": "ducto",
        "sector": "midstream",
        "fluido": "oil",
        "estado": "desconocido",
        "operadora": "PDVSA",
        "diametro": null,
        "ubicacion": "underground",
        "fuente": "OpenStreetMap contributors (ODbL), consulta Overpass 2026-09-08",
        "confianza": "baja",
        "ultima_verificacion": "2026-09-08"
      }
    },
    {
      "type": "Feature",
      "geometry": {
        "type": "LineString",
        "coordinates": [
          [
            -66.9829559,
            10.5427862
          ],
          [
            -66.9828299,
            10.5428205
          ]
        ]
      },
      "properties": {
        "id": "OSM-W961047870",
        "nombre": null,
        "tipo": "ducto",
        "sector": "midstream",
        "fluido": "oil",
        "estado": "desconocido",
        "operadora": "PDVSA",
        "diametro": null,
        "ubicacion": "overground",
        "fuente": "OpenStreetMap contributors (ODbL), consulta Overpass 2026-09-08",
        "confianza": "baja",
        "ultima_verificacion": "2026-09-08"
      }
    },
    {
      "type": "Feature",
      "geometry": {
        "type": "LineString",
        "coordinates": [
          [
            -66.9799612,
            10.5423116
          ],
          [
            -66.9797695,
            10.5422311
          ]
        ]
      },
      "properties": {
        "id": "OSM-W961047871",
        "nombre": null,
        "tipo": "ducto",
        "sector": "midstream",
        "fluido": "oil",
        "estado": "desconocido",
        "operadora": "PDVSA",
        "diametro": null,
        "ubicacion": "overground",
        "fuente": "OpenStreetMap contributors (ODbL), consulta Overpass 2026-09-08",
        "confianza": "baja",
        "ultima_verificacion": "2026-09-08"
      }
    },
    {
      "type": "Feature",
      "geometry": {
        "type": "LineString",
        "coordinates": [
          [
            -64.2801328,
            10.3459033
          ],
          [
            -64.2799786,
            10.3461117
          ],
          [
            -64.279359,
            10.3471012
          ],
          [
            -64.2787823,
            10.3481329
          ],
          [
            -64.2784873,
            10.3485577
          ],
          [
            -64.2783156,
            10.3487952
          ],
          [
            -64.2777443,
            10.349753
          ],
          [
            -64.2776772,
            10.3498348
          ],
          [
            -64.2772481,
            10.3501989
          ],
          [
            -64.2761323,
            10.3510247
          ],
          [
            -64.2734608,
            10.3545815
          ],
          [
            -64.2734152,
            10.354629
          ],
          [
            -64.2733187,
            10.3546976
          ],
          [
            -64.2718649,
            10.3554568
          ],
          [
            -64.2718461,
            10.355468
          ],
          [
            -64.2718267,
            10.3554832
          ],
          [
            -64.2718066,
            10.3555004
          ],
          [
            -64.2717576,
            10.3555703
          ],
          [
            -64.2712882,
            10.3567424
          ],
          [
            -64.2712426,
            10.3568955
          ],
          [
            -64.2712265,
            10.3569905
          ],
          [
            -64.2711782,
            10.3578744
          ],
          [
            -64.2711085,
            10.3582042
          ],
          [
            -64.2710173,
            10.3584284
          ],
          [
            -64.2708054,
            10.3588189
          ],
          [
            -64.2702931,
            10.3594997
          ],
          [
            -64.2701188,
            10.3596395
          ],
          [
            -64.2698881,
            10.3597741
          ],
          [
            -64.2687053,
            10.3603862
          ],
          [
            -64.2677209,
            10.3609851
          ],
          [
            -64.2675519,
            10.3611171
          ],
          [
            -64.2671791,
            10.3614574
          ],
          [
            -64.2663476,
            10.3621329
          ],
          [
            -64.2661974,
            10.3622305
          ],
          [
            -64.2660579,
            10.3622938
          ],
          [
            -64.2648402,
            10.3627767
          ],
          [
            -64.2643681,
            10.362927
          ],
          [
            -64.2641294,
            10.3629693
          ],
          [
            -64.2638424,
            10.362993
          ],
          [
            -64.2637539,
            10.3629825
          ],
          [
            -64.2636144,
            10.3629508
          ],
          [
            -64.2618281,
            10.3623677
          ],
          [
            -64.2614204,
            10.3622833
          ],
          [
            -64.2593256,
            10.36203
          ],
          [
            -64.2592263,
            10.3620326
          ],
          [
            -64.2591459,
            10.3620643
          ],
          [
            -64.2582312,
            10.362811
          ],
          [
            -64.2581373,
            10.362869
          ],
          [
            -64.2576867,
            10.3630088
          ],
          [
            -64.2566434,
            10.3632991
          ],
          [
            -64.2565253,
            10.363307
          ],
          [
            -64.2563805,
            10.3632859
          ],
          [
            -64.2560506,
            10.3631645
          ],
          [
            -64.2555276,
            10.362811
          ],
          [
            -64.2553774,
            10.3626738
          ],
          [
            -64.2553479,
            10.3626131
          ],
          [
            -64.2552942,
            10.3624284
          ],
          [
            -64.2550153,
            10.3613888
          ],
          [
            -64.2549133,
            10.3611593
          ],
          [
            -64.2547953,
            10.3610537
          ],
          [
            -64.2546397,
            10.3609588
          ],
          [
            -64.2543742,
            10.3609033
          ],
          [
            -64.2541462,
            10.3609271
          ],
          [
            -64.2540336,
            10.3609535
          ],
          [
            -64.2539182,
            10.3610458
          ],
          [
            -64.253532,
            10.3615445
          ],
          [
            -64.2533818,
            10.3616685
          ],
          [
            -64.2532074,
            10.361774
          ],
          [
            -64.2525744,
            10.3620986
          ],
          [
            -64.2524403,
            10.3621883
          ],
          [
            -64.2514989,
            10.3629534
          ],
          [
            -64.2513835,
            10.3630748
          ],
          [
            -64.2506057,
            10.3643782
          ],
          [
            -64.2503429,
            10.3654177
          ],
          [
            -64.2502409,
            10.3656499
          ],
          [
            -64.2500693,
            10.3658399
          ],
          [
            -64.2493397,
            10.3662831
          ],
          [
            -64.2492002,
            10.366394
          ],
          [
            -64.2484117,
            10.3673438
          ],
          [
            -64.2483741,
            10.3674124
          ],
          [
            -64.2483419,
            10.3675193
          ],
          [
            -64.2479664,
            10.3690429
          ],
          [
            -64.2479101,
            10.3691537
          ],
          [
            -64.2478457,
            10.3692487
          ],
          [
            -64.2464268,
            10.3703885
          ],
          [
            -64.2463678,
            10.3704571
          ],
          [
            -64.2463303,
            10.3705442
          ],
          [
            -64.2455685,
            10.3738606
          ],
          [
            -64.2455041,
            10.3739662
          ],
          [
            -64.2454076,
            10.3740717
          ],
          [
            -64.244045,
            10.3752062
          ],
          [
            -64.2424196,
            10.3766573
          ],
          [
            -64.2416418,
            10.3773802
          ],
          [
            -64.2415318,
            10.3774541
          ],
          [
            -64.2413843,
            10.3775253
          ],
          [
            -64.2410114,
            10.3776625
          ],
          [
            -64.2403409,
            10.3778762
          ],
          [
            -64.2391178,
            10.378264
          ],
          [
            -64.238348,
            10.3784513
          ],
          [
            -64.2377794,
            10.3785358
          ],
          [
            -64.2375326,
            10.3785569
          ],
          [
            -64.237082,
            10.3785199
          ],
          [
            -64.2353439,
            10.3782086
          ],
          [
            -64.2352286,
            10.3781981
          ],
          [
            -64.2350677,
            10.3782429
          ],
          [
            -64.2342818,
            10.3786202
          ],
          [
            -64.2318571,
            10.379512
          ],
          [
            -64.2298883,
            10.3800185
          ],
          [
            -64.2296255,
            10.3801188
          ],
          [
            -64.2294753,
            10.3802243
          ],
          [
            -64.2285794,
            10.380963
          ],
          [
            -64.2281342,
            10.381306
          ],
          [
            -64.2254895,
            10.3828309
          ],
          [
            -64.2254144,
            10.3828731
          ],
          [
            -64.2253554,
            10.3828731
          ],
          [
            -64.2253071,
            10.3828415
          ],
          [
            -64.2244059,
            10.3820975
          ],
          [
            -64.222995,
            10.3808206
          ],
          [
            -64.2228663,
            10.3807414
          ],
          [
            -64.2226464,
            10.3806675
          ],
          [
            -64.2219383,
            10.3805409
          ],
          [
            -64.2218202,
            10.3804987
          ],
          [
            -64.2216754,
            10.3803826
          ],
          [
            -64.2205837,
            10.378921
          ],
          [
            -64.2205194,
            10.3788814
          ],
          [
            -64.2204523,
            10.3788682
          ],
          [
            -64.2203772,
            10.3788708
          ],
          [
            -64.2202967,
            10.3789078
          ],
          [
            -64.2201734,
            10.3790159
          ],
          [
            -64.2188323,
            10.3805462
          ],
          [
            -64.2181939,
            10.3811583
          ],
          [
            -64.2173302,
            10.3821977
          ],
          [
            -64.2172229,
            10.3823508
          ],
          [
            -64.2171639,
            10.3825724
          ],
          [
            -64.2166972,
            10.3841237
          ],
          [
            -64.2166731,
            10.3841474
          ],
          [
            -64.2166328,
            10.384158
          ],
          [
            -64.2157075,
            10.3841738
          ],
          [
            -64.2156217,
            10.384158
          ],
          [
            -64.2155358,
            10.3841448
          ],
          [
            -64.2145246,
            10.3837754
          ],
          [
            -64.2128348,
            10.3832847
          ],
          [
            -64.2114025,
            10.382889
          ],
          [
            -64.2093748,
            10.3823877
          ],
          [
            -64.2090583,
            10.382356
          ],
          [
            -64.2088437,
            10.382393
          ],
          [
            -64.2063975,
            10.3831211
          ],
          [
            -64.2062205,
            10.3832161
          ],
          [
            -64.2060596,
            10.383348
          ],
          [
            -64.2050028,
            10.3847041
          ],
          [
            -64.2047882,
            10.384931
          ],
          [
            -64.2041659,
            10.3854639
          ],
          [
            -64.2024171,
            10.3868095
          ],
          [
            -64.2013121,
            10.3876537
          ],
          [
            -64.2010492,
            10.387907
          ],
          [
            -64.2004001,
            10.3886404
          ],
          [
            -64.1993594,
            10.3898012
          ],
          [
            -64.1986594,
            10.3905056
          ],
          [
            -64.1985762,
            10.3905557
          ],
          [
            -64.1984689,
            10.3905663
          ],
          [
            -64.1983509,
            10.3905531
          ],
          [
            -64.1957331,
            10.3896297
          ],
          [
            -64.1955909,
            10.3896086
          ],
          [
            -64.1954917,
            10.389635
          ],
          [
            -64.1953066,
            10.38973
          ],
          [
            -64.1933942,
            10.3905927
          ],
          [
            -64.1924232,
            10.3909726
          ],
          [
            -64.1922838,
            10.3910148
          ],
          [
            -64.1921121,
            10.3910201
          ],
          [
            -64.1875899,
            10.3895321
          ],
          [
            -64.1860235,
            10.3890309
          ],
          [
            -64.1850472,
            10.3888831
          ],
          [
            -64.1812223,
            10.3885032
          ],
          [
            -64.1810989,
            10.3884715
          ],
          [
            -64.1809809,
            10.3883818
          ],
          [
            -64.1796345,
            10.3870047
          ],
          [
            -64.1791087,
            10.3864665
          ],
          [
            -64.17898,
            10.3863873
          ],
          [
            -64.1787708,
            10.3863662
          ],
          [
            -64.1777247,
            10.3864506
          ],
          [
            -64.1763139,
            10.3864665
          ],
          [
            -64.1761208,
            10.3865192
          ],
          [
            -64.1760135,
            10.3865984
          ],
          [
            -64.1759491,
            10.3867461
          ],
          [
            -64.175874,
            10.3873529
          ],
          [
            -64.1757184,
            10.3880072
          ],
          [
            -64.1752464,
            10.3899173
          ],
          [
            -64.174726,
            10.3921545
          ],
          [
            -64.1746563,
            10.3922759
          ],
          [
            -64.1745222,
            10.3923497
          ],
          [
            -64.1742969,
            10.392392
          ],
          [
            -64.1729397,
            10.3924078
          ],
          [
            -64.1723442,
            10.39245
          ],
          [
            -64.1710782,
            10.392508
          ],
          [
            -64.1709012,
            10.3925608
          ],
          [
            -64.1707188,
            10.3926399
          ],
          [
            -64.1701611,
            10.3931239
          ],
          [
            -64.1696245,
            10.3935897
          ],
          [
            -64.1694742,
            10.3936583
          ],
          [
            -64.1692543,
            10.3937216
          ],
          [
            -64.1659606,
            10.3942229
          ],
          [
            -64.1647321,
            10.3943706
          ],
          [
            -64.1645175,
            10.3944286
          ],
          [
            -64.1642815,
            10.3945342
          ],
          [
            -64.1615564,
            10.3960432
          ],
          [
            -64.161374,
            10.3962121
          ],
          [
            -64.161256,
            10.3964284
          ],
          [
            -64.160285,
            10.3982593
          ],
          [
            -64.1579622,
            10.3997314
          ],
          [
            -64.1571468,
            10.4000479
          ],
          [
            -64.1564709,
            10.4002695
          ],
          [
            -64.1560096,
            10.4003909
          ],
          [
            -64.1557621,
            10.4003052
          ]
        ]
      },
      "properties": {
        "id": "OSM-W972131980",
        "nombre": "Gasoducto Nororietal José Francisco Bermúdez",
        "tipo": "ducto",
        "sector": "midstream",
        "fluido": "gas",
        "estado": "desconocido",
        "operadora": "PDVSA",
        "diametro": "900",
        "ubicacion": "underground",
        "fuente": "OpenStreetMap contributors (ODbL), consulta Overpass 2026-09-08",
        "confianza": "baja",
        "ultima_verificacion": "2026-09-08"
      }
    },
    {
      "type": "Feature",
      "geometry": {
        "type": "LineString",
        "coordinates": [
          [
            -64.1701611,
            10.3931239
          ],
          [
            -64.1705847,
            10.3938113
          ],
          [
            -64.1707242,
            10.3939379
          ],
          [
            -64.1708851,
            10.3939986
          ],
          [
            -64.171038,
            10.3940039
          ],
          [
            -64.171215,
            10.3939775
          ],
          [
            -64.1712606,
            10.3939828
          ],
          [
            -64.1713062,
            10.3940171
          ],
          [
            -64.171789,
            10.3948085
          ],
          [
            -64.1718131,
            10.3948666
          ],
          [
            -64.1718131,
            10.3949325
          ],
          [
            -64.171848,
            10.3953151
          ],
          [
            -64.1718587,
            10.3954153
          ],
          [
            -64.1718882,
            10.3955156
          ],
          [
            -64.1719365,
            10.3955974
          ],
          [
            -64.1723952,
            10.3961171
          ],
          [
            -64.1734654,
            10.3976314
          ],
          [
            -64.1744632,
            10.3988924
          ],
          [
            -64.1750076,
            10.3996469
          ],
          [
            -64.1752517,
            10.3999081
          ],
          [
            -64.1756809,
            10.4003065
          ],
          [
            -64.1757855,
            10.4004727
          ],
          [
            -64.1764802,
            10.4015543
          ],
          [
            -64.1775906,
            10.4031609
          ],
          [
            -64.1785508,
            10.4043534
          ],
          [
            -64.1792643,
            10.4053136
          ],
          [
            -64.1798061,
            10.4060523
          ],
          [
            -64.1804606,
            10.4068965
          ],
          [
            -64.1811365,
            10.4078251
          ],
          [
            -64.1820511,
            10.409036
          ],
          [
            -64.1829443,
            10.4102732
          ],
          [
            -64.1835746,
            10.4110963
          ],
          [
            -64.184323,
            10.4121304
          ],
          [
            -64.1846247,
            10.4125485
          ],
          [
            -64.1846985,
            10.4126923
          ],
          [
            -64.184728,
            10.4127899
          ],
          [
            -64.1847789,
            10.4129614
          ],
          [
            -64.1847897,
            10.4130827
          ],
          [
            -64.1847682,
            10.4133703
          ],
          [
            -64.1847816,
            10.413489
          ],
          [
            -64.184846,
            10.4136605
          ],
          [
            -64.1852188,
            10.4145099
          ]
        ]
      },
      "properties": {
        "id": "OSM-W972131981",
        "nombre": null,
        "tipo": "ducto",
        "sector": "midstream",
        "fluido": "gas",
        "estado": "desconocido",
        "operadora": "PDVSA",
        "diametro": "900",
        "ubicacion": "underground",
        "fuente": "OpenStreetMap contributors (ODbL), consulta Overpass 2026-09-08",
        "confianza": "baja",
        "ultima_verificacion": "2026-09-08"
      }
    },
    {
      "type": "Feature",
      "geometry": {
        "type": "LineString",
        "coordinates": [
          [
            -64.3564658,
            10.3007179
          ],
          [
            -64.3569499,
            10.3007325
          ]
        ]
      },
      "properties": {
        "id": "OSM-W972134585",
        "nombre": "Gasoducto Nororietal José Francisco Bermúdez",
        "tipo": "ducto",
        "sector": "midstream",
        "fluido": "gas",
        "estado": "desconocido",
        "operadora": "PDVSA",
        "diametro": "900",
        "ubicacion": "overground",
        "fuente": "OpenStreetMap contributors (ODbL), consulta Overpass 2026-09-08",
        "confianza": "baja",
        "ultima_verificacion": "2026-09-08"
      }
    },
    {
      "type": "Feature",
      "geometry": {
        "type": "LineString",
        "coordinates": [
          [
            -64.3569499,
            10.3007325
          ],
          [
            -64.3571511,
            10.3007377
          ],
          [
            -64.3575789,
            10.3007509
          ],
          [
            -64.3576527,
            10.3007443
          ],
          [
            -64.3576983,
            10.3007259
          ],
          [
            -64.3577291,
            10.3007034
          ],
          [
            -64.3588462,
            10.2996663
          ],
          [
            -64.3595865,
            10.2990778
          ],
          [
            -64.3598682,
            10.2987691
          ],
          [
            -64.3602893,
            10.2982571
          ],
          [
            -64.3604797,
            10.2981225
          ],
          [
            -64.3606487,
            10.2980433
          ],
          [
            -64.3607909,
            10.2980117
          ],
          [
            -64.3609169,
            10.2980222
          ],
          [
            -64.3619818,
            10.2983626
          ],
          [
            -64.3622017,
            10.2983917
          ],
          [
            -64.3624699,
            10.2983943
          ],
          [
            -64.3627971,
            10.2983283
          ],
          [
            -64.3629581,
            10.2982624
          ],
          [
            -64.3636984,
            10.2977029
          ],
          [
            -64.3639746,
            10.2974812
          ],
          [
            -64.3640417,
            10.2973915
          ],
          [
            -64.3640819,
            10.2973044
          ],
          [
            -64.3641919,
            10.2968162
          ],
          [
            -64.3642992,
            10.2965101
          ],
          [
            -64.3649536,
            10.295341
          ],
          [
            -64.3649778,
            10.2952776
          ],
          [
            -64.3649697,
            10.2951826
          ],
          [
            -64.3649349,
            10.2950982
          ],
          [
            -64.3644172,
            10.2943645
          ],
          [
            -64.3643153,
            10.2941455
          ],
          [
            -64.3642697,
            10.2939845
          ],
          [
            -64.3642697,
            10.2938156
          ],
          [
            -64.3642885,
            10.293623
          ],
          [
            -64.3646452,
            10.2923932
          ],
          [
            -64.3646774,
            10.2923457
          ],
          [
            -64.3647417,
            10.2923061
          ],
          [
            -64.3650743,
            10.2922005
          ],
          [
            -64.3657315,
            10.2920765
          ],
          [
            -64.3658629,
            10.2920395
          ],
          [
            -64.3660238,
            10.291963
          ],
          [
            -64.3665415,
            10.2916384
          ],
          [
            -64.36663,
            10.291554
          ],
          [
            -64.366807,
            10.2911977
          ],
          [
            -64.3668419,
            10.2911
          ],
          [
            -64.3668634,
            10.2909364
          ],
          [
            -64.3668553,
            10.2908335
          ],
          [
            -64.3668366,
            10.2907332
          ],
          [
            -64.3667668,
            10.2905986
          ],
          [
            -64.3666971,
            10.2904904
          ],
          [
            -64.3666005,
            10.2903057
          ],
          [
            -64.3665308,
            10.2901209
          ],
          [
            -64.3664691,
            10.2898306
          ],
          [
            -64.366394,
            10.2895034
          ],
          [
            -64.3663457,
            10.289382
          ],
          [
            -64.3662706,
            10.2892316
          ],
          [
            -64.3658683,
            10.2886826
          ],
          [
            -64.3655705,
            10.2882736
          ],
          [
            -64.3655196,
            10.2881759
          ],
          [
            -64.3654364,
            10.2879226
          ],
          [
            -64.3653801,
            10.2878038
          ],
          [
            -64.3652943,
            10.2876824
          ],
          [
            -64.3649402,
            10.2872707
          ],
          [
            -64.3648919,
            10.2871493
          ],
          [
            -64.3648651,
            10.2870359
          ],
          [
            -64.3648759,
            10.2869277
          ],
          [
            -64.3649375,
            10.2867799
          ],
          [
            -64.3655759,
            10.2856635
          ],
          [
            -64.365643,
            10.2854893
          ],
          [
            -64.3656832,
            10.2852729
          ],
          [
            -64.365871,
            10.2842015
          ],
          [
            -64.3660426,
            10.2835047
          ],
          [
            -64.3660989,
            10.2833833
          ],
          [
            -64.3661928,
            10.2832408
          ],
          [
            -64.3663189,
            10.2831089
          ],
          [
            -64.3665147,
            10.2829875
          ],
          [
            -64.3668097,
            10.2828449
          ],
          [
            -64.3673301,
            10.2825203
          ],
          [
            -64.3686739,
            10.2818157
          ],
          [
            -64.3692398,
            10.2815676
          ],
          [
            -64.369441,
            10.2815095
          ],
          [
            -64.3696475,
            10.2814726
          ],
          [
            -64.3698084,
            10.2814726
          ],
          [
            -64.3700016,
            10.2815043
          ],
          [
            -64.3702912,
            10.2815966
          ],
          [
            -64.3704253,
            10.2816257
          ],
          [
            -64.3720856,
            10.2817919
          ],
          [
            -64.3731022,
            10.2818606
          ],
          [
            -64.3736279,
            10.2819371
          ],
          [
            -64.3742958,
            10.2820849
          ],
          [
            -64.3757844,
            10.2823699
          ],
          [
            -64.3781662,
            10.2828766
          ],
          [
            -64.3791211,
            10.2831722
          ],
          [
            -64.3796092,
            10.2832672
          ],
          [
            -64.3801028,
            10.2833147
          ],
          [
            -64.3806285,
            10.2833147
          ],
          [
            -64.3812347,
            10.2833042
          ],
          [
            -64.3819642,
            10.2832672
          ],
          [
            -64.3824846,
            10.2833253
          ],
          [
            -64.3835521,
            10.28351
          ],
          [
            -64.3853438,
            10.283927
          ],
          [
            -64.3874091,
            10.2843915
          ],
          [
            -64.388026,
            10.284534
          ],
          [
            -64.3885303,
            10.2847715
          ],
          [
            -64.3894154,
            10.2851146
          ],
          [
            -64.3898124,
            10.285236
          ],
          [
            -64.3899465,
            10.285236
          ],
          [
            -64.3900538,
            10.285199
          ],
          [
            -64.3914431,
            10.2846343
          ],
          [
            -64.3916148,
            10.2845445
          ],
          [
            -64.3949086,
            10.2822802
          ],
          [
            -64.3964106,
            10.2812219
          ],
          [
            -64.3997312,
            10.2786381
          ],
          [
            -64.4009113,
            10.2776933
          ],
          [
            -64.4017053,
            10.2770335
          ],
          [
            -64.4030732,
            10.2758248
          ],
          [
            -64.4040898,
            10.274975
          ],
          [
            -64.4041729,
            10.2749037
          ],
          [
            -64.4042212,
            10.2748377
          ],
          [
            -64.40424,
            10.2747586
          ],
          [
            -64.4042426,
            10.2746847
          ],
          [
            -64.4041783,
            10.273687
          ],
          [
            -64.4041756,
            10.2735049
          ],
          [
            -64.4041997,
            10.2733651
          ],
          [
            -64.4045323,
            10.2724836
          ],
          [
            -64.4046101,
            10.2723885
          ],
          [
            -64.4049561,
            10.27218
          ],
          [
            -64.4050285,
            10.2720903
          ],
          [
            -64.4050795,
            10.2719663
          ],
          [
            -64.4058144,
            10.2707681
          ],
          [
            -64.4067264,
            10.2696385
          ],
          [
            -64.4069302,
            10.2693429
          ],
          [
            -64.4074506,
            10.2683294
          ],
          [
            -64.407531,
            10.2682291
          ],
          [
            -64.4077241,
            10.2680813
          ],
          [
            -64.4093388,
            10.2669887
          ],
          [
            -64.4107497,
            10.2658538
          ],
          [
            -64.4126219,
            10.2644444
          ],
          [
            -64.41311,
            10.2640221
          ],
          [
            -64.4148856,
            10.2616679
          ],
          [
            -64.4157064,
            10.2603852
          ],
          [
            -64.416495,
            10.2594086
          ],
          [
            -64.4179541,
            10.2576561
          ],
          [
            -64.4182599,
            10.2571916
          ],
          [
            -64.418335,
            10.2570543
          ],
          [
            -64.4183725,
            10.2569488
          ],
          [
            -64.4183886,
            10.2567904
          ],
          [
            -64.4183511,
            10.2558613
          ],
          [
            -64.4183779,
            10.2557663
          ],
          [
            -64.4184744,
            10.2556132
          ],
          [
            -64.4198048,
            10.254151
          ],
          [
            -64.4203574,
            10.2537129
          ],
          [
            -64.4224817,
            10.2522401
          ],
          [
            -64.4247454,
            10.250799
          ],
          [
            -64.4256091,
            10.25025
          ],
          [
            -64.4260007,
            10.2499439
          ],
          [
            -64.4262287,
            10.2497749
          ],
          [
            -64.4266498,
            10.2495585
          ],
          [
            -64.4269609,
            10.2493658
          ],
          [
            -64.4271165,
            10.249255
          ],
          [
            -64.4271836,
            10.2491626
          ],
          [
            -64.4275323,
            10.2485001
          ],
          [
            -64.4276744,
            10.248281
          ],
          [
            -64.4280016,
            10.2478482
          ],
          [
            -64.4281867,
            10.2475737
          ],
          [
            -64.4282377,
            10.2474522
          ],
          [
            -64.4282538,
            10.2473493
          ],
          [
            -64.4282538,
            10.2472464
          ],
          [
            -64.428227,
            10.247154
          ],
          [
            -64.4279453,
            10.2466208
          ],
          [
            -64.4272721,
            10.245763
          ],
          [
            -64.4265881,
            10.2449263
          ],
          [
            -64.4259712,
            10.2441424
          ],
          [
            -64.4257325,
            10.2438072
          ],
          [
            -64.4256923,
            10.2437227
          ],
          [
            -64.4256386,
            10.2435353
          ],
          [
            -64.4252551,
            10.2416296
          ],
          [
            -64.4252336,
            10.2414924
          ],
          [
            -64.4252604,
            10.2413657
          ],
          [
            -64.4253624,
            10.2412232
          ],
          [
            -64.425475,
            10.2411229
          ],
          [
            -64.4267786,
            10.2403046
          ],
          [
            -64.4271058,
            10.2400459
          ],
          [
            -64.4273901,
            10.2396923
          ],
          [
            -64.4274759,
            10.2394969
          ],
          [
            -64.4275564,
            10.2392066
          ],
          [
            -64.4275564,
            10.2389796
          ],
          [
            -64.4275028,
            10.2387209
          ],
          [
            -64.4273955,
            10.2385467
          ],
          [
            -64.4263494,
            10.2375859
          ],
          [
            -64.4251049,
            10.236282
          ],
          [
            -64.4249868,
            10.2361236
          ],
          [
            -64.4249547,
            10.2360339
          ],
          [
            -64.4249439,
            10.2359336
          ],
          [
            -64.4249654,
            10.2358439
          ],
          [
            -64.425019,
            10.2357356
          ],
          [
            -64.4250914,
            10.2356538
          ],
          [
            -64.4253302,
            10.2355192
          ],
          [
            -64.4260812,
            10.2352024
          ],
          [
            -64.4275564,
            10.2345505
          ],
          [
            -64.4276315,
            10.234503
          ],
          [
            -64.4277361,
            10.2344159
          ],
          [
            -64.4278514,
            10.234276
          ],
          [
            -64.4283423,
            10.2335659
          ],
          [
            -64.428522,
            10.2332466
          ],
          [
            -64.4285676,
            10.2331225
          ],
          [
            -64.4286078,
            10.232943
          ],
          [
            -64.4286802,
            10.2324784
          ],
          [
            -64.4286802,
            10.2323306
          ],
          [
            -64.4286427,
            10.2321195
          ],
          [
            -64.4286051,
            10.2318318
          ],
          [
            -64.4286132,
            10.2315704
          ],
          [
            -64.42864,
            10.2296145
          ],
          [
            -64.4287151,
            10.2287699
          ],
          [
            -64.4287527,
            10.2285112
          ],
          [
            -64.4290584,
            10.2271808
          ],
          [
            -64.4290987,
            10.2268905
          ],
          [
            -64.4291282,
            10.2262015
          ],
          [
            -64.4290853,
            10.2257607
          ],
          [
            -64.429045,
            10.2248817
          ],
          [
            -64.4290397,
            10.2245518
          ],
          [
            -64.4290531,
            10.2244752
          ],
          [
            -64.4292247,
            10.2242377
          ],
          [
            -64.4293883,
            10.2240661
          ],
          [
            -64.4294983,
            10.2239183
          ],
          [
            -64.4295868,
            10.2236675
          ],
          [
            -64.4295976,
            10.2235646
          ],
          [
            -64.4295841,
            10.2233956
          ],
          [
            -64.4295466,
            10.2231105
          ],
          [
            -64.4295251,
            10.2228624
          ],
          [
            -64.4295546,
            10.2221286
          ],
          [
            -64.4295546,
            10.2219676
          ],
          [
            -64.4295278,
            10.2217591
          ],
          [
            -64.4294205,
            10.2211361
          ],
          [
            -64.4294125,
            10.2210226
          ],
          [
            -64.4294259,
            10.2209038
          ],
          [
            -64.4294527,
            10.2208035
          ],
          [
            -64.4298282,
            10.2200644
          ],
          [
            -64.4301152,
            10.2195154
          ],
          [
            -64.4301903,
            10.2194177
          ],
          [
            -64.4302708,
            10.2193464
          ],
          [
            -64.4312203,
            10.2186443
          ],
          [
            -64.4314697,
            10.2184014
          ],
          [
            -64.4317111,
            10.2181586
          ],
          [
            -64.4320571,
            10.2178286
          ],
          [
            -64.4321832,
            10.2177468
          ],
          [
            -64.4323522,
            10.2176887
          ],
          [
            -64.4324943,
            10.2176676
          ],
          [
            -64.4326714,
            10.2176781
          ],
          [
            -64.4330174,
            10.2177441
          ],
          [
            -64.4331113,
            10.2177468
          ],
          [
            -64.4332159,
            10.2177257
          ],
          [
            -64.4333339,
            10.2176729
          ],
          [
            -64.4335404,
            10.2175303
          ],
          [
            -64.4342673,
            10.2169417
          ],
          [
            -64.4345596,
            10.2167859
          ],
          [
            -64.4352731,
            10.2164401
          ],
          [
            -64.435426,
            10.2163293
          ],
          [
            -64.4356486,
            10.2161049
          ],
          [
            -64.4359839,
            10.2156192
          ],
          [
            -64.4361421,
            10.2154239
          ],
          [
            -64.4362763,
            10.2152998
          ],
          [
            -64.4364131,
            10.2151968
          ],
          [
            -64.4365418,
            10.2151309
          ],
          [
            -64.437907,
            10.2146267
          ],
          [
            -64.4379956,
            10.2146108
          ],
          [
            -64.4381189,
            10.2146161
          ],
          [
            -64.4386473,
            10.2148378
          ],
          [
            -64.4387949,
            10.2148616
          ],
          [
            -64.4389692,
            10.214859
          ],
          [
            -64.4390899,
            10.2148115
          ],
          [
            -64.4392213,
            10.2147243
          ],
          [
            -64.4393393,
            10.2146161
          ],
          [
            -64.4394761,
            10.2144525
          ],
          [
            -64.4395915,
            10.2142492
          ],
          [
            -64.4396639,
            10.2140248
          ],
          [
            -64.4396693,
            10.2138823
          ],
          [
            -64.4396451,
            10.2137318
          ],
          [
            -64.43957,
            10.2133913
          ],
          [
            -64.4395593,
            10.2131511
          ],
          [
            -64.4395807,
            10.2129848
          ],
          [
            -64.4396237,
            10.2128528
          ],
          [
            -64.4397041,
            10.2127155
          ],
          [
            -64.4397685,
            10.2126522
          ],
          [
            -64.4398811,
            10.2125967
          ],
          [
            -64.4400126,
            10.2125783
          ],
          [
            -64.4402406,
            10.2125783
          ],
          [
            -64.4406509,
            10.2126258
          ],
          [
            -64.4410908,
            10.2127287
          ],
          [
            -64.4421986,
            10.212932
          ],
          [
            -64.4424185,
            10.212932
          ],
          [
            -64.4426224,
            10.2129029
          ],
          [
            -64.4428745,
            10.2128317
          ],
          [
            -64.4444141,
            10.2121929
          ],
          [
            -64.4449532,
            10.2120134
          ],
          [
            -64.4453394,
            10.2119263
          ],
          [
            -64.446525,
            10.2116649
          ],
          [
            -64.4466698,
            10.2116095
          ],
          [
            -64.446871,
            10.2115013
          ],
          [
            -64.4488156,
            10.2102395
          ],
          [
            -64.4492662,
            10.2099781
          ],
          [
            -64.4493735,
            10.2099333
          ],
          [
            -64.4495183,
            10.2099016
          ],
          [
            -64.44969,
            10.2098778
          ],
          [
            -64.4503766,
            10.2097643
          ],
          [
            -64.4506449,
            10.2097062
          ],
          [
            -64.4508112,
            10.2096825
          ],
          [
            -64.4510606,
            10.2096772
          ],
          [
            -64.451192,
            10.2096772
          ],
          [
            -64.4513074,
            10.2097089
          ],
          [
            -64.4515085,
            10.2098013
          ],
          [
            -64.4519109,
            10.2100072
          ],
          [
            -64.4521764,
            10.2101286
          ],
          [
            -64.4523776,
            10.2101735
          ],
          [
            -64.4533539,
            10.2102659
          ],
          [
            -64.4536597,
            10.2103213
          ],
          [
            -64.4540432,
            10.2104058
          ],
          [
            -64.4544563,
            10.2105457
          ],
          [
            -64.4555533,
            10.2110287
          ],
          [
            -64.4567201,
            10.2115646
          ],
          [
            -64.45694,
            10.211628
          ],
          [
            -64.4570795,
            10.2116359
          ],
          [
            -64.4572189,
            10.2116227
          ],
          [
            -64.4576025,
            10.2115936
          ],
          [
            -64.4580022,
            10.2116016
          ],
          [
            -64.4585037,
            10.2116412
          ],
          [
            -64.4588551,
            10.2117177
          ],
          [
            -64.4591931,
            10.2118048
          ],
          [
            -64.4593084,
            10.2118207
          ],
          [
            -64.4594318,
            10.2118101
          ],
          [
            -64.4599575,
            10.2116253
          ],
          [
            -64.4618431,
            10.2111106
          ],
          [
            -64.4619034,
            10.2111013
          ],
          [
            -64.4619544,
            10.2111027
          ],
          [
            -64.4620295,
            10.2111132
          ],
          [
            -64.4622521,
            10.2111779
          ]
        ]
      },
      "properties": {
        "id": "OSM-W972134586",
        "nombre": "Gasoducto Nororietal José Francisco Bermúdez",
        "tipo": "ducto",
        "sector": "midstream",
        "fluido": "gas",
        "estado": "desconocido",
        "operadora": "PDVSA",
        "diametro": "900",
        "ubicacion": "underground",
        "fuente": "OpenStreetMap contributors (ODbL), consulta Overpass 2026-09-08",
        "confianza": "baja",
        "ultima_verificacion": "2026-09-08"
      }
    },
    {
      "type": "Feature",
      "geometry": {
        "type": "LineString",
        "coordinates": [
          [
            -64.3570116,
            10.3006876
          ],
          [
            -64.3570041,
            10.3008893
          ],
          [
            -64.3568935,
            10.3008854
          ],
          [
            -64.3568963,
            10.3008102
          ],
          [
            -64.356382,
            10.3007918
          ],
          [
            -64.3563867,
            10.3006652
          ],
          [
            -64.3570116,
            10.3006876
          ]
        ]
      },
      "properties": {
        "id": "OSM-W972134587",
        "nombre": "Estación de Bombeo Mochima",
        "tipo": "ducto",
        "sector": "midstream",
        "fluido": "gas",
        "estado": "desconocido",
        "operadora": "PDVSA",
        "diametro": null,
        "ubicacion": null,
        "fuente": "OpenStreetMap contributors (ODbL), consulta Overpass 2026-09-08",
        "confianza": "baja",
        "ultima_verificacion": "2026-09-08"
      }
    },
    {
      "type": "Feature",
      "geometry": {
        "type": "LineString",
        "coordinates": [
          [
            -64.2801328,
            10.3459033
          ],
          [
            -64.280397,
            10.345584
          ],
          [
            -64.2816979,
            10.3443993
          ],
          [
            -64.2827547,
            10.3433966
          ],
          [
            -64.2828083,
            10.3433438
          ],
          [
            -64.2828968,
            10.3432145
          ],
          [
            -64.2831516,
            10.3427
          ],
          [
            -64.2839724,
            10.341196
          ],
          [
            -64.2846698,
            10.3401141
          ],
          [
            -64.2857266,
            10.3388792
          ],
          [
            -64.286381,
            10.3380533
          ],
          [
            -64.2864266,
            10.3379689
          ],
          [
            -64.2864963,
            10.3378211
          ],
          [
            -64.2870221,
            10.3361271
          ],
          [
            -64.2872393,
            10.3355017
          ],
          [
            -64.2872742,
            10.3353645
          ],
          [
            -64.2872956,
            10.3352247
          ],
          [
            -64.2873171,
            10.334908
          ],
          [
            -64.2873332,
            10.3347312
          ],
          [
            -64.2873842,
            10.334536
          ],
          [
            -64.287647,
            10.3338156
          ],
          [
            -64.2881352,
            10.3327416
          ],
          [
            -64.2885777,
            10.3318893
          ],
          [
            -64.2893851,
            10.3298259
          ],
          [
            -64.2899913,
            10.3283086
          ],
          [
            -64.2902219,
            10.3278785
          ],
          [
            -64.2902702,
            10.3278151
          ],
          [
            -64.2903614,
            10.3277043
          ],
          [
            -64.2904633,
            10.3275935
          ],
          [
            -64.2906055,
            10.3274747
          ],
          [
            -64.2919171,
            10.3264034
          ],
          [
            -64.2920271,
            10.3263453
          ],
          [
            -64.2921183,
            10.3263084
          ],
          [
            -64.292247,
            10.326282
          ],
          [
            -64.2934835,
            10.3260867
          ],
          [
            -64.2935666,
            10.3260604
          ],
          [
            -64.29369,
            10.325997
          ],
          [
            -64.2939261,
            10.3258308
          ],
          [
            -64.2955488,
            10.3244877
          ],
          [
            -64.2956078,
            10.3244692
          ],
          [
            -64.2956829,
            10.324456
          ],
          [
            -64.2990947,
            10.3242924
          ],
          [
            -64.2995212,
            10.3243109
          ],
          [
            -64.3006289,
            10.3244296
          ],
          [
            -64.3019271,
            10.3245114
          ],
          [
            -64.3022007,
            10.3245615
          ],
          [
            -64.3026352,
            10.3246671
          ],
          [
            -64.3040139,
            10.3250523
          ],
          [
            -64.3042123,
            10.3250998
          ],
          [
            -64.3043089,
            10.325113
          ],
          [
            -64.3044162,
            10.325121
          ],
          [
            -64.3045664,
            10.3251183
          ],
          [
            -64.3049258,
            10.3250946
          ],
          [
            -64.3054703,
            10.3249811
          ],
          [
            -64.3061757,
            10.3248069
          ],
          [
            -64.3071842,
            10.324617
          ],
          [
            -64.3084288,
            10.3243452
          ],
          [
            -64.3111432,
            10.3238016
          ],
          [
            -64.3139622,
            10.3232501
          ],
          [
            -64.3178621,
            10.3224611
          ],
          [
            -64.318192,
            10.3224241
          ],
          [
            -64.3184897,
            10.3224056
          ],
          [
            -64.3188706,
            10.3223951
          ],
          [
            -64.3205792,
            10.3224056
          ],
          [
            -64.3206596,
            10.3223951
          ],
          [
            -64.3207213,
            10.3223713
          ],
          [
            -64.3207884,
            10.3223344
          ],
          [
            -64.3210432,
            10.3221154
          ],
          [
            -64.3225747,
            10.3206746
          ],
          [
            -64.322674,
            10.3205954
          ],
          [
            -64.3227974,
            10.3205163
          ],
          [
            -64.3235511,
            10.3201152
          ],
          [
            -64.3249029,
            10.3193156
          ],
          [
            -64.3255144,
            10.3190359
          ],
          [
            -64.3261099,
            10.3188089
          ],
          [
            -64.3263137,
            10.3187192
          ],
          [
            -64.3265712,
            10.318553
          ],
          [
            -64.3272874,
            10.3180674
          ],
          [
            -64.3292883,
            10.3165765
          ],
          [
            -64.3293768,
            10.3164815
          ],
          [
            -64.3294358,
            10.3163733
          ],
          [
            -64.3294627,
            10.3162809
          ],
          [
            -64.3294761,
            10.3161701
          ],
          [
            -64.3295646,
            10.3150407
          ],
          [
            -64.3296021,
            10.314666
          ],
          [
            -64.3296826,
            10.3144601
          ],
          [
            -64.3297845,
            10.314286
          ],
          [
            -64.3304551,
            10.3134257
          ],
          [
            -64.3305409,
            10.3132937
          ],
          [
            -64.3305624,
            10.3131724
          ],
          [
            -64.3305516,
            10.312254
          ],
          [
            -64.3305624,
            10.3121274
          ],
          [
            -64.330616,
            10.3120113
          ],
          [
            -64.3316782,
            10.3107763
          ],
          [
            -64.3325633,
            10.3096151
          ],
          [
            -64.3330246,
            10.3090636
          ],
          [
            -64.3331024,
            10.3089422
          ],
          [
            -64.3338186,
            10.3077257
          ],
          [
            -64.3343094,
            10.3069287
          ],
          [
            -64.3343845,
            10.3068469
          ],
          [
            -64.3344596,
            10.3067941
          ],
          [
            -64.3346179,
            10.3067361
          ],
          [
            -64.3359992,
            10.306364
          ],
          [
            -64.3371686,
            10.3059866
          ],
          [
            -64.3373296,
            10.3059497
          ],
          [
            -64.3374959,
            10.3059127
          ],
          [
            -64.3387646,
            10.3057729
          ],
          [
            -64.3407306,
            10.3056119
          ],
          [
            -64.3408406,
            10.3056013
          ],
          [
            -64.3409291,
            10.3055802
          ],
          [
            -64.3410096,
            10.3055406
          ],
          [
            -64.3411678,
            10.3053322
          ],
          [
            -64.3415648,
            10.3047331
          ],
          [
            -64.3416211,
            10.3046777
          ],
          [
            -64.3420422,
            10.3044191
          ],
          [
            -64.3421146,
            10.3043901
          ],
          [
            -64.3422112,
            10.3043848
          ],
          [
            -64.3428603,
            10.304456
          ],
          [
            -64.3429676,
            10.3044508
          ],
          [
            -64.3433672,
            10.3043769
          ],
          [
            -64.3435094,
            10.3043584
          ],
          [
            -64.3435925,
            10.3043663
          ],
          [
            -64.3436515,
            10.3043821
          ],
          [
            -64.3443382,
            10.3047305
          ],
          [
            -64.3444267,
            10.3047542
          ],
          [
            -64.3445072,
            10.3047569
          ],
          [
            -64.3449229,
            10.3046592
          ],
          [
            -64.3452877,
            10.304522
          ],
          [
            -64.3454888,
            10.304398
          ],
          [
            -64.3463498,
            10.3036775
          ],
          [
            -64.3467495,
            10.3032896
          ],
          [
            -64.3470392,
            10.3029466
          ],
          [
            -64.3480101,
            10.3017854
          ],
          [
            -64.3482059,
            10.3015004
          ],
          [
            -64.3488094,
            10.3005002
          ],
          [
            -64.3489167,
            10.3004369
          ],
          [
            -64.3490106,
            10.3003999
          ],
          [
            -64.349083,
            10.3003999
          ],
          [
            -64.3492091,
            10.3004237
          ],
          [
            -64.3495068,
            10.3004844
          ],
          [
            -64.3499199,
            10.3006401
          ],
          [
            -64.3506897,
            10.300999
          ],
          [
            -64.3507969,
            10.3010307
          ],
          [
            -64.3508747,
            10.3010386
          ],
          [
            -64.3523312,
            10.3010227
          ],
          [
            -64.3530929,
            10.3009937
          ],
          [
            -64.3534577,
            10.3010043
          ],
          [
            -64.3536079,
            10.300999
          ],
          [
            -64.3537286,
            10.3009805
          ],
          [
            -64.3540826,
            10.3008855
          ],
          [
            -64.3543187,
            10.3008433
          ],
          [
            -64.3545064,
            10.3008433
          ],
          [
            -64.3547639,
            10.3008908
          ],
          [
            -64.3551233,
            10.3009752
          ],
          [
            -64.3553272,
            10.3009805
          ],
          [
            -64.3554184,
            10.3009726
          ],
          [
            -64.3555391,
            10.3009489
          ],
          [
            -64.35559,
            10.3009211
          ],
          [
            -64.3558221,
            10.3007602
          ],
          [
            -64.3558757,
            10.3007364
          ],
          [
            -64.3559589,
            10.300714
          ],
          [
            -64.3560487,
            10.3007061
          ],
          [
            -64.3561466,
            10.3007061
          ],
          [
            -64.3564658,
            10.3007179
          ]
        ]
      },
      "properties": {
        "id": "OSM-W972134588",
        "nombre": "Gasoducto Nororietal José Francisco Bermúdez",
        "tipo": "ducto",
        "sector": "midstream",
        "fluido": "gas",
        "estado": "desconocido",
        "operadora": "PDVSA",
        "diametro": "900",
        "ubicacion": "underground",
        "fuente": "OpenStreetMap contributors (ODbL), consulta Overpass 2026-09-08",
        "confianza": "baja",
        "ultima_verificacion": "2026-09-08"
      }
    },
    {
      "type": "Feature",
      "geometry": {
        "type": "LineString",
        "coordinates": [
          [
            -64.160285,
            10.3982593
          ],
          [
            -64.1614062,
            10.3985442
          ],
          [
            -64.1624522,
            10.3984809
          ],
          [
            -64.1638416,
            10.3976947
          ],
          [
            -64.1639999,
            10.3976419
          ],
          [
            -64.1640803,
            10.3976419
          ],
          [
            -64.1641688,
            10.3976841
          ],
          [
            -64.1648769,
            10.3980799
          ],
          [
            -64.166615,
            10.3988238
          ]
        ]
      },
      "properties": {
        "id": "OSM-W972134589",
        "nombre": null,
        "tipo": "ducto",
        "sector": "midstream",
        "fluido": "gas",
        "estado": "desconocido",
        "operadora": "PDVSA",
        "diametro": "900",
        "ubicacion": "underground",
        "fuente": "OpenStreetMap contributors (ODbL), consulta Overpass 2026-09-08",
        "confianza": "baja",
        "ultima_verificacion": "2026-09-08"
      }
    },
    {
      "type": "Feature",
      "geometry": {
        "type": "LineString",
        "coordinates": [
          [
            -64.4622521,
            10.2111779
          ],
          [
            -64.4627,
            10.2113152
          ]
        ]
      },
      "properties": {
        "id": "OSM-W972135985",
        "nombre": "Gasoducto Nororietal José Francisco Bermúdez",
        "tipo": "ducto",
        "sector": "midstream",
        "fluido": "gas",
        "estado": "desconocido",
        "operadora": "PDVSA",
        "diametro": "900",
        "ubicacion": "overground",
        "fuente": "OpenStreetMap contributors (ODbL), consulta Overpass 2026-09-08",
        "confianza": "baja",
        "ultima_verificacion": "2026-09-08"
      }
    },
    {
      "type": "Feature",
      "geometry": {
        "type": "LineString",
        "coordinates": [
          [
            -64.4627786,
            10.2112761
          ],
          [
            -64.4627133,
            10.2114764
          ],
          [
            -64.4626069,
            10.2114428
          ],
          [
            -64.4626324,
            10.2113646
          ],
          [
            -64.4622016,
            10.2112287
          ],
          [
            -64.4622414,
            10.2111066
          ],
          [
            -64.4627786,
            10.2112761
          ]
        ]
      },
      "properties": {
        "id": "OSM-W972135986",
        "nombre": "Estación de Bombeo Santa Fe",
        "tipo": "ducto",
        "sector": "midstream",
        "fluido": "gas",
        "estado": "desconocido",
        "operadora": "PDVSA",
        "diametro": null,
        "ubicacion": null,
        "fuente": "OpenStreetMap contributors (ODbL), consulta Overpass 2026-09-08",
        "confianza": "baja",
        "ultima_verificacion": "2026-09-08"
      }
    },
    {
      "type": "Feature",
      "geometry": {
        "type": "LineString",
        "coordinates": [
          [
            -71.9508598,
            10.4901318
          ],
          [
            -71.9506538,
            10.4905047
          ]
        ]
      },
      "properties": {
        "id": "OSM-W979374425",
        "nombre": null,
        "tipo": "ducto",
        "sector": "midstream",
        "fluido": "oil",
        "estado": "desconocido",
        "operadora": null,
        "diametro": null,
        "ubicacion": "overground",
        "fuente": "OpenStreetMap contributors (ODbL), consulta Overpass 2026-09-08",
        "confianza": "baja",
        "ultima_verificacion": "2026-09-08"
      }
    },
    {
      "type": "Feature",
      "geometry": {
        "type": "LineString",
        "coordinates": [
          [
            -71.9504392,
            10.489811
          ],
          [
            -71.9506833,
            10.4899587
          ],
          [
            -71.9506538,
            10.4900154
          ],
          [
            -71.9508598,
            10.4901318
          ],
          [
            -71.9509783,
            10.4901987
          ]
        ]
      },
      "properties": {
        "id": "OSM-W979374426",
        "nombre": null,
        "tipo": "ducto",
        "sector": "midstream",
        "fluido": "oil",
        "estado": "desconocido",
        "operadora": null,
        "diametro": null,
        "ubicacion": "overground",
        "fuente": "OpenStreetMap contributors (ODbL), consulta Overpass 2026-09-08",
        "confianza": "baja",
        "ultima_verificacion": "2026-09-08"
      }
    },
    {
      "type": "Feature",
      "geometry": {
        "type": "LineString",
        "coordinates": [
          [
            -71.9507504,
            10.4890198
          ],
          [
            -71.9506397,
            10.4892041
          ],
          [
            -71.9504875,
            10.4894576
          ],
          [
            -71.9506082,
            10.4895236
          ],
          [
            -71.9504392,
            10.489811
          ]
        ]
      },
      "properties": {
        "id": "OSM-W979374427",
        "nombre": null,
        "tipo": "ducto",
        "sector": "midstream",
        "fluido": "oil",
        "estado": "desconocido",
        "operadora": null,
        "diametro": null,
        "ubicacion": "overground",
        "fuente": "OpenStreetMap contributors (ODbL), consulta Overpass 2026-09-08",
        "confianza": "baja",
        "ultima_verificacion": "2026-09-08"
      }
    },
    {
      "type": "Feature",
      "geometry": {
        "type": "LineString",
        "coordinates": [
          [
            -71.9510669,
            10.4888141
          ],
          [
            -71.9507799,
            10.4892941
          ],
          [
            -71.9506397,
            10.4892041
          ]
        ]
      },
      "properties": {
        "id": "OSM-W979374428",
        "nombre": null,
        "tipo": "ducto",
        "sector": "midstream",
        "fluido": "oil",
        "estado": "desconocido",
        "operadora": null,
        "diametro": null,
        "ubicacion": "overground",
        "fuente": "OpenStreetMap contributors (ODbL), consulta Overpass 2026-09-08",
        "confianza": "baja",
        "ultima_verificacion": "2026-09-08"
      }
    },
    {
      "type": "Feature",
      "geometry": {
        "type": "LineString",
        "coordinates": [
          [
            -71.9519171,
            10.4899403
          ],
          [
            -71.9512332,
            10.4895631
          ]
        ]
      },
      "properties": {
        "id": "OSM-W979374429",
        "nombre": null,
        "tipo": "ducto",
        "sector": "midstream",
        "fluido": "oil",
        "estado": "desconocido",
        "operadora": null,
        "diametro": null,
        "ubicacion": "overground",
        "fuente": "OpenStreetMap contributors (ODbL), consulta Overpass 2026-09-08",
        "confianza": "baja",
        "ultima_verificacion": "2026-09-08"
      }
    },
    {
      "type": "Feature",
      "geometry": {
        "type": "LineString",
        "coordinates": [
          [
            -71.9535071,
            10.4894925
          ],
          [
            -71.9543418,
            10.489753
          ]
        ]
      },
      "properties": {
        "id": "OSM-W979374430",
        "nombre": null,
        "tipo": "ducto",
        "sector": "midstream",
        "fluido": "oil",
        "estado": "desconocido",
        "operadora": null,
        "diametro": null,
        "ubicacion": "overground",
        "fuente": "OpenStreetMap contributors (ODbL), consulta Overpass 2026-09-08",
        "confianza": "baja",
        "ultima_verificacion": "2026-09-08"
      }
    },
    {
      "type": "Feature",
      "geometry": {
        "type": "LineString",
        "coordinates": [
          [
            -71.951437,
            10.4893442
          ],
          [
            -71.9516918,
            10.4889196
          ],
          [
            -71.9523204,
            10.4893027
          ],
          [
            -71.9532582,
            10.4898743
          ],
          [
            -71.9535071,
            10.4894925
          ],
          [
            -71.9537705,
            10.4890884
          ]
        ]
      },
      "properties": {
        "id": "OSM-W979374431",
        "nombre": null,
        "tipo": "ducto",
        "sector": "midstream",
        "fluido": "oil",
        "estado": "desconocido",
        "operadora": null,
        "diametro": null,
        "ubicacion": "overground",
        "fuente": "OpenStreetMap contributors (ODbL), consulta Overpass 2026-09-08",
        "confianza": "baja",
        "ultima_verificacion": "2026-09-08"
      }
    },
    {
      "type": "Feature",
      "geometry": {
        "type": "LineString",
        "coordinates": [
          [
            -71.9527593,
            10.4885794
          ],
          [
            -71.952575,
            10.4888831
          ],
          [
            -71.9523204,
            10.4893027
          ],
          [
            -71.9521049,
            10.4896581
          ]
        ]
      },
      "properties": {
        "id": "OSM-W979374432",
        "nombre": null,
        "tipo": "ducto",
        "sector": "midstream",
        "fluido": "oil",
        "estado": "desconocido",
        "operadora": null,
        "diametro": null,
        "ubicacion": "overground",
        "fuente": "OpenStreetMap contributors (ODbL), consulta Overpass 2026-09-08",
        "confianza": "baja",
        "ultima_verificacion": "2026-09-08"
      }
    },
    {
      "type": "Feature",
      "geometry": {
        "type": "LineString",
        "coordinates": [
          [
            -71.9519616,
            10.4885116
          ],
          [
            -71.952575,
            10.4888831
          ],
          [
            -71.9529772,
            10.4891267
          ]
        ]
      },
      "properties": {
        "id": "OSM-W979374433",
        "nombre": null,
        "tipo": "ducto",
        "sector": "midstream",
        "fluido": "oil",
        "estado": "desconocido",
        "operadora": null,
        "diametro": null,
        "ubicacion": "overground",
        "fuente": "OpenStreetMap contributors (ODbL), consulta Overpass 2026-09-08",
        "confianza": "baja",
        "ultima_verificacion": "2026-09-08"
      }
    },
    {
      "type": "Feature",
      "geometry": {
        "type": "LineString",
        "coordinates": [
          [
            -71.9553021,
            10.4871209
          ],
          [
            -71.9549963,
            10.4866119
          ],
          [
            -71.9546181,
            10.4868123
          ],
          [
            -71.9546878,
            10.4869495
          ],
          [
            -71.9519616,
            10.4885116
          ],
          [
            -71.9513646,
            10.4888537
          ],
          [
            -71.9510052,
            10.4886242
          ]
        ]
      },
      "properties": {
        "id": "OSM-W979374434",
        "nombre": null,
        "tipo": "ducto",
        "sector": "midstream",
        "fluido": "oil",
        "estado": "desconocido",
        "operadora": null,
        "diametro": null,
        "ubicacion": "overground",
        "fuente": "OpenStreetMap contributors (ODbL), consulta Overpass 2026-09-08",
        "confianza": "baja",
        "ultima_verificacion": "2026-09-08"
      }
    },
    {
      "type": "Feature",
      "geometry": {
        "type": "LineString",
        "coordinates": [
          [
            -70.9374949,
            9.8087078
          ],
          [
            -70.9374037,
            9.8079731
          ],
          [
            -70.9375861,
            9.8079546
          ],
          [
            -70.9388226,
            9.8067203
          ]
        ]
      },
      "properties": {
        "id": "OSM-W980092410",
        "nombre": null,
        "tipo": "ducto",
        "sector": "midstream",
        "fluido": "oil",
        "estado": "desconocido",
        "operadora": "PDVSA",
        "diametro": null,
        "ubicacion": "overground",
        "fuente": "OpenStreetMap contributors (ODbL), consulta Overpass 2026-09-08",
        "confianza": "baja",
        "ultima_verificacion": "2026-09-08"
      }
    },
    {
      "type": "Feature",
      "geometry": {
        "type": "LineString",
        "coordinates": [
          [
            -70.9360331,
            9.8094584
          ],
          [
            -70.9339437,
            9.8096778
          ]
        ]
      },
      "properties": {
        "id": "OSM-W980092411",
        "nombre": null,
        "tipo": "ducto",
        "sector": "midstream",
        "fluido": "oil",
        "estado": "desconocido",
        "operadora": "PDVSA",
        "diametro": null,
        "ubicacion": "overground",
        "fuente": "OpenStreetMap contributors (ODbL), consulta Overpass 2026-09-08",
        "confianza": "baja",
        "ultima_verificacion": "2026-09-08"
      }
    },
    {
      "type": "Feature",
      "geometry": {
        "type": "LineString",
        "coordinates": [
          [
            -70.935714,
            9.8090173
          ],
          [
            -70.9357274,
            9.8091836
          ]
        ]
      },
      "properties": {
        "id": "OSM-W980092412",
        "nombre": null,
        "tipo": "ducto",
        "sector": "midstream",
        "fluido": "oil",
        "estado": "desconocido",
        "operadora": "PDVSA",
        "diametro": null,
        "ubicacion": "overground",
        "fuente": "OpenStreetMap contributors (ODbL), consulta Overpass 2026-09-08",
        "confianza": "baja",
        "ultima_verificacion": "2026-09-08"
      }
    },
    {
      "type": "Feature",
      "geometry": {
        "type": "LineString",
        "coordinates": [
          [
            -70.9369397,
            9.8084224
          ],
          [
            -70.9369665,
            9.8088876
          ],
          [
            -70.935714,
            9.8090173
          ],
          [
            -70.9351292,
            9.8090779
          ]
        ]
      },
      "properties": {
        "id": "OSM-W980092413",
        "nombre": null,
        "tipo": "ducto",
        "sector": "midstream",
        "fluido": "oil",
        "estado": "desconocido",
        "operadora": "PDVSA",
        "diametro": null,
        "ubicacion": "overground",
        "fuente": "OpenStreetMap contributors (ODbL), consulta Overpass 2026-09-08",
        "confianza": "baja",
        "ultima_verificacion": "2026-09-08"
      }
    },
    {
      "type": "Feature",
      "geometry": {
        "type": "LineString",
        "coordinates": [
          [
            -71.1833328,
            10.913809
          ],
          [
            -71.1834991,
            10.9138105
          ]
        ]
      },
      "properties": {
        "id": "OSM-W982770382",
        "nombre": "Línea Maracaibo - Cardón",
        "tipo": "ducto",
        "sector": "midstream",
        "fluido": "oil",
        "estado": "desconocido",
        "operadora": "PDVSA",
        "diametro": null,
        "ubicacion": "underground",
        "fuente": "OpenStreetMap contributors (ODbL), consulta Overpass 2026-09-08",
        "confianza": "baja",
        "ultima_verificacion": "2026-09-08"
      }
    },
    {
      "type": "Feature",
      "geometry": {
        "type": "LineString",
        "coordinates": [
          [
            -71.1834991,
            10.9138105
          ],
          [
            -71.1841133,
            10.9138237
          ],
          [
            -71.185146,
            10.9138079
          ],
          [
            -71.1965561,
            10.9139712
          ],
          [
            -71.2088084,
            10.9140871
          ],
          [
            -71.2189257,
            10.9142187
          ],
          [
            -71.2271118,
            10.9142346
          ],
          [
            -71.2360597,
            10.9143136
          ],
          [
            -71.2369824,
            10.9142503
          ],
          [
            -71.2379748,
            10.9141081
          ],
          [
            -71.2432051,
            10.9133075
          ],
          [
            -71.2535906,
            10.9116325
          ],
          [
            -71.2629569,
            10.9101154
          ],
          [
            -71.2774515,
            10.9077977
          ],
          [
            -71.2794739,
            10.9074343
          ],
          [
            -71.2798548,
            10.9073184
          ],
          [
            -71.283229,
            10.9058435
          ],
          [
            -71.2845379,
            10.9052641
          ],
          [
            -71.2849027,
            10.905027
          ],
          [
            -71.2856859,
            10.9044581
          ],
          [
            -71.2872684,
            10.9032413
          ],
          [
            -71.2875527,
            10.9029885
          ],
          [
            -71.2877727,
            10.9027093
          ],
          [
            -71.2902778,
            10.8994276
          ]
        ]
      },
      "properties": {
        "id": "OSM-W982770383",
        "nombre": "Línea Maracaibo - Cardón",
        "tipo": "ducto",
        "sector": "midstream",
        "fluido": "oil",
        "estado": "desconocido",
        "operadora": "PDVSA",
        "diametro": null,
        "ubicacion": "overground",
        "fuente": "OpenStreetMap contributors (ODbL), consulta Overpass 2026-09-08",
        "confianza": "baja",
        "ultima_verificacion": "2026-09-08"
      }
    },
    {
      "type": "Feature",
      "geometry": {
        "type": "LineString",
        "coordinates": [
          [
            -71.1412811,
            10.9249008
          ],
          [
            -71.1416194,
            10.9242512
          ]
        ]
      },
      "properties": {
        "id": "OSM-W982770385",
        "nombre": "Línea Maracaibo - Cardón",
        "tipo": "ducto",
        "sector": "midstream",
        "fluido": "oil",
        "estado": "desconocido",
        "operadora": "PDVSA",
        "diametro": null,
        "ubicacion": "overground",
        "fuente": "OpenStreetMap contributors (ODbL), consulta Overpass 2026-09-08",
        "confianza": "baja",
        "ultima_verificacion": "2026-09-08"
      }
    },
    {
      "type": "Feature",
      "geometry": {
        "type": "LineString",
        "coordinates": [
          [
            -71.1416194,
            10.9242512
          ],
          [
            -71.1422467,
            10.9230468
          ],
          [
            -71.142336,
            10.922941
          ],
          [
            -71.1443925,
            10.921356
          ],
          [
            -71.1445212,
            10.9213191
          ],
          [
            -71.1493814,
            10.9201234
          ],
          [
            -71.1624169,
            10.9167524
          ],
          [
            -71.1680281,
            10.9153354
          ],
          [
            -71.1688489,
            10.9151405
          ],
          [
            -71.1743903,
            10.9137183
          ],
          [
            -71.1745244,
            10.9136973
          ],
          [
            -71.1798191,
            10.9137763
          ],
          [
            -71.1833328,
            10.913809
          ]
        ]
      },
      "properties": {
        "id": "OSM-W982770386",
        "nombre": "Línea Maracaibo - Cardón",
        "tipo": "ducto",
        "sector": "midstream",
        "fluido": "oil",
        "estado": "desconocido",
        "operadora": "PDVSA",
        "diametro": null,
        "ubicacion": "overground",
        "fuente": "OpenStreetMap contributors (ODbL), consulta Overpass 2026-09-08",
        "confianza": "baja",
        "ultima_verificacion": "2026-09-08"
      }
    },
    {
      "type": "Feature",
      "geometry": {
        "type": "LineString",
        "coordinates": [
          [
            -70.812224,
            11.0560556
          ],
          [
            -70.8126034,
            11.055888
          ]
        ]
      },
      "properties": {
        "id": "OSM-W982770394",
        "nombre": "Línea Maracaibo - Cardón",
        "tipo": "ducto",
        "sector": "midstream",
        "fluido": "oil",
        "estado": "desconocido",
        "operadora": "PDVSA",
        "diametro": null,
        "ubicacion": "overground",
        "fuente": "OpenStreetMap contributors (ODbL), consulta Overpass 2026-09-08",
        "confianza": "baja",
        "ultima_verificacion": "2026-09-08"
      }
    },
    {
      "type": "Feature",
      "geometry": {
        "type": "LineString",
        "coordinates": [
          [
            -70.8076977,
            11.0579853
          ],
          [
            -70.8088499,
            11.0574889
          ],
          [
            -70.8093677,
            11.0572618
          ],
          [
            -70.8095479,
            11.0571873
          ],
          [
            -70.8107959,
            11.0566568
          ],
          [
            -70.8115773,
            11.0563292
          ],
          [
            -70.812224,
            11.0560556
          ]
        ]
      },
      "properties": {
        "id": "OSM-W982770395",
        "nombre": "Línea Maracaibo - Cardón",
        "tipo": "ducto",
        "sector": "midstream",
        "fluido": "oil",
        "estado": "desconocido",
        "operadora": "PDVSA",
        "diametro": null,
        "ubicacion": "overground",
        "fuente": "OpenStreetMap contributors (ODbL), consulta Overpass 2026-09-08",
        "confianza": "baja",
        "ultima_verificacion": "2026-09-08"
      }
    },
    {
      "type": "Feature",
      "geometry": {
        "type": "LineString",
        "coordinates": [
          [
            -70.807598,
            11.0580239
          ],
          [
            -70.8076977,
            11.0579853
          ]
        ]
      },
      "properties": {
        "id": "OSM-W982770396",
        "nombre": "Línea Maracaibo - Cardón",
        "tipo": "ducto",
        "sector": "midstream",
        "fluido": "oil",
        "estado": "desconocido",
        "operadora": "PDVSA",
        "diametro": null,
        "ubicacion": "overground",
        "fuente": "OpenStreetMap contributors (ODbL), consulta Overpass 2026-09-08",
        "confianza": "baja",
        "ultima_verificacion": "2026-09-08"
      }
    },
    {
      "type": "Feature",
      "geometry": {
        "type": "LineString",
        "coordinates": [
          [
            -70.8126034,
            11.055888
          ],
          [
            -70.8134435,
            11.0555177
          ],
          [
            -70.8143292,
            11.0551286
          ],
          [
            -70.815746,
            11.0545032
          ],
          [
            -70.8172102,
            11.0538703
          ],
          [
            -70.8179157,
            11.0535464
          ],
          [
            -70.8190279,
            11.0530659
          ],
          [
            -70.8207823,
            11.0522896
          ],
          [
            -70.8224664,
            11.0515257
          ],
          [
            -70.824393,
            11.0507055
          ],
          [
            -70.8263515,
            11.0498352
          ],
          [
            -70.8280165,
            11.0490839
          ],
          [
            -70.8292924,
            11.0485454
          ],
          [
            -70.8322971,
            11.0467735
          ],
          [
            -70.8347723,
            11.045371
          ],
          [
            -70.8364756,
            11.0443692
          ],
          [
            -70.8382937,
            11.0432985
          ],
          [
            -70.8404691,
            11.0420463
          ],
          [
            -70.841217,
            11.0415857
          ],
          [
            -70.8413109,
            11.0415383
          ],
          [
            -70.8425018,
            11.0408538
          ],
          [
            -70.8435801,
            11.0402273
          ],
          [
            -70.8448729,
            11.0394638
          ],
          [
            -70.8458439,
            11.0388926
          ],
          [
            -70.8468765,
            11.0382844
          ],
          [
            -70.848121,
            11.0375368
          ],
          [
            -70.8482713,
            11.0374552
          ],
          [
            -70.8494461,
            11.0367944
          ],
          [
            -70.8499905,
            11.0364732
          ],
          [
            -70.8512807,
            11.0357019
          ],
          [
            -70.8535555,
            11.0343919
          ],
          [
            -70.8548411,
            11.0336304
          ]
        ]
      },
      "properties": {
        "id": "OSM-W982770397",
        "nombre": "Línea Maracaibo - Cardón",
        "tipo": "ducto",
        "sector": "midstream",
        "fluido": "oil",
        "estado": "desconocido",
        "operadora": "PDVSA",
        "diametro": null,
        "ubicacion": "overground",
        "fuente": "OpenStreetMap contributors (ODbL), consulta Overpass 2026-09-08",
        "confianza": "baja",
        "ultima_verificacion": "2026-09-08"
      }
    },
    {
      "type": "Feature",
      "geometry": {
        "type": "LineString",
        "coordinates": [
          [
            -71.0285533,
            10.965545
          ],
          [
            -71.0355967,
            10.9630013
          ],
          [
            -71.0437775,
            10.9600889
          ],
          [
            -71.054973,
            10.9560336
          ],
          [
            -71.0556597,
            10.9558387
          ],
          [
            -71.056518,
            10.9554753
          ],
          [
            -71.0581219,
            10.9548907
          ],
          [
            -71.0601068,
            10.9542429
          ],
          [
            -71.0633576,
            10.953021
          ],
          [
            -71.0650206,
            10.9524628
          ],
          [
            -71.0699666,
            10.9507985
          ],
          [
            -71.0777879,
            10.9482494
          ],
          [
            -71.0835654,
            10.9462743
          ],
          [
            -71.0864997,
            10.9453158
          ],
          [
            -71.0896325,
            10.9442993
          ],
          [
            -71.0932481,
            10.94313
          ],
          [
            -71.0992777,
            10.9411181
          ],
          [
            -71.106391,
            10.938769
          ],
          [
            -71.1087728,
            10.937842
          ],
          [
            -71.1150062,
            10.9354508
          ],
          [
            -71.123246,
            10.9323117
          ],
          [
            -71.1301768,
            10.9296676
          ],
          [
            -71.1314964,
            10.9292041
          ],
          [
            -71.1320114,
            10.9290882
          ],
          [
            -71.1353374,
            10.9284667
          ],
          [
            -71.1387062,
            10.927861
          ],
          [
            -71.1400581,
            10.9270867
          ],
          [
            -71.1412811,
            10.9249008
          ]
        ]
      },
      "properties": {
        "id": "OSM-W982770399",
        "nombre": "Línea Maracaibo - Cardón",
        "tipo": "ducto",
        "sector": "midstream",
        "fluido": "oil",
        "estado": "desconocido",
        "operadora": "PDVSA",
        "diametro": null,
        "ubicacion": "overground",
        "fuente": "OpenStreetMap contributors (ODbL), consulta Overpass 2026-09-08",
        "confianza": "baja",
        "ultima_verificacion": "2026-09-08"
      }
    },
    {
      "type": "Feature",
      "geometry": {
        "type": "LineString",
        "coordinates": [
          [
            -71.0284544,
            10.9655812
          ],
          [
            -71.0285533,
            10.965545
          ]
        ]
      },
      "properties": {
        "id": "OSM-W982770400",
        "nombre": "Línea Maracaibo - Cardón",
        "tipo": "ducto",
        "sector": "midstream",
        "fluido": "oil",
        "estado": "desconocido",
        "operadora": "PDVSA",
        "diametro": null,
        "ubicacion": "underground",
        "fuente": "OpenStreetMap contributors (ODbL), consulta Overpass 2026-09-08",
        "confianza": "baja",
        "ultima_verificacion": "2026-09-08"
      }
    },
    {
      "type": "Feature",
      "geometry": {
        "type": "LineString",
        "coordinates": [
          [
            -70.9905678,
            10.9773785
          ],
          [
            -70.9913135,
            10.9771889
          ]
        ]
      },
      "properties": {
        "id": "OSM-W982770401",
        "nombre": "Línea Maracaibo - Cardón",
        "tipo": "ducto",
        "sector": "midstream",
        "fluido": "oil",
        "estado": "desconocido",
        "operadora": "PDVSA",
        "diametro": null,
        "ubicacion": "underground",
        "fuente": "OpenStreetMap contributors (ODbL), consulta Overpass 2026-09-08",
        "confianza": "baja",
        "ultima_verificacion": "2026-09-08"
      }
    },
    {
      "type": "Feature",
      "geometry": {
        "type": "LineString",
        "coordinates": [
          [
            -70.9913135,
            10.9771889
          ],
          [
            -70.9941888,
            10.9763252
          ],
          [
            -70.9994406,
            10.9748507
          ],
          [
            -71.0107219,
            10.9715276
          ],
          [
            -71.0154104,
            10.9702532
          ],
          [
            -71.0172129,
            10.9696423
          ],
          [
            -71.0284544,
            10.9655812
          ]
        ]
      },
      "properties": {
        "id": "OSM-W982770402",
        "nombre": "Línea Maracaibo - Cardón",
        "tipo": "ducto",
        "sector": "midstream",
        "fluido": "oil",
        "estado": "desconocido",
        "operadora": "PDVSA",
        "diametro": null,
        "ubicacion": "overground",
        "fuente": "OpenStreetMap contributors (ODbL), consulta Overpass 2026-09-08",
        "confianza": "baja",
        "ultima_verificacion": "2026-09-08"
      }
    },
    {
      "type": "Feature",
      "geometry": {
        "type": "LineString",
        "coordinates": [
          [
            -70.4548717,
            11.1374977
          ],
          [
            -70.4587233,
            11.1356976
          ],
          [
            -70.4633689,
            11.1331607
          ],
          [
            -70.4674351,
            11.1309184
          ],
          [
            -70.4692161,
            11.1299499
          ],
          [
            -70.4702246,
            11.1295394
          ],
          [
            -70.4729605,
            11.1287393
          ],
          [
            -70.4805136,
            11.1268339
          ],
          [
            -70.4814255,
            11.1265602
          ],
          [
            -70.4824877,
            11.1261181
          ],
          [
            -70.4838932,
            11.1254022
          ],
          [
            -70.4886246,
            11.1226967
          ],
          [
            -70.4938924,
            11.1196964
          ],
          [
            -70.4981303,
            11.1173909
          ],
          [
            -70.5000079,
            11.1163381
          ],
          [
            -70.5020678,
            11.1154328
          ],
          [
            -70.5062199,
            11.1137378
          ],
          [
            -70.5085373,
            11.1128956
          ],
          [
            -70.5105972,
            11.1119271
          ],
          [
            -70.5129361,
            11.1106532
          ],
          [
            -70.5161333,
            11.1087056
          ],
          [
            -70.5191696,
            11.1066316
          ],
          [
            -70.525167,
            11.1020835
          ],
          [
            -70.5289436,
            11.0993673
          ],
          [
            -70.5307031,
            11.0983566
          ],
          [
            -70.5374622,
            11.0946927
          ],
          [
            -70.5393827,
            11.0936188
          ],
          [
            -70.5406594,
            11.0927134
          ],
          [
            -70.5428696,
            11.0908604
          ],
          [
            -70.5449671,
            11.0887547
          ],
          [
            -70.5461901,
            11.0877439
          ],
          [
            -70.5474508,
            11.0868069
          ],
          [
            -70.5484808,
            11.0863226
          ],
          [
            -70.5519033,
            11.0847012
          ],
          [
            -70.5532444,
            11.0839957
          ],
          [
            -70.5569995,
            11.0821427
          ],
          [
            -70.5637801,
            11.0788472
          ],
          [
            -70.5682647,
            11.0765097
          ],
          [
            -70.5750239,
            11.0727825
          ],
          [
            -70.5814183,
            11.0691815
          ],
          [
            -70.5916107,
            11.0639273
          ],
          [
            -70.5971468,
            11.060937
          ],
          [
            -70.6029832,
            11.0577676
          ],
          [
            -70.6102038,
            11.0539347
          ],
          [
            -70.6150854,
            11.0513655
          ],
          [
            -70.6192696,
            11.0491331
          ],
          [
            -70.6241834,
            11.0465112
          ],
          [
            -70.631522,
            11.0426993
          ],
          [
            -70.637691,
            11.0392559
          ],
          [
            -70.6444609,
            11.0356808
          ],
          [
            -70.647406,
            11.0341697
          ],
          [
            -70.6518531,
            11.0317792
          ],
          [
            -70.6543636,
            11.0304261
          ],
          [
            -70.6562492,
            11.0292887
          ],
          [
            -70.6599587,
            11.0268983
          ],
          [
            -70.663172,
            11.0248132
          ],
          [
            -70.664379,
            11.0240234
          ],
          [
            -70.6658167,
            11.0231546
          ],
          [
            -70.6676191,
            11.0219172
          ],
          [
            -70.6694725,
            11.0207693
          ],
          [
            -70.6721869,
            11.0190475
          ],
          [
            -70.6750783,
            11.0171835
          ],
          [
            -70.6796783,
            11.0141453
          ],
          [
            -70.6835836,
            11.0115072
          ],
          [
            -70.6876552,
            11.0086216
          ],
          [
            -70.6927407,
            11.0050725
          ],
          [
            -70.7024503,
            10.9983112
          ],
          [
            -70.7177496,
            10.9876107
          ],
          [
            -70.7209843,
            10.9853252
          ],
          [
            -70.7218105,
            10.984767
          ],
          [
            -70.7229531,
            10.9841192
          ],
          [
            -70.7243371,
            10.9834083
          ],
          [
            -70.7300985,
            10.9802802
          ],
          [
            -70.7370561,
            10.9765148
          ],
          [
            -70.7379815,
            10.9760646
          ],
          [
            -70.7380754,
            10.9759987
          ],
          [
            -70.7381639,
            10.9758671
          ],
          [
            -70.7382175,
            10.9756459
          ],
          [
            -70.738467,
            10.9744294
          ],
          [
            -70.7386386,
            10.9739923
          ],
          [
            -70.7390705,
            10.9731418
          ],
          [
            -70.7402748,
            10.971259
          ],
          [
            -70.7408059,
            10.9707745
          ],
          [
            -70.7414067,
            10.9701584
          ],
          [
            -70.7417768,
            10.9698634
          ],
          [
            -70.7420772,
            10.9696897
          ],
          [
            -70.7424474,
            10.9695843
          ],
          [
            -70.7430536,
            10.9694843
          ],
          [
            -70.7439548,
            10.9694843
          ],
          [
            -70.7480907,
            10.9695159
          ],
          [
            -70.7497323,
            10.9694895
          ],
          [
            -70.7500434,
            10.9694474
          ],
          [
            -70.7502848,
            10.9693842
          ],
          [
            -70.7505316,
            10.9692841
          ],
          [
            -70.7552576,
            10.9668774
          ],
          [
            -70.7588947,
            10.9648972
          ],
          [
            -70.7627356,
            10.9628696
          ],
          [
            -70.7671505,
            10.9605207
          ],
          [
            -70.7729495,
            10.9574766
          ],
          [
            -70.7796764,
            10.953811
          ],
          [
            -70.785116,
            10.9508827
          ],
          [
            -70.7910222,
            10.9477069
          ],
          [
            -70.7953888,
            10.9453
          ],
          [
            -70.8030492,
            10.9411813
          ],
          [
            -70.8070457,
            10.9391482
          ],
          [
            -70.816015,
            10.9343447
          ],
          [
            -70.821256,
            10.9315111
          ],
          [
            -70.8237505,
            10.9301206
          ],
          [
            -70.8247268,
            10.9294569
          ],
          [
            -70.8256281,
            10.9287511
          ],
          [
            -70.8272052,
            10.9274133
          ],
          [
            -70.8313465,
            10.9234418
          ],
          [
            -70.8417964,
            10.913771
          ],
          [
            -70.8444786,
            10.9111742
          ],
          [
            -70.852198,
            10.9039893
          ],
          [
            -70.8592469,
            10.8971572
          ],
          [
            -70.8679748,
            10.8888025
          ],
          [
            -70.8765149,
            10.8804582
          ],
          [
            -70.8875013,
            10.8698483
          ],
          [
            -70.8917713,
            10.8655178
          ],
          [
            -70.8967173,
            10.8606394
          ],
          [
            -70.9014273,
            10.8560243
          ],
          [
            -70.9060407,
            10.8515988
          ],
          [
            -70.9114802,
            10.8462775
          ],
          [
            -70.916276,
            10.8415621
          ],
          [
            -70.921914,
            10.836051
          ],
          [
            -70.9262055,
            10.8318623
          ],
          [
            -70.930438,
            10.827721
          ],
          [
            -70.9342253,
            10.8240749
          ],
          [
            -70.9348261,
            10.8234531
          ],
          [
            -70.9352338,
            10.823
          ],
          [
            -70.9361887,
            10.8218303
          ],
          [
            -70.9397185,
            10.8171725
          ],
          [
            -70.9438706,
            10.8117136
          ],
          [
            -70.9475076,
            10.8069608
          ],
          [
            -70.9510589,
            10.8024186
          ],
          [
            -70.9544277,
            10.7980239
          ],
          [
            -70.9583759,
            10.7928915
          ],
          [
            -70.9627104,
            10.7872109
          ],
          [
            -70.9664172,
            10.782289
          ],
          [
            -70.9692013,
            10.7787372
          ],
          [
            -70.9743619,
            10.772055
          ],
          [
            -70.9775913,
            10.7678496
          ],
          [
            -70.9784174,
            10.7668167
          ],
          [
            -70.9798551,
            10.7654782
          ],
          [
            -70.9814429,
            10.7642239
          ],
          [
            -70.988406,
            10.759523
          ],
          [
            -70.9901118,
            10.7581633
          ],
          [
            -70.9978259,
            10.7521131
          ],
          [
            -71.0041773,
            10.7468639
          ],
          [
            -71.0262037,
            10.7291129
          ],
          [
            -71.0317397,
            10.7246223
          ],
          [
            -71.0361493,
            10.7210804
          ],
          [
            -71.044609,
            10.7143337
          ],
          [
            -71.0504079,
            10.7096689
          ],
          [
            -71.0531867,
            10.7074235
          ],
          [
            -71.0568291,
            10.7043979
          ],
          [
            -71.0606593,
            10.7013248
          ]
        ]
      },
      "properties": {
        "id": "OSM-W982773767",
        "nombre": null,
        "tipo": "ducto",
        "sector": "midstream",
        "fluido": "oil",
        "estado": "desconocido",
        "operadora": "PDVSA",
        "diametro": null,
        "ubicacion": "overground",
        "fuente": "OpenStreetMap contributors (ODbL), consulta Overpass 2026-09-08",
        "confianza": "baja",
        "ultima_verificacion": "2026-09-08"
      }
    },
    {
      "type": "Feature",
      "geometry": {
        "type": "LineString",
        "coordinates": [
          [
            -70.453198,
            11.1382241
          ],
          [
            -70.4548717,
            11.1374977
          ]
        ]
      },
      "properties": {
        "id": "OSM-W982773768",
        "nombre": null,
        "tipo": "ducto",
        "sector": "midstream",
        "fluido": "oil",
        "estado": "desconocido",
        "operadora": "PDVSA",
        "diametro": null,
        "ubicacion": "overground",
        "fuente": "OpenStreetMap contributors (ODbL), consulta Overpass 2026-09-08",
        "confianza": "baja",
        "ultima_verificacion": "2026-09-08"
      }
    },
    {
      "type": "Feature",
      "geometry": {
        "type": "LineString",
        "coordinates": [
          [
            -70.255693,
            11.2071501
          ],
          [
            -70.2559492,
            11.2070938
          ]
        ]
      },
      "properties": {
        "id": "OSM-W982773771",
        "nombre": null,
        "tipo": "ducto",
        "sector": "midstream",
        "fluido": "oil",
        "estado": "desconocido",
        "operadora": "PDVSA",
        "diametro": null,
        "ubicacion": "underground",
        "fuente": "OpenStreetMap contributors (ODbL), consulta Overpass 2026-09-08",
        "confianza": "baja",
        "ultima_verificacion": "2026-09-08"
      }
    },
    {
      "type": "Feature",
      "geometry": {
        "type": "LineString",
        "coordinates": [
          [
            -70.2514985,
            11.2076923
          ],
          [
            -70.2521235,
            11.2076818
          ],
          [
            -70.2529523,
            11.2076476
          ],
          [
            -70.2532929,
            11.2076239
          ],
          [
            -70.2537328,
            11.2075686
          ],
          [
            -70.2544114,
            11.2074318
          ],
          [
            -70.255693,
            11.2071501
          ]
        ]
      },
      "properties": {
        "id": "OSM-W982773772",
        "nombre": null,
        "tipo": "ducto",
        "sector": "midstream",
        "fluido": "oil",
        "estado": "desconocido",
        "operadora": "PDVSA",
        "diametro": null,
        "ubicacion": "overground",
        "fuente": "OpenStreetMap contributors (ODbL), consulta Overpass 2026-09-08",
        "confianza": "baja",
        "ultima_verificacion": "2026-09-08"
      }
    },
    {
      "type": "Feature",
      "geometry": {
        "type": "LineString",
        "coordinates": [
          [
            -70.2485051,
            11.2076201
          ],
          [
            -70.2514985,
            11.2076923
          ]
        ]
      },
      "properties": {
        "id": "OSM-W982773773",
        "nombre": null,
        "tipo": "ducto",
        "sector": "midstream",
        "fluido": "oil",
        "estado": "desconocido",
        "operadora": "PDVSA",
        "diametro": null,
        "ubicacion": "overground",
        "fuente": "OpenStreetMap contributors (ODbL), consulta Overpass 2026-09-08",
        "confianza": "baja",
        "ultima_verificacion": "2026-09-08"
      }
    },
    {
      "type": "Feature",
      "geometry": {
        "type": "LineString",
        "coordinates": [
          [
            -70.2559492,
            11.2070938
          ],
          [
            -70.2561951,
            11.2070398
          ],
          [
            -70.2572948,
            11.2068004
          ],
          [
            -70.2581558,
            11.2066057
          ],
          [
            -70.2598026,
            11.2062505
          ],
          [
            -70.261294,
            11.2059505
          ],
          [
            -70.2633405,
            11.2054875
          ],
          [
            -70.269177,
            11.204314
          ],
          [
            -70.276258,
            11.2033037
          ],
          [
            -70.2792192,
            11.2028616
          ],
          [
            -70.283103,
            11.2021039
          ],
          [
            -70.2989817,
            11.197452
          ],
          [
            -70.3002477,
            11.1969469
          ],
          [
            -70.3074575,
            11.194021
          ],
          [
            -70.3087449,
            11.1933895
          ],
          [
            -70.3123498,
            11.1916424
          ],
          [
            -70.3135729,
            11.1912214
          ],
          [
            -70.3184223,
            11.1898321
          ],
          [
            -70.3212762,
            11.1889691
          ],
          [
            -70.3308034,
            11.1848433
          ],
          [
            -70.3349447,
            11.1831172
          ],
          [
            -70.3366614,
            11.1826541
          ],
          [
            -70.3437424,
            11.1810122
          ],
          [
            -70.3491068,
            11.1795807
          ],
          [
            -70.36093,
            11.1760863
          ],
          [
            -70.3642559,
            11.1752864
          ],
          [
            -70.3701782,
            11.1743181
          ],
          [
            -70.3759074,
            11.1733497
          ],
          [
            -70.3773666,
            11.1730971
          ],
          [
            -70.3787613,
            11.1725919
          ],
          [
            -70.3803063,
            11.1717498
          ],
          [
            -70.3857351,
            11.168129
          ],
          [
            -70.3867007,
            11.1676027
          ],
          [
            -70.3876019,
            11.1673501
          ],
          [
            -70.3894258,
            11.1670975
          ],
          [
            -70.3922367,
            11.166887
          ],
          [
            -70.3932882,
            11.1666975
          ],
          [
            -70.3940821,
            11.1662555
          ],
          [
            -70.3954125,
            11.1652871
          ],
          [
            -70.396421,
            11.1645713
          ],
          [
            -70.3975582,
            11.164024
          ],
          [
            -70.3997684,
            11.1629714
          ],
          [
            -70.4114628,
            11.1581926
          ],
          [
            -70.412643,
            11.1576032
          ],
          [
            -70.4160977,
            11.1549927
          ],
          [
            -70.4188442,
            11.1532033
          ],
          [
            -70.4206038,
            11.1524243
          ],
          [
            -70.422256,
            11.151898
          ],
          [
            -70.4246271,
            11.1511717
          ],
          [
            -70.4288435,
            11.1499296
          ],
          [
            -70.4350407,
            11.1474809
          ],
          [
            -70.4354619,
            11.1473124
          ],
          [
            -70.436182,
            11.1470348
          ],
          [
            -70.4370081,
            11.1467717
          ],
          [
            -70.4391646,
            11.1460716
          ],
          [
            -70.4422975,
            11.145119
          ],
          [
            -70.4436279,
            11.1445927
          ],
          [
            -70.4446793,
            11.1440664
          ],
          [
            -70.4461813,
            11.14314
          ],
          [
            -70.4472327,
            11.1421505
          ],
          [
            -70.4495502,
            11.1402557
          ],
          [
            -70.4507732,
            11.1393925
          ],
          [
            -70.4518676,
            11.1387925
          ],
          [
            -70.453198,
            11.1382241
          ]
        ]
      },
      "properties": {
        "id": "OSM-W982773774",
        "nombre": null,
        "tipo": "ducto",
        "sector": "midstream",
        "fluido": "oil",
        "estado": "desconocido",
        "operadora": "PDVSA",
        "diametro": null,
        "ubicacion": "overground",
        "fuente": "OpenStreetMap contributors (ODbL), consulta Overpass 2026-09-08",
        "confianza": "baja",
        "ultima_verificacion": "2026-09-08"
      }
    },
    {
      "type": "Feature",
      "geometry": {
        "type": "LineString",
        "coordinates": [
          [
            -70.1610089,
            11.4000213
          ],
          [
            -70.1581872,
            11.3628512
          ],
          [
            -70.1569748,
            11.3474938
          ],
          [
            -70.1568675,
            11.346547
          ],
          [
            -70.1561165,
            11.3428022
          ],
          [
            -70.1556659,
            11.3346812
          ],
          [
            -70.1571036,
            11.3290006
          ],
          [
            -70.160172,
            11.3226255
          ],
          [
            -70.1722098,
            11.2969239
          ],
          [
            -70.1879597,
            11.2642545
          ],
          [
            -70.2001101,
            11.2386108
          ],
          [
            -70.2003515,
            11.2380741
          ],
          [
            -70.2008718,
            11.2372323
          ],
          [
            -70.2012366,
            11.236743
          ],
          [
            -70.2016711,
            11.2362378
          ],
          [
            -70.2031624,
            11.2342805
          ],
          [
            -70.2045143,
            11.232923
          ],
          [
            -70.2076685,
            11.2297949
          ],
          [
            -70.2093423,
            11.2284874
          ],
          [
            -70.2102649,
            11.2279086
          ],
          [
            -70.2116382,
            11.2271509
          ],
          [
            -70.2140737,
            11.2261196
          ],
          [
            -70.2164984,
            11.2251725
          ],
          [
            -70.2192879,
            11.2235098
          ],
          [
            -70.2248883,
            11.2199317
          ],
          [
            -70.2255321,
            11.2194687
          ],
          [
            -70.2281821,
            11.2167219
          ],
          [
            -70.2299738,
            11.2150907
          ],
          [
            -70.2328062,
            11.2129438
          ],
          [
            -70.2355314,
            11.2114915
          ],
          [
            -70.2389002,
            11.2097656
          ],
          [
            -70.2411854,
            11.2087868
          ],
          [
            -70.2426553,
            11.2081869
          ],
          [
            -70.2439535,
            11.2078396
          ],
          [
            -70.2455735,
            11.2075976
          ],
          [
            -70.2475691,
            11.2075976
          ],
          [
            -70.2485051,
            11.2076201
          ]
        ]
      },
      "properties": {
        "id": "OSM-W982773775",
        "nombre": null,
        "tipo": "ducto",
        "sector": "midstream",
        "fluido": "oil",
        "estado": "desconocido",
        "operadora": "PDVSA",
        "diametro": null,
        "ubicacion": "overground",
        "fuente": "OpenStreetMap contributors (ODbL), consulta Overpass 2026-09-08",
        "confianza": "baja",
        "ultima_verificacion": "2026-09-08"
      }
    },
    {
      "type": "Feature",
      "geometry": {
        "type": "LineString",
        "coordinates": [
          [
            -63.3191778,
            9.6258057
          ],
          [
            -63.3171734,
            9.6251674
          ]
        ]
      },
      "properties": {
        "id": "OSM-W1081638645",
        "nombre": "Oleoducto El Furrial - Mantecal",
        "tipo": "ducto",
        "sector": "midstream",
        "fluido": "oil",
        "estado": "desconocido",
        "operadora": "PDVSA",
        "diametro": null,
        "ubicacion": "underground",
        "fuente": "OpenStreetMap contributors (ODbL), consulta Overpass 2026-09-08",
        "confianza": "baja",
        "ultima_verificacion": "2026-09-08"
      }
    },
    {
      "type": "Feature",
      "geometry": {
        "type": "LineString",
        "coordinates": [
          [
            -63.248989,
            9.6221959
          ],
          [
            -63.2485901,
            9.6223804
          ]
        ]
      },
      "properties": {
        "id": "OSM-W1081638646",
        "nombre": "Oleoducto El Furrial - Mantecal",
        "tipo": "ducto",
        "sector": "midstream",
        "fluido": "oil",
        "estado": "desconocido",
        "operadora": "PDVSA",
        "diametro": null,
        "ubicacion": "overground",
        "fuente": "OpenStreetMap contributors (ODbL), consulta Overpass 2026-09-08",
        "confianza": "baja",
        "ultima_verificacion": "2026-09-08"
      }
    },
    {
      "type": "Feature",
      "geometry": {
        "type": "LineString",
        "coordinates": [
          [
            -63.4085396,
            9.655402
          ],
          [
            -63.4066272,
            9.655405
          ],
          [
            -63.4009141,
            9.6554288
          ],
          [
            -63.4006619,
            9.655442
          ],
          [
            -63.4005842,
            9.6554631
          ],
          [
            -63.400493,
            9.6555054
          ],
          [
            -63.3993128,
            9.6564441
          ],
          [
            -63.3992189,
            9.6565023
          ],
          [
            -63.399066,
            9.6565526
          ],
          [
            -63.3982748,
            9.6567905
          ],
          [
            -63.3980978,
            9.6568223
          ],
          [
            -63.3979556,
            9.6568249
          ],
          [
            -63.3978483,
            9.6568117
          ],
          [
            -63.3958447,
            9.6563516
          ],
          [
            -63.3917248,
            9.6553732
          ],
          [
            -63.388474,
            9.6553098
          ],
          [
            -63.3883292,
            9.6552833
          ],
          [
            -63.3872402,
            9.6548761
          ],
          [
            -63.3845204,
            9.6538925
          ],
          [
            -63.384338,
            9.6538396
          ],
          [
            -63.3842066,
            9.6538211
          ],
          [
            -63.3840591,
            9.653829
          ],
          [
            -63.3838686,
            9.6538634
          ],
          [
            -63.3833617,
            9.6539506
          ],
          [
            -63.3830908,
            9.6539744
          ],
          [
            -63.3827958,
            9.6539824
          ],
          [
            -63.3818436,
            9.6539639
          ],
          [
            -63.3782494,
            9.6537391
          ],
          [
            -63.3781213,
            9.6537413
          ],
          [
            -63.3758944,
            9.6539295
          ],
          [
            -63.3725953,
            9.6541833
          ],
          [
            -63.3688617,
            9.6544689
          ],
          [
            -63.3668017,
            9.6546011
          ],
          [
            -63.3632398,
            9.6549502
          ],
          [
            -63.3574757,
            9.6553508
          ],
          [
            -63.3511001,
            9.6558386
          ],
          [
            -63.3493808,
            9.6559893
          ],
          [
            -63.347742,
            9.6560819
          ],
          [
            -63.3476588,
            9.6560819
          ],
          [
            -63.3475408,
            9.6560687
          ],
          [
            -63.3473986,
            9.6560237
          ],
          [
            -63.3459637,
            9.655405
          ],
          [
            -63.3445823,
            9.6547386
          ],
          [
            -63.3412832,
            9.6532473
          ],
          [
            -63.3380055,
            9.6517295
          ],
          [
            -63.3367932,
            9.6511901
          ],
          [
            -63.3365545,
            9.6510499
          ],
          [
            -63.3364525,
            9.6509442
          ],
          [
            -63.3363614,
            9.6508252
          ],
          [
            -63.3363238,
            9.6507141
          ],
          [
            -63.3363023,
            9.6505713
          ],
          [
            -63.336314,
            9.6504725
          ],
          [
            -63.3371741,
            9.6466049
          ],
          [
            -63.3382577,
            9.6417817
          ],
          [
            -63.3392608,
            9.6374926
          ],
          [
            -63.3393225,
            9.637281
          ],
          [
            -63.3395961,
            9.6365089
          ],
          [
            -63.3396578,
            9.6363502
          ],
          [
            -63.3404571,
            9.6348377
          ],
          [
            -63.3417177,
            9.6324987
          ]
        ]
      },
      "properties": {
        "id": "OSM-W1081638647",
        "nombre": "Oleoducto El Furrial - Mantecal",
        "tipo": "ducto",
        "sector": "midstream",
        "fluido": "oil",
        "estado": "desconocido",
        "operadora": "PDVSA",
        "diametro": null,
        "ubicacion": "underground",
        "fuente": "OpenStreetMap contributors (ODbL), consulta Overpass 2026-09-08",
        "confianza": "baja",
        "ultima_verificacion": "2026-09-08"
      }
    },
    {
      "type": "Feature",
      "geometry": {
        "type": "LineString",
        "coordinates": [
          [
            -63.3171734,
            9.6251674
          ],
          [
            -63.3170072,
            9.6251148
          ]
        ]
      },
      "properties": {
        "id": "OSM-W1081638648",
        "nombre": "Oleoducto El Furrial - Mantecal",
        "tipo": "ducto",
        "sector": "midstream",
        "fluido": "oil",
        "estado": "desconocido",
        "operadora": "PDVSA",
        "diametro": null,
        "ubicacion": "overground",
        "fuente": "OpenStreetMap contributors (ODbL), consulta Overpass 2026-09-08",
        "confianza": "baja",
        "ultima_verificacion": "2026-09-08"
      }
    },
    {
      "type": "Feature",
      "geometry": {
        "type": "LineString",
        "coordinates": [
          [
            -63.1389119,
            9.6148787
          ],
          [
            -63.1393649,
            9.6154731
          ]
        ]
      },
      "properties": {
        "id": "OSM-W1081638649",
        "nombre": "Oleoducto El Furrial - Mantecal",
        "tipo": "ducto",
        "sector": "midstream",
        "fluido": "oil",
        "estado": "desconocido",
        "operadora": "PDVSA",
        "diametro": null,
        "ubicacion": "overground",
        "fuente": "OpenStreetMap contributors (ODbL), consulta Overpass 2026-09-08",
        "confianza": "baja",
        "ultima_verificacion": "2026-09-08"
      }
    },
    {
      "type": "Feature",
      "geometry": {
        "type": "LineString",
        "coordinates": [
          [
            -63.3436536,
            9.6282308
          ],
          [
            -63.3436731,
            9.6281658
          ],
          [
            -63.3436865,
            9.6280706
          ],
          [
            -63.3436824,
            9.6280058
          ],
          [
            -63.3436596,
            9.6279305
          ],
          [
            -63.343327,
            9.6271345
          ],
          [
            -63.34326,
            9.6270472
          ],
          [
            -63.3431983,
            9.6269943
          ],
          [
            -63.3430561,
            9.6269097
          ],
          [
            -63.3425197,
            9.6266664
          ],
          [
            -63.339867,
            9.6255187
          ],
          [
            -63.3389738,
            9.6251379
          ]
        ]
      },
      "properties": {
        "id": "OSM-W1081638650",
        "nombre": "Oleoducto El Furrial - Mantecal",
        "tipo": "ducto",
        "sector": "midstream",
        "fluido": "oil",
        "estado": "desconocido",
        "operadora": "PDVSA",
        "diametro": null,
        "ubicacion": "overground",
        "fuente": "OpenStreetMap contributors (ODbL), consulta Overpass 2026-09-08",
        "confianza": "baja",
        "ultima_verificacion": "2026-09-08"
      }
    },
    {
      "type": "Feature",
      "geometry": {
        "type": "LineString",
        "coordinates": [
          [
            -63.3222261,
            9.6267669
          ],
          [
            -63.3217608,
            9.6266254
          ]
        ]
      },
      "properties": {
        "id": "OSM-W1081638651",
        "nombre": "Oleoducto El Furrial - Mantecal",
        "tipo": "ducto",
        "sector": "midstream",
        "fluido": "oil",
        "estado": "desconocido",
        "operadora": "PDVSA",
        "diametro": null,
        "ubicacion": "overhead",
        "fuente": "OpenStreetMap contributors (ODbL), consulta Overpass 2026-09-08",
        "confianza": "baja",
        "ultima_verificacion": "2026-09-08"
      }
    },
    {
      "type": "Feature",
      "geometry": {
        "type": "LineString",
        "coordinates": [
          [
            -63.3237938,
            9.6269679
          ],
          [
            -63.3231917,
            9.6269705
          ],
          [
            -63.3230736,
            9.6269652
          ],
          [
            -63.3229677,
            9.6269507
          ],
          [
            -63.3228484,
            9.6269229
          ],
          [
            -63.3222261,
            9.6267669
          ]
        ]
      },
      "properties": {
        "id": "OSM-W1081638652",
        "nombre": "Oleoducto El Furrial - Mantecal",
        "tipo": "ducto",
        "sector": "midstream",
        "fluido": "oil",
        "estado": "desconocido",
        "operadora": "PDVSA",
        "diametro": null,
        "ubicacion": "underground",
        "fuente": "OpenStreetMap contributors (ODbL), consulta Overpass 2026-09-08",
        "confianza": "baja",
        "ultima_verificacion": "2026-09-08"
      }
    },
    {
      "type": "Feature",
      "geometry": {
        "type": "LineString",
        "coordinates": [
          [
            -63.3419525,
            9.6321039
          ],
          [
            -63.3426745,
            9.6308947
          ],
          [
            -63.3429354,
            9.6304612
          ],
          [
            -63.342969,
            9.6303858
          ],
          [
            -63.3430628,
            9.6301135
          ]
        ]
      },
      "properties": {
        "id": "OSM-W1081638653",
        "nombre": "Oleoducto El Furrial - Mantecal",
        "tipo": "ducto",
        "sector": "midstream",
        "fluido": "oil",
        "estado": "desconocido",
        "operadora": "PDVSA",
        "diametro": null,
        "ubicacion": "overhead",
        "fuente": "OpenStreetMap contributors (ODbL), consulta Overpass 2026-09-08",
        "confianza": "baja",
        "ultima_verificacion": "2026-09-08"
      }
    },
    {
      "type": "Feature",
      "geometry": {
        "type": "LineString",
        "coordinates": [
          [
            -63.2656087,
            9.6200487
          ],
          [
            -63.264863,
            9.6202073
          ]
        ]
      },
      "properties": {
        "id": "OSM-W1081638654",
        "nombre": "Oleoducto El Furrial - Mantecal",
        "tipo": "ducto",
        "sector": "midstream",
        "fluido": "oil",
        "estado": "desconocido",
        "operadora": "PDVSA",
        "diametro": null,
        "ubicacion": "overground",
        "fuente": "OpenStreetMap contributors (ODbL), consulta Overpass 2026-09-08",
        "confianza": "baja",
        "ultima_verificacion": "2026-09-08"
      }
    },
    {
      "type": "Feature",
      "geometry": {
        "type": "LineString",
        "coordinates": [
          [
            -63.3362153,
            9.6243168
          ],
          [
            -63.3359403,
            9.6244028
          ]
        ]
      },
      "properties": {
        "id": "OSM-W1081638655",
        "nombre": "Oleoducto El Furrial - Mantecal",
        "tipo": "ducto",
        "sector": "midstream",
        "fluido": "oil",
        "estado": "desconocido",
        "operadora": "PDVSA",
        "diametro": null,
        "ubicacion": "overground",
        "fuente": "OpenStreetMap contributors (ODbL), consulta Overpass 2026-09-08",
        "confianza": "baja",
        "ultima_verificacion": "2026-09-08"
      }
    },
    {
      "type": "Feature",
      "geometry": {
        "type": "LineString",
        "coordinates": [
          [
            -63.3217608,
            9.6266254
          ],
          [
            -63.3196018,
            9.6259358
          ]
        ]
      },
      "properties": {
        "id": "OSM-W1081638656",
        "nombre": "Oleoducto El Furrial - Mantecal",
        "tipo": "ducto",
        "sector": "midstream",
        "fluido": "oil",
        "estado": "desconocido",
        "operadora": "PDVSA",
        "diametro": null,
        "ubicacion": "underground",
        "fuente": "OpenStreetMap contributors (ODbL), consulta Overpass 2026-09-08",
        "confianza": "baja",
        "ultima_verificacion": "2026-09-08"
      }
    },
    {
      "type": "Feature",
      "geometry": {
        "type": "LineString",
        "coordinates": [
          [
            -63.3242901,
            9.6269652
          ],
          [
            -63.3237938,
            9.6269679
          ]
        ]
      },
      "properties": {
        "id": "OSM-W1081638657",
        "nombre": "Oleoducto El Furrial - Mantecal",
        "tipo": "ducto",
        "sector": "midstream",
        "fluido": "oil",
        "estado": "desconocido",
        "operadora": "PDVSA",
        "diametro": null,
        "ubicacion": "overground",
        "fuente": "OpenStreetMap contributors (ODbL), consulta Overpass 2026-09-08",
        "confianza": "baja",
        "ultima_verificacion": "2026-09-08"
      }
    },
    {
      "type": "Feature",
      "geometry": {
        "type": "LineString",
        "coordinates": [
          [
            -63.1375158,
            9.6109845
          ],
          [
            -63.13755,
            9.612993
          ],
          [
            -63.1375614,
            9.613042
          ],
          [
            -63.1375791,
            9.6130749
          ],
          [
            -63.138468,
            9.6142717
          ],
          [
            -63.1389119,
            9.6148787
          ]
        ]
      },
      "properties": {
        "id": "OSM-W1081638658",
        "nombre": "Oleoducto El Furrial - Mantecal",
        "tipo": "ducto",
        "sector": "midstream",
        "fluido": "oil",
        "estado": "desconocido",
        "operadora": "PDVSA",
        "diametro": null,
        "ubicacion": "underground",
        "fuente": "OpenStreetMap contributors (ODbL), consulta Overpass 2026-09-08",
        "confianza": "baja",
        "ultima_verificacion": "2026-09-08"
      }
    },
    {
      "type": "Feature",
      "geometry": {
        "type": "LineString",
        "coordinates": [
          [
            -63.264863,
            9.6202073
          ],
          [
            -63.2647196,
            9.6202351
          ],
          [
            -63.2646109,
            9.6202483
          ],
          [
            -63.2645412,
            9.620247
          ],
          [
            -63.2644433,
            9.6202351
          ],
          [
            -63.2643145,
            9.6202007
          ],
          [
            -63.2639793,
            9.6201082
          ],
          [
            -63.2613319,
            9.619447
          ],
          [
            -63.2611871,
            9.61941
          ],
          [
            -63.2610852,
            9.61941
          ],
          [
            -63.260935,
            9.6194417
          ],
          [
            -63.259972,
            9.6196824
          ],
          [
            -63.2555276,
            9.6209491
          ],
          [
            -63.2540417,
            9.6210232
          ],
          [
            -63.2519978,
            9.6213669
          ],
          [
            -63.2498413,
            9.6218429
          ],
          [
            -63.248989,
            9.6221959
          ]
        ]
      },
      "properties": {
        "id": "OSM-W1081638659",
        "nombre": "Oleoducto El Furrial - Mantecal",
        "tipo": "ducto",
        "sector": "midstream",
        "fluido": "oil",
        "estado": "desconocido",
        "operadora": "PDVSA",
        "diametro": null,
        "ubicacion": "underground",
        "fuente": "OpenStreetMap contributors (ODbL), consulta Overpass 2026-09-08",
        "confianza": "baja",
        "ultima_verificacion": "2026-09-08"
      }
    },
    {
      "type": "Feature",
      "geometry": {
        "type": "LineString",
        "coordinates": [
          [
            -63.4090009,
            9.6553984
          ],
          [
            -63.4085396,
            9.655402
          ]
        ]
      },
      "properties": {
        "id": "OSM-W1081638660",
        "nombre": "Oleoducto El Furrial - Mantecal",
        "tipo": "ducto",
        "sector": "midstream",
        "fluido": "oil",
        "estado": "desconocido",
        "operadora": "PDVSA",
        "diametro": null,
        "ubicacion": "overground",
        "fuente": "OpenStreetMap contributors (ODbL), consulta Overpass 2026-09-08",
        "confianza": "baja",
        "ultima_verificacion": "2026-09-08"
      }
    },
    {
      "type": "Feature",
      "geometry": {
        "type": "LineString",
        "coordinates": [
          [
            -63.3196018,
            9.6259358
          ],
          [
            -63.3191778,
            9.6258057
          ]
        ]
      },
      "properties": {
        "id": "OSM-W1081638661",
        "nombre": "Oleoducto El Furrial - Mantecal",
        "tipo": "ducto",
        "sector": "midstream",
        "fluido": "oil",
        "estado": "desconocido",
        "operadora": "PDVSA",
        "diametro": null,
        "ubicacion": "overground",
        "fuente": "OpenStreetMap contributors (ODbL), consulta Overpass 2026-09-08",
        "confianza": "baja",
        "ultima_verificacion": "2026-09-08"
      }
    },
    {
      "type": "Feature",
      "geometry": {
        "type": "LineString",
        "coordinates": [
          [
            -63.3359403,
            9.6244028
          ],
          [
            -63.3320779,
            9.6256087
          ],
          [
            -63.3291006,
            9.6265977
          ],
          [
            -63.3285266,
            9.6267775
          ],
          [
            -63.3282906,
            9.6268304
          ],
          [
            -63.327958,
            9.6268833
          ],
          [
            -63.3271909,
            9.6269679
          ],
          [
            -63.3265793,
            9.6269996
          ],
          [
            -63.3242901,
            9.6269652
          ]
        ]
      },
      "properties": {
        "id": "OSM-W1081638662",
        "nombre": "Oleoducto El Furrial - Mantecal",
        "tipo": "ducto",
        "sector": "midstream",
        "fluido": "oil",
        "estado": "desconocido",
        "operadora": "PDVSA",
        "diametro": null,
        "ubicacion": "underground",
        "fuente": "OpenStreetMap contributors (ODbL), consulta Overpass 2026-09-08",
        "confianza": "baja",
        "ultima_verificacion": "2026-09-08"
      }
    },
    {
      "type": "Feature",
      "geometry": {
        "type": "LineString",
        "coordinates": [
          [
            -63.3417177,
            9.6324987
          ],
          [
            -63.3419525,
            9.6321039
          ]
        ]
      },
      "properties": {
        "id": "OSM-W1081638663",
        "nombre": "Oleoducto El Furrial - Mantecal",
        "tipo": "ducto",
        "sector": "midstream",
        "fluido": "oil",
        "estado": "desconocido",
        "operadora": "PDVSA",
        "diametro": null,
        "ubicacion": "overground",
        "fuente": "OpenStreetMap contributors (ODbL), consulta Overpass 2026-09-08",
        "confianza": "baja",
        "ultima_verificacion": "2026-09-08"
      }
    },
    {
      "type": "Feature",
      "geometry": {
        "type": "LineString",
        "coordinates": [
          [
            -63.4090009,
            9.6553984
          ],
          [
            -63.4127855,
            9.6553574
          ],
          [
            -63.4204352,
            9.6553838
          ],
          [
            -63.4292114,
            9.6557381
          ],
          [
            -63.4319955,
            9.6558545
          ],
          [
            -63.4321886,
            9.6558809
          ],
          [
            -63.4323281,
            9.6559074
          ],
          [
            -63.4325963,
            9.655992
          ],
          [
            -63.433004,
            9.6561718
          ],
          [
            -63.4334761,
            9.6564415
          ],
          [
            -63.4338355,
            9.6566953
          ],
          [
            -63.434034,
            9.6568857
          ],
          [
            -63.4341842,
            9.6570444
          ],
          [
            -63.4342969,
            9.6572559
          ],
          [
            -63.4356916,
            9.6600323
          ],
          [
            -63.4360027,
            9.6607462
          ],
          [
            -63.43611,
            9.6611429
          ],
          [
            -63.4361959,
            9.6614919
          ],
          [
            -63.4362066,
            9.6617404
          ],
          [
            -63.4361959,
            9.6620313
          ],
          [
            -63.4361208,
            9.6624438
          ],
          [
            -63.4359491,
            9.6630308
          ],
          [
            -63.4356916,
            9.6635491
          ],
          [
            -63.4353697,
            9.6641889
          ],
          [
            -63.4350801,
            9.6646014
          ],
          [
            -63.4347206,
            9.6650562
          ],
          [
            -63.4336048,
            9.6659341
          ],
          [
            -63.4333742,
            9.6661773
          ],
          [
            -63.4332937,
            9.666336
          ],
          [
            -63.433283,
            9.666484
          ],
          [
            -63.4333152,
            9.6666956
          ],
          [
            -63.433401,
            9.6669283
          ],
          [
            -63.4335244,
            9.6671821
          ],
          [
            -63.4337014,
            9.6675311
          ],
          [
            -63.4338731,
            9.6677902
          ],
          [
            -63.4350157,
            9.6691863
          ],
          [
            -63.4350747,
            9.6693291
          ],
          [
            -63.4351793,
            9.6696543
          ],
          [
            -63.4358096,
            9.6718251
          ],
          [
            -63.4358847,
            9.6719785
          ],
          [
            -63.4378159,
            9.6757965
          ],
          [
            -63.4381914,
            9.6765897
          ],
          [
            -63.4383041,
            9.6767167
          ],
          [
            -63.4424079,
            9.6781762
          ],
          [
            -63.456012,
            9.6813067
          ],
          [
            -63.4560831,
            9.6813318
          ],
          [
            -63.4561528,
            9.681382
          ],
          [
            -63.4561984,
            9.6814217
          ],
          [
            -63.4565404,
            9.6817654
          ],
          [
            -63.4567469,
            9.6819968
          ]
        ]
      },
      "properties": {
        "id": "OSM-W1081638664",
        "nombre": "Oleoducto El Furrial - Mantecal",
        "tipo": "ducto",
        "sector": "midstream",
        "fluido": "oil",
        "estado": "desconocido",
        "operadora": "PDVSA",
        "diametro": null,
        "ubicacion": "underground",
        "fuente": "OpenStreetMap contributors (ODbL), consulta Overpass 2026-09-08",
        "confianza": "baja",
        "ultima_verificacion": "2026-09-08"
      }
    },
    {
      "type": "Feature",
      "geometry": {
        "type": "LineString",
        "coordinates": [
          [
            -63.1393649,
            9.6154731
          ],
          [
            -63.1404233,
            9.6168448
          ],
          [
            -63.1424511,
            9.6194576
          ],
          [
            -63.1437385,
            9.6211474
          ],
          [
            -63.1438297,
            9.6212453
          ],
          [
            -63.1439477,
            9.6213511
          ],
          [
            -63.1440228,
            9.6214119
          ],
          [
            -63.1441113,
            9.6214648
          ],
          [
            -63.1442133,
            9.6214965
          ],
          [
            -63.1443501,
            9.6215203
          ],
          [
            -63.1527829,
            9.6226257
          ],
          [
            -63.1616128,
            9.623821
          ],
          [
            -63.166945,
            9.624498
          ],
          [
            -63.1710541,
            9.6250903
          ],
          [
            -63.1711507,
            9.6251108
          ],
          [
            -63.1712151,
            9.6251432
          ],
          [
            -63.1806725,
            9.6325106
          ],
          [
            -63.1808603,
            9.6325952
          ],
          [
            -63.18115,
            9.6326534
          ],
          [
            -63.1851035,
            9.632463
          ],
          [
            -63.1890625,
            9.6322885
          ],
          [
            -63.2032992,
            9.6316608
          ],
          [
            -63.2039058,
            9.6316644
          ],
          [
            -63.2041204,
            9.6316961
          ],
          [
            -63.2061052,
            9.6323149
          ],
          [
            -63.2064325,
            9.6324154
          ],
          [
            -63.2067221,
            9.632463
          ],
          [
            -63.2072747,
            9.6324577
          ],
          [
            -63.2101554,
            9.6323255
          ],
          [
            -63.2142363,
            9.6320981
          ],
          [
            -63.2143503,
            9.6320822
          ],
          [
            -63.2144736,
            9.6320421
          ],
          [
            -63.2152355,
            9.6316432
          ],
          [
            -63.2153563,
            9.6316188
          ],
          [
            -63.2220161,
            9.6313735
          ],
          [
            -63.2224131,
            9.6313206
          ],
          [
            -63.2227564,
            9.631236
          ],
          [
            -63.2280403,
            9.6299931
          ],
          [
            -63.2363552,
            9.6280415
          ],
          [
            -63.2367146,
            9.6279411
          ],
          [
            -63.2369453,
            9.6278511
          ],
          [
            -63.2418323,
            9.6255558
          ],
          [
            -63.2485901,
            9.6223804
          ]
        ]
      },
      "properties": {
        "id": "OSM-W1081638665",
        "nombre": "Oleoducto El Furrial - Mantecal",
        "tipo": "ducto",
        "sector": "midstream",
        "fluido": "oil",
        "estado": "desconocido",
        "operadora": "PDVSA",
        "diametro": null,
        "ubicacion": "underground",
        "fuente": "OpenStreetMap contributors (ODbL), consulta Overpass 2026-09-08",
        "confianza": "baja",
        "ultima_verificacion": "2026-09-08"
      }
    },
    {
      "type": "Feature",
      "geometry": {
        "type": "LineString",
        "coordinates": [
          [
            -63.3170072,
            9.6251148
          ],
          [
            -63.3112172,
            9.6232109
          ],
          [
            -63.3111366,
            9.6231956
          ],
          [
            -63.3110463,
            9.6232022
          ],
          [
            -63.3109808,
            9.6232187
          ],
          [
            -63.309027,
            9.6237946
          ],
          [
            -63.3018655,
            9.6254976
          ],
          [
            -63.3016938,
            9.6255187
          ],
          [
            -63.3015972,
            9.6255161
          ],
          [
            -63.3015041,
            9.6255029
          ],
          [
            -63.3014048,
            9.6254771
          ],
          [
            -63.3013096,
            9.6254321
          ],
          [
            -63.3012164,
            9.6253548
          ],
          [
            -63.3009374,
            9.6250692
          ],
          [
            -63.2959324,
            9.620325
          ],
          [
            -63.2957876,
            9.6202245
          ],
          [
            -63.2925099,
            9.618971
          ],
          [
            -63.2904822,
            9.6183416
          ],
          [
            -63.2899672,
            9.6182306
          ],
          [
            -63.2873225,
            9.6178022
          ],
          [
            -63.2841468,
            9.6175694
          ],
          [
            -63.2839322,
            9.6175589
          ],
          [
            -63.2837391,
            9.6175747
          ],
          [
            -63.2833529,
            9.6176276
          ],
          [
            -63.2788897,
            9.6183734
          ],
          [
            -63.2733053,
            9.6188071
          ],
          [
            -63.2717443,
            9.6189657
          ],
          [
            -63.2698882,
            9.6192143
          ],
          [
            -63.2668599,
            9.6197485
          ],
          [
            -63.2656087,
            9.6200487
          ]
        ]
      },
      "properties": {
        "id": "OSM-W1081638666",
        "nombre": "Oleoducto El Furrial - Mantecal",
        "tipo": "ducto",
        "sector": "midstream",
        "fluido": "oil",
        "estado": "desconocido",
        "operadora": "PDVSA",
        "diametro": null,
        "ubicacion": "underground",
        "fuente": "OpenStreetMap contributors (ODbL), consulta Overpass 2026-09-08",
        "confianza": "baja",
        "ultima_verificacion": "2026-09-08"
      }
    },
    {
      "type": "Feature",
      "geometry": {
        "type": "LineString",
        "coordinates": [
          [
            -63.3389738,
            9.6251379
          ],
          [
            -63.337056,
            9.6242547
          ],
          [
            -63.3368737,
            9.6241992
          ],
          [
            -63.3367342,
            9.6241806
          ],
          [
            -63.3365572,
            9.6242018
          ],
          [
            -63.3362153,
            9.6243168
          ]
        ]
      },
      "properties": {
        "id": "OSM-W1081638667",
        "nombre": "Oleoducto El Furrial - Mantecal",
        "tipo": "ducto",
        "sector": "midstream",
        "fluido": "oil",
        "estado": "desconocido",
        "operadora": "PDVSA",
        "diametro": null,
        "ubicacion": "underground",
        "fuente": "OpenStreetMap contributors (ODbL), consulta Overpass 2026-09-08",
        "confianza": "baja",
        "ultima_verificacion": "2026-09-08"
      }
    },
    {
      "type": "Feature",
      "geometry": {
        "type": "LineString",
        "coordinates": [
          [
            -62.7885419,
            10.6011174
          ],
          [
            -62.7899834,
            10.6004727
          ],
          [
            -62.7902789,
            10.6004019
          ],
          [
            -62.7904734,
            10.6003806
          ],
          [
            -62.7906969,
            10.6003877
          ],
          [
            -62.7907942,
            10.6003913
          ],
          [
            -62.7912951,
            10.6005188
          ],
          [
            -62.7934464,
            10.6013476
          ],
          [
            -62.7935329,
            10.6013618
          ],
          [
            -62.7936842,
            10.6013264
          ],
          [
            -62.7983545,
            10.6000867
          ],
          [
            -62.7985815,
            10.6000442
          ],
          [
            -62.7987328,
            10.6000406
          ],
          [
            -62.7988806,
            10.600076
          ],
          [
            -62.7990103,
            10.6001362
          ],
          [
            -62.799122,
            10.6002106
          ],
          [
            -62.7994644,
            10.6006073
          ],
          [
            -62.8005274,
            10.6019392
          ],
          [
            -62.8006932,
            10.6020808
          ],
          [
            -62.8008013,
            10.602134
          ],
          [
            -62.8009851,
            10.6021871
          ],
          [
            -62.8048193,
            10.6030832
          ],
          [
            -62.8056553,
            10.6032674
          ],
          [
            -62.806167,
            10.6033029
          ],
          [
            -62.8095112,
            10.6028424
          ],
          [
            -62.8127111,
            10.6022969
          ],
          [
            -62.8197669,
            10.6002
          ],
          [
            -62.8239399,
            10.5988965
          ],
          [
            -62.8243219,
            10.5988186
          ],
          [
            -62.8245741,
            10.5988186
          ],
          [
            -62.8248624,
            10.598854
          ],
          [
            -62.827875,
            10.5993995
          ],
          [
            -62.828084,
            10.5994066
          ],
          [
            -62.8282426,
            10.5993287
          ],
          [
            -62.8295687,
            10.5985848
          ],
          [
            -62.8308299,
            10.5982093
          ],
          [
            -62.8318389,
            10.5976639
          ],
          [
            -62.8354857,
            10.5954607
          ],
          [
            -62.8356515,
            10.595234
          ],
          [
            -62.8361993,
            10.5938454
          ],
          [
            -62.8366533,
            10.5933566
          ],
          [
            -62.8414965,
            10.5894461
          ],
          [
            -62.8475938,
            10.5875899
          ],
          [
            -62.8523721,
            10.5861801
          ],
          [
            -62.8592333,
            10.5852025
          ],
          [
            -62.8638315,
            10.583148
          ],
          [
            -62.8661666,
            10.583658
          ],
          [
            -62.8701161,
            10.5840831
          ],
          [
            -62.8724801,
            10.5795915
          ],
          [
            -62.8738783,
            10.5784013
          ],
          [
            -62.8765161,
            10.5786138
          ],
          [
            -62.8775251,
            10.5795065
          ],
          [
            -62.886116,
            10.5822695
          ],
          [
            -62.9030817,
            10.5879229
          ],
          [
            -62.9074636,
            10.5861235
          ],
          [
            -62.9093807,
            10.5849191
          ],
          [
            -62.9095897,
            10.5848907
          ],
          [
            -62.9105267,
            10.5849474
          ],
          [
            -62.9108582,
            10.5848695
          ],
          [
            -62.919932,
            10.58081
          ],
          [
            -62.9221086,
            10.5800732
          ],
          [
            -62.9252653,
            10.5785713
          ],
          [
            -62.9255248,
            10.5785642
          ],
          [
            -62.9257842,
            10.5786351
          ],
          [
            -62.9260365,
            10.578798
          ],
          [
            -62.9262166,
            10.5789964
          ],
          [
            -62.9269806,
            10.5800236
          ],
          [
            -62.9274491,
            10.5803566
          ],
          [
            -62.929849,
            10.5818515
          ],
          [
            -62.9356868,
            10.5854575
          ],
          [
            -62.9369697,
            10.5849474
          ],
          [
            -62.941467,
            10.5842106
          ],
          [
            -62.9425048,
            10.5840831
          ],
          [
            -62.9470165,
            10.5851033
          ],
          [
            -62.9534309,
            10.5839556
          ],
          [
            -62.9584038,
            10.5857834
          ],
          [
            -62.9639821,
            10.5838281
          ],
          [
            -62.9687965,
            10.5835872
          ],
          [
            -62.9735388,
            10.5807817
          ],
          [
            -62.9800109,
            10.58064
          ],
          [
            -62.9828793,
            10.5806258
          ],
          [
            -62.9851135,
            10.5802716
          ],
          [
            -62.9964432,
            10.5789822
          ],
          [
            -62.9990666,
            10.5790389
          ],
          [
            -63.0023675,
            10.5794498
          ],
          [
            -63.0051494,
            10.5790389
          ],
          [
            -63.0060287,
            10.5788263
          ],
          [
            -63.0072827,
            10.5792939
          ],
          [
            -63.0084647,
            10.5795348
          ],
          [
            -63.0093007,
            10.5797332
          ],
          [
            -63.0106413,
            10.5797332
          ],
          [
            -63.0122989,
            10.58047
          ],
          [
            -63.0132503,
            10.5796057
          ],
          [
            -63.0143313,
            10.5791947
          ],
          [
            -63.0148791,
            10.5791239
          ],
          [
            -63.0178196,
            10.5791947
          ],
          [
            -63.0204863,
            10.5789114
          ],
          [
            -63.0225043,
            10.5797757
          ],
          [
            -63.0260358,
            10.5799882
          ],
          [
            -63.0294808,
            10.5807109
          ],
          [
            -63.0336177,
            10.5798749
          ],
          [
            -63.0374951,
            10.5802149
          ],
          [
            -63.0399023,
            10.5800449
          ],
          [
            -63.0456104,
            10.5789539
          ],
          [
            -63.0513905,
            10.579634
          ],
          [
            -63.0524428,
            10.5800024
          ],
          [
            -63.0529617,
            10.5803991
          ],
          [
            -63.0533365,
            10.5809517
          ],
          [
            -63.055859,
            10.5829496
          ],
          [
            -63.0647238,
            10.5832401
          ],
          [
            -63.0667418,
            10.5800874
          ],
          [
            -63.0695814,
            10.5788689
          ],
          [
            -63.0712246,
            10.578543
          ],
          [
            -63.0722192,
            10.577707
          ],
          [
            -63.0728102,
            10.5774236
          ],
          [
            -63.0735886,
            10.5772677
          ],
          [
            -63.0752606,
            10.5774236
          ],
          [
            -63.0768895,
            10.5775086
          ],
          [
            -63.0779129,
            10.5757232
          ]
        ]
      },
      "properties": {
        "id": "OSM-W1084046564",
        "nombre": "Gasoducto Nororietal José Francisco Bermúdez",
        "tipo": "ducto",
        "sector": "midstream",
        "fluido": "gas",
        "estado": "desconocido",
        "operadora": "PDVSA",
        "diametro": null,
        "ubicacion": "underground",
        "fuente": "OpenStreetMap contributors (ODbL), consulta Overpass 2026-09-08",
        "confianza": "baja",
        "ultima_verificacion": "2026-09-08"
      }
    },
    {
      "type": "Feature",
      "geometry": {
        "type": "LineString",
        "coordinates": [
          [
            -62.3373592,
            10.5368847
          ],
          [
            -62.3377454,
            10.5377496
          ],
          [
            -62.3436141,
            10.5478755
          ],
          [
            -62.344408,
            10.549331
          ],
          [
            -62.3459101,
            10.5567247
          ],
          [
            -62.3472619,
            10.5633694
          ],
          [
            -62.3510814,
            10.5823113
          ],
          [
            -62.3580873,
            10.5823218
          ],
          [
            -62.3751032,
            10.5822902
          ],
          [
            -62.3900753,
            10.5823956
          ],
          [
            -62.3903435,
            10.5824062
          ],
          [
            -62.3904589,
            10.5824273
          ],
          [
            -62.3905984,
            10.5824668
          ],
          [
            -62.3907217,
            10.5825274
          ],
          [
            -62.3909739,
            10.5826988
          ],
          [
            -62.3951876,
            10.5854119
          ],
          [
            -62.4007344,
            10.5953147
          ],
          [
            -62.4027836,
            10.5973922
          ],
          [
            -62.4054551,
            10.6004505
          ],
          [
            -62.4072576,
            10.6012519
          ],
          [
            -62.4092102,
            10.6009988
          ],
          [
            -62.410723,
            10.599649
          ],
          [
            -62.412107,
            10.5980407
          ],
          [
            -62.4139738,
            10.5978457
          ],
          [
            -62.4187482,
            10.599185
          ]
        ]
      },
      "properties": {
        "id": "OSM-W1084046565",
        "nombre": "Gasoducto Nororietal José Francisco Bermúdez",
        "tipo": "ducto",
        "sector": "midstream",
        "fluido": "gas",
        "estado": "desconocido",
        "operadora": "PDVSA",
        "diametro": null,
        "ubicacion": "underground",
        "fuente": "OpenStreetMap contributors (ODbL), consulta Overpass 2026-09-08",
        "confianza": "baja",
        "ultima_verificacion": "2026-09-08"
      }
    },
    {
      "type": "Feature",
      "geometry": {
        "type": "LineString",
        "coordinates": [
          [
            -62.478261,
            10.5935851
          ],
          [
            -62.4993324,
            10.5925305
          ],
          [
            -62.5297594,
            10.5888605
          ],
          [
            -62.5402522,
            10.58692
          ],
          [
            -62.5417543,
            10.5873313
          ],
          [
            -62.5482237,
            10.5956416
          ],
          [
            -62.5534809,
            10.5993642
          ],
          [
            -62.5574184,
            10.6002185
          ],
          [
            -62.5604975,
            10.6009988
          ],
          [
            -62.56127,
            10.6017265
          ],
          [
            -62.5691664,
            10.6035931
          ],
          [
            -62.5705075,
            10.6029709
          ],
          [
            -62.5708294,
            10.6017687
          ],
          [
            -62.5718057,
            10.5985628
          ],
          [
            -62.5728464,
            10.5967594
          ],
          [
            -62.575593,
            10.5950404
          ],
          [
            -62.586515,
            10.5947768
          ],
          [
            -62.5873733,
            10.5949034
          ],
          [
            -62.5880814,
            10.5945237
          ],
          [
            -62.5893796,
            10.5944604
          ],
          [
            -62.5901091,
            10.5940808
          ],
          [
            -62.5913966,
            10.5945132
          ],
          [
            -62.5929737,
            10.5949034
          ],
          [
            -62.6017606,
            10.5940702
          ],
          [
            -62.6026511,
            10.5946397
          ],
          [
            -62.6130527,
            10.5942706
          ],
          [
            -62.6138789,
            10.5922247
          ],
          [
            -62.6149947,
            10.5917237
          ],
          [
            -62.6154453,
            10.5905004
          ],
          [
            -62.6161695,
            10.5902104
          ],
          [
            -62.6169795,
            10.5904266
          ],
          [
            -62.6184386,
            10.5911595
          ],
          [
            -62.6207453,
            10.5934216
          ],
          [
            -62.6227462,
            10.5939542
          ],
          [
            -62.6236153,
            10.594028
          ],
          [
            -62.6248062,
            10.5939331
          ],
          [
            -62.6263833,
            10.5937011
          ],
          [
            -62.6265657,
            10.5937064
          ],
          [
            -62.6266623,
            10.5937697
          ],
          [
            -62.6269251,
            10.5939806
          ],
          [
            -62.6296771,
            10.5969703
          ],
          [
            -62.6316458,
            10.5979933
          ],
          [
            -62.6321822,
            10.5979089
          ],
          [
            -62.6338399,
            10.5968596
          ],
          [
            -62.6358837,
            10.5968807
          ],
          [
            -62.6404595,
            10.596886
          ],
          [
            -62.6452768,
            10.5990162
          ],
          [
            -62.6511669,
            10.6016105
          ],
          [
            -62.655673,
            10.6013258
          ],
          [
            -62.6597607,
            10.6028127
          ],
          [
            -62.6598787,
            10.6064826
          ],
          [
            -62.6599109,
            10.6066038
          ],
          [
            -62.6599968,
            10.606704
          ],
          [
            -62.6602274,
            10.6068464
          ],
          [
            -62.6643098,
            10.6089818
          ],
          [
            -62.6663482,
            10.6123458
          ],
          [
            -62.6683009,
            10.613664
          ],
          [
            -62.6738584,
            10.6163108
          ],
          [
            -62.676487,
            10.6181826
          ],
          [
            -62.6792336,
            10.617629
          ],
          [
            -62.7040386,
            10.6144232
          ],
          [
            -62.7136195,
            10.608676
          ],
          [
            -62.7188873,
            10.6066407
          ],
          [
            -62.7209473,
            10.6082753
          ],
          [
            -62.7218109,
            10.6121771
          ],
          [
            -62.7225405,
            10.6148978
          ],
          [
            -62.7229643,
            10.6149927
          ],
          [
            -62.7233023,
            10.614766
          ],
          [
            -62.7252442,
            10.6143389
          ],
          [
            -62.7255178,
            10.6142651
          ],
          [
            -62.7282912,
            10.6132949
          ],
          [
            -62.728613,
            10.6132211
          ],
          [
            -62.7305764,
            10.6130049
          ],
          [
            -62.7324486,
            10.6130207
          ],
          [
            -62.7339077,
            10.6131156
          ],
          [
            -62.7344227,
            10.6130418
          ],
          [
            -62.7346265,
            10.6129153
          ],
          [
            -62.7373731,
            10.6080011
          ],
          [
            -62.7411872,
            10.6062664
          ],
          [
            -62.74373,
            10.6052118
          ],
          [
            -62.7439445,
            10.6051169
          ],
          [
            -62.7441591,
            10.6051064
          ],
          [
            -62.7443254,
            10.6051433
          ],
          [
            -62.7445132,
            10.6052751
          ],
          [
            -62.7459616,
            10.6072735
          ],
          [
            -62.7466643,
            10.6073051
          ],
          [
            -62.7546519,
            10.6075898
          ],
          [
            -62.7569372,
            10.607922
          ],
          [
            -62.7583748,
            10.6081487
          ],
          [
            -62.7586216,
            10.608154
          ],
          [
            -62.758804,
            10.6081329
          ],
          [
            -62.7590132,
            10.6080644
          ],
          [
            -62.7591527,
            10.6079906
          ],
          [
            -62.7612609,
            10.605138
          ],
          [
            -62.7613521,
            10.6050589
          ],
          [
            -62.7614915,
            10.6049745
          ],
          [
            -62.7617115,
            10.6049429
          ],
          [
            -62.7620977,
            10.6049324
          ],
          [
            -62.7680683,
            10.6048849
          ],
          [
            -62.7732289,
            10.6048269
          ],
          [
            -62.7799559,
            10.6047953
          ],
          [
            -62.7806425,
            10.6045105
          ],
          [
            -62.7885419,
            10.6011174
          ]
        ]
      },
      "properties": {
        "id": "OSM-W1084046566",
        "nombre": "Gasoducto Nororietal José Francisco Bermúdez",
        "tipo": "ducto",
        "sector": "midstream",
        "fluido": "gas",
        "estado": "desconocido",
        "operadora": "PDVSA",
        "diametro": null,
        "ubicacion": "underground",
        "fuente": "OpenStreetMap contributors (ODbL), consulta Overpass 2026-09-08",
        "confianza": "baja",
        "ultima_verificacion": "2026-09-08"
      }
    },
    {
      "type": "Feature",
      "geometry": {
        "type": "LineString",
        "coordinates": [
          [
            -67.8634232,
            10.0990187
          ],
          [
            -67.8621626,
            10.0983955
          ],
          [
            -67.8614438,
            10.0980681
          ],
          [
            -67.8611004,
            10.0978832
          ],
          [
            -67.8608751,
            10.0977089
          ],
          [
            -67.860623,
            10.0974765
          ],
          [
            -67.8603709,
            10.0972864
          ],
          [
            -67.8599471,
            10.0970303
          ],
          [
            -67.8595099,
            10.0968137
          ],
          [
            -67.8594026,
            10.0967345
          ],
          [
            -67.8593195,
            10.0966236
          ],
          [
            -67.8592524,
            10.0965021
          ],
          [
            -67.8592256,
            10.0964203
          ],
          [
            -67.8592122,
            10.0963226
          ],
          [
            -67.8592256,
            10.0961404
          ],
          [
            -67.859239,
            10.0958129
          ],
          [
            -67.8592068,
            10.0956202
          ],
          [
            -67.8591639,
            10.0954564
          ],
          [
            -67.8590244,
            10.095158
          ],
          [
            -67.8588015,
            10.0946468
          ],
          [
            -67.8581768,
            10.0932145
          ],
          [
            -67.8577521,
            10.092232
          ],
          [
            -67.8576243,
            10.0919364
          ],
          [
            -67.8573775,
            10.0914875
          ],
          [
            -67.8572542,
            10.0911917
          ],
          [
            -67.856943,
            10.0901988
          ],
          [
            -67.8567499,
            10.08919
          ],
          [
            -67.8567123,
            10.0889418
          ],
          [
            -67.8567123,
            10.0888045
          ],
          [
            -67.8567392,
            10.088646
          ],
          [
            -67.8568357,
            10.0885034
          ],
          [
            -67.857222,
            10.0882394
          ],
          [
            -67.8575331,
            10.0880809
          ],
          [
            -67.8579086,
            10.0879753
          ],
          [
            -67.8583968,
            10.0879383
          ],
          [
            -67.8587991,
            10.0879383
          ],
          [
            -67.8593141,
            10.0878433
          ],
          [
            -67.8598398,
            10.0877112
          ],
          [
            -67.8601885,
            10.0875475
          ],
          [
            -67.8604299,
            10.0873521
          ],
          [
            -67.860564,
            10.0871461
          ],
          [
            -67.8606176,
            10.0869982
          ],
          [
            -67.8606606,
            10.0868134
          ],
          [
            -67.8606176,
            10.0860845
          ],
          [
            -67.8606284,
            10.0859208
          ],
          [
            -67.8606927,
            10.0857729
          ],
          [
            -67.8612077,
            10.0850441
          ],
          [
            -67.8614491,
            10.0844737
          ],
          [
            -67.861535,
            10.0841779
          ],
          [
            -67.8615832,
            10.0839138
          ],
          [
            -67.8615886,
            10.0835969
          ],
          [
            -67.8615242,
            10.0830635
          ],
          [
            -67.8614867,
            10.08281
          ],
          [
            -67.8615028,
            10.0826674
          ],
          [
            -67.8615779,
            10.0824138
          ],
          [
            -67.8617173,
            10.0819649
          ],
          [
            -67.8617419,
            10.08185
          ],
          [
            -67.8617817,
            10.0816639
          ],
          [
            -67.8618193,
            10.0812994
          ],
          [
            -67.8617173,
            10.0801692
          ],
          [
            -67.8616583,
            10.0798311
          ],
          [
            -67.8614867,
            10.0791393
          ],
          [
            -67.8613579,
            10.0784526
          ],
          [
            -67.8611648,
            10.07634
          ],
          [
            -67.8610361,
            10.0752731
          ],
          [
            -67.860961,
            10.0743435
          ],
          [
            -67.8608859,
            10.0738998
          ],
          [
            -67.8607893,
            10.0735829
          ],
          [
            -67.8603387,
            10.0725953
          ],
          [
            -67.8602904,
            10.0724262
          ],
          [
            -67.8602743,
            10.0722783
          ],
          [
            -67.8603011,
            10.0721146
          ],
          [
            -67.8604299,
            10.0717713
          ],
          [
            -67.8605157,
            10.0715389
          ],
          [
            -67.8605318,
            10.0713118
          ],
          [
            -67.8604996,
            10.0710477
          ],
          [
            -67.8603816,
            10.0703769
          ],
          [
            -67.8603172,
            10.0699174
          ],
          [
            -67.8603065,
            10.069347
          ],
          [
            -67.8602851,
            10.0681322
          ],
          [
            -67.8601027,
            10.0660405
          ],
          [
            -67.8600866,
            10.0658557
          ],
          [
            -67.860049,
            10.0656867
          ],
          [
            -67.8599685,
            10.0655441
          ],
          [
            -67.8597701,
            10.0652747
          ],
          [
            -67.8594697,
            10.0649366
          ],
          [
            -67.8593785,
            10.0647518
          ],
          [
            -67.8593463,
            10.0645616
          ],
          [
            -67.8593516,
            10.0643345
          ],
          [
            -67.8594428,
            10.0638856
          ],
          [
            -67.8596252,
            10.0631408
          ],
          [
            -67.8596628,
            10.0628926
          ],
          [
            -67.8596306,
            10.0626232
          ],
          [
            -67.8594858,
            10.0624066
          ],
          [
            -67.8577423,
            10.0609963
          ],
          [
            -67.8555965,
            10.0593537
          ],
          [
            -67.8545129,
            10.058535
          ],
          [
            -67.8543681,
            10.0584188
          ],
          [
            -67.8542876,
            10.0583078
          ],
          [
            -67.8541696,
            10.0580385
          ],
          [
            -67.8536815,
            10.0567549
          ],
          [
            -67.8534615,
            10.0563112
          ],
          [
            -67.8530324,
            10.0552443
          ],
          [
            -67.8527212,
            10.0543463
          ],
          [
            -67.8526247,
            10.0541667
          ],
          [
            -67.8525281,
            10.0540136
          ],
          [
            -67.8523403,
            10.0538815
          ],
          [
            -67.8521204,
            10.0537547
          ],
          [
            -67.85182,
            10.0536385
          ],
          [
            -67.8514338,
            10.0535435
          ],
          [
            -67.8508973,
            10.0533375
          ],
          [
            -67.8503019,
            10.0530575
          ],
          [
            -67.8495884,
            10.0526085
          ],
          [
            -67.8492934,
            10.0525346
          ],
          [
            -67.8489983,
            10.0524871
          ],
          [
            -67.8486496,
            10.0524923
          ],
          [
            -67.8483278,
            10.0525663
          ],
          [
            -67.8480381,
            10.0526772
          ],
          [
            -67.8476894,
            10.052936
          ],
          [
            -67.8468955,
            10.0537283
          ],
          [
            -67.8464288,
            10.054077
          ],
          [
            -67.8463161,
            10.0541509
          ],
          [
            -67.8461391,
            10.0542196
          ],
          [
            -67.8459138,
            10.054246
          ],
          [
            -67.8456456,
            10.0542354
          ],
          [
            -67.8449643,
            10.0541562
          ],
          [
            -67.8447121,
            10.0541086
          ],
          [
            -67.8444547,
            10.0541034
          ],
          [
            -67.8441382,
            10.0541034
          ],
          [
            -67.8429043,
            10.0543833
          ],
          [
            -67.8425664,
            10.0544837
          ],
          [
            -67.8423518,
            10.0545418
          ],
          [
            -67.8422338,
            10.0545365
          ],
          [
            -67.8420943,
            10.0544784
          ],
          [
            -67.8420246,
            10.0543833
          ],
          [
            -67.841177,
            10.0532054
          ],
          [
            -67.8409946,
            10.0529624
          ],
          [
            -67.8407586,
            10.0527934
          ],
          [
            -67.8403509,
            10.0526033
          ],
          [
            -67.8367406,
            10.051494
          ],
          [
            -67.8356516,
            10.0511032
          ],
          [
            -67.8354478,
            10.0509764
          ],
          [
            -67.8352118,
            10.0508232
          ],
          [
            -67.83467,
            10.0503003
          ],
          [
            -67.8336132,
            10.0487156
          ],
          [
            -67.833184,
            10.0482402
          ],
          [
            -67.8329051,
            10.047992
          ],
          [
            -67.8319341,
            10.0475377
          ],
          [
            -67.8314191,
            10.0472842
          ],
          [
            -67.8311026,
            10.0471099
          ],
          [
            -67.830888,
            10.0469461
          ],
          [
            -67.830711,
            10.0467348
          ],
          [
            -67.8305554,
            10.0465394
          ],
          [
            -67.8304321,
            10.0463651
          ],
          [
            -67.8301746,
            10.0459425
          ],
          [
            -67.8300458,
            10.0456995
          ],
          [
            -67.829901,
            10.0455252
          ],
          [
            -67.8288227,
            10.0445533
          ],
          [
            -67.8282112,
            10.044136
          ],
          [
            -67.8279859,
            10.0440145
          ],
          [
            -67.8276104,
            10.0438719
          ],
          [
            -67.8272134,
            10.0437346
          ],
          [
            -67.8268433,
            10.0436395
          ],
          [
            -67.8263336,
            10.043555
          ],
          [
            -67.8241986,
            10.0432433
          ],
          [
            -67.8237265,
            10.0431535
          ],
          [
            -67.8234583,
            10.0430743
          ],
          [
            -67.8226751,
            10.0425408
          ],
          [
            -67.8224659,
            10.0424087
          ],
          [
            -67.822187,
            10.0422819
          ],
          [
            -67.8218812,
            10.0421763
          ],
          [
            -67.8216773,
            10.0420654
          ],
          [
            -67.8214949,
            10.0419386
          ],
          [
            -67.821039,
            10.041479
          ],
          [
            -67.8208298,
            10.0412202
          ],
          [
            -67.8206688,
            10.0410617
          ],
          [
            -67.8204864,
            10.0409086
          ],
          [
            -67.8201377,
            10.0407026
          ],
          [
            -67.8191882,
            10.0402272
          ],
          [
            -67.8189093,
            10.040074
          ],
          [
            -67.8187215,
            10.0399102
          ],
          [
            -67.8173536,
            10.0381142
          ],
          [
            -67.8172302,
            10.0379769
          ],
          [
            -67.8170478,
            10.0378131
          ],
          [
            -67.8169084,
            10.0377181
          ],
          [
            -67.8166187,
            10.0376177
          ],
          [
            -67.8144997,
            10.0372057
          ],
          [
            -67.813797,
            10.0369891
          ],
          [
            -67.8134805,
            10.0368042
          ],
          [
            -67.8132445,
            10.0365982
          ],
          [
            -67.8129977,
            10.0362866
          ],
          [
            -67.8128958,
            10.03607
          ],
          [
            -67.8126383,
            10.0352776
          ],
          [
            -67.8124881,
            10.0349871
          ],
          [
            -67.8123647,
            10.0348128
          ],
          [
            -67.8120053,
            10.0344958
          ],
          [
            -67.8114849,
            10.034068
          ],
          [
            -67.8113776,
            10.0339359
          ],
          [
            -67.811265,
            10.0337563
          ],
          [
            -67.8111577,
            10.0334763
          ],
          [
            -67.8109646,
            10.0327738
          ],
          [
            -67.8108358,
            10.0325466
          ],
          [
            -67.8107071,
            10.032404
          ],
          [
            -67.810573,
            10.0323512
          ],
          [
            -67.8103316,
            10.0323089
          ],
          [
            -67.8099936,
            10.0322878
          ],
          [
            -67.8092802,
            10.0322614
          ],
          [
            -67.8087115,
            10.0322455
          ],
          [
            -67.8083789,
            10.0322878
          ],
          [
            -67.808159,
            10.0323618
          ],
          [
            -67.8077191,
            10.0325836
          ],
          [
            -67.8066677,
            10.0333654
          ],
          [
            -67.8064638,
            10.0335873
          ],
          [
            -67.8063136,
            10.0338355
          ],
          [
            -67.8061903,
            10.0341631
          ],
          [
            -67.8061044,
            10.0344906
          ],
          [
            -67.8060025,
            10.0347388
          ],
          [
            -67.8056699,
            10.0353621
          ],
          [
            -67.8046775,
            10.0368042
          ],
          [
            -67.8044629,
            10.0370683
          ],
          [
            -67.8043342,
            10.0371951
          ],
          [
            -67.8041357,
            10.0372849
          ],
          [
            -67.8036743,
            10.0373853
          ],
          [
            -67.803213,
            10.0374539
          ],
          [
            -67.8023171,
            10.0375279
          ],
          [
            -67.8010297,
            10.0374751
          ],
          [
            -67.8005523,
            10.0374698
          ],
          [
            -67.8002679,
            10.0374381
          ],
          [
            -67.7999085,
            10.0373272
          ],
          [
            -67.7986211,
            10.0367091
          ],
          [
            -67.7974355,
            10.0361651
          ],
          [
            -67.7969205,
            10.0358534
          ],
          [
            -67.7964056,
            10.0354836
          ],
          [
            -67.7962446,
            10.0354255
          ],
          [
            -67.7960783,
            10.0354044
          ],
          [
            -67.7959013,
            10.0354308
          ],
          [
            -67.7956384,
            10.0355206
          ],
          [
            -67.7938253,
            10.0365348
          ],
          [
            -67.7935839,
            10.0366405
          ],
          [
            -67.7932835,
            10.0366986
          ],
          [
            -67.7930582,
            10.036688
          ],
          [
            -67.791186,
            10.036276
          ],
          [
            -67.7909875,
            10.0361968
          ],
          [
            -67.7906334,
            10.0359907
          ],
          [
            -67.7900326,
            10.0355946
          ],
          [
            -67.7897859,
            10.0354784
          ],
          [
            -67.7893138,
            10.0353252
          ],
          [
            -67.7889115,
            10.0352671
          ],
          [
            -67.7885413,
            10.0352671
          ],
          [
            -67.7877689,
            10.0353938
          ],
          [
            -67.7844858,
            10.0359696
          ],
          [
            -67.7831447,
            10.0362443
          ],
          [
            -67.7828443,
            10.0362654
          ],
          [
            -67.7825278,
            10.0362813
          ],
          [
            -67.7822542,
            10.0362073
          ],
          [
            -67.7819324,
            10.0360277
          ],
          [
            -67.7816266,
            10.0357953
          ],
          [
            -67.7813691,
            10.035547
          ],
          [
            -67.7811921,
            10.0353305
          ],
          [
            -67.7809614,
            10.0351931
          ],
          [
            -67.7806878,
            10.0350927
          ],
          [
            -67.7803445,
            10.0350611
          ],
          [
            -67.7799261,
            10.0350452
          ],
          [
            -67.7796203,
            10.0350452
          ],
          [
            -67.778365,
            10.035209
          ],
          [
            -67.7764285,
            10.0354203
          ],
          [
            -67.7755809,
            10.0354995
          ],
          [
            -67.7752161,
            10.0354889
          ],
          [
            -67.774905,
            10.0354519
          ],
          [
            -67.7747333,
            10.0354097
          ],
          [
            -67.7745938,
            10.035304
          ],
          [
            -67.7739126,
            10.0345962
          ],
          [
            -67.7719975,
            10.0328108
          ],
          [
            -67.7718204,
            10.0326998
          ],
          [
            -67.7716488,
            10.032647
          ],
          [
            -67.7714986,
            10.032647
          ],
          [
            -67.7713376,
            10.0326893
          ],
          [
            -67.7693957,
            10.0335556
          ],
          [
            -67.767942,
            10.0342793
          ],
          [
            -67.7674967,
            10.0344694
          ],
          [
            -67.7672392,
            10.0345275
          ],
          [
            -67.766912,
            10.0345856
          ],
          [
            -67.7663165,
            10.0345962
          ],
          [
            -67.7654421,
            10.0344906
          ],
          [
            -67.7649164,
            10.0344166
          ],
          [
            -67.7646643,
            10.0344166
          ],
          [
            -67.76438,
            10.0344589
          ],
          [
            -67.7627546,
            10.0350135
          ],
          [
            -67.7620733,
            10.0352671
          ],
          [
            -67.7617031,
            10.0354414
          ],
          [
            -67.7611452,
            10.0358428
          ],
          [
            -67.7602333,
            10.0366193
          ],
          [
            -67.7600509,
            10.0367884
          ],
          [
            -67.7593321,
            10.0376969
          ],
          [
            -67.7592355,
            10.0377867
          ],
          [
            -67.7590317,
            10.0378765
          ],
          [
            -67.7588385,
            10.0378924
          ],
          [
            -67.7583343,
            10.0378713
          ],
          [
            -67.7579641,
            10.0378818
          ],
          [
            -67.7576208,
            10.0378448
          ],
          [
            -67.7570897,
            10.0376705
          ],
          [
            -67.7565265,
            10.0373906
          ],
          [
            -67.7559471,
            10.036968
          ],
          [
            -67.7558076,
            10.0368887
          ],
          [
            -67.7556574,
            10.0368201
          ],
          [
            -67.7554643,
            10.0368042
          ],
          [
            -67.7552712,
            10.0368095
          ],
          [
            -67.7550781,
            10.0368676
          ],
          [
            -67.7548581,
            10.0369997
          ],
          [
            -67.7546597,
            10.0370895
          ],
          [
            -67.7536672,
            10.0373113
          ],
          [
            -67.7529967,
            10.0375385
          ],
          [
            -67.7520847,
            10.0379294
          ],
          [
            -67.7504218,
            10.03869
          ],
          [
            -67.7459693,
            10.0403486
          ],
          [
            -67.743448,
            10.0411304
          ],
          [
            -67.7412701,
            10.0419545
          ],
          [
            -67.7406478,
            10.0422503
          ],
          [
            -67.7394462,
            10.0430848
          ],
          [
            -67.7389956,
            10.0434757
          ],
          [
            -67.738781,
            10.0436976
          ],
          [
            -67.7384698,
            10.0438455
          ],
          [
            -67.7380836,
            10.0438561
          ],
          [
            -67.7373004,
            10.0437398
          ],
          [
            -67.7275586,
            10.0414262
          ],
          [
            -67.7269685,
            10.0413311
          ],
          [
            -67.7255523,
            10.0413047
          ],
          [
            -67.7251983,
            10.0413628
          ],
          [
            -67.7249193,
            10.0414315
          ],
          [
            -67.7246833,
            10.0415266
          ],
          [
            -67.7235675,
            10.0424563
          ],
          [
            -67.7215183,
            10.044379
          ],
          [
            -67.7200055,
            10.0459584
          ],
          [
            -67.7193725,
            10.046476
          ],
          [
            -67.7191526,
            10.0466028
          ],
          [
            -67.7188361,
            10.0466979
          ],
          [
            -67.7185518,
            10.0467137
          ],
          [
            -67.7182192,
            10.046645
          ],
          [
            -67.717908,
            10.0464813
          ],
          [
            -67.7174628,
            10.0462383
          ],
          [
            -67.7171624,
            10.0460851
          ],
          [
            -67.7168512,
            10.0459901
          ],
          [
            -67.7166528,
            10.0459372
          ],
          [
            -67.7163416,
            10.0459214
          ],
          [
            -67.7158588,
            10.0459531
          ],
          [
            -67.7156282,
            10.0459742
          ],
          [
            -67.7152848,
            10.0459267
          ],
          [
            -67.7148557,
            10.0457999
          ],
          [
            -67.7137721,
            10.0453509
          ],
          [
            -67.713595,
            10.0453086
          ],
          [
            -67.7133536,
            10.0452928
          ],
          [
            -67.7132088,
            10.0453034
          ],
          [
            -67.7130747,
            10.0453034
          ],
          [
            -67.7129352,
            10.0452717
          ],
          [
            -67.7126402,
            10.0451555
          ],
          [
            -67.7117819,
            10.0446959
          ],
          [
            -67.7115887,
            10.0445956
          ],
          [
            -67.7112776,
            10.0445639
          ],
          [
            -67.7110523,
            10.0445956
          ],
          [
            -67.7108324,
            10.0446537
          ],
          [
            -67.7106071,
            10.0448227
          ],
          [
            -67.7100062,
            10.0456626
          ],
          [
            -67.7098185,
            10.0458052
          ],
          [
            -67.7095342,
            10.0459636
          ],
          [
            -67.7091479,
            10.0461063
          ],
          [
            -67.7089119,
            10.0461432
          ],
          [
            -67.7085739,
            10.0462119
          ],
          [
            -67.7083379,
            10.0462119
          ],
          [
            -67.7080482,
            10.046138
          ],
          [
            -67.7074528,
            10.0460059
          ],
          [
            -67.707147,
            10.0459214
          ],
          [
            -67.7069593,
            10.0458316
          ],
          [
            -67.7067983,
            10.0456361
          ],
          [
            -67.7066535,
            10.0453668
          ],
          [
            -67.7065677,
            10.0452505
          ],
          [
            -67.706455,
            10.045203
          ],
          [
            -67.7062029,
            10.0452136
          ],
          [
            -67.7058917,
            10.0453034
          ],
          [
            -67.7053607,
            10.045652
          ],
          [
            -67.7052265,
            10.0457207
          ],
          [
            -67.7050012,
            10.0457207
          ],
          [
            -67.7041698,
            10.0456678
          ],
          [
            -67.7038586,
            10.045689
          ],
          [
            -67.7034724,
            10.0458105
          ],
          [
            -67.7027321,
            10.046101
          ],
          [
            -67.7023727,
            10.0462383
          ],
          [
            -67.7022064,
            10.0462806
          ],
          [
            -67.7017236,
            10.0462964
          ],
          [
            -67.7014071,
            10.0463228
          ],
          [
            -67.6993847,
            10.0466767
          ],
          [
            -67.699213,
            10.0466767
          ],
          [
            -67.6991272,
            10.0466239
          ],
          [
            -67.6990038,
            10.0464602
          ],
          [
            -67.6985961,
            10.0459848
          ],
          [
            -67.6983064,
            10.0456626
          ],
          [
            -67.6980811,
            10.0454935
          ],
          [
            -67.6972389,
            10.0450445
          ],
          [
            -67.6958925,
            10.0444793
          ],
          [
            -67.6956296,
            10.0444107
          ],
          [
            -67.695415,
            10.0444054
          ],
          [
            -67.6946962,
            10.0444899
          ],
          [
            -67.6943475,
            10.0444899
          ],
          [
            -67.6941598,
            10.0444477
          ],
          [
            -67.6940256,
            10.0443631
          ],
          [
            -67.6939237,
            10.0442047
          ],
          [
            -67.6935268,
            10.0433595
          ],
          [
            -67.6933926,
            10.0431113
          ],
          [
            -67.6932746,
            10.0429898
          ],
          [
            -67.6931834,
            10.0429317
          ],
          [
            -67.6930547,
            10.0429211
          ],
          [
            -67.6927489,
            10.0429739
          ],
          [
            -67.6918531,
            10.0432486
          ],
          [
            -67.691322,
            10.0433912
          ],
          [
            -67.689895,
            10.04393
          ],
          [
            -67.6897985,
            10.0439617
          ],
          [
            -67.6896268,
            10.0439881
          ],
          [
            -67.6893961,
            10.0439723
          ],
          [
            -67.6884949,
            10.0436448
          ],
          [
            -67.6873791,
            10.043106
          ],
          [
            -67.686832,
            10.0427785
          ],
          [
            -67.6865423,
            10.0425461
          ],
          [
            -67.6862311,
            10.0422186
          ],
          [
            -67.6859093,
            10.0417326
          ],
          [
            -67.6857376,
            10.0412678
          ],
          [
            -67.685566,
            10.0409931
          ],
          [
            -67.6852548,
            10.0406973
          ],
          [
            -67.6839244,
            10.0399683
          ],
          [
            -67.6838172,
            10.0399366
          ],
          [
            -67.6836723,
            10.0399261
          ],
          [
            -67.6834846,
            10.0399525
          ],
          [
            -67.6831251,
            10.0400687
          ],
          [
            -67.6825082,
            10.0402958
          ],
          [
            -67.6819289,
            10.0404966
          ],
          [
            -67.6812154,
            10.0406444
          ],
          [
            -67.6796061,
            10.040898
          ],
          [
            -67.6794237,
            10.0409297
          ],
          [
            -67.6792306,
            10.0409878
          ],
          [
            -67.676779,
            10.0428471
          ],
          [
            -67.6766717,
            10.0429264
          ],
          [
            -67.6765537,
            10.0429634
          ],
          [
            -67.6763767,
            10.0429317
          ],
          [
            -67.6750892,
            10.0424351
          ],
          [
            -67.6748693,
            10.0423559
          ],
          [
            -67.6746708,
            10.0423295
          ],
          [
            -67.6743919,
            10.0423612
          ],
          [
            -67.6733351,
            10.0426834
          ],
          [
            -67.6723588,
            10.0431218
          ],
          [
            -67.6701915,
            10.0441624
          ],
          [
            -67.670036,
            10.0442258
          ],
          [
            -67.6698804,
            10.0442311
          ],
          [
            -67.6697141,
            10.044173
          ],
          [
            -67.6695424,
            10.0440145
          ],
          [
            -67.6692152,
            10.0435285
          ],
          [
            -67.6691026,
            10.0433595
          ],
          [
            -67.6688772,
            10.0431799
          ],
          [
            -67.6686949,
            10.043106
          ],
          [
            -67.6682657,
            10.0430109
          ],
          [
            -67.6676434,
            10.0429317
          ],
          [
            -67.6663882,
            10.0428154
          ],
          [
            -67.6655674,
            10.0427996
          ],
          [
            -67.6650739,
            10.0427362
          ],
          [
            -67.6644355,
            10.0425777
          ],
          [
            -67.6635504,
            10.0422503
          ],
          [
            -67.6629871,
            10.0419703
          ],
          [
            -67.6611418,
            10.0410459
          ],
          [
            -67.6608521,
            10.0409931
          ],
          [
            -67.6605034,
            10.0410195
          ],
          [
            -67.6557344,
            10.0418382
          ],
          [
            -67.6554394,
            10.0419492
          ],
          [
            -67.6550317,
            10.0421921
          ],
          [
            -67.6524997,
            10.0438877
          ],
          [
            -67.652151,
            10.0442416
          ],
          [
            -67.6516414,
            10.0449019
          ],
          [
            -67.651518,
            10.0450868
          ],
          [
            -67.6513624,
            10.0452611
          ],
          [
            -67.6511318,
            10.0454407
          ],
          [
            -67.6508957,
            10.0455886
          ],
          [
            -67.6506382,
            10.0456942
          ],
          [
            -67.6503271,
            10.0457471
          ],
          [
            -67.6498872,
            10.0457735
          ],
          [
            -67.6495493,
            10.0457629
          ],
          [
            -67.6489109,
            10.0456045
          ],
          [
            -67.6487768,
            10.0455411
          ],
          [
            -67.6486641,
            10.0455252
          ],
          [
            -67.6485193,
            10.0455199
          ],
          [
            -67.6474625,
            10.0457101
          ],
          [
            -67.6448125,
            10.0460534
          ],
          [
            -67.6444906,
            10.0460798
          ],
          [
            -67.6442868,
            10.0460587
          ],
          [
            -67.6441366,
            10.0459795
          ],
          [
            -67.6440293,
            10.0458369
          ],
          [
            -67.6439756,
            10.0456837
          ],
          [
            -67.6439488,
            10.0455094
          ],
          [
            -67.6439273,
            10.045372
          ],
          [
            -67.6439005,
            10.0452294
          ],
          [
            -67.6438201,
            10.0451132
          ],
          [
            -67.6436698,
            10.0450445
          ],
          [
            -67.6433802,
            10.0449283
          ],
          [
            -67.6427794,
            10.0447223
          ],
          [
            -67.6423448,
            10.0445533
          ],
          [
            -67.6419854,
            10.0443103
          ],
          [
            -67.6417548,
            10.0442311
          ],
          [
            -67.6409125,
            10.0436395
          ],
          [
            -67.6405102,
            10.0433859
          ],
          [
            -67.6403064,
            10.0433014
          ],
          [
            -67.639904,
            10.0431852
          ],
          [
            -67.639668,
            10.0431271
          ],
          [
            -67.6394695,
            10.0431007
          ],
          [
            -67.63933,
            10.0431165
          ],
          [
            -67.6392227,
            10.0431746
          ],
          [
            -67.6390243,
            10.0433965
          ],
          [
            -67.6388258,
            10.0436765
          ],
          [
            -67.6387185,
            10.0438032
          ],
          [
            -67.6385522,
            10.0438877
          ],
          [
            -67.6374632,
            10.04393
          ],
          [
            -67.6351136,
            10.0439353
          ],
          [
            -67.6348239,
            10.0439353
          ],
          [
            -67.6345986,
            10.0439353
          ],
          [
            -67.6344323,
            10.0438349
          ],
          [
            -67.6343411,
            10.0437081
          ],
          [
            -67.6342607,
            10.0435233
          ],
          [
            -67.6341695,
            10.0432697
          ],
          [
            -67.6340622,
            10.0431535
          ],
          [
            -67.6339227,
            10.0430479
          ],
          [
            -67.6338047,
            10.042995
          ],
          [
            -67.6335955,
            10.0430109
          ],
          [
            -67.6333916,
            10.0430426
          ],
          [
            -67.6332629,
            10.0430531
          ],
          [
            -67.6330698,
            10.0430162
          ],
          [
            -67.6328605,
            10.0429158
          ],
          [
            -67.632544,
            10.0426728
          ],
          [
            -67.6323509,
            10.0424827
          ],
          [
            -67.6322061,
            10.0422291
          ],
          [
            -67.6321524,
            10.0421076
          ],
          [
            -67.632072,
            10.0420284
          ],
          [
            -67.6318252,
            10.0419122
          ],
          [
            -67.6314229,
            10.0417115
          ],
          [
            -67.6307792,
            10.0414896
          ],
          [
            -67.6305002,
            10.0414315
          ],
          [
            -67.6301032,
            10.0414157
          ],
          [
            -67.6298887,
            10.0413998
          ],
          [
            -67.6297706,
            10.0413523
          ],
          [
            -67.6295829,
            10.0412255
          ],
          [
            -67.6287675,
            10.0405177
          ],
          [
            -67.6285315,
            10.0402958
          ],
          [
            -67.627236,
            10.0393476
          ],
          [
            -67.6268551,
            10.0392024
          ],
          [
            -67.6267344,
            10.0391654
          ],
          [
            -67.6266003,
            10.0391364
          ],
          [
            -67.6264554,
            10.0391496
          ],
          [
            -67.6261845,
            10.0392499
          ],
          [
            -67.6258385,
            10.0394348
          ],
          [
            -67.6236713,
            10.0405124
          ],
          [
            -67.6233172,
            10.0406867
          ],
          [
            -67.6213163,
            10.0414526
          ],
          [
            -67.6211339,
            10.0414949
          ],
          [
            -67.6209408,
            10.0414949
          ],
          [
            -67.6198947,
            10.0413945
          ],
          [
            -67.6194602,
            10.0413787
          ],
          [
            -67.619251,
            10.041384
          ],
          [
            -67.619074,
            10.0414315
          ],
          [
            -67.6188809,
            10.0415107
          ],
          [
            -67.6179421,
            10.0422238
          ],
          [
            -67.617808,
            10.0423665
          ],
          [
            -67.6176256,
            10.0424721
          ],
          [
            -67.6173306,
            10.0425725
          ],
          [
            -67.6170194,
            10.0427257
          ],
          [
            -67.6168048,
            10.0428947
          ],
          [
            -67.6166439,
            10.0430796
          ],
          [
            -67.616322,
            10.0436183
          ],
          [
            -67.6161772,
            10.0438032
          ],
          [
            -67.6151258,
            10.0447593
          ],
          [
            -67.6137364,
            10.0459636
          ],
          [
            -67.6134521,
            10.0461961
          ],
          [
            -67.6133233,
            10.0462859
          ],
          [
            -67.6130658,
            10.0463704
          ],
          [
            -67.6129478,
            10.0464285
          ],
          [
            -67.6128218,
            10.046513
          ],
          [
            -67.6121646,
            10.0471627
          ],
          [
            -67.6120573,
            10.0472472
          ],
          [
            -67.6118589,
            10.0473212
          ],
          [
            -67.6104668,
            10.047543
          ],
          [
            -67.6103622,
            10.047543
          ],
          [
            -67.6102147,
            10.0475166
          ],
          [
            -67.6100966,
            10.0474638
          ],
          [
            -67.6099759,
            10.0473845
          ],
          [
            -67.6097614,
            10.0472419
          ],
          [
            -67.6096219,
            10.047168
          ],
          [
            -67.6094663,
            10.0471442
          ],
          [
            -67.6093349,
            10.04716
          ],
          [
            -67.6085007,
            10.0475007
          ],
          [
            -67.6082647,
            10.047617
          ],
          [
            -67.6079589,
            10.0476909
          ],
          [
            -67.6070523,
            10.0477543
          ],
          [
            -67.6066446,
            10.0477437
          ],
          [
            -67.6063979,
            10.0476909
          ],
          [
            -67.6049388,
            10.0467401
          ],
          [
            -67.6047939,
            10.0465711
          ],
          [
            -67.6047403,
            10.0464602
          ],
          [
            -67.604633,
            10.0462964
          ],
          [
            -67.6044828,
            10.0461696
          ],
          [
            -67.6042628,
            10.0460534
          ],
          [
            -67.6033777,
            10.0456309
          ],
          [
            -67.603147,
            10.0455516
          ],
          [
            -67.6028305,
            10.0454777
          ],
          [
            -67.6024604,
            10.0454143
          ],
          [
            -67.6022673,
            10.0453879
          ],
          [
            -67.6011193,
            10.0447963
          ],
          [
            -67.5996924,
            10.0441518
          ],
          [
            -67.5981608,
            10.0435867
          ],
          [
            -67.5980347,
            10.0435523
          ],
          [
            -67.597914,
            10.0435576
          ],
          [
            -67.5977933,
            10.0435919
          ],
          [
            -67.5976592,
            10.0436712
          ],
          [
            -67.5974205,
            10.0438244
          ],
          [
            -67.5972891,
            10.0439617
          ],
          [
            -67.5970799,
            10.0444371
          ],
          [
            -67.5970101,
            10.0448544
          ],
          [
            -67.5970101,
            10.0451555
          ],
          [
            -67.5970691,
            10.0455094
          ],
          [
            -67.5970691,
            10.0456731
          ],
          [
            -67.5970423,
            10.0458157
          ],
          [
            -67.5969458,
            10.0459795
          ],
          [
            -67.5960767,
            10.0467348
          ],
          [
            -67.595889,
            10.0470042
          ],
          [
            -67.5956261,
            10.0474321
          ],
          [
            -67.595492,
            10.0476275
          ],
          [
            -67.5952882,
            10.0478547
          ],
          [
            -67.5945425,
            10.0484991
          ],
          [
            -67.59377,
            10.049022
          ],
          [
            -67.5921285,
            10.0500203
          ],
          [
            -67.5913024,
            10.0504218
          ],
          [
            -67.5910449,
            10.0504957
          ],
          [
            -67.5908679,
            10.0505274
          ],
          [
            -67.5906694,
            10.0505221
          ],
          [
            -67.5899077,
            10.0504482
          ],
          [
            -67.5893712,
            10.0503003
          ],
          [
            -67.5890279,
            10.0501629
          ],
          [
            -67.5804877,
            10.0465711
          ],
          [
            -67.5749409,
            10.0444424
          ],
          [
            -67.5732726,
            10.0439564
          ],
          [
            -67.5730366,
            10.0439036
          ],
          [
            -67.5727791,
            10.0438719
          ],
          [
            -67.5722694,
            10.0439881
          ],
          [
            -67.570408,
            10.044754
          ],
          [
            -67.5683749,
            10.0455569
          ],
          [
            -67.5680798,
            10.045652
          ],
          [
            -67.5678921,
            10.0456784
          ],
          [
            -67.5655264,
            10.0452822
          ],
          [
            -67.5631446,
            10.0448333
          ],
          [
            -67.5628549,
            10.0447276
          ],
          [
            -67.562635,
            10.0445956
          ],
          [
            -67.561841,
            10.0440726
          ],
          [
            -67.5603926,
            10.0430954
          ],
          [
            -67.5584936,
            10.042134
          ],
          [
            -67.5577051,
            10.0417432
          ],
          [
            -67.5574851,
            10.0416111
          ],
          [
            -67.5573671,
            10.0415107
          ],
          [
            -67.5571847,
            10.0412202
          ],
          [
            -67.5569326,
            10.0407765
          ],
          [
            -67.556836,
            10.0406286
          ],
          [
            -67.556659,
            10.0404596
          ],
          [
            -67.5556558,
            10.0396197
          ],
          [
            -67.5555593,
            10.0395457
          ],
          [
            -67.5554198,
            10.0393239
          ],
          [
            -67.5551248,
            10.0388168
          ],
          [
            -67.5550014,
            10.0386319
          ],
          [
            -67.5548565,
            10.0385421
          ],
          [
            -67.5546956,
            10.0384523
          ],
          [
            -67.5545615,
            10.03841
          ],
          [
            -67.554422,
            10.0383889
          ],
          [
            -67.5541538,
            10.0383942
          ],
          [
            -67.5536496,
            10.0384417
          ],
          [
            -67.5535476,
            10.0384417
          ],
          [
            -67.5534135,
            10.0383995
          ],
          [
            -67.5532097,
            10.038278
          ],
          [
            -67.5524801,
            10.0379452
          ],
          [
            -67.5521046,
            10.0378184
          ],
          [
            -67.5517774,
            10.0376864
          ],
          [
            -67.5510639,
            10.0372427
          ],
          [
            -67.5504845,
            10.0368782
          ],
          [
            -67.550211,
            10.0366669
          ],
          [
            -67.5488162,
            10.0354467
          ],
          [
            -67.5486767,
            10.0352935
          ],
          [
            -67.5485855,
            10.035135
          ],
          [
            -67.5483173,
            10.0346015
          ],
          [
            -67.5469708,
            10.0314373
          ],
          [
            -67.5467938,
            10.0311257
          ],
          [
            -67.5465363,
            10.0309619
          ],
          [
            -67.5462788,
            10.0308246
          ],
          [
            -67.5461179,
            10.0307453
          ],
          [
            -67.5459087,
            10.0307295
          ],
          [
            -67.5456351,
            10.0307506
          ],
          [
            -67.5448573,
            10.0309091
          ],
          [
            -67.5437737,
            10.0312736
          ],
          [
            -67.5428724,
            10.0316011
          ],
          [
            -67.5424969,
            10.0316856
          ],
          [
            -67.5421268,
            10.0317596
          ],
          [
            -67.5412685,
            10.0321663
          ],
          [
            -67.5411183,
            10.0322033
          ],
          [
            -67.5403994,
            10.0321399
          ],
          [
            -67.5396699,
            10.0319128
          ],
          [
            -67.5389081,
            10.0315588
          ],
          [
            -67.5343108,
            10.0284211
          ],
          [
            -67.5341338,
            10.0282732
          ],
          [
            -67.5333399,
            10.0271955
          ],
          [
            -67.5330663,
            10.0268152
          ],
          [
            -67.5327337,
            10.0264824
          ],
          [
            -67.5325352,
            10.0263873
          ],
          [
            -67.5322723,
            10.0263398
          ],
          [
            -67.5317252,
            10.0262764
          ],
          [
            -67.5300783,
            10.025558
          ],
          [
            -67.5286031,
            10.0249029
          ],
          [
            -67.5267845,
            10.0247445
          ],
          [
            -67.526291,
            10.0248369
          ],
          [
            -67.5258753,
            10.024998
          ],
          [
            -67.5252396,
            10.0254946
          ],
          [
            -67.5251243,
            10.0255632
          ],
          [
            -67.5249553,
            10.0255844
          ],
          [
            -67.5247997,
            10.0255791
          ],
          [
            -67.5245905,
            10.0255368
          ],
          [
            -67.5242847,
            10.0254365
          ],
          [
            -67.5219029,
            10.0233816
          ],
          [
            -67.5204599,
            10.0222934
          ],
          [
            -67.5185609,
            10.0214746
          ],
          [
            -67.5182337,
            10.0213742
          ],
          [
            -67.5149024,
            10.0210889
          ],
          [
            -67.5112492,
            10.0207931
          ],
          [
            -67.5111419,
            10.0206558
          ],
          [
            -67.510863,
            10.020249
          ],
          [
            -67.510348,
            10.0195887
          ],
          [
            -67.5101119,
            10.0194038
          ],
          [
            -67.5096077,
            10.0191978
          ],
          [
            -67.5090712,
            10.0190287
          ],
          [
            -67.5088191,
            10.0189759
          ],
          [
            -67.5085026,
            10.0189495
          ],
          [
            -67.5082398,
            10.0189495
          ],
          [
            -67.5079018,
            10.018997
          ],
          [
            -67.5078106,
            10.0189917
          ],
          [
            -67.5077087,
            10.0189336
          ],
          [
            -67.5076175,
            10.0188069
          ],
          [
            -67.5075156,
            10.0186748
          ],
          [
            -67.5072151,
            10.0185639
          ],
          [
            -67.506727,
            10.0184793
          ],
          [
            -67.5052786,
            10.0184476
          ],
          [
            -67.5050265,
            10.0184529
          ],
          [
            -67.5046885,
            10.0185269
          ],
          [
            -67.5043559,
            10.0186325
          ],
          [
            -67.5025696,
            10.0193298
          ],
          [
            -67.5013304,
            10.0198634
          ],
          [
            -67.5010997,
            10.0199162
          ],
          [
            -67.5009227,
            10.0199109
          ],
          [
            -67.5006867,
            10.0198422
          ],
          [
            -67.5004292,
            10.0198106
          ],
          [
            -67.5001019,
            10.0197894
          ],
          [
            -67.4997532,
            10.0198
          ],
          [
            -67.4991202,
            10.0197736
          ],
          [
            -67.4988467,
            10.0197155
          ],
          [
            -67.498616,
            10.0196204
          ],
          [
            -67.4962932,
            10.0182786
          ],
          [
            -67.4960572,
            10.0181782
          ],
          [
            -67.4957353,
            10.0181201
          ],
          [
            -67.4948984,
            10.0179669
          ],
          [
            -67.4947321,
            10.017856
          ],
          [
            -67.4946356,
            10.0177662
          ],
          [
            -67.4945551,
            10.0176235
          ],
          [
            -67.4936593,
            10.0160018
          ],
          [
            -67.4935091,
            10.0156109
          ],
          [
            -67.4932998,
            10.0152516
          ],
          [
            -67.4930906,
            10.0149611
          ],
          [
            -67.4928707,
            10.0147815
          ],
          [
            -67.492581,
            10.0146388
          ],
          [
            -67.4922645,
            10.0144909
          ],
          [
            -67.4918944,
            10.0143694
          ],
          [
            -67.4913311,
            10.0142057
          ],
          [
            -67.4901938,
            10.0138887
          ],
          [
            -67.4899685,
            10.0137725
          ],
          [
            -67.4858326,
            10.0106504
          ],
          [
            -67.4853444,
            10.0102595
          ],
          [
            -67.4849957,
            10.0100534
          ],
          [
            -67.4845237,
            10.0098316
          ],
          [
            -67.4832416,
            10.0093931
          ],
          [
            -67.4831021,
            10.0093825
          ],
          [
            -67.4829251,
            10.0094406
          ],
          [
            -67.482748,
            10.0095674
          ],
          [
            -67.482571,
            10.0097312
          ],
          [
            -67.4822384,
            10.0104021
          ],
          [
            -67.4816805,
            10.0113319
          ],
          [
            -67.4815464,
            10.0114481
          ],
          [
            -67.4814391,
            10.0114798
          ],
          [
            -67.4812192,
            10.0114904
          ],
          [
            -67.4809134,
            10.0114692
          ],
          [
            -67.4805057,
            10.0113847
          ],
          [
            -67.4802107,
            10.0112738
          ],
          [
            -67.478773,
            10.0104338
          ],
          [
            -67.4786496,
            10.0103968
          ],
          [
            -67.4784672,
            10.0103915
          ],
          [
            -67.4782419,
            10.0104444
          ],
          [
            -67.4775875,
            10.0108089
          ],
          [
            -67.4772978,
            10.0109568
          ],
          [
            -67.4769706,
            10.0110783
          ],
          [
            -67.4765253,
            10.0111417
          ],
          [
            -67.4723572,
            10.0114428
          ],
          [
            -67.4714989,
            10.0115115
          ],
          [
            -67.4710643,
            10.0115168
          ],
          [
            -67.4689078,
            10.0113847
          ],
          [
            -67.4687576,
            10.011353
          ],
          [
            -67.4686396,
            10.0112368
          ],
          [
            -67.4685377,
            10.0110941
          ],
          [
            -67.4675936,
            10.0091976
          ],
          [
            -67.4671269,
            10.0084369
          ],
          [
            -67.4670571,
            10.0082626
          ],
          [
            -67.467041,
            10.0081358
          ],
          [
            -67.4670947,
            10.0077607
          ],
          [
            -67.4671188,
            10.0075917
          ],
          [
            -67.4671188,
            10.0075388
          ],
          [
            -67.4671,
            10.0074622
          ],
          [
            -67.4670464,
            10.0073724
          ],
          [
            -67.4665555,
            10.0068309
          ],
          [
            -67.4664724,
            10.0067808
          ],
          [
            -67.4663571,
            10.0067438
          ],
          [
            -67.4662364,
            10.0067121
          ],
          [
            -67.465834,
            10.0067094
          ],
          [
            -67.4655551,
            10.0067147
          ],
          [
            -67.4652869,
            10.0067094
          ],
          [
            -67.4651581,
            10.006683
          ],
          [
            -67.4649435,
            10.0065668
          ],
          [
            -67.4624598,
            10.005262
          ],
          [
            -67.4600941,
            10.0038303
          ],
          [
            -67.4586082,
            10.0029956
          ],
          [
            -67.4583238,
            10.0029269
          ],
          [
            -67.4579805,
            10.0029164
          ],
          [
            -67.4576157,
            10.0029481
          ],
          [
            -67.457208,
            10.0030484
          ],
          [
            -67.4566609,
            10.0032439
          ],
          [
            -67.4560708,
            10.003508
          ],
          [
            -67.4552554,
            10.003862
          ],
          [
            -67.4549389,
            10.0039518
          ],
          [
            -67.4545902,
            10.0039941
          ],
          [
            -67.4542576,
            10.0039888
          ],
          [
            -67.4523908,
            10.0037194
          ],
          [
            -67.4520475,
            10.0037352
          ],
          [
            -67.4517846,
            10.0038303
          ],
          [
            -67.4506313,
            10.0044273
          ],
          [
            -67.4504542,
            10.004459
          ],
          [
            -67.4501485,
            10.0044325
          ],
          [
            -67.4499875,
            10.004348
          ],
          [
            -67.4497569,
            10.0042001
          ],
          [
            -67.4477881,
            10.0024303
          ],
          [
            -67.4476218,
            10.0023669
          ],
          [
            -67.4474019,
            10.0023405
          ],
          [
            -67.4442476,
            10.0024303
          ],
          [
            -67.4441242,
            10.0024092
          ],
          [
            -67.4439794,
            10.0023088
          ],
          [
            -67.4417049,
            9.9997678
          ],
          [
            -67.4411523,
            9.9992923
          ],
          [
            -67.4409539,
            9.9991602
          ],
          [
            -67.4407446,
            9.9990757
          ],
          [
            -67.4378961,
            9.9983149
          ],
          [
            -67.4357718,
            9.9978712
          ],
          [
            -67.4354768,
            9.9978316
          ],
          [
            -67.4353212,
            9.9978395
          ],
          [
            -67.43512,
            9.9979082
          ],
          [
            -67.4349698,
            9.9980033
          ],
          [
            -67.4348974,
            9.9981063
          ],
          [
            -67.4348217,
            9.9982916
          ],
          [
            -67.4342054,
            9.9999051
          ],
          [
            -67.4328697,
            10.0034024
          ],
          [
            -67.4327678,
            10.0035662
          ],
          [
            -67.4326819,
            10.003656
          ],
          [
            -67.4318075,
            10.0039571
          ]
        ]
      },
      "properties": {
        "id": "OSM-W1089956935",
        "nombre": "Línea Valencia - Villa de Cura",
        "tipo": "ducto",
        "sector": "midstream",
        "fluido": "gas",
        "estado": "desconocido",
        "operadora": "PDVSA",
        "diametro": null,
        "ubicacion": "underground",
        "fuente": "OpenStreetMap contributors (ODbL), consulta Overpass 2026-09-08",
        "confianza": "baja",
        "ultima_verificacion": "2026-09-08"
      }
    },
    {
      "type": "Feature",
      "geometry": {
        "type": "LineString",
        "coordinates": [
          [
            -64.5228124,
            9.3625963
          ],
          [
            -64.5235527,
            9.362157
          ],
          [
            -64.5242071,
            9.3617547
          ],
          [
            -64.5246577,
            9.3615377
          ],
          [
            -64.5267659,
            9.3607914
          ],
          [
            -64.5275492,
            9.3605797
          ],
          [
            -64.5281285,
            9.3604262
          ],
          [
            -64.5286864,
            9.3602833
          ],
          [
            -64.5289922,
            9.3602568
          ],
          [
            -64.5293999,
            9.360278
          ],
          [
            -64.5371783,
            9.3613789
          ],
          [
            -64.545933,
            9.3625646
          ],
          [
            -64.5545805,
            9.3636443
          ],
          [
            -64.5758558,
            9.3665237
          ],
          [
            -64.5873249,
            9.3680904
          ],
          [
            -64.593215,
            9.3688843
          ],
          [
            -64.5994592,
            9.3698158
          ],
          [
            -64.5998991,
            9.3699217
          ],
          [
            -64.6002531,
            9.370144
          ],
          [
            -64.6006715,
            9.3704616
          ],
          [
            -64.6016371,
            9.3713825
          ],
          [
            -64.6030963,
            9.3729068
          ],
          [
            -64.6037185,
            9.3733726
          ],
          [
            -64.6042657,
            9.3737749
          ],
          [
            -64.6052635,
            9.3744312
          ],
          [
            -64.6061111,
            9.3749604
          ],
          [
            -64.6075702,
            9.3759766
          ],
          [
            -64.6119797,
            9.3792793
          ],
          [
            -64.6183634,
            9.3837463
          ],
          [
            -64.6203482,
            9.38526
          ],
          [
            -64.6232933,
            9.3874882
          ],
          [
            -64.6235347,
            9.3876417
          ],
          [
            -64.6237224,
            9.3876946
          ],
          [
            -64.6243608,
            9.3877264
          ],
          [
            -64.6245647,
            9.3877634
          ],
          [
            -64.6247256,
            9.3878216
          ],
          [
            -64.6264905,
            9.389076
          ],
          [
            -64.6273702,
            9.389674
          ],
          [
            -64.6292156,
            9.3912036
          ],
          [
            -64.6303904,
            9.3921245
          ],
          [
            -64.631415,
            9.3928495
          ],
          [
            -64.6326917,
            9.3936487
          ],
          [
            -64.6333945,
            9.3940192
          ],
          [
            -64.6342421,
            9.3944902
          ],
          [
            -64.6352989,
            9.3949983
          ],
          [
            -64.6361089,
            9.3953846
          ],
          [
            -64.6377075,
            9.3960409
          ],
          [
            -64.6394831,
            9.3966866
          ],
          [
            -64.6398211,
            9.3968506
          ],
          [
            -64.6401161,
            9.3970623
          ],
          [
            -64.6427018,
            9.3995709
          ],
          [
            -64.642852,
            9.3996979
          ],
          [
            -64.6442628,
            9.4003224
          ],
          [
            -64.6535969,
            9.4046093
          ],
          [
            -64.6576953,
            9.4064616
          ],
          [
            -64.658221,
            9.4066732
          ],
          [
            -64.6595192,
            9.4070543
          ],
          [
            -64.6686387,
            9.4095522
          ],
          [
            -64.6700657,
            9.4098804
          ],
          [
            -64.6743357,
            9.4107695
          ],
          [
            -64.6822643,
            9.4121454
          ],
          [
            -64.6861911,
            9.4128017
          ],
          [
            -64.6864325,
            9.4128705
          ],
          [
            -64.6866953,
            9.413008
          ],
          [
            -64.6868938,
            9.413188
          ],
          [
            -64.6871245,
            9.4134526
          ],
          [
            -64.688192,
            9.4152043
          ],
          [
            -64.6896565,
            9.4172206
          ],
          [
            -64.6898764,
            9.4174746
          ],
          [
            -64.6900266,
            9.4175963
          ],
          [
            -64.6929449,
            9.4185807
          ],
          [
            -64.6932024,
            9.4186442
          ],
          [
            -64.693476,
            9.4186654
          ],
          [
            -64.7008199,
            9.4186336
          ],
          [
            -64.7013134,
            9.4186071
          ],
          [
            -64.7016782,
            9.418533
          ],
          [
            -64.7020966,
            9.4183743
          ],
          [
            -64.7024453,
            9.4182102
          ],
          [
            -64.7032929,
            9.4174482
          ],
          [
            -64.7034967,
            9.417173
          ],
          [
            -64.7036791,
            9.4169613
          ],
          [
            -64.7039205,
            9.4168025
          ],
          [
            -64.7047681,
            9.4164638
          ],
          [
            -64.7051436,
            9.4163527
          ],
          [
            -64.7055888,
            9.4163474
          ],
          [
            -64.7061682,
            9.4164956
          ],
          [
            -64.7065866,
            9.4166226
          ],
          [
            -64.7072518,
            9.417046
          ],
          [
            -64.707799,
            9.4174693
          ],
          [
            -64.7081959,
            9.4177763
          ],
          [
            -64.7119939,
            9.4193957
          ],
          [
            -64.7131741,
            9.4199037
          ],
          [
            -64.7150624,
            9.4203694
          ],
          [
            -64.7158456,
            9.4205917
          ],
          [
            -64.7187746,
            9.4211315
          ],
          [
            -64.7263384,
            9.4223063
          ],
          [
            -64.7319603,
            9.423333
          ],
          [
            -64.7324109,
            9.4234917
          ],
          [
            -64.7327542,
            9.4237034
          ],
          [
            -64.733119,
            9.4240315
          ],
          [
            -64.7343207,
            9.4252804
          ],
          [
            -64.7349215,
            9.4260848
          ],
          [
            -64.7357583,
            9.427429
          ],
          [
            -64.7370243,
            9.4296092
          ],
          [
            -64.7373569,
            9.4299162
          ],
          [
            -64.7377324,
            9.4301067
          ],
          [
            -64.7380328,
            9.4301808
          ],
          [
            -64.7405648,
            9.4303501
          ],
          [
            -64.7473455,
            9.4305935
          ],
          [
            -64.749223,
            9.43071
          ],
          [
            -64.7501671,
            9.4306888
          ],
          [
            -64.7508001,
            9.4306253
          ],
          [
            -64.75389,
            9.4302654
          ],
          [
            -64.7570175,
            9.4298633
          ],
          [
            -64.7574252,
            9.4298474
          ],
          [
            -64.7577846,
            9.4298738
          ],
          [
            -64.7632027,
            9.4308899
          ],
          [
            -64.7686637,
            9.4318848
          ],
          [
            -64.769007,
            9.43198
          ],
          [
            -64.7693825,
            9.4322234
          ],
          [
            -64.7696185,
            9.4325515
          ],
          [
            -64.7700262,
            9.433176
          ],
          [
            -64.7703695,
            9.4335782
          ],
          [
            -64.7708953,
            9.4340015
          ],
          [
            -64.7714853,
            9.4343614
          ],
          [
            -64.7742963,
            9.4358325
          ],
          [
            -64.7750795,
            9.4361712
          ],
          [
            -64.7754228,
            9.4362664
          ],
          [
            -64.7795427,
            9.4369438
          ],
          [
            -64.7804117,
            9.437166
          ],
          [
            -64.7828364,
            9.4379281
          ],
          [
            -64.7854328,
            9.4389864
          ],
          [
            -64.786495,
            9.4393145
          ],
          [
            -64.7874284,
            9.4395368
          ],
          [
            -64.794665,
            9.4408862
          ],
          [
            -64.7990906,
            9.4418863
          ],
          [
            -64.7995305,
            9.4420662
          ],
          [
            -64.8003352,
            9.4424155
          ],
          [
            -64.8023629,
            9.4436961
          ],
          [
            -64.8028565,
            9.4440665
          ],
          [
            -64.8052812,
            9.4462361
          ],
          [
            -64.8077917,
            9.4486068
          ],
          [
            -64.8114502,
            9.4517023
          ],
          [
            -64.8115522,
            9.4518241
          ],
          [
            -64.8116702,
            9.452041
          ],
          [
            -64.8117238,
            9.4522897
          ],
          [
            -64.8117614,
            9.452549
          ],
          [
            -64.8117882,
            9.4529141
          ],
          [
            -64.8117507,
            9.4534062
          ],
          [
            -64.8116863,
            9.4540518
          ],
          [
            -64.8116648,
            9.454401
          ],
          [
            -64.8117399,
            9.4566552
          ],
          [
            -64.8117292,
            9.4572214
          ],
          [
            -64.8117828,
            9.4575971
          ],
          [
            -64.8121101,
            9.4594915
          ],
          [
            -64.8121798,
            9.4598672
          ],
          [
            -64.8122227,
            9.4601847
          ],
          [
            -64.8122549,
            9.4624441
          ],
          [
            -64.8122335,
            9.4626981
          ],
          [
            -64.8122549,
            9.4628939
          ],
          [
            -64.8129362,
            9.4649522
          ],
          [
            -64.8130542,
            9.4652327
          ],
          [
            -64.8132956,
            9.4656031
          ],
          [
            -64.8138374,
            9.4662222
          ],
          [
            -64.8139983,
            9.4663068
          ],
          [
            -64.8142022,
            9.4663597
          ],
          [
            -64.814744,
            9.4663703
          ],
          [
            -64.8151624,
            9.4663386
          ],
          [
            -64.8156238,
            9.4662486
          ],
          [
            -64.8166966,
            9.4658782
          ],
          [
            -64.8206019,
            9.4644178
          ],
          [
            -64.822163,
            9.4639363
          ],
          [
            -64.8224044,
            9.4638834
          ],
          [
            -64.8226351,
            9.4638675
          ],
          [
            -64.8236972,
            9.4640315
          ],
          [
            -64.8240835,
            9.4641003
          ],
          [
            -64.8284501,
            9.4641109
          ],
          [
            -64.8287076,
            9.4641162
          ],
          [
            -64.8288792,
            9.4641585
          ],
          [
            -64.8291206,
            9.4642644
          ],
          [
            -64.8299199,
            9.4646771
          ],
          [
            -64.8374677,
            9.4683334
          ],
          [
            -64.843626,
            9.4712225
          ],
          [
            -64.8508036,
            9.4744925
          ],
          [
            -64.8564953,
            9.477064
          ],
          [
            -64.8569566,
            9.4772862
          ],
          [
            -64.8574662,
            9.4774556
          ],
          [
            -64.8578793,
            9.4775561
          ],
          [
            -64.8638874,
            9.4783709
          ],
          [
            -64.876231,
            9.4800906
          ],
          [
            -64.8813593,
            9.4809583
          ],
          [
            -64.8868954,
            9.481715
          ],
          [
            -64.8881292,
            9.4818102
          ],
          [
            -64.8884511,
            9.4818208
          ],
          [
            -64.8887783,
            9.4817732
          ],
          [
            -64.8891807,
            9.4816991
          ],
          [
            -64.8918092,
            9.4811065
          ],
          [
            -64.9037719,
            9.4781223
          ],
          [
            -64.918465,
            9.4748152
          ],
          [
            -64.9302721,
            9.4720479
          ],
          [
            -64.9378628,
            9.4702065
          ],
          [
            -64.9381685,
            9.4701589
          ],
          [
            -64.9384904,
            9.4701642
          ],
          [
            -64.9392521,
            9.4702065
          ],
          [
            -64.9395043,
            9.470196
          ],
          [
            -64.9397564,
            9.4701431
          ],
          [
            -64.9406523,
            9.469725
          ],
          [
            -64.943946,
            9.467762
          ],
          [
            -64.9441391,
            9.4676032
          ],
          [
            -64.9442411,
            9.4674603
          ],
          [
            -64.9443483,
            9.4672434
          ],
          [
            -64.9444985,
            9.4667037
          ],
          [
            -64.9445415,
            9.4665344
          ],
          [
            -64.9446434,
            9.4663703
          ],
          [
            -64.9447668,
            9.4662698
          ],
          [
            -64.9455714,
            9.4656454
          ],
          [
            -64.9457538,
            9.4653438
          ],
          [
            -64.9460274,
            9.4648252
          ],
          [
            -64.946183,
            9.4646718
          ],
          [
            -64.9464351,
            9.4645554
          ],
          [
            -64.9480069,
            9.4641585
          ],
          [
            -64.9500507,
            9.46364
          ],
          [
            -64.9510807,
            9.4635183
          ],
          [
            -64.9512953,
            9.4635077
          ],
          [
            -64.9515474,
            9.4635236
          ],
          [
            -64.9517191,
            9.4635659
          ],
          [
            -64.9537468,
            9.4642908
          ],
          [
            -64.9594438,
            9.466291
          ],
          [
            -64.9630863,
            9.4676138
          ],
          [
            -64.9657041,
            9.4686509
          ],
          [
            -64.9663907,
            9.4688255
          ],
          [
            -64.9669218,
            9.4689472
          ],
          [
            -64.9695289,
            9.4693652
          ],
          [
            -64.9701941,
            9.4694658
          ],
          [
            -64.9707681,
            9.4695081
          ],
          [
            -64.9718034,
            9.4695557
          ],
          [
            -64.9720341,
            9.4695769
          ],
          [
            -64.9722219,
            9.4696298
          ],
          [
            -64.9746251,
            9.4704658
          ],
          [
            -64.9748397,
            9.4705346
          ],
          [
            -64.9750596,
            9.4705558
          ],
          [
            -64.9753761,
            9.4705346
          ],
          [
            -64.9761969,
            9.4704394
          ],
          [
            -64.9767762,
            9.4704288
          ],
          [
            -64.9781013,
            9.4705769
          ],
          [
            -64.9847317,
            9.4714024
          ],
          [
            -64.9898386,
            9.4720373
          ],
          [
            -64.9970806,
            9.4726088
          ],
          [
            -65.0038827,
            9.4730956
          ],
          [
            -65.0088394,
            9.4735083
          ],
          [
            -65.0174063,
            9.4744078
          ],
          [
            -65.0211829,
            9.4746565
          ],
          [
            -65.0215584,
            9.4747094
          ],
          [
            -65.0218803,
            9.4747994
          ],
          [
            -65.0230336,
            9.475138
          ],
          [
            -65.024069,
            9.4755084
          ],
          [
            -65.0281298,
            9.4769688
          ],
          [
            -65.0320298,
            9.4784344
          ],
          [
            -65.0328022,
            9.4787202
          ],
          [
            -65.0331026,
            9.4787837
          ],
          [
            -65.0335908,
            9.4788313
          ],
          [
            -65.0344813,
            9.4788842
          ],
          [
            -65.0347871,
            9.4789318
          ],
          [
            -65.0351733,
            9.4790323
          ],
          [
            -65.0365949,
            9.4795297
          ],
          [
            -65.0396526,
            9.4805668
          ],
          [
            -65.0453711,
            9.4826197
          ],
          [
            -65.0456286,
            9.4827679
          ],
          [
            -65.0458807,
            9.4829637
          ],
          [
            -65.0466907,
            9.4840113
          ],
          [
            -65.0469214,
            9.4842071
          ],
          [
            -65.0471735,
            9.4843764
          ],
          [
            -65.0483322,
            9.4849055
          ],
          [
            -65.0542331,
            9.4870854
          ],
          [
            -65.0615502,
            9.4897521
          ],
          [
            -65.0663352,
            9.491477
          ],
          [
            -65.0707769,
            9.4930695
          ],
          [
            -65.0720805,
            9.4935457
          ],
          [
            -65.0724345,
            9.4937097
          ],
          [
            -65.0739044,
            9.4945774
          ],
          [
            -65.0740975,
            9.4946727
          ],
          [
            -65.0742531,
            9.494715
          ],
          [
            -65.0745857,
            9.4947362
          ],
          [
            -65.0755459,
            9.494805
          ],
          [
            -65.0759322,
            9.4948579
          ],
          [
            -65.0762916,
            9.4949372
          ],
          [
            -65.0779653,
            9.4954346
          ],
          [
            -65.0837803,
            9.4971277
          ],
          [
            -65.0895524,
            9.4985509
          ],
          [
            -65.093388,
            9.4996091
          ],
          [
            -65.0938064,
            9.4997096
          ],
          [
            -65.0941122,
            9.4997255
          ],
          [
            -65.0944716,
            9.4997308
          ],
          [
            -65.0951797,
            9.4996726
          ],
          [
            -65.0957,
            9.4996144
          ],
          [
            -65.0960004,
            9.4996144
          ],
          [
            -65.096376,
            9.4996779
          ],
          [
            -65.0984573,
            9.5002704
          ],
          [
            -65.1169646,
            9.5054978
          ],
          [
            -65.1230586,
            9.5071062
          ],
          [
            -65.1303864,
            9.5089367
          ],
          [
            -65.1310086,
            9.5090743
          ],
          [
            -65.1315451,
            9.5091695
          ],
          [
            -65.1322854,
            9.5092224
          ],
          [
            -65.1398707,
            9.5092859
          ],
          [
            -65.1487219,
            9.5092224
          ],
          [
            -65.1514685,
            9.509233
          ],
          [
            -65.1576483,
            9.50936
          ],
          [
            -65.1612747,
            9.5094023
          ],
          [
            -65.1621437,
            9.5093812
          ],
          [
            -65.1645148,
            9.5092436
          ],
          [
            -65.169096,
            9.5090743
          ],
          [
            -65.1783764,
            9.5090214
          ],
          [
            -65.1847065,
            9.5089791
          ],
          [
            -65.1905644,
            9.5089896
          ],
          [
            -65.1975918,
            9.5090637
          ],
          [
            -65.2014113,
            9.5089685
          ],
          [
            -65.2131593,
            9.5092013
          ],
          [
            -65.2176333,
            9.5093177
          ],
          [
            -65.232482,
            9.5091272
          ],
          [
            -65.2417946,
            9.5093177
          ],
          [
            -65.2518046,
            9.5091907
          ],
          [
            -65.2612352,
            9.5092436
          ],
          [
            -65.2706659,
            9.5093283
          ],
          [
            -65.2767706,
            9.5092859
          ],
          [
            -65.2846885,
            9.5093283
          ],
          [
            -65.2902246,
            9.5093388
          ],
          [
            -65.2925742,
            9.5093706
          ],
          [
            -65.2975953,
            9.5093283
          ],
          [
            -65.3029275,
            9.5094446
          ],
          [
            -65.3083778,
            9.5095505
          ],
          [
            -65.3205443,
            9.509561
          ],
          [
            -65.3301144,
            9.5094552
          ],
          [
            -65.3398454,
            9.5093388
          ],
          [
            -65.3482032,
            9.50936
          ],
          [
            -65.3587604,
            9.50936
          ],
          [
            -65.3651816,
            9.5094288
          ],
          [
            -65.3659648,
            9.5094711
          ],
          [
            -65.3663349,
            9.5094076
          ],
          [
            -65.3666353,
            9.509323
          ],
          [
            -65.36722,
            9.5090955
          ],
          [
            -65.3676224,
            9.5089791
          ],
          [
            -65.3681052,
            9.5089367
          ],
          [
            -65.3771711,
            9.5088415
          ],
          [
            -65.3912687,
            9.5088415
          ],
          [
            -65.3984571,
            9.5090002
          ],
          [
            -65.3988594,
            9.5089844
          ],
          [
            -65.3991652,
            9.508942
          ],
          [
            -65.3993905,
            9.508868
          ],
          [
            -65.4000288,
            9.5085294
          ],
          [
            -65.4017454,
            9.5073707
          ],
          [
            -65.4020673,
            9.5071749
          ],
          [
            -65.4024965,
            9.506995
          ],
          [
            -65.4029149,
            9.5068839
          ],
          [
            -65.4048353,
            9.5066194
          ],
          [
            -65.4052913,
            9.5065982
          ],
          [
            -65.40586,
            9.50663
          ],
          [
            -65.4118037,
            9.5073389
          ],
          [
            -65.4127371,
            9.5074236
          ],
          [
            -65.4144967,
            9.5076352
          ],
          [
            -65.4224897,
            9.5087674
          ],
          [
            -65.4233694,
            9.5088521
          ],
          [
            -65.4260731,
            9.5089367
          ],
          [
            -65.4369414,
            9.5089156
          ],
          [
            -65.443486,
            9.5088415
          ],
          [
            -65.4473805,
            9.5088468
          ],
          [
            -65.452863,
            9.5088098
          ],
          [
            -65.453099,
            9.5088045
          ],
          [
            -65.4533351,
            9.5088627
          ],
          [
            -65.4535443,
            9.5090002
          ],
          [
            -65.4539144,
            9.5093653
          ],
          [
            -65.4548103,
            9.5102859
          ],
          [
            -65.4550517,
            9.510471
          ],
          [
            -65.4553118,
            9.5106139
          ],
          [
            -65.4563284,
            9.5110953
          ],
          [
            -65.4573906,
            9.5115345
          ],
          [
            -65.4576588,
            9.5116138
          ],
          [
            -65.4580236,
            9.5116509
          ],
          [
            -65.4583293,
            9.5116403
          ],
          [
            -65.4588282,
            9.5115768
          ],
          [
            -65.4594398,
            9.5114128
          ],
          [
            -65.4597187,
            9.511381
          ],
          [
            -65.4599279,
            9.5114392
          ],
          [
            -65.4634845,
            9.5129365
          ],
          [
            -65.4676259,
            9.5147988
          ],
          [
            -65.4701579,
            9.516058
          ],
          [
            -65.4740417,
            9.5182694
          ],
          [
            -65.4792881,
            9.5216025
          ],
          [
            -65.4850173,
            9.5252317
          ],
          [
            -65.4854572,
            9.5254645
          ],
          [
            -65.4859507,
            9.5256656
          ],
          [
            -65.486691,
            9.5259195
          ],
          [
            -65.4879892,
            9.5266178
          ],
          [
            -65.4893839,
            9.5274855
          ],
          [
            -65.4920125,
            9.5286705
          ],
          [
            -65.4958856,
            9.5302894
          ],
          [
            -65.496304,
            9.5304163
          ],
          [
            -65.4966688,
            9.5304798
          ],
          [
            -65.4970121,
            9.5304587
          ],
          [
            -65.4994905,
            9.5297603
          ],
          [
            -65.5011857,
            9.5294958
          ],
          [
            -65.5015612,
            9.5294429
          ],
          [
            -65.5019796,
            9.5294323
          ],
          [
            -65.5024302,
            9.5295487
          ],
          [
            -65.5057669,
            9.5304798
          ],
          [
            -65.5119682,
            9.5322362
          ],
          [
            -65.5229867,
            9.5354528
          ],
          [
            -65.5309582,
            9.5377487
          ],
          [
            -65.5380714,
            9.5397061
          ],
          [
            -65.5436611,
            9.5412932
          ],
          [
            -65.5488002,
            9.5428379
          ],
          [
            -65.5614817,
            9.5465834
          ],
          [
            -65.5762446,
            9.5507096
          ],
          [
            -65.5881751,
            9.5543069
          ],
          [
            -65.5944944,
            9.5560631
          ],
          [
            -65.605706,
            9.5593958
          ],
          [
            -65.6138384,
            9.5618292
          ],
          [
            -65.6187952,
            9.5633209
          ],
          [
            -65.6255543,
            9.5651935
          ],
          [
            -65.6340838,
            9.5678702
          ],
          [
            -65.6390727,
            9.5693725
          ],
          [
            -65.6394374,
            9.5695523
          ],
          [
            -65.6406283,
            9.5704516
          ],
          [
            -65.641036,
            9.5708219
          ],
          [
            -65.6414545,
            9.5713297
          ],
          [
            -65.6467223,
            9.5789362
          ],
          [
            -65.6536532,
            9.5884998
          ],
          [
            -65.6609702,
            9.5978303
          ],
          [
            -65.6746388,
            9.6148615
          ],
          [
            -65.6810332,
            9.6229219
          ],
          [
            -65.6905604,
            9.6349593
          ],
          [
            -65.698961,
            9.6453357
          ],
          [
            -65.7050872,
            9.6530781
          ],
          [
            -65.7099581,
            9.6590751
          ],
          [
            -65.7102639,
            9.659403
          ],
          [
            -65.7104194,
            9.6595141
          ],
          [
            -65.7105428,
            9.6595564
          ],
          [
            -65.721395,
            9.6628193
          ],
          [
            -65.7288838,
            9.6650192
          ],
          [
            -65.7415009,
            9.6686998
          ],
          [
            -65.7482922,
            9.6708257
          ],
          [
            -65.752691,
            9.6721583
          ],
          [
            -65.7587743,
            9.6741889
          ],
          [
            -65.7645357,
            9.6765474
          ],
          [
            -65.7651365,
            9.6768647
          ],
          [
            -65.7656407,
            9.6772032
          ],
          [
            -65.7675719,
            9.6790011
          ],
          [
            -65.7678616,
            9.6792021
          ],
          [
            -65.7682049,
            9.6793501
          ],
          [
            -65.7693958,
            9.6797097
          ],
          [
            -65.7698786,
            9.6798684
          ],
          [
            -65.7748568,
            9.6822268
          ],
          [
            -65.7754147,
            9.6825229
          ],
          [
            -65.7779896,
            9.6834748
          ],
          [
            -65.7787407,
            9.6836757
          ],
          [
            -65.7791162,
            9.6838449
          ],
          [
            -65.7813156,
            9.6854419
          ],
          [
            -65.7818735,
            9.6858226
          ],
          [
            -65.786283,
            9.6882022
          ],
          [
            -65.7866478,
            9.6883291
          ],
          [
            -65.7868731,
            9.6883714
          ],
          [
            -65.7870984,
            9.6883397
          ],
          [
            -65.7875598,
            9.6882022
          ],
          [
            -65.788579,
            9.6879272
          ],
          [
            -65.7892549,
            9.6878849
          ],
          [
            -65.7901347,
            9.688033
          ],
          [
            -65.7911432,
            9.6883397
          ],
          [
            -65.7919049,
            9.6886781
          ],
          [
            -65.7972801,
            9.6918826
          ],
          [
            -65.8056915,
            9.6965676
          ],
          [
            -65.8122575,
            9.7003007
          ],
          [
            -65.815959,
            9.7022307
          ],
          [
            -65.8171123,
            9.7028441
          ],
          [
            -65.8173645,
            9.7029657
          ],
          [
            -65.8175951,
            9.7030133
          ],
          [
            -65.8239412,
            9.7036002
          ],
          [
            -65.8308935,
            9.7043828
          ],
          [
            -65.8312047,
            9.7044304
          ],
          [
            -65.8315051,
            9.7045362
          ],
          [
            -65.8322829,
            9.7050173
          ],
          [
            -65.8325511,
            9.7051284
          ],
          [
            -65.8328408,
            9.7051918
          ],
          [
            -65.8331466,
            9.7052077
          ],
          [
            -65.8337367,
            9.7051019
          ],
          [
            -65.8343053,
            9.704975
          ],
          [
            -65.8346164,
            9.7049539
          ],
          [
            -65.8350778,
            9.7050702
          ],
          [
            -65.8375239,
            9.7059162
          ],
          [
            -65.8392513,
            9.7065296
          ],
          [
            -65.8395946,
            9.7065825
          ],
          [
            -65.8400667,
            9.7065613
          ],
          [
            -65.8479148,
            9.7051918
          ],
          [
            -65.8482152,
            9.705176
          ],
          [
            -65.8485746,
            9.7051865
          ],
          [
            -65.8514929,
            9.7054827
          ],
          [
            -65.8552587,
            9.705673
          ],
          [
            -65.8644104,
            9.7062758
          ],
          [
            -65.874238,
            9.7068574
          ],
          [
            -65.879581,
            9.7071218
          ],
          [
            -65.8869088,
            9.7076982
          ],
          [
            -65.8900523,
            9.7078885
          ],
          [
            -65.8963502,
            9.7083009
          ],
          [
            -65.9006578,
            9.7085759
          ],
          [
            -65.9063333,
            9.7089196
          ],
          [
            -65.9109736,
            9.7092104
          ],
          [
            -65.9146106,
            9.7094748
          ],
          [
            -65.921005,
            9.7098714
          ],
          [
            -65.9322864,
            9.7105429
          ],
          [
            -65.9414059,
            9.7110981
          ],
          [
            -65.943203,
            9.7112461
          ],
          [
            -65.9482187,
            9.7119758
          ],
          [
            -65.952875,
            9.7126315
          ],
          [
            -65.9530735,
            9.7126738
          ],
          [
            -65.9532076,
            9.7127531
          ],
          [
            -65.9533632,
            9.7129117
          ],
          [
            -65.9537172,
            9.7133823
          ],
          [
            -65.9542751,
            9.7140168
          ],
          [
            -65.9546614,
            9.714334
          ],
          [
            -65.9551227,
            9.7146513
          ],
          [
            -65.9555841,
            9.7149262
          ],
          [
            -65.9600473,
            9.7171628
          ],
          [
            -65.9628582,
            9.7185481
          ],
          [
            -65.9632284,
            9.7187173
          ],
          [
            -65.9637004,
            9.7188601
          ],
          [
            -65.9652454,
            9.7191668
          ],
          [
            -65.9668011,
            9.7193836
          ],
          [
            -65.967198,
            9.7194047
          ],
          [
            -65.9676647,
            9.7194047
          ],
          [
            -65.9685767,
            9.7193201
          ],
          [
            -65.9691668,
            9.7192355
          ],
          [
            -65.9704328,
            9.7189394
          ],
          [
            -65.9722245,
            9.718416
          ],
          [
            -65.9728414,
            9.7181886
          ],
          [
            -65.9732062,
            9.7179877
          ],
          [
            -65.9757704,
            9.7162322
          ],
          [
            -65.9763014,
            9.7159309
          ],
          [
            -65.9765053,
            9.715841
          ],
          [
            -65.9767842,
            9.7157722
          ],
          [
            -65.9773421,
            9.7156982
          ],
          [
            -65.9776211,
            9.7156586
          ],
          [
            -65.9779805,
            9.715603
          ],
          [
            -65.9786779,
            9.7154603
          ],
          [
            -65.9810919,
            9.7152699
          ],
          [
            -65.9817034,
            9.7152382
          ],
          [
            -65.9821326,
            9.7152435
          ],
          [
            -65.982728,
            9.7152752
          ],
          [
            -65.9833449,
            9.7153175
          ],
          [
            -65.9838921,
            9.7153017
          ],
          [
            -65.9847665,
            9.7152329
          ],
          [
            -65.9872663,
            9.7150426
          ],
          [
            -65.9876847,
            9.715032
          ],
          [
            -65.9882212,
            9.7150637
          ],
          [
            -65.9902382,
            9.7152752
          ],
          [
            -65.9997976,
            9.715344
          ],
          [
            -66.0067391,
            9.715143
          ],
          [
            -66.0074258,
            9.715143
          ],
          [
            -66.0160518,
            9.7155713
          ],
          [
            -66.0238516,
            9.7157299
          ],
          [
            -66.0307503,
            9.7159309
          ],
          [
            -66.0355139,
            9.7160049
          ],
          [
            -66.0424233,
            9.7161847
          ],
          [
            -66.0496545,
            9.7162693
          ],
          [
            -66.0511458,
            9.7163116
          ],
          [
            -66.0527229,
            9.7162587
          ],
          [
            -66.0583663,
            9.7157828
          ],
          [
            -66.0657156,
            9.7147782
          ],
          [
            -66.0721099,
            9.7138264
          ],
          [
            -66.0731614,
            9.7136361
          ],
          [
            -66.0739231,
            9.7134246
          ],
          [
            -66.0753608,
            9.7128853
          ],
          [
            -66.0765517,
            9.7124517
          ],
          [
            -66.0881683,
            9.7076638
          ],
          [
            -66.0897991,
            9.7070319
          ],
          [
            -66.0898742,
            9.7070108
          ],
          [
            -66.0899627,
            9.7070108
          ],
          [
            -66.0900217,
            9.7070266
          ],
          [
            -66.0900807,
            9.7070663
          ],
          [
            -66.0901666,
            9.7071509
          ],
          [
            -66.0917115,
            9.7090677
          ],
          [
            -66.0954988,
            9.7138264
          ],
          [
            -66.1007881,
            9.7203459
          ],
          [
            -66.1024565,
            9.7223868
          ],
          [
            -66.1025637,
            9.7225454
          ],
          [
            -66.1026603,
            9.722704
          ],
          [
            -66.1031914,
            9.7239571
          ],
          [
            -66.1033094,
            9.7241792
          ],
          [
            -66.1063778,
            9.7281764
          ],
          [
            -66.107322,
            9.7293291
          ],
          [
            -66.1075205,
            9.7294982
          ],
          [
            -66.1076921,
            9.7296569
          ],
          [
            -66.1081052,
            9.7299371
          ],
          [
            -66.1102617,
            9.7313435
          ],
          [
            -66.1105406,
            9.7315021
          ],
          [
            -66.1106694,
            9.7315973
          ],
          [
            -66.1108303,
            9.7317876
          ],
          [
            -66.1140007,
            9.7359116
          ],
          [
            -66.116699,
            9.7394487
          ],
          [
            -66.1195046,
            9.7430492
          ],
          [
            -66.1214036,
            9.7456134
          ],
          [
            -66.1215538,
            9.7458513
          ],
          [
            -66.121645,
            9.7459994
          ],
          [
            -66.122455,
            9.7483627
          ],
          [
            -66.1226052,
            9.7486323
          ],
          [
            -66.1227393,
            9.7488438
          ],
          [
            -66.1255235,
            9.7522856
          ],
          [
            -66.1287636,
            9.7563459
          ],
          [
            -66.1289835,
            9.7564992
          ],
          [
            -66.1293161,
            9.7566631
          ],
          [
            -66.129595,
            9.7567688
          ],
          [
            -66.1361611,
            9.7584289
          ],
          [
            -66.1364079,
            9.7585452
          ],
          [
            -66.1401737,
            9.760681
          ],
          [
            -66.14034,
            9.7608132
          ],
          [
            -66.1404365,
            9.7609242
          ],
          [
            -66.1445081,
            9.7674798
          ],
          [
            -66.1486387,
            9.7740351
          ],
          [
            -66.1488533,
            9.7742995
          ],
          [
            -66.15116,
            9.7760969
          ],
          [
            -66.151557,
            9.7762872
          ],
          [
            -66.1519539,
            9.7763929
          ],
          [
            -66.1524904,
            9.7764987
          ],
          [
            -66.1534184,
            9.7765568
          ],
          [
            -66.1567444,
            9.7765568
          ],
          [
            -66.1568785,
            9.776578
          ],
          [
            -66.1569965,
            9.7766255
          ],
          [
            -66.1571306,
            9.776726
          ],
          [
            -66.1586273,
            9.7781269
          ],
          [
            -66.1611271,
            9.7806433
          ],
          [
            -66.1615455,
            9.7811402
          ],
          [
            -66.1618888,
            9.7816054
          ],
          [
            -66.1635733,
            9.7846927
          ],
          [
            -66.1643672,
            9.7861623
          ],
          [
            -66.1653006,
            9.7876107
          ],
          [
            -66.1670816,
            9.7898944
          ],
          [
            -66.1674142,
            9.7902222
          ],
          [
            -66.1676395,
            9.7903808
          ],
          [
            -66.1730039,
            9.7931296
          ],
          [
            -66.178658,
            9.7960371
          ],
          [
            -66.1842156,
            9.798363
          ],
          [
            -66.1846715,
            9.7985268
          ],
          [
            -66.1859429,
            9.7989973
          ],
          [
            -66.1938393,
            9.8029302
          ],
          [
            -66.1998475,
            9.8062287
          ],
          [
            -66.2053835,
            9.8090091
          ],
          [
            -66.2056732,
            9.8091677
          ],
          [
            -66.2059414,
            9.8093686
          ],
          [
            -66.2084734,
            9.8118689
          ],
          [
            -66.2086988,
            9.8120803
          ],
          [
            -66.208849,
            9.8122019
          ],
          [
            -66.2091011,
            9.8123234
          ],
          [
            -66.2119013,
            9.8130899
          ],
          [
            -66.2155223,
            9.8140097
          ],
          [
            -66.2158978,
            9.8141471
          ],
          [
            -66.2173516,
            9.8148607
          ],
          [
            -66.220876,
            9.8165363
          ],
          [
            -66.2288261,
            9.8208601
          ],
          [
            -66.2430096,
            9.8278902
          ],
          [
            -66.2486959,
            9.8306969
          ],
          [
            -66.2515873,
            9.8320553
          ],
          [
            -66.2537947,
            9.8332868
          ],
          [
            -66.2539181,
            9.8333265
          ],
          [
            -66.2540147,
            9.8333318
          ],
          [
            -66.2541381,
            9.833308
          ],
          [
            -66.2543687,
            9.8332393
          ],
          [
            -66.2545484,
            9.8332075
          ],
          [
            -66.2547201,
            9.8332234
          ],
          [
            -66.2549776,
            9.8332604
          ],
          [
            -66.2551466,
            9.8333053
          ],
          [
            -66.2552914,
            9.8333767
          ],
          [
            -66.2555569,
            9.8335141
          ],
          [
            -66.2642741,
            9.8385777
          ],
          [
            -66.2795359,
            9.8475577
          ],
          [
            -66.2823522,
            9.8491803
          ],
          [
            -66.2863272,
            9.8515692
          ],
          [
            -66.2921691,
            9.854899
          ],
          [
            -66.2977159,
            9.858345
          ],
          [
            -66.304239,
            9.8622137
          ],
          [
            -66.3105154,
            9.8659926
          ],
          [
            -66.3148069,
            9.8684924
          ]
        ]
      },
      "properties": {
        "id": "OSM-W1089971888",
        "nombre": "Línea Orituco - Anaco",
        "tipo": "ducto",
        "sector": "midstream",
        "fluido": "gas",
        "estado": "desconocido",
        "operadora": "PDVSA",
        "diametro": null,
        "ubicacion": "underground",
        "fuente": "OpenStreetMap contributors (ODbL), consulta Overpass 2026-09-08",
        "confianza": "baja",
        "ultima_verificacion": "2026-09-08"
      }
    },
    {
      "type": "Feature",
      "geometry": {
        "type": "LineString",
        "coordinates": [
          [
            -66.3148069,
            9.8684924
          ],
          [
            -66.3150296,
            9.868606
          ],
          [
            -66.3152227,
            9.8687011
          ],
          [
            -66.3153434,
            9.8687487
          ],
          [
            -66.3155124,
            9.8687857
          ],
          [
            -66.3156411,
            9.8687963
          ],
          [
            -66.3157806,
            9.8687672
          ],
          [
            -66.3161373,
            9.8686245
          ],
          [
            -66.3162902,
            9.8685532
          ],
          [
            -66.3163734,
            9.8684792
          ],
          [
            -66.3164538,
            9.8683682
          ],
          [
            -66.3164941,
            9.8682466
          ],
          [
            -66.3165048,
            9.8681489
          ],
          [
            -66.3164753,
            9.867985
          ]
        ]
      },
      "properties": {
        "id": "OSM-W1089971889",
        "nombre": null,
        "tipo": "ducto",
        "sector": "midstream",
        "fluido": "gas",
        "estado": "desconocido",
        "operadora": "PDVSA",
        "diametro": null,
        "ubicacion": "overground",
        "fuente": "OpenStreetMap contributors (ODbL), consulta Overpass 2026-09-08",
        "confianza": "baja",
        "ultima_verificacion": "2026-09-08"
      }
    },
    {
      "type": "Feature",
      "geometry": {
        "type": "LineString",
        "coordinates": [
          [
            -67.4309439,
            10.0042107
          ],
          [
            -67.428326,
            10.0050454
          ],
          [
            -67.4281651,
            10.0050612
          ],
          [
            -67.4278969,
            10.0050084
          ],
          [
            -67.4276394,
            10.0049133
          ],
          [
            -67.4257565,
            10.0040575
          ],
          [
            -67.4244261,
            10.0036031
          ],
          [
            -67.4229348,
            10.0028001
          ],
          [
            -67.422688,
            10.0025888
          ],
          [
            -67.4226022,
            10.0023881
          ],
          [
            -67.4225915,
            10.00205
          ],
          [
            -67.4224627,
            9.9997308
          ],
          [
            -67.4224144,
            9.9995881
          ],
          [
            -67.4223447,
            9.9994878
          ],
          [
            -67.4221838,
            9.9993821
          ],
          [
            -67.4173021,
            9.9967142
          ],
          [
            -67.4170983,
            9.9965293
          ],
          [
            -67.4160576,
            9.9949603
          ],
          [
            -67.4159396,
            9.9947965
          ],
          [
            -67.4157733,
            9.9946697
          ],
          [
            -67.4155104,
            9.9945957
          ],
          [
            -67.4146789,
            9.9943738
          ],
          [
            -67.4142766,
            9.9943263
          ],
          [
            -67.4139279,
            9.9943421
          ],
          [
            -67.4137133,
            9.9943157
          ],
          [
            -67.4135041,
            9.9942418
          ],
          [
            -67.4124956,
            9.9936289
          ],
          [
            -67.4115408,
            9.9930637
          ],
          [
            -67.4113959,
            9.9930108
          ],
          [
            -67.4111331,
            9.9930267
          ],
          [
            -67.4107361,
            9.9931429
          ],
          [
            -67.4103874,
            9.993238
          ],
          [
            -67.410087,
            9.9933067
          ],
          [
            -67.4098349,
            9.9932855
          ],
          [
            -67.4096149,
            9.993238
          ],
          [
            -67.409336,
            9.9931165
          ],
          [
            -67.4088639,
            9.9928576
          ],
          [
            -67.4086118,
            9.9927255
          ],
          [
            -67.4083382,
            9.9926463
          ],
          [
            -67.407952,
            9.9925987
          ],
          [
            -67.4073726,
            9.9925987
          ],
          [
            -67.4065036,
            9.9926569
          ],
          [
            -67.4060208,
            9.9926252
          ],
          [
            -67.4049854,
            9.9924667
          ],
          [
            -67.4038911,
            9.9921497
          ],
          [
            -67.4036497,
            9.9919859
          ],
          [
            -67.4034941,
            9.9918221
          ],
          [
            -67.4033171,
            9.9914682
          ],
          [
            -67.4031186,
            9.9905331
          ],
          [
            -67.4030811,
            9.9903851
          ],
          [
            -67.402963,
            9.9902584
          ],
          [
            -67.4015307,
            9.9894659
          ],
          [
            -67.3985106,
            9.9876062
          ],
          [
            -67.3973411,
            9.9868138
          ],
          [
            -67.3966652,
            9.9863224
          ],
          [
            -67.3962522,
            9.9859315
          ],
          [
            -67.3961556,
            9.9857519
          ],
          [
            -67.3960483,
            9.9854454
          ],
          [
            -67.3959249,
            9.9849541
          ],
          [
            -67.3955602,
            9.9828514
          ],
          [
            -67.3950881,
            9.9798611
          ],
          [
            -67.3946911,
            9.9779697
          ],
          [
            -67.3945892,
            9.9776897
          ],
          [
            -67.394498,
            9.9775259
          ],
          [
            -67.3943317,
            9.9773304
          ],
          [
            -67.3913759,
            9.9753122
          ],
          [
            -67.3892677,
            9.9737694
          ],
          [
            -67.3889941,
            9.9736585
          ],
          [
            -67.388683,
            9.9735687
          ],
          [
            -67.3841393,
            9.9727867
          ],
          [
            -67.3810333,
            9.9724328
          ],
          [
            -67.3789358,
            9.9722214
          ],
          [
            -67.3785764,
            9.9721739
          ],
          [
            -67.3783994,
            9.9721263
          ],
          [
            -67.3782653,
            9.9720259
          ],
          [
            -67.3781204,
            9.9718886
          ],
          [
            -67.3780185,
            9.9717406
          ],
          [
            -67.3769993,
            9.9687397
          ],
          [
            -67.3760927,
            9.9660821
          ],
          [
            -67.3759264,
            9.9658232
          ],
          [
            -67.3755026,
            9.9651152
          ],
          [
            -67.3753792,
            9.9648141
          ],
          [
            -67.3753256,
            9.9646027
          ],
          [
            -67.3752397,
            9.9636094
          ],
          [
            -67.3751861,
            9.9632607
          ],
          [
            -67.3750842,
            9.9629754
          ],
          [
            -67.3749661,
            9.9627482
          ],
          [
            -67.3748428,
            9.9626637
          ],
          [
            -67.3730886,
            9.9617813
          ],
          [
            -67.3712915,
            9.9606718
          ],
          [
            -67.3690063,
            9.9593456
          ],
          [
            -67.3683143,
            9.9588489
          ],
          [
            -67.3675525,
            9.9580987
          ],
          [
            -67.3669517,
            9.9573695
          ],
          [
            -67.3667479,
            9.9571212
          ],
          [
            -67.3665977,
            9.9570155
          ],
          [
            -67.3664796,
            9.9569574
          ],
          [
            -67.3662973,
            9.9569151
          ],
          [
            -67.365852,
            9.9569627
          ],
          [
            -67.3654765,
            9.9571318
          ],
          [
            -67.3652512,
            9.9572005
          ],
          [
            -67.3649776,
            9.9572374
          ],
          [
            -67.3647308,
            9.9572269
          ],
          [
            -67.3644626,
            9.9571423
          ],
          [
            -67.3628479,
            9.9567461
          ],
          [
            -67.361877,
            9.9565294
          ],
          [
            -67.3608363,
            9.9563656
          ],
          [
            -67.3598439,
            9.9561701
          ],
          [
            -67.3594844,
            9.956112
          ],
          [
            -67.359302,
            9.9559958
          ],
          [
            -67.3591143,
            9.955832
          ],
          [
            -67.358889,
            9.9556365
          ],
          [
            -67.3581272,
            9.9547119
          ],
          [
            -67.3577946,
            9.954342
          ],
          [
            -67.3570651,
            9.953708
          ],
          [
            -67.3565662,
            9.9532324
          ],
          [
            -67.3560727,
            9.9529524
          ],
          [
            -67.3541361,
            9.9522232
          ],
          [
            -67.353707,
            9.9521017
          ],
          [
            -67.3534763,
            9.95207
          ],
          [
            -67.3532832,
            9.9520912
          ],
          [
            -67.3527736,
            9.952218
          ],
          [
            -67.3523659,
            9.9522338
          ],
          [
            -67.3517329,
            9.9522232
          ],
          [
            -67.3510408,
            9.9521968
          ],
          [
            -67.3507297,
            9.9521387
          ],
          [
            -67.35044,
            9.9520066
          ],
          [
            -67.3502147,
            9.9519221
          ],
          [
            -67.3500109,
            9.9519432
          ],
          [
            -67.3498821,
            9.9520119
          ],
          [
            -67.3496783,
            9.9521915
          ],
          [
            -67.3495066,
            9.9523131
          ],
          [
            -67.3493457,
            9.9523342
          ],
          [
            -67.3492438,
            9.9522814
          ],
          [
            -67.3490936,
            9.9520806
          ],
          [
            -67.3490024,
            9.9519485
          ],
          [
            -67.3488683,
            9.9518904
          ],
          [
            -67.3486751,
            9.9518481
          ],
          [
            -67.3484284,
            9.9518904
          ],
          [
            -67.3482192,
            9.9519379
          ],
          [
            -67.3480475,
            9.9519802
          ],
          [
            -67.3478758,
            9.9519538
          ],
          [
            -67.3477203,
            9.9518851
          ],
          [
            -67.3475272,
            9.9517002
          ],
          [
            -67.3470122,
            9.9507227
          ],
          [
            -67.3467869,
            9.9504796
          ],
          [
            -67.346583,
            9.9503581
          ],
          [
            -67.3463899,
            9.9502471
          ],
          [
            -67.3461592,
            9.9500833
          ],
          [
            -67.3450327,
            9.9492591
          ],
          [
            -67.3446786,
            9.9489843
          ],
          [
            -67.3443782,
            9.9487149
          ],
          [
            -67.3442066,
            9.9484929
          ],
          [
            -67.3440456,
            9.9483186
          ],
          [
            -67.3438954,
            9.9482287
          ],
          [
            -67.3430854,
            9.9478906
          ],
          [
            -67.342726,
            9.947806
          ],
          [
            -67.3423505,
            9.9477162
          ],
          [
            -67.3421466,
            9.9476158
          ],
          [
            -67.3418838,
            9.9474415
          ],
          [
            -67.3403174,
            9.9462051
          ],
          [
            -67.3382735,
            9.9448049
          ],
          [
            -67.3357415,
            9.9431563
          ],
          [
            -67.3336816,
            9.9417508
          ],
          [
            -67.3316056,
            9.9398063
          ],
          [
            -67.3313373,
            9.9396478
          ],
          [
            -67.3310262,
            9.9395368
          ],
          [
            -67.3286337,
            9.9385065
          ],
          [
            -67.328344,
            9.9384536
          ],
          [
            -67.3281348,
            9.9384642
          ],
          [
            -67.3278773,
            9.9385382
          ],
          [
            -67.3276359,
            9.938702
          ],
          [
            -67.3250556,
            9.9414972
          ],
          [
            -67.3237789,
            9.942871
          ],
          [
            -67.3235643,
            9.9430348
          ],
          [
            -67.323398,
            9.9431035
          ],
          [
            -67.3232371,
            9.9431035
          ],
          [
            -67.323103,
            9.9430559
          ],
          [
            -67.323001,
            9.9429767
          ],
          [
            -67.3201418,
            9.9411326
          ],
          [
            -67.3152441,
            9.937344
          ],
          [
            -67.3124278,
            9.9352833
          ],
          [
            -67.3104215,
            9.9340733
          ],
          [
            -67.3073906,
            9.9322608
          ],
          [
            -67.3071814,
            9.932097
          ],
          [
            -67.3070473,
            9.9319015
          ],
          [
            -67.3068756,
            9.9316479
          ],
          [
            -67.3066986,
            9.9313097
          ],
          [
            -67.3065645,
            9.9311353
          ],
          [
            -67.306307,
            9.9309504
          ],
          [
            -67.3052609,
            9.9305911
          ],
          [
            -67.3035228,
            9.9301842
          ],
          [
            -67.3011893,
            9.9295554
          ],
          [
            -67.3008835,
            9.9294867
          ],
          [
            -67.3007226,
            9.9294709
          ],
          [
            -67.300095,
            9.9297034
          ],
          [
            -67.2998965,
            9.9297562
          ],
          [
            -67.2997087,
            9.9297298
          ],
          [
            -67.2991133,
            9.9295501
          ],
          [
            -67.296297,
            9.9285144
          ],
          [
            -67.2956371,
            9.9283506
          ],
          [
            -67.2936738,
            9.9280917
          ],
          [
            -67.2917533,
            9.9278117
          ],
          [
            -67.2913939,
            9.9276848
          ],
          [
            -67.2894788,
            9.9268658
          ],
          [
            -67.2832561,
            9.9242185
          ],
          [
            -67.2829986,
            9.9240916
          ],
          [
            -67.2828537,
            9.9239595
          ],
          [
            -67.2827572,
            9.9237852
          ],
          [
            -67.2822368,
            9.9227283
          ],
          [
            -67.2812337,
            9.9205829
          ],
          [
            -67.2810996,
            9.9202342
          ],
          [
            -67.280488,
            9.9179038
          ],
          [
            -67.2799784,
            9.9157109
          ],
          [
            -67.2798657,
            9.9154625
          ],
          [
            -67.279619,
            9.915119
          ],
          [
            -67.2782564,
            9.9135866
          ],
          [
            -67.2774249,
            9.9126882
          ],
          [
            -67.2744799,
            9.9107806
          ],
          [
            -67.2733104,
            9.9100038
          ],
          [
            -67.2731388,
            9.9097924
          ],
          [
            -67.2730154,
            9.9094331
          ],
          [
            -67.272774,
            9.9082124
          ],
          [
            -67.2726238,
            9.9060563
          ],
          [
            -67.2725996,
            9.9050417
          ],
          [
            -67.2725835,
            9.9049704
          ],
          [
            -67.2725567,
            9.9049149
          ],
          [
            -67.2724843,
            9.9048568
          ],
          [
            -67.2705102,
            9.9036995
          ],
          [
            -67.269609,
            9.9031552
          ],
          [
            -67.2693837,
            9.9030072
          ],
          [
            -67.2674391,
            9.9023123
          ],
          [
            -67.2673693,
            9.9022621
          ],
          [
            -67.2673023,
            9.9021749
          ],
          [
            -67.2672567,
            9.902093
          ],
          [
            -67.2672272,
            9.901945
          ],
          [
            -67.2672111,
            9.9016438
          ],
          [
            -67.2674042,
            9.8984097
          ],
          [
            -67.2673827,
            9.8969458
          ],
          [
            -67.2673291,
            9.896782
          ],
          [
            -67.2672325,
            9.8966658
          ],
          [
            -67.2668034,
            9.8963645
          ],
          [
            -67.2659934,
            9.8957621
          ],
          [
            -67.2652906,
            9.895371
          ],
          [
            -67.2648132,
            9.8951596
          ],
          [
            -67.2632843,
            9.8947105
          ],
          [
            -67.2626969,
            9.8946048
          ],
          [
            -67.2626326,
            9.8946021
          ],
          [
            -67.2625119,
            9.8945942
          ],
          [
            -67.2623,
            9.8946497
          ],
          [
            -67.2620022,
            9.8947474
          ],
          [
            -67.257539,
            9.8961849
          ],
          [
            -67.2546852,
            9.8972312
          ],
          [
            -67.2512627,
            9.8985312
          ],
          [
            -67.2480065,
            9.8997519
          ],
          [
            -67.2445518,
            9.9010572
          ],
          [
            -67.241317,
            9.9023572
          ],
          [
            -67.2384954,
            9.9033771
          ],
          [
            -67.234472,
            9.9048251
          ],
          [
            -67.232793,
            9.9060405
          ],
          [
            -67.2312266,
            9.9069547
          ],
          [
            -67.2271657,
            9.9090156
          ],
          [
            -67.2220373,
            9.9116367
          ],
          [
            -67.2205567,
            9.9124029
          ],
          [
            -67.2202027,
            9.9125139
          ],
          [
            -67.2195643,
            9.9126618
          ],
          [
            -67.217617,
            9.9128996
          ],
          [
            -67.2141784,
            9.9132695
          ],
          [
            -67.2122419,
            9.9135285
          ],
          [
            -67.2109383,
            9.9136077
          ],
          [
            -67.2102034,
            9.9136764
          ],
          [
            -67.2089857,
            9.9138561
          ],
          [
            -67.2086048,
            9.9138984
          ],
          [
            -67.2079235,
            9.9138614
          ],
          [
            -67.2049141,
            9.9136711
          ],
          [
            -67.2039539,
            9.9136341
          ],
          [
            -67.2037017,
            9.9136658
          ],
          [
            -67.2034764,
            9.9137187
          ],
          [
            -67.2031438,
            9.9138719
          ],
          [
            -67.2025162,
            9.9143
          ],
          [
            -67.2023338,
            9.9143687
          ],
          [
            -67.2021943,
            9.9143845
          ],
          [
            -67.202028,
            9.9143475
          ],
          [
            -67.2017598,
            9.9141731
          ],
          [
            -67.2009069,
            9.9135337
          ],
          [
            -67.2007245,
            9.9134333
          ],
          [
            -67.1992332,
            9.9128996
          ],
          [
            -67.1990722,
            9.9128943
          ],
          [
            -67.1989489,
            9.9129419
          ],
          [
            -67.1981067,
            9.9134756
          ],
          [
            -67.1959126,
            9.915193
          ],
          [
            -67.1955854,
            9.9153568
          ],
          [
            -67.1951401,
            9.9156316
          ],
          [
            -67.1924043,
            9.9177295
          ],
          [
            -67.1917659,
            9.9182685
          ],
          [
            -67.1915996,
            9.9183424
          ],
          [
            -67.1913314,
            9.9183583
          ],
          [
            -67.1910256,
            9.9183054
          ],
          [
            -67.1896416,
            9.9176396
          ],
          [
            -67.1885473,
            9.9171958
          ],
          [
            -67.1881503,
            9.9169897
          ],
          [
            -67.1879089,
            9.9168206
          ],
          [
            -67.1877372,
            9.9166462
          ],
          [
            -67.1858007,
            9.914152
          ],
          [
            -67.1855539,
            9.9138719
          ],
          [
            -67.1854788,
            9.9138032
          ],
          [
            -67.1853286,
            9.913798
          ],
          [
            -67.1847332,
            9.9138931
          ],
          [
            -67.1845347,
            9.9138984
          ],
          [
            -67.1839607,
            9.9137451
          ],
          [
            -67.1834028,
            9.9134756
          ],
          [
            -67.1831185,
            9.9132378
          ],
          [
            -67.1829093,
            9.9128996
          ],
          [
            -67.1827161,
            9.9123448
          ],
          [
            -67.1825445,
            9.9118005
          ],
          [
            -67.1824801,
            9.9116419
          ],
          [
            -67.1823192,
            9.9115257
          ],
          [
            -67.1821851,
            9.9115046
          ],
          [
            -67.182008,
            9.9115046
          ],
          [
            -67.1813482,
            9.911531
          ],
          [
            -67.181021,
            9.911494
          ],
          [
            -67.1808386,
            9.9114411
          ],
          [
            -67.1807045,
            9.9113724
          ],
          [
            -67.1805489,
            9.9112562
          ],
          [
            -67.1804416,
            9.9111082
          ],
          [
            -67.1791327,
            9.9091689
          ],
          [
            -67.1789289,
            9.9089311
          ],
          [
            -67.1788055,
            9.9088148
          ],
          [
            -67.1786124,
            9.9087091
          ],
          [
            -67.1783817,
            9.9086299
          ],
          [
            -67.1776253,
            9.9083022
          ],
          [
            -67.1756619,
            9.9072876
          ],
          [
            -67.1744925,
            9.9068543
          ],
          [
            -67.1742779,
            9.9067909
          ],
          [
            -67.1740902,
            9.9067856
          ],
          [
            -67.1738166,
            9.9068384
          ],
          [
            -67.1735913,
            9.9068701
          ],
          [
            -67.1734196,
            9.906886
          ],
          [
            -67.1729368,
            9.9069494
          ],
          [
            -67.1723521,
            9.907034
          ],
          [
            -67.1719927,
            9.9071555
          ],
          [
            -67.1711719,
            9.9074197
          ],
          [
            -67.1709305,
            9.9074409
          ],
          [
            -67.1707588,
            9.9073827
          ],
          [
            -67.1705014,
            9.9072348
          ],
          [
            -67.1704692,
            9.9071608
          ],
          [
            -67.1701044,
            9.9051686
          ],
          [
            -67.17004,
            9.9050259
          ],
          [
            -67.1699166,
            9.9049096
          ],
          [
            -67.1697396,
            9.9048039
          ],
          [
            -67.1693695,
            9.9046348
          ],
          [
            -67.1692246,
            9.9044763
          ],
          [
            -67.1691012,
            9.9042861
          ],
          [
            -67.1682161,
            9.9023995
          ],
          [
            -67.1681142,
            9.9022674
          ],
          [
            -67.1679533,
            9.9021405
          ],
          [
            -67.1672344,
            9.9017442
          ],
          [
            -67.1668965,
            9.9016597
          ],
          [
            -67.1653622,
            9.9013162
          ],
          [
            -67.1651906,
            9.9012105
          ],
          [
            -67.1649277,
            9.9009938
          ],
          [
            -67.164284,
            9.9004759
          ],
          [
            -67.1638441,
            9.9003808
          ],
          [
            -67.163592,
            9.900217
          ],
          [
            -67.1635169,
            9.8999527
          ],
          [
            -67.1631682,
            9.8997255
          ],
          [
            -67.1629444,
            9.8996137
          ],
          [
            -67.1627873,
            9.8995352
          ],
          [
            -67.1626932,
            9.8995299
          ],
          [
            -67.1625084,
            9.8995194
          ],
          [
            -67.1619827,
            9.8996938
          ],
          [
            -67.1617466,
            9.8997255
          ],
          [
            -67.1612799,
            9.8996621
          ],
          [
            -67.1606952,
            9.8994507
          ],
          [
            -67.1603519,
            9.8992499
          ],
          [
            -67.1598852,
            9.898917
          ],
          [
            -67.159617,
            9.8988007
          ],
          [
            -67.1594507,
            9.8987743
          ],
          [
            -67.1592736,
            9.8988271
          ],
          [
            -67.1584958,
            9.8992499
          ],
          [
            -67.1582812,
            9.8994084
          ],
          [
            -67.1581417,
            9.8995881
          ],
          [
            -67.1580505,
            9.8997837
          ],
          [
            -67.1577984,
            9.9006662
          ],
          [
            -67.1577072,
            9.9008141
          ],
          [
            -67.1575517,
            9.9009304
          ],
          [
            -67.1545315,
            9.9023519
          ],
          [
            -67.1542794,
            9.9024206
          ],
          [
            -67.1541345,
            9.9023678
          ],
          [
            -67.1540111,
            9.902241
          ],
          [
            -67.1524447,
            9.900217
          ],
          [
            -67.1521711,
            9.8999792
          ],
          [
            -67.15186,
            9.8998841
          ],
          [
            -67.1514416,
            9.8998576
          ],
          [
            -67.1512699,
            9.8998788
          ],
          [
            -67.1511412,
            9.8999897
          ],
          [
            -67.1504974,
            9.9008089
          ],
          [
            -67.1503419,
            9.9009145
          ],
          [
            -67.1501005,
            9.9010044
          ],
          [
            -67.1482605,
            9.9013954
          ],
          [
            -67.1480995,
            9.9014483
          ],
          [
            -67.1479011,
            9.9015962
          ],
          [
            -67.1470588,
            9.9025263
          ],
          [
            -67.1467316,
            9.9027958
          ],
          [
            -67.1462274,
            9.9032767
          ],
          [
            -67.144956,
            9.9043495
          ],
          [
            -67.1447092,
            9.9044499
          ],
          [
            -67.1445054,
            9.9044657
          ],
          [
            -67.1443552,
            9.9044552
          ],
          [
            -67.1423972,
            9.9039848
          ],
          [
            -67.1421719,
            9.9038686
          ],
          [
            -67.1419036,
            9.9037682
          ],
          [
            -67.1416247,
            9.9037048
          ],
          [
            -67.1407825,
            9.9036678
          ],
          [
            -67.1400422,
            9.9035674
          ],
          [
            -67.1398062,
            9.9034722
          ],
          [
            -67.1395969,
            9.9033666
          ],
          [
            -67.1382344,
            9.9022885
          ],
          [
            -67.1379823,
            9.9020666
          ],
          [
            -67.1378428,
            9.902019
          ],
          [
            -67.1377301,
            9.9020454
          ],
          [
            -67.1375477,
            9.9021511
          ],
          [
            -67.1368289,
            9.9025157
          ],
          [
            -67.1363246,
            9.9026954
          ],
          [
            -67.1361584,
            9.902706
          ],
          [
            -67.1360028,
            9.9026162
          ],
          [
            -67.1358579,
            9.9024523
          ],
          [
            -67.1350747,
            9.9014694
          ],
          [
            -67.1349514,
            9.9013796
          ],
          [
            -67.1348065,
            9.9013267
          ],
          [
            -67.134667,
            9.9013056
          ],
          [
            -67.1345222,
            9.9013162
          ],
          [
            -67.1343023,
            9.9014007
          ],
          [
            -67.1337605,
            9.9017178
          ],
          [
            -67.1336317,
            9.9017653
          ],
          [
            -67.1334708,
            9.9017653
          ],
          [
            -67.1332026,
            9.9017019
          ],
          [
            -67.1321619,
            9.9014377
          ],
          [
            -67.12897,
            9.9006767
          ],
          [
            -67.1282619,
            9.9005182
          ],
          [
            -67.1278703,
            9.9005023
          ],
          [
            -67.1256012,
            9.9006186
          ],
          [
            -67.1254295,
            9.900608
          ],
          [
            -67.1252793,
            9.9005341
          ],
          [
            -67.1251291,
            9.9004284
          ],
          [
            -67.1245658,
            9.8999897
          ],
          [
            -67.1243674,
            9.8999158
          ],
          [
            -67.1242279,
            9.8999158
          ],
          [
            -67.1238363,
            9.8999739
          ],
          [
            -67.1207303,
            9.9007507
          ],
          [
            -67.1178764,
            9.9013849
          ],
          [
            -67.1171629,
            9.9014906
          ],
          [
            -67.1167874,
            9.9014906
          ],
          [
            -67.1164012,
            9.9014588
          ],
          [
            -67.1141106,
            9.9012422
          ],
          [
            -67.1137458,
            9.9011841
          ],
          [
            -67.1135312,
            9.9011206
          ],
          [
            -67.1115571,
            9.9003491
          ],
          [
            -67.1114069,
            9.9003068
          ],
          [
            -67.111246,
            9.9002963
          ],
          [
            -67.1110529,
            9.9003491
          ],
          [
            -67.109347,
            9.9010572
          ],
          [
            -67.1091324,
            9.9011788
          ],
          [
            -67.1089232,
            9.9013954
          ],
          [
            -67.1086979,
            9.9018076
          ],
          [
            -67.1084458,
            9.9022462
          ],
          [
            -67.1082795,
            9.9024312
          ],
          [
            -67.1081078,
            9.9025633
          ],
          [
            -67.1078771,
            9.9026584
          ],
          [
            -67.103709,
            9.9040905
          ],
          [
            -67.1034408,
            9.9041487
          ],
          [
            -67.1032316,
            9.9041751
          ],
          [
            -67.1028239,
            9.9041169
          ],
          [
            -67.0996642,
            9.9036678
          ],
          [
            -67.0970625,
            9.9032926
          ],
          [
            -67.0968103,
            9.9032397
          ],
          [
            -67.0966709,
            9.9031499
          ],
          [
            -67.096585,
            9.9030548
          ],
          [
            -67.0950937,
            9.9008776
          ],
          [
            -67.0948738,
            9.9006292
          ],
          [
            -67.0946163,
            9.9004442
          ],
          [
            -67.0942891,
            9.9002593
          ],
          [
            -67.0924437,
            9.8993133
          ],
          [
            -67.087487,
            9.8974584
          ],
          [
            -67.0863122,
            9.8971995
          ],
          [
            -67.0857972,
            9.8970991
          ],
          [
            -67.0839196,
            9.8970251
          ],
          [
            -67.078979,
            9.8970621
          ],
          [
            -67.0769915,
            9.8971202
          ],
          [
            -67.0769003,
            9.8971414
          ],
          [
            -67.0768198,
            9.8972206
          ],
          [
            -67.0762539,
            9.8985312
          ],
          [
            -67.07605,
            9.899065
          ],
          [
            -67.0759642,
            9.8995458
          ],
          [
            -67.0758516,
            9.8997678
          ],
          [
            -67.0757067,
            9.8998893
          ],
          [
            -67.075578,
            9.8999369
          ],
          [
            -67.0735556,
            9.899958
          ],
          [
            -67.0731747,
            9.9000056
          ],
          [
            -67.0690763,
            9.9011154
          ],
          [
            -67.068969,
            9.9011312
          ],
          [
            -67.0688403,
            9.9011206
          ],
          [
            -67.0675367,
            9.9003491
          ],
          [
            -67.0671988,
            9.9001113
          ],
          [
            -67.0659971,
            9.8988747
          ],
          [
            -67.0657986,
            9.898769
          ],
          [
            -67.0656055,
            9.8987426
          ],
          [
            -67.065348,
            9.8987003
          ],
          [
            -67.0651013,
            9.8986158
          ],
          [
            -67.0643395,
            9.8981771
          ],
          [
            -67.0638353,
            9.897765
          ],
          [
            -67.0636904,
            9.8976857
          ],
          [
            -67.0635939,
            9.8976857
          ],
          [
            -67.0634008,
            9.897728
          ],
          [
            -67.0614106,
            9.8982987
          ],
          [
            -67.0610243,
            9.8983727
          ],
          [
            -67.0607185,
            9.8983832
          ],
          [
            -67.0586103,
            9.8980662
          ],
          [
            -67.055718,
            9.8976312
          ],
          [
            -67.0554936,
            9.8975324
          ],
          [
            -67.0553112,
            9.8973422
          ],
          [
            -67.055161,
            9.8970991
          ],
          [
            -67.0540667,
            9.8946418
          ],
          [
            -67.0531493,
            9.8920787
          ],
          [
            -67.0530528,
            9.8919466
          ],
          [
            -67.052865,
            9.8918409
          ],
          [
            -67.051481,
            9.8910429
          ],
          [
            -67.051304,
            9.8908791
          ],
          [
            -67.0512021,
            9.890673
          ],
          [
            -67.051127,
            9.8901656
          ],
          [
            -67.051068,
            9.8899595
          ],
          [
            -67.0509338,
            9.889801
          ],
          [
            -67.0497161,
            9.8889766
          ],
          [
            -67.0495069,
            9.8889343
          ],
          [
            -67.0493352,
            9.8889607
          ],
          [
            -67.047962,
            9.8892831
          ],
          [
            -67.0475596,
            9.8893359
          ],
          [
            -67.0471305,
            9.8893359
          ],
          [
            -67.0467925,
            9.8892567
          ],
          [
            -67.0455855,
            9.8889343
          ],
          [
            -67.045269,
            9.8887388
          ],
          [
            -67.0432842,
            9.8876818
          ],
          [
            -67.0428604,
            9.8874229
          ],
          [
            -67.0426405,
            9.8873436
          ],
          [
            -67.0423991,
            9.8873436
          ],
          [
            -67.0404303,
            9.8875761
          ],
          [
            -67.0402479,
            9.8875814
          ],
          [
            -67.0400816,
            9.8875444
          ],
          [
            -67.0396739,
            9.8872802
          ],
          [
            -67.0385742,
            9.8867306
          ],
          [
            -67.0377481,
            9.8864135
          ],
          [
            -67.0369542,
            9.8862127
          ],
          [
            -67.0366538,
            9.8861862
          ],
          [
            -67.0364714,
            9.8862285
          ],
          [
            -67.0363534,
            9.8863025
          ],
          [
            -67.0360047,
            9.8867993
          ],
          [
            -67.0356453,
            9.8874017
          ],
          [
            -67.0355004,
            9.8875867
          ],
          [
            -67.0353556,
            9.8876871
          ],
          [
            -67.033816,
            9.8883583
          ],
          [
            -67.0327431,
            9.8887916
          ],
          [
            -67.0323944,
            9.8888445
          ],
          [
            -67.0319867,
            9.8888339
          ],
          [
            -67.0314878,
            9.8887758
          ],
          [
            -67.0298678,
            9.8885221
          ],
          [
            -67.0296156,
            9.8884798
          ],
          [
            -67.0294225,
            9.888538
          ],
          [
            -67.0285374,
            9.8887018
          ],
          [
            -67.0284301,
            9.8886806
          ],
          [
            -67.028237,
            9.8885538
          ],
          [
            -67.0277274,
            9.8879831
          ],
          [
            -67.0276254,
            9.8878985
          ],
          [
            -67.0274323,
            9.8878457
          ],
          [
            -67.0271909,
            9.8878457
          ],
          [
            -67.0264399,
            9.8878932
          ],
          [
            -67.0262897,
            9.8879408
          ],
          [
            -67.0260966,
            9.8880888
          ],
          [
            -67.0256245,
            9.8884534
          ],
          [
            -67.0253938,
            9.8885274
          ],
          [
            -67.0251525,
            9.8885432
          ],
          [
            -67.0249486,
            9.8885221
          ],
          [
            -67.0224702,
            9.8881997
          ],
          [
            -67.0217085,
            9.8881839
          ],
          [
            -67.0200294,
            9.8881944
          ],
          [
            -67.0198202,
            9.8881363
          ],
          [
            -67.0196968,
            9.8880623
          ],
          [
            -67.0190424,
            9.8875391
          ],
          [
            -67.0189673,
            9.8874282
          ],
          [
            -67.0188868,
            9.8872379
          ],
          [
            -67.0183235,
            9.8856948
          ],
          [
            -67.0182324,
            9.8855256
          ],
          [
            -67.0181197,
            9.8853882
          ],
          [
            -67.0180285,
            9.885346
          ],
          [
            -67.0178461,
            9.8853301
          ],
          [
            -67.0171702,
            9.885346
          ],
          [
            -67.0141447,
            9.8857846
          ],
          [
            -67.0135492,
            9.8858163
          ],
          [
            -67.0132864,
            9.8858005
          ],
          [
            -67.0100248,
            9.885272
          ],
          [
            -67.0097673,
            9.885272
          ],
          [
            -67.0095366,
            9.8853354
          ],
          [
            -67.0088661,
            9.8855785
          ],
          [
            -67.0086193,
            9.8855785
          ],
          [
            -67.0084369,
            9.8855309
          ],
          [
            -67.0082384,
            9.8854094
          ],
          [
            -67.0075679,
            9.8847171
          ],
          [
            -67.0073319,
            9.8845532
          ],
          [
            -67.0071602,
            9.8844476
          ],
          [
            -67.0052397,
            9.8837394
          ],
          [
            -67.004934,
            9.8837024
          ],
          [
            -67.0041829,
            9.8836231
          ],
          [
            -67.0038503,
            9.8835386
          ],
          [
            -67.0009482,
            9.8822596
          ],
          [
            -67.0007336,
            9.8820958
          ],
          [
            -66.998899,
            9.8804998
          ],
          [
            -66.998443,
            9.8801563
          ],
          [
            -66.9981748,
            9.8800189
          ],
          [
            -66.9954389,
            9.8795432
          ],
          [
            -66.9950634,
            9.8795115
          ],
          [
            -66.9933039,
            9.8796331
          ],
          [
            -66.9915444,
            9.8798762
          ],
          [
            -66.9913781,
            9.8799607
          ],
          [
            -66.9912762,
            9.8800453
          ],
          [
            -66.991142,
            9.8800823
          ],
          [
            -66.9910348,
            9.8800876
          ],
          [
            -66.9908416,
            9.88004
          ],
          [
            -66.9905788,
            9.8799766
          ],
          [
            -66.9902837,
            9.8799555
          ],
          [
            -66.9895917,
            9.8799819
          ],
          [
            -66.9892377,
            9.880077
          ],
          [
            -66.9889534,
            9.8801668
          ],
          [
            -66.9886422,
            9.8803148
          ],
          [
            -66.9884652,
            9.8804734
          ],
          [
            -66.9875586,
            9.8813295
          ],
          [
            -66.9874245,
            9.8814246
          ],
          [
            -66.9872797,
            9.8814564
          ],
          [
            -66.987167,
            9.8814405
          ],
          [
            -66.9869793,
            9.8813242
          ],
          [
            -66.9867647,
            9.8811445
          ],
          [
            -66.9856167,
            9.8797071
          ],
          [
            -66.9855362,
            9.8795485
          ],
          [
            -66.9847906,
            9.8785338
          ],
          [
            -66.9846189,
            9.8783964
          ],
          [
            -66.9844526,
            9.8783066
          ],
          [
            -66.9820225,
            9.8773976
          ],
          [
            -66.9815397,
            9.8772496
          ],
          [
            -66.9808048,
            9.8771228
          ],
          [
            -66.980204,
            9.8771756
          ],
          [
            -66.9799787,
            9.877239
          ],
          [
            -66.9798017,
            9.877313
          ],
          [
            -66.9790399,
            9.8778098
          ],
          [
            -66.9787127,
            9.8780106
          ],
          [
            -66.9785142,
            9.8780952
          ],
          [
            -66.9783157,
            9.8781269
          ],
          [
            -66.9780743,
            9.8780846
          ],
          [
            -66.9778436,
            9.8780212
          ],
          [
            -66.9766849,
            9.8776777
          ],
          [
            -66.9760895,
            9.8775244
          ],
          [
            -66.975773,
            9.8774927
          ],
          [
            -66.9750863,
            9.8774768
          ],
          [
            -66.9742709,
            9.8775825
          ],
          [
            -66.9740027,
            9.8775825
          ],
          [
            -66.9738203,
            9.8775773
          ],
          [
            -66.973477,
            9.8775138
          ],
          [
            -66.9714654,
            9.8768162
          ],
          [
            -66.9709557,
            9.8767211
          ],
          [
            -66.9706339,
            9.8766735
          ],
          [
            -66.9702798,
            9.8767264
          ],
          [
            -66.9687831,
            9.8768691
          ],
          [
            -66.9684827,
            9.8768691
          ],
          [
            -66.9680429,
            9.8767951
          ],
          [
            -66.9675332,
            9.8767211
          ],
          [
            -66.9671953,
            9.8767211
          ],
          [
            -66.9669217,
            9.8767687
          ],
          [
            -66.9662297,
            9.8770171
          ],
          [
            -66.9657791,
            9.8772337
          ],
          [
            -66.9655538,
            9.877276
          ],
          [
            -66.9652695,
            9.8772866
          ],
          [
            -66.9641215,
            9.8771492
          ],
          [
            -66.9635743,
            9.8770593
          ],
          [
            -66.9628608,
            9.8768638
          ],
          [
            -66.9609028,
            9.876219
          ],
          [
            -66.9570297,
            9.8751673
          ],
          [
            -66.9561821,
            9.8749771
          ],
          [
            -66.9514346,
            9.8740099
          ],
          [
            -66.9414322,
            9.8717191
          ],
          [
            -66.9411457,
            9.8716423
          ],
          [
            -66.9409715,
            9.8715683
          ],
          [
            -66.9408358,
            9.8714782
          ],
          [
            -66.9328308,
            9.8658816
          ],
          [
            -66.9280887,
            9.8630488
          ],
          [
            -66.9278205,
            9.8629431
          ],
          [
            -66.9273806,
            9.8628585
          ],
          [
            -66.9235504,
            9.8622877
          ],
          [
            -66.9231749,
            9.8622137
          ],
          [
            -66.9229066,
            9.8621186
          ],
          [
            -66.9169843,
            9.8588629
          ],
          [
            -66.9084978,
            9.8541802
          ],
          [
            -66.9064593,
            9.8533028
          ],
          [
            -66.9057191,
            9.8530597
          ],
          [
            -66.9051075,
            9.8529646
          ],
          [
            -66.9044101,
            9.85288
          ],
          [
            -66.9034875,
            9.8528377
          ],
          [
            -66.9030905,
            9.8529011
          ],
          [
            -66.9007623,
            9.8536252
          ],
          [
            -66.9002903,
            9.8537309
          ],
          [
            -66.9000596,
            9.8537574
          ],
          [
            -66.8999469,
            9.8537362
          ],
          [
            -66.8998504,
            9.8536464
          ],
          [
            -66.8997914,
            9.8534878
          ],
          [
            -66.8990779,
            9.8500894
          ],
          [
            -66.8983752,
            9.847526
          ],
          [
            -66.8983644,
            9.847378
          ],
          [
            -66.8983698,
            9.8472511
          ],
          [
            -66.8984073,
            9.8469498
          ],
          [
            -66.8986863,
            9.8450788
          ],
          [
            -66.8987668,
            9.8444181
          ],
          [
            -66.8987238,
            9.8440323
          ],
          [
            -66.8986541,
            9.8438579
          ],
          [
            -66.8985361,
            9.8436729
          ],
          [
            -66.8947864,
            9.8400523
          ],
          [
            -66.8946147,
            9.8399361
          ],
          [
            -66.8944484,
            9.8399043
          ],
          [
            -66.8942928,
            9.8399149
          ],
          [
            -66.8908757,
            9.8406549
          ],
          [
            -66.8906826,
            9.840676
          ],
          [
            -66.8905699,
            9.8406443
          ],
          [
            -66.8890518,
            9.8400946
          ],
          [
            -66.888746,
            9.8400418
          ],
          [
            -66.8874586,
            9.8397405
          ],
          [
            -66.8872547,
            9.8396718
          ],
          [
            -66.8852967,
            9.8382341
          ],
          [
            -66.8851519,
            9.8381918
          ],
          [
            -66.8850017,
            9.838176
          ],
          [
            -66.8819332,
            9.8379857
          ],
          [
            -66.8817401,
            9.8380121
          ],
          [
            -66.8815738,
            9.8380597
          ],
          [
            -66.8808281,
            9.8385513
          ],
          [
            -66.8803293,
            9.8389688
          ],
          [
            -66.8800557,
            9.8391221
          ],
          [
            -66.8797821,
            9.8391961
          ],
          [
            -66.87953,
            9.8391749
          ],
          [
            -66.879251,
            9.8391221
          ],
          [
            -66.8747449,
            9.8383715
          ],
          [
            -66.8745464,
            9.838398
          ],
          [
            -66.8741173,
            9.838546
          ],
          [
            -66.8722826,
            9.839027
          ],
          [
            -66.8720949,
            9.8390481
          ],
          [
            -66.8718749,
            9.83899
          ],
          [
            -66.8688333,
            9.8381231
          ],
          [
            -66.8685383,
            9.8380808
          ],
          [
            -66.8682754,
            9.8380967
          ],
          [
            -66.8656093,
            9.8384508
          ],
          [
            -66.8649441,
            9.8384455
          ],
          [
            -66.8646222,
            9.8384297
          ],
          [
            -66.8598747,
            9.8371717
          ],
          [
            -66.8447015,
            9.8331512
          ],
          [
            -66.8442428,
            9.8329538
          ],
          [
            -66.843878,
            9.8327424
          ],
          [
            -66.838578,
            9.829127
          ],
          [
            -66.8382347,
            9.8289262
          ],
          [
            -66.8377733,
            9.8288205
          ],
          [
            -66.8251723,
            9.8279325
          ],
          [
            -66.8249202,
            9.8279219
          ],
          [
            -66.8246788,
            9.8278585
          ],
          [
            -66.8223184,
            9.8269705
          ],
          [
            -66.8218571,
            9.8268119
          ],
          [
            -66.8215728,
            9.8267379
          ],
          [
            -66.8191481,
            9.8264472
          ],
          [
            -66.8188208,
            9.8263996
          ],
          [
            -66.8176889,
            9.8264366
          ],
          [
            -66.8171203,
            9.8264895
          ],
          [
            -66.8128771,
            9.8271185
          ],
          [
            -66.8126679,
            9.8271185
          ],
          [
            -66.8125123,
            9.8270815
          ],
          [
            -66.8123138,
            9.8269282
          ],
          [
            -66.8115413,
            9.825945
          ],
          [
            -66.8113858,
            9.8258446
          ],
          [
            -66.8065631,
            9.8239946
          ],
          [
            -66.8058336,
            9.8237462
          ],
          [
            -66.8055439,
            9.8236669
          ],
          [
            -66.8052971,
            9.8236193
          ],
          [
            -66.804927,
            9.8236087
          ],
          [
            -66.8015635,
            9.8236827
          ],
          [
            -66.8013221,
            9.8236405
          ],
          [
            -66.80107,
            9.8235717
          ],
          [
            -66.7992353,
            9.8228899
          ],
          [
            -66.7925406,
            9.8202153
          ],
          [
            -66.7896116,
            9.818989
          ],
          [
            -66.7878091,
            9.8179106
          ],
          [
            -66.7843652,
            9.8159232
          ],
          [
            -66.7837751,
            9.81568
          ],
          [
            -66.7830563,
            9.8155426
          ],
          [
            -66.7819995,
            9.8153628
          ],
          [
            -66.7816079,
            9.8152413
          ],
          [
            -66.7799825,
            9.8145752
          ],
          [
            -66.7794782,
            9.8143955
          ],
          [
            -66.7790812,
            9.8142951
          ],
          [
            -66.7784321,
            9.8142158
          ],
          [
            -66.7775953,
            9.8141947
          ],
          [
            -66.7752349,
            9.8140942
          ],
          [
            -66.7746341,
            9.8140202
          ],
          [
            -66.7703104,
            9.8129948
          ],
          [
            -66.7653215,
            9.8117156
          ],
          [
            -66.7641413,
            9.8115305
          ],
          [
            -66.7637068,
            9.8115517
          ],
          [
            -66.7626983,
            9.8117526
          ],
          [
            -66.7614806,
            9.8121701
          ],
          [
            -66.7612982,
            9.8122019
          ],
          [
            -66.7611855,
            9.8121913
          ],
          [
            -66.757822,
            9.8103095
          ],
          [
            -66.7526722,
            9.8073282
          ],
          [
            -66.7451298,
            9.8029936
          ],
          [
            -66.7447651,
            9.8028668
          ],
          [
            -66.7443359,
            9.8027928
          ],
          [
            -66.7429626,
            9.8029408
          ],
          [
            -66.7426568,
            9.8029672
          ],
          [
            -66.7425335,
            9.8029566
          ],
          [
            -66.7418468,
            9.8027716
          ],
          [
            -66.7416966,
            9.8026712
          ],
          [
            -66.7415786,
            9.802576
          ],
          [
            -66.7397064,
            9.7995629
          ],
          [
            -66.7395777,
            9.7994625
          ],
          [
            -66.7394006,
            9.7993991
          ],
          [
            -66.7375124,
            9.799066
          ],
          [
            -66.7373031,
            9.7990766
          ],
          [
            -66.7367721,
            9.7992458
          ],
          [
            -66.733532,
            9.8013232
          ],
          [
            -66.7334032,
            9.8013761
          ],
          [
            -66.733194,
            9.8014236
          ],
          [
            -66.7329687,
            9.8013972
          ],
          [
            -66.7294121,
            9.8000968
          ],
          [
            -66.7248416,
            9.7986379
          ],
          [
            -66.7219019,
            9.7978344
          ],
          [
            -66.720888,
            9.7975542
          ],
          [
            -66.7205393,
            9.7974273
          ],
          [
            -66.7202658,
            9.7973005
          ],
          [
            -66.7182702,
            9.7960265
          ],
          [
            -66.7138124,
            9.7932565
          ],
          [
            -66.7131418,
            9.7929605
          ],
          [
            -66.7091185,
            9.7912689
          ],
          [
            -66.7086089,
            9.7909517
          ],
          [
            -66.7079598,
            9.7904548
          ],
          [
            -66.7061091,
            9.788557
          ],
          [
            -66.7027938,
            9.7853482
          ],
          [
            -66.7024612,
            9.7850363
          ],
          [
            -66.7021769,
            9.7848513
          ],
          [
            -66.7020106,
            9.7847614
          ],
          [
            -66.6989529,
            9.7836248
          ],
          [
            -66.6956055,
            9.7823561
          ],
          [
            -66.690622,
            9.7803948
          ],
          [
            -66.6852093,
            9.7777569
          ],
          [
            -66.678257,
            9.7738977
          ],
          [
            -66.67705,
            9.7732527
          ],
          [
            -66.6753119,
            9.7723382
          ],
          [
            -66.6750383,
            9.7721373
          ],
          [
            -66.6740406,
            9.7710006
          ],
          [
            -66.6724098,
            9.7692931
          ],
          [
            -66.6720772,
            9.769071
          ],
          [
            -66.6711706,
            9.7687538
          ],
          [
            -66.6655433,
            9.7670145
          ],
          [
            -66.6640681,
            9.7666603
          ],
          [
            -66.6606993,
            9.7660471
          ],
          [
            -66.6602111,
            9.7660101
          ],
          [
            -66.658178,
            9.7660735
          ],
          [
            -66.6571748,
            9.7661052
          ],
          [
            -66.6569066,
            9.7660735
          ],
          [
            -66.6566384,
            9.7660048
          ],
          [
            -66.6559357,
            9.7656294
          ],
          [
            -66.653527,
            9.7639535
          ],
          [
            -66.6481787,
            9.7604167
          ],
          [
            -66.6481036,
            9.7603903
          ],
          [
            -66.6480097,
            9.7603903
          ],
          [
            -66.6478595,
            9.7604246
          ],
          [
            -66.6453409,
            9.7616379
          ],
          [
            -66.6375411,
            9.7653439
          ],
          [
            -66.6372675,
            9.7655025
          ],
          [
            -66.6370046,
            9.7657404
          ],
          [
            -66.6334963,
            9.7692085
          ],
          [
            -66.632815,
            9.7697319
          ],
          [
            -66.6320908,
            9.7702658
          ],
          [
            -66.6316617,
            9.770509
          ],
          [
            -66.6312915,
            9.77062
          ],
          [
            -66.628722,
            9.7710694
          ],
          [
            -66.6252297,
            9.7717302
          ],
          [
            -66.6237813,
            9.7719945
          ],
          [
            -66.6231215,
            9.772206
          ],
          [
            -66.6218555,
            9.7727611
          ],
          [
            -66.6216624,
            9.7728192
          ],
          [
            -66.6214854,
            9.7728298
          ],
          [
            -66.6213405,
            9.7727769
          ],
          [
            -66.6209704,
            9.772539
          ],
          [
            -66.6184115,
            9.7706835
          ],
          [
            -66.6181004,
            9.7704984
          ],
          [
            -66.6178376,
            9.7703504
          ],
          [
            -66.6172421,
            9.7701812
          ],
          [
            -66.6148013,
            9.7696367
          ],
          [
            -66.6106305,
            9.7688807
          ],
          [
            -66.6105098,
            9.7688331
          ],
          [
            -66.6104105,
            9.768767
          ],
          [
            -66.6098151,
            9.7680454
          ],
          [
            -66.6090962,
            9.7668691
          ],
          [
            -66.6088066,
            9.7664541
          ],
          [
            -66.6087073,
            9.7662691
          ],
          [
            -66.6081414,
            9.7650347
          ],
          [
            -66.6080716,
            9.764958
          ],
          [
            -66.6079724,
            9.7648999
          ],
          [
            -66.6078275,
            9.7648708
          ],
          [
            -66.6076425,
            9.7648734
          ],
          [
            -66.6071945,
            9.7649633
          ],
          [
            -66.6065562,
            9.7651933
          ],
          [
            -66.6063952,
            9.7652699
          ],
          [
            -66.605891,
            9.765566
          ],
          [
            -66.6044158,
            9.7665334
          ],
          [
            -66.6030586,
            9.767448
          ],
          [
            -66.6021144,
            9.768019
          ],
          [
            -66.6012427,
            9.7685106
          ],
          [
            -66.6011542,
            9.7685424
          ],
          [
            -66.6010442,
            9.7685344
          ],
          [
            -66.6008619,
            9.7684657
          ],
          [
            -66.5996173,
            9.768093
          ],
          [
            -66.5994993,
            9.7680851
          ],
          [
            -66.5993625,
            9.7681168
          ],
          [
            -66.5979758,
            9.7686111
          ],
          [
            -66.5968841,
            9.7690182
          ],
          [
            -66.5956718,
            9.7694279
          ],
          [
            -66.595079,
            9.769679
          ],
          [
            -66.5937111,
            9.7702156
          ],
          [
            -66.5929225,
            9.7704693
          ],
          [
            -66.5928152,
            9.7705381
          ],
          [
            -66.5926999,
            9.7706438
          ],
          [
            -66.5909565,
            9.7725919
          ],
          [
            -66.5887517,
            9.7749867
          ],
          [
            -66.5885961,
            9.7750607
          ],
          [
            -66.5862787,
            9.775748
          ],
          [
            -66.5860051,
            9.7758696
          ],
          [
            -66.585415,
            9.7762291
          ],
          [
            -66.5847498,
            9.7767101
          ],
          [
            -66.584428,
            9.7769057
          ],
          [
            -66.5841007,
            9.7770379
          ],
          [
            -66.5815258,
            9.7784441
          ],
          [
            -66.5793908,
            9.7795648
          ],
          [
            -66.5789026,
            9.7797974
          ],
          [
            -66.5783233,
            9.78003
          ],
          [
            -66.5744019,
            9.7811349
          ],
          [
            -66.5741497,
            9.7811719
          ],
          [
            -66.5733504,
            9.7811983
          ],
          [
            -66.5724707,
            9.7811561
          ],
          [
            -66.5723312,
            9.7811666
          ],
          [
            -66.5721703,
            9.7812248
          ],
          [
            -66.5720362,
            9.7813411
          ],
          [
            -66.5695202,
            9.783979
          ],
          [
            -66.5693861,
            9.7841587
          ],
          [
            -66.5692949,
            9.7843332
          ],
          [
            -66.5691125,
            9.784809
          ],
          [
            -66.5689409,
            9.785438
          ],
          [
            -66.5684044,
            9.787542
          ],
          [
            -66.5682489,
            9.7881605
          ],
          [
            -66.5681577,
            9.7883931
          ],
          [
            -66.5674871,
            9.7897464
          ],
          [
            -66.5674013,
            9.7898468
          ],
          [
            -66.5672135,
            9.7900002
          ],
          [
            -66.5665644,
            9.7902962
          ],
          [
            -66.5646279,
            9.7910204
          ],
          [
            -66.5644187,
            9.7911473
          ],
          [
            -66.5642363,
            9.7913006
          ],
          [
            -66.5629703,
            9.7925481
          ],
          [
            -66.5628201,
            9.7926486
          ],
          [
            -66.5626323,
            9.7927226
          ],
          [
            -66.5611839,
            9.7931191
          ],
          [
            -66.56039,
            9.7932988
          ],
          [
            -66.5595746,
            9.7933939
          ],
          [
            -66.5594244,
            9.7934362
          ],
          [
            -66.5592367,
            9.7935684
          ],
          [
            -66.5591133,
            9.7937481
          ],
          [
            -66.5590596,
            9.7939384
          ],
          [
            -66.5585822,
            9.7958573
          ],
          [
            -66.5585285,
            9.7959683
          ],
          [
            -66.5584159,
            9.7960899
          ],
          [
            -66.5582925,
            9.7961798
          ],
          [
            -66.5558946,
            9.7973163
          ],
          [
            -66.5558034,
            9.7974167
          ],
          [
            -66.5557015,
            9.7976018
          ],
          [
            -66.5555674,
            9.7979877
          ],
          [
            -66.5554601,
            9.7989867
          ],
          [
            -66.5552938,
            9.800451
          ],
          [
            -66.5552455,
            9.8005673
          ],
          [
            -66.5551436,
            9.8006677
          ],
          [
            -66.5549666,
            9.8007417
          ],
          [
            -66.5524989,
            9.8011171
          ],
          [
            -66.5522414,
            9.8011276
          ],
          [
            -66.5501654,
            9.8011276
          ],
          [
            -66.5477192,
            9.8010853
          ],
          [
            -66.5443879,
            9.8012228
          ],
          [
            -66.5438998,
            9.8012756
          ],
          [
            -66.5422154,
            9.8014025
          ],
          [
            -66.5420491,
            9.8014025
          ],
          [
            -66.5418184,
            9.8013496
          ],
          [
            -66.5415233,
            9.8012175
          ],
          [
            -66.5404451,
            9.8004034
          ],
          [
            -66.5397477,
            9.7999805
          ],
          [
            -66.5372372,
            9.7986273
          ],
          [
            -66.5357888,
            9.7977815
          ],
          [
            -66.5337771,
            9.7966502
          ],
          [
            -66.5335894,
            9.7965657
          ],
          [
            -66.5299952,
            9.7955401
          ],
          [
            -66.5298075,
            9.7955296
          ],
          [
            -66.5296036,
            9.7955296
          ],
          [
            -66.5294212,
            9.795556
          ],
          [
            -66.5291262,
            9.7956776
          ],
          [
            -66.5286112,
            9.7959842
          ],
          [
            -66.5276724,
            9.7967665
          ],
          [
            -66.5271789,
            9.7973005
          ],
          [
            -66.5269321,
            9.7975489
          ],
          [
            -66.5267229,
            9.7977233
          ],
          [
            -66.5263099,
            9.7979665
          ],
          [
            -66.5257251,
            9.798215
          ],
          [
            -66.5235686,
            9.7988334
          ],
          [
            -66.5230268,
            9.7990185
          ],
          [
            -66.5225869,
            9.7992035
          ],
          [
            -66.5221149,
            9.7994572
          ],
          [
            -66.5204626,
            9.8004721
          ],
          [
            -66.5201461,
            9.8006994
          ],
          [
            -66.5199852,
            9.8009215
          ],
          [
            -66.5197277,
            9.8014395
          ],
          [
            -66.5195775,
            9.8016932
          ],
          [
            -66.5193951,
            9.8019258
          ],
          [
            -66.5177804,
            9.8035751
          ],
          [
            -66.5174961,
            9.8038235
          ],
          [
            -66.5146905,
            9.8056155
          ],
          [
            -66.5114236,
            9.8079308
          ],
          [
            -66.5110374,
            9.8081422
          ],
          [
            -66.5103561,
            9.8084964
          ],
          [
            -66.5078187,
            9.8094109
          ],
          [
            -66.5071642,
            9.8096699
          ],
          [
            -66.5064186,
            9.8100188
          ],
          [
            -66.5044928,
            9.8109967
          ],
          [
            -66.5003407,
            9.8133965
          ],
          [
            -66.4979804,
            9.8148025
          ],
          [
            -66.4961994,
            9.8158174
          ],
          [
            -66.4957702,
            9.8159972
          ],
          [
            -66.494987,
            9.8161874
          ],
          [
            -66.4937639,
            9.8163777
          ],
          [
            -66.4927018,
            9.8164412
          ],
          [
            -66.4799452,
            9.8158597
          ],
          [
            -66.4777565,
            9.815606
          ],
          [
            -66.4721239,
            9.8148025
          ],
          [
            -66.4714158,
            9.8146123
          ],
          [
            -66.4708257,
            9.814422
          ],
          [
            -66.4694738,
            9.8136925
          ],
          [
            -66.4620173,
            9.8100135
          ],
          [
            -66.4606708,
            9.8093422
          ],
          [
            -66.4604133,
            9.8092364
          ],
          [
            -66.4593405,
            9.8090409
          ],
          [
            -66.4591312,
            9.8090409
          ],
          [
            -66.458981,
            9.809062
          ],
          [
            -66.4587718,
            9.8091519
          ],
          [
            -66.4568889,
            9.8107324
          ],
          [
            -66.4551669,
            9.8123287
          ],
          [
            -66.4549041,
            9.8124767
          ],
          [
            -66.4529353,
            9.8134018
          ],
          [
            -66.4527208,
            9.8134388
          ],
          [
            -66.4524686,
            9.8134123
          ],
          [
            -66.4520341,
            9.8132749
          ],
          [
            -66.4478552,
            9.8114671
          ],
          [
            -66.4475817,
            9.8113931
          ],
          [
            -66.447233,
            9.8113244
          ],
          [
            -66.4435208,
            9.8111341
          ],
          [
            -66.43394,
            9.8108381
          ],
          [
            -66.4294446,
            9.8108169
          ],
          [
            -66.4273953,
            9.8108909
          ],
          [
            -66.4192522,
            9.810891
          ],
          [
            -66.4151216,
            9.810891
          ],
          [
            -66.4118493,
            9.8108487
          ],
          [
            -66.4112592,
            9.8108962
          ],
          [
            -66.4108622,
            9.8109861
          ],
          [
            -66.3991463,
            9.8154474
          ],
          [
            -66.3853812,
            9.8212936
          ],
          [
            -66.3747275,
            9.8276259
          ],
          [
            -66.3737136,
            9.8282285
          ],
          [
            -66.373499,
            9.8283077
          ],
          [
            -66.3732845,
            9.8283606
          ],
          [
            -66.3728929,
            9.828424
          ],
          [
            -66.3675124,
            9.8289367
          ],
          [
            -66.364755,
            9.8291006
          ],
          [
            -66.3645512,
            9.8291376
          ],
          [
            -66.3643098,
            9.8292539
          ],
          [
            -66.3636714,
            9.8296715
          ],
          [
            -66.355952,
            9.8352161
          ],
          [
            -66.3527334,
            9.837584
          ],
          [
            -66.3469827,
            9.8418547
          ],
          [
            -66.3466394,
            9.8420925
          ],
          [
            -66.3464409,
            9.842193
          ],
          [
            -66.344676,
            9.8429224
          ],
          [
            -66.3407278,
            9.8446983
          ],
          [
            -66.3402665,
            9.8448568
          ],
          [
            -66.339494,
            9.8450788
          ],
          [
            -66.3384748,
            9.8453959
          ],
          [
            -66.3378847,
            9.8456919
          ],
          [
            -66.3374555,
            9.846009
          ],
          [
            -66.3361144,
            9.847045
          ],
          [
            -66.3328099,
            9.8503219
          ],
          [
            -66.3323915,
            9.8508293
          ],
          [
            -66.3303584,
            9.8544603
          ],
          [
            -66.3302618,
            9.8545977
          ],
          [
            -66.3301224,
            9.8547404
          ],
          [
            -66.3298595,
            9.8549201
          ],
          [
            -66.3270432,
            9.8569655
          ],
          [
            -66.323449,
            9.8594178
          ],
          [
            -66.3232237,
            9.8596081
          ],
          [
            -66.3230628,
            9.859735
          ],
          [
            -66.3228643,
            9.8598459
          ],
          [
            -66.3212979,
            9.8607127
          ],
          [
            -66.319238,
            9.8619177
          ],
          [
            -66.3191414,
            9.8619864
          ],
          [
            -66.3190717,
            9.8620869
          ],
          [
            -66.3184547,
            9.8633447
          ],
          [
            -66.3178003,
            9.8647083
          ],
          [
            -66.3165128,
            9.8677683
          ],
          [
            -66.316478,
            9.8678846
          ],
          [
            -66.3164753,
            9.867985
          ]
        ]
      },
      "properties": {
        "id": "OSM-W1089971890",
        "nombre": "Línea Villa de Cura - Orituco",
        "tipo": "ducto",
        "sector": "midstream",
        "fluido": "gas",
        "estado": "desconocido",
        "operadora": "PDVSA",
        "diametro": null,
        "ubicacion": "underground",
        "fuente": "OpenStreetMap contributors (ODbL), consulta Overpass 2026-09-08",
        "confianza": "baja",
        "ultima_verificacion": "2026-09-08"
      }
    },
    {
      "type": "Feature",
      "geometry": {
        "type": "LineString",
        "coordinates": [
          [
            -66.7880881,
            10.200335
          ],
          [
            -66.7867363,
            10.1992369
          ],
          [
            -66.7859477,
            10.1985875
          ],
          [
            -66.7850304,
            10.197711
          ],
          [
            -66.7849124,
            10.1975527
          ],
          [
            -66.7848694,
            10.1974048
          ],
          [
            -66.7848533,
            10.1970194
          ],
          [
            -66.7847782,
            10.1967713
          ],
          [
            -66.7837429,
            10.1946911
          ],
          [
            -66.7824018,
            10.1924841
          ],
          [
            -66.7808032,
            10.1900185
          ],
          [
            -66.7806959,
            10.1897809
          ],
          [
            -66.7806262,
            10.1895486
          ],
          [
            -66.7805779,
            10.1892899
          ],
          [
            -66.7789364,
            10.186613
          ],
          [
            -66.7760825,
            10.1817872
          ],
          [
            -66.7708254,
            10.173223
          ],
          [
            -66.7663622,
            10.1655351
          ],
          [
            -66.7641091,
            10.1614376
          ],
          [
            -66.7599195,
            10.1545045
          ],
          [
            -66.7579025,
            10.1512465
          ],
          [
            -66.7557514,
            10.1472545
          ],
          [
            -66.7515671,
            10.1415092
          ],
          [
            -66.7500866,
            10.1394709
          ],
          [
            -66.749593,
            10.138795
          ],
          [
            -66.7493999,
            10.138457
          ],
          [
            -66.7493248,
            10.1380768
          ],
          [
            -66.7492497,
            10.1373481
          ],
          [
            -66.7492604,
            10.1366827
          ],
          [
            -66.7492819,
            10.1359751
          ],
          [
            -66.7497003,
            10.1324687
          ],
          [
            -66.750328,
            10.1302455
          ],
          [
            -66.7505318,
            10.1293425
          ],
          [
            -66.7505479,
            10.1290468
          ],
          [
            -66.7504889,
            10.1288197
          ],
          [
            -66.7497915,
            10.127151
          ],
          [
            -66.7476833,
            10.1229632
          ],
          [
            -66.7453069,
            10.118823
          ],
          [
            -66.7447168,
            10.1176612
          ],
          [
            -66.7445934,
            10.1173918
          ],
          [
            -66.7443091,
            10.116399
          ],
          [
            -66.7438799,
            10.1146246
          ],
          [
            -66.7437244,
            10.1137902
          ],
          [
            -66.7433864,
            10.1113978
          ],
          [
            -66.7433327,
            10.1112288
          ],
          [
            -66.7432469,
            10.1110968
          ],
          [
            -66.7426837,
            10.1105423
          ],
          [
            -66.7417663,
            10.1096181
          ],
          [
            -66.74101,
            10.1088418
          ],
          [
            -66.7404413,
            10.1081605
          ],
          [
            -66.7401624,
            10.1077486
          ],
          [
            -66.7389768,
            10.1056783
          ],
          [
            -66.7388213,
            10.105277
          ],
          [
            -66.7387193,
            10.1049654
          ],
          [
            -66.7385906,
            10.1045006
          ],
          [
            -66.738478,
            10.103888
          ],
          [
            -66.7383707,
            10.1028106
          ],
          [
            -66.738317,
            10.1020713
          ],
          [
            -66.7381775,
            10.1018283
          ],
          [
            -66.7379576,
            10.1013477
          ],
          [
            -66.7378664,
            10.1010467
          ],
          [
            -66.7377645,
            10.1007668
          ],
          [
            -66.7376572,
            10.1006453
          ],
          [
            -66.7374748,
            10.1005555
          ],
          [
            -66.7361981,
            10.1001806
          ],
          [
            -66.7358762,
            10.1001066
          ],
          [
            -66.7355543,
            10.1001066
          ],
          [
            -66.7343366,
            10.1002492
          ],
          [
            -66.7339021,
            10.1002756
          ],
          [
            -66.7335588,
            10.1002598
          ],
          [
            -66.7323035,
            10.0999112
          ],
          [
            -66.7306244,
            10.0993461
          ],
          [
            -66.7303562,
            10.0993039
          ],
          [
            -66.7299378,
            10.0993039
          ],
          [
            -66.7297179,
            10.0992722
          ],
          [
            -66.7294496,
            10.0992035
          ],
          [
            -66.7269605,
            10.0984694
          ],
          [
            -66.726628,
            10.0982899
          ],
          [
            -66.7264402,
            10.0981684
          ],
          [
            -66.7262149,
            10.0979941
          ],
          [
            -66.7257053,
            10.0974818
          ],
          [
            -66.7255926,
            10.0972442
          ],
          [
            -66.7255229,
            10.0968005
          ],
          [
            -66.7254371,
            10.0964414
          ],
          [
            -66.7253566,
            10.0962407
          ],
          [
            -66.7248523,
            10.0955858
          ],
          [
            -66.7237365,
            10.0944134
          ],
          [
            -66.7230016,
            10.0933412
          ],
          [
            -66.7217034,
            10.0914188
          ],
          [
            -66.7212582,
            10.0905315
          ],
          [
            -66.7211562,
            10.0902463
          ],
          [
            -66.721065,
            10.0899136
          ],
          [
            -66.7208397,
            10.0884929
          ],
          [
            -66.720542,
            10.0852632
          ],
          [
            -66.7204642,
            10.0848883
          ],
          [
            -66.7203757,
            10.0846717
          ],
          [
            -66.7203087,
            10.0845476
          ],
          [
            -66.7201853,
            10.0844314
          ],
          [
            -66.7200968,
            10.0843707
          ],
          [
            -66.7199171,
            10.0842914
          ],
          [
            -66.7197239,
            10.0842492
          ],
          [
            -66.719276,
            10.0842782
          ],
          [
            -66.7191929,
            10.0842677
          ],
          [
            -66.7190909,
            10.0842439
          ],
          [
            -66.7188925,
            10.0841568
          ],
          [
            -66.7179322,
            10.083618
          ],
          [
            -66.7174897,
            10.0833962
          ],
          [
            -66.7172885,
            10.083317
          ],
          [
            -66.7162371,
            10.0830212
          ],
          [
            -66.7161673,
            10.0829975
          ],
          [
            -66.7160735,
            10.0829446
          ],
          [
            -66.7157382,
            10.0825459
          ],
          [
            -66.7156631,
            10.0824904
          ],
          [
            -66.7155665,
            10.0824535
          ],
          [
            -66.7154324,
            10.0824429
          ],
          [
            -66.7147592,
            10.0824719
          ],
          [
            -66.7144856,
            10.0824825
          ],
          [
            -66.7140377,
            10.082567
          ],
          [
            -66.7138982,
            10.0825855
          ],
          [
            -66.7137802,
            10.0825723
          ],
          [
            -66.7130104,
            10.082295
          ],
          [
            -66.7128253,
            10.082229
          ],
          [
            -66.7126295,
            10.0821999
          ],
          [
            -66.7121387,
            10.0822263
          ],
          [
            -66.7119938,
            10.0822237
          ],
          [
            -66.71076,
            10.0819966
          ],
          [
            -66.7104006,
            10.0820019
          ],
          [
            -66.7099553,
            10.0820917
          ],
          [
            -66.7097193,
            10.0821498
          ],
          [
            -66.7095503,
            10.0821286
          ],
          [
            -66.7094296,
            10.0820336
          ],
          [
            -66.7087376,
            10.081178
          ],
          [
            -66.7085445,
            10.0809931
          ],
          [
            -66.7081529,
            10.080766
          ],
          [
            -66.7075843,
            10.0806075
          ],
          [
            -66.706962,
            10.0804808
          ],
          [
            -66.7068225,
            10.0803752
          ],
          [
            -66.7066938,
            10.0801797
          ],
          [
            -66.7063129,
            10.0793188
          ],
          [
            -66.7062432,
            10.0792132
          ],
          [
            -66.7058247,
            10.0786481
          ],
          [
            -66.7057282,
            10.0784843
          ],
          [
            -66.7056584,
            10.0781991
          ],
          [
            -66.7055994,
            10.0777396
          ],
          [
            -66.705578,
            10.0775072
          ],
          [
            -66.7055458,
            10.0773118
          ],
          [
            -66.7053688,
            10.0770372
          ],
          [
            -66.7051113,
            10.0766674
          ],
          [
            -66.7049503,
            10.0764509
          ],
          [
            -66.7045212,
            10.0750037
          ],
          [
            -66.7042691,
            10.0744808
          ],
          [
            -66.704092,
            10.0741745
          ],
          [
            -66.7038667,
            10.073884
          ],
          [
            -66.7033517,
            10.0734509
          ],
          [
            -66.7029494,
            10.0730917
          ],
          [
            -66.7027509,
            10.0728065
          ],
          [
            -66.7022145,
            10.0713857
          ],
          [
            -66.7021126,
            10.0708998
          ],
          [
            -66.7020857,
            10.0705618
          ],
          [
            -66.7021179,
            10.0703083
          ],
          [
            -66.7021716,
            10.0699702
          ],
          [
            -66.7033196,
            10.0671128
          ],
          [
            -66.7033196,
            10.066949
          ],
          [
            -66.7032766,
            10.0667853
          ],
          [
            -66.702708,
            10.0655441
          ],
          [
            -66.702472,
            10.0650106
          ],
          [
            -66.7023808,
            10.064699
          ],
          [
            -66.7023379,
            10.0644349
          ],
          [
            -66.7023057,
            10.0638116
          ],
          [
            -66.7021984,
            10.062808
          ],
          [
            -66.7021501,
            10.0621214
          ],
          [
            -66.7021501,
            10.0619101
          ],
          [
            -66.7021823,
            10.061815
          ],
          [
            -66.7022628,
            10.0616883
          ],
          [
            -66.7027187,
            10.0613185
          ],
          [
            -66.7029172,
            10.0611707
          ],
          [
            -66.7030352,
            10.0609805
          ],
          [
            -66.7031103,
            10.0606794
          ],
          [
            -66.7033249,
            10.0592375
          ],
          [
            -66.7032927,
            10.0587462
          ],
          [
            -66.7031372,
            10.0580385
          ],
          [
            -66.7030299,
            10.0577585
          ],
          [
            -66.7029226,
            10.0576001
          ],
          [
            -66.7019248,
            10.0565331
          ],
          [
            -66.7013669,
            10.0557619
          ],
          [
            -66.7010129,
            10.0553077
          ],
          [
            -66.7003262,
            10.054621
          ],
          [
            -66.6999614,
            10.0541562
          ],
          [
            -66.6972899,
            10.0498777
          ],
          [
            -66.6972202,
            10.0495819
          ],
          [
            -66.6971719,
            10.0493389
          ],
          [
            -66.6971022,
            10.0491593
          ],
          [
            -66.696673,
            10.0484779
          ],
          [
            -66.6961366,
            10.0476011
          ],
          [
            -66.6960293,
            10.0474004
          ],
          [
            -66.6959542,
            10.0472314
          ],
          [
            -66.6959435,
            10.0469989
          ],
          [
            -66.69626,
            10.0455305
          ],
          [
            -66.6962814,
            10.0453509
          ],
          [
            -66.6962707,
            10.0451502
          ],
          [
            -66.6961205,
            10.0446906
          ],
          [
            -66.6959167,
            10.0442839
          ],
          [
            -66.6957772,
            10.044099
          ],
          [
            -66.6954231,
            10.0437715
          ],
          [
            -66.6947687,
            10.0432856
          ],
          [
            -66.6946185,
            10.0431694
          ],
          [
            -66.69442,
            10.0428683
          ],
          [
            -66.6942483,
            10.0424193
          ],
          [
            -66.6939265,
            10.041553
          ],
          [
            -66.6937763,
            10.0409086
          ],
          [
            -66.6936797,
            10.0401004
          ],
          [
            -66.693449,
            10.0379927
          ],
          [
            -66.69339,
            10.0376864
          ],
          [
            -66.6929287,
            10.0359538
          ],
          [
            -66.6923171,
            10.0336454
          ],
          [
            -66.6922796,
            10.0333813
          ],
          [
            -66.6922635,
            10.0332386
          ],
          [
            -66.6922903,
            10.0330485
          ],
          [
            -66.6929072,
            10.0319867
          ],
          [
            -66.6929609,
            10.0318388
          ],
          [
            -66.6929609,
            10.0317279
          ],
          [
            -66.692875,
            10.031374
          ],
          [
            -66.6928643,
            10.0312313
          ],
          [
            -66.6928643,
            10.0310623
          ],
          [
            -66.6928911,
            10.0309091
          ],
          [
            -66.6929823,
            10.0306767
          ],
          [
            -66.6932076,
            10.029953
          ],
          [
            -66.693213,
            10.0297258
          ],
          [
            -66.6931862,
            10.0294247
          ],
          [
            -66.6928589,
            10.027671
          ],
          [
            -66.6927785,
            10.0274016
          ],
          [
            -66.6925585,
            10.0270159
          ],
          [
            -66.6920811,
            10.026419
          ],
          [
            -66.6918182,
            10.026139
          ],
          [
            -66.6915286,
            10.0259542
          ],
          [
            -66.6891199,
            10.0248237
          ],
          [
            -66.688385,
            10.0242585
          ],
          [
            -66.686427,
            10.0222194
          ],
          [
            -66.6861588,
            10.0220979
          ],
          [
            -66.6859925,
            10.0220979
          ],
          [
            -66.6858262,
            10.0221085
          ],
          [
            -66.6856653,
            10.022156
          ],
          [
            -66.6855472,
            10.0222564
          ],
          [
            -66.6854292,
            10.0224413
          ],
          [
            -66.6852951,
            10.0226314
          ],
          [
            -66.6850752,
            10.0228005
          ],
          [
            -66.6841579,
            10.023334
          ],
          [
            -66.6839433,
            10.0233974
          ],
          [
            -66.683659,
            10.0234133
          ],
          [
            -66.6830903,
            10.0233921
          ],
          [
            -66.6827953,
            10.0233763
          ],
          [
            -66.6822428,
            10.0234502
          ],
          [
            -66.6820121,
            10.0234502
          ],
          [
            -66.6818672,
            10.0234133
          ],
          [
            -66.6816312,
            10.0232865
          ],
          [
            -66.6809982,
            10.0229273
          ],
          [
            -66.6807032,
            10.0228216
          ],
          [
            -66.6800433,
            10.0226631
          ],
          [
            -66.6797805,
            10.0225733
          ],
          [
            -66.6795498,
            10.0225205
          ],
          [
            -66.6791689,
            10.0225575
          ],
          [
            -66.6787237,
            10.0226288
          ],
          [
            -66.6785359,
            10.0225892
          ],
          [
            -66.6778171,
            10.0222722
          ],
          [
            -66.6775167,
            10.0221719
          ],
          [
            -66.6771412,
            10.0221138
          ],
          [
            -66.6753763,
            10.0221983
          ],
          [
            -66.6750705,
            10.0221032
          ],
          [
            -66.6747916,
            10.02195
          ],
          [
            -66.6744536,
            10.0216753
          ],
          [
            -66.6742498,
            10.0214587
          ],
          [
            -66.6741478,
            10.0213636
          ],
          [
            -66.6739816,
            10.0213055
          ],
          [
            -66.673885,
            10.0212791
          ],
          [
            -66.673708,
            10.0213161
          ],
          [
            -66.6735256,
            10.0213795
          ],
          [
            -66.6716373,
            10.022193
          ],
          [
            -66.671235,
            10.0223145
          ],
          [
            -66.6707897,
            10.0224096
          ],
          [
            -66.66991,
            10.0225205
          ],
          [
            -66.6696042,
            10.0226209
          ],
          [
            -66.6693038,
            10.0228058
          ],
          [
            -66.6689068,
            10.0230593
          ],
          [
            -66.6685581,
            10.0231597
          ],
          [
            -66.6683114,
            10.023202
          ],
          [
            -66.6679144,
            10.0232231
          ],
          [
            -66.6676623,
            10.0231914
          ],
          [
            -66.6672975,
            10.0231016
          ],
          [
            -66.6647869,
            10.0218655
          ],
          [
            -66.6636819,
            10.0209093
          ],
          [
            -66.6634458,
            10.0207614
          ],
          [
            -66.6632688,
            10.0206663
          ],
          [
            -66.6631079,
            10.0206029
          ],
          [
            -66.6620994,
            10.0201539
          ],
          [
            -66.6618955,
            10.0200958
          ],
          [
            -66.6617453,
            10.0200958
          ],
          [
            -66.6616085,
            10.0201671
          ],
          [
            -66.6614932,
            10.0202649
          ],
          [
            -66.6613108,
            10.0203652
          ],
          [
            -66.661123,
            10.020418
          ],
          [
            -66.6608334,
            10.0204128
          ],
          [
            -66.6602969,
            10.0203282
          ],
          [
            -66.6595191,
            10.020212
          ],
          [
            -66.6590416,
            10.0200905
          ],
          [
            -66.6584462,
            10.0198792
          ],
          [
            -66.6575879,
            10.0195253
          ],
          [
            -66.6568101,
            10.0190076
          ],
          [
            -66.6566813,
            10.0189284
          ],
          [
            -66.6565365,
            10.0189178
          ],
          [
            -66.6564184,
            10.0189706
          ],
          [
            -66.6560054,
            10.0194725
          ],
          [
            -66.6558284,
            10.0195834
          ],
          [
            -66.6556674,
            10.0195676
          ],
          [
            -66.6549164,
            10.0192823
          ],
          [
            -66.6545194,
            10.0191555
          ],
          [
            -66.6540313,
            10.0190234
          ],
          [
            -66.6537362,
            10.0190076
          ],
          [
            -66.6534573,
            10.0190182
          ],
          [
            -66.6530281,
            10.019108
          ],
          [
            -66.6527277,
            10.0191766
          ],
          [
            -66.6524756,
            10.0191925
          ],
          [
            -66.6521913,
            10.0191502
          ],
          [
            -66.6514778,
            10.0190816
          ],
          [
            -66.6513115,
            10.0190816
          ],
          [
            -66.6510165,
            10.0190393
          ],
          [
            -66.6506517,
            10.0189231
          ],
          [
            -66.6504693,
            10.0188597
          ],
          [
            -66.6502494,
            10.0187857
          ],
          [
            -66.6496861,
            10.0184476
          ],
          [
            -66.6495198,
            10.0183631
          ],
          [
            -66.6493213,
            10.018305
          ],
          [
            -66.6490746,
            10.0183209
          ],
          [
            -66.6483933,
            10.0184318
          ],
          [
            -66.6476208,
            10.0185216
          ],
          [
            -66.6473848,
            10.0185216
          ],
          [
            -66.6470844,
            10.0184952
          ],
          [
            -66.6466713,
            10.0183314
          ],
          [
            -66.6464675,
            10.0182416
          ],
          [
            -66.6462529,
            10.0181994
          ],
          [
            -66.6460651,
            10.0182099
          ],
          [
            -66.6458666,
            10.0182575
          ],
          [
            -66.6456199,
            10.0183314
          ],
          [
            -66.6453838,
            10.0184582
          ],
          [
            -66.6449547,
            10.0187487
          ],
          [
            -66.6443002,
            10.019351
          ],
          [
            -66.6441876,
            10.0194355
          ],
          [
            -66.6440052,
            10.0194725
          ],
          [
            -66.643855,
            10.0193985
          ],
          [
            -66.6436833,
            10.019351
          ],
          [
            -66.6435009,
            10.0193827
          ],
          [
            -66.6421384,
            10.0201328
          ],
          [
            -66.6419506,
            10.0202437
          ],
          [
            -66.6417199,
            10.0203018
          ],
          [
            -66.6413927,
            10.0203494
          ],
          [
            -66.6409582,
            10.0203652
          ],
          [
            -66.6407007,
            10.0203916
          ],
          [
            -66.6404432,
            10.020455
          ],
          [
            -66.6401374,
            10.0205977
          ],
          [
            -66.6399229,
            10.0206716
          ],
          [
            -66.6384798,
            10.0208248
          ],
          [
            -66.637879,
            10.0208776
          ],
          [
            -66.6376698,
            10.0209305
          ],
          [
            -66.6373909,
            10.0210731
          ],
          [
            -66.6367793,
            10.0214798
          ],
          [
            -66.6366077,
            10.0215802
          ],
          [
            -66.6364253,
            10.0216436
          ],
          [
            -66.6362965,
            10.0216225
          ],
          [
            -66.6361463,
            10.0215274
          ],
          [
            -66.6358352,
            10.0211048
          ],
          [
            -66.6357333,
            10.0209357
          ],
          [
            -66.6356206,
            10.0208671
          ],
          [
            -66.6355509,
            10.0208776
          ],
          [
            -66.6316563,
            10.0231914
          ],
          [
            -66.6299504,
            10.0250508
          ],
          [
            -66.6295427,
            10.0253572
          ],
          [
            -66.6292584,
            10.025484
          ],
          [
            -66.6273272,
            10.0259277
          ],
          [
            -66.6253585,
            10.0261971
          ],
          [
            -66.6238833,
            10.0264296
          ],
          [
            -66.6223919,
            10.026831
          ],
          [
            -66.6220915,
            10.0268733
          ],
          [
            -66.6194469,
            10.026905
          ],
          [
            -66.6190553,
            10.026831
          ],
          [
            -66.6189051,
            10.0267994
          ],
          [
            -66.6187871,
            10.0267307
          ],
          [
            -66.6187173,
            10.026625
          ],
          [
            -66.6186798,
            10.0263768
          ],
          [
            -66.6186583,
            10.0261919
          ],
          [
            -66.6185832,
            10.0260387
          ],
          [
            -66.6177088,
            10.0252463
          ],
          [
            -66.6175157,
            10.0250086
          ],
          [
            -66.6173762,
            10.0249241
          ],
          [
            -66.6171724,
            10.0248818
          ],
          [
            -66.6153807,
            10.0249346
          ],
          [
            -66.6152412,
            10.0249346
          ],
          [
            -66.6150963,
            10.0248977
          ],
          [
            -66.6148925,
            10.0247709
          ],
          [
            -66.614238,
            10.0241528
          ],
          [
            -66.6141254,
            10.0240472
          ],
          [
            -66.6139859,
            10.0239891
          ],
          [
            -66.6138035,
            10.0239626
          ],
          [
            -66.6136426,
            10.0239838
          ],
          [
            -66.6134656,
            10.0240419
          ],
          [
            -66.6130042,
            10.0243219
          ],
          [
            -66.6128701,
            10.0244011
          ],
          [
            -66.6127467,
            10.0244486
          ],
          [
            -66.6125804,
            10.0244169
          ],
          [
            -66.612339,
            10.0242849
          ],
          [
            -66.6110247,
            10.0232284
          ],
          [
            -66.6108584,
            10.0231016
          ],
          [
            -66.6107351,
            10.0230329
          ],
          [
            -66.610601,
            10.0230329
          ],
          [
            -66.6089112,
            10.0232759
          ],
          [
            -66.6086805,
            10.0233235
          ],
          [
            -66.6085625,
            10.0233869
          ],
          [
            -66.6077471,
            10.0242215
          ],
          [
            -66.6076613,
            10.0243377
          ],
          [
            -66.6075271,
            10.0244592
          ],
          [
            -66.6073769,
            10.0244909
          ],
          [
            -66.6072589,
            10.0244803
          ],
          [
            -66.6071087,
            10.0244011
          ],
          [
            -66.606245,
            10.0240155
          ],
          [
            -66.6060144,
            10.0239362
          ],
          [
            -66.605714,
            10.0238623
          ],
          [
            -66.6054565,
            10.0238676
          ],
          [
            -66.6051078,
            10.023931
          ],
          [
            -66.6047484,
            10.0239996
          ],
          [
            -66.6043031,
            10.0239521
          ],
          [
            -66.6038418,
            10.023857
          ],
          [
            -66.6025651,
            10.0234133
          ],
          [
            -66.6020286,
            10.0230752
          ],
          [
            -66.6007733,
            10.0220504
          ],
          [
            -66.6005266,
            10.0218602
          ],
          [
            -66.600194,
            10.021744
          ],
          [
            -66.5996468,
            10.0218074
          ],
          [
            -66.5988422,
            10.0217862
          ],
          [
            -66.59778,
            10.0216383
          ],
          [
            -66.5971148,
            10.0214693
          ],
          [
            -66.5957522,
            10.0209622
          ],
          [
            -66.5949047,
            10.0206452
          ],
          [
            -66.5940034,
            10.0201592
          ],
          [
            -66.5922654,
            10.0191766
          ],
          [
            -66.5919864,
            10.0191027
          ],
          [
            -66.5916109,
            10.0190182
          ],
          [
            -66.5912783,
            10.0190182
          ],
          [
            -66.5908063,
            10.0190921
          ],
          [
            -66.5902913,
            10.0191027
          ],
          [
            -66.5878129,
            10.0189653
          ],
          [
            -66.5875554,
            10.0189019
          ],
          [
            -66.587255,
            10.0187752
          ],
          [
            -66.5867615,
            10.0184159
          ],
          [
            -66.5859246,
            10.0176341
          ],
          [
            -66.5854311,
            10.0173277
          ],
          [
            -66.5849912,
            10.0170742
          ],
          [
            -66.5845299,
            10.0168945
          ],
          [
            -66.5836823,
            10.0164297
          ],
          [
            -66.583103,
            10.0160705
          ],
          [
            -66.582427,
            10.0157746
          ],
          [
            -66.581558,
            10.0156584
          ],
          [
            -66.5810752,
            10.0155739
          ],
          [
            -66.5807748,
            10.0154788
          ],
          [
            -66.5803886,
            10.015109
          ],
          [
            -66.5788758,
            10.0135876
          ],
          [
            -66.5776956,
            10.0126261
          ],
          [
            -66.5748417,
            10.0108723
          ],
          [
            -66.5741122,
            10.0105131
          ],
          [
            -66.5733934,
            10.0101538
          ],
          [
            -66.5726745,
            10.0096678
          ],
          [
            -66.5723419,
            10.0094565
          ],
          [
            -66.5703142,
            10.0087486
          ],
          [
            -66.5694237,
            10.0084211
          ],
          [
            -66.5690267,
            10.0082309
          ],
          [
            -66.5667307,
            10.0066566
          ],
          [
            -66.5661299,
            10.00616
          ],
          [
            -66.5657437,
            10.0057902
          ],
          [
            -66.5654111,
            10.0053253
          ],
          [
            -66.5646172,
            10.0041737
          ],
          [
            -66.564306,
            10.0038039
          ],
          [
            -66.5638769,
            10.0034658
          ],
          [
            -66.5603578,
            10.0011994
          ],
          [
            -66.5597946,
            10.0009723
          ],
          [
            -66.5594029,
            10.0009141
          ],
          [
            -66.5590113,
            10.0008983
          ],
          [
            -66.5580565,
            10.0006817
          ],
          [
            -66.5576971,
            10.0004757
          ],
          [
            -66.5574288,
            10.0002908
          ],
          [
            -66.5569192,
            9.9998787
          ],
          [
            -66.5565759,
            9.9996251
          ],
          [
            -66.5557337,
            9.9988697
          ],
          [
            -66.5554494,
            9.998764
          ],
          [
            -66.555149,
            9.9986795
          ],
          [
            -66.5548486,
            9.9985104
          ],
          [
            -66.5546125,
            9.9983255
          ],
          [
            -66.5543926,
            9.9981459
          ],
          [
            -66.5541995,
            9.9979082
          ],
          [
            -66.5540385,
            9.9976599
          ],
          [
            -66.5538615,
            9.9973957
          ],
          [
            -66.5536898,
            9.9972425
          ],
          [
            -66.5535343,
            9.997158
          ],
          [
            -66.5522254,
            9.9966086
          ],
          [
            -66.5515173,
            9.9964184
          ],
          [
            -66.5508628,
            9.9963655
          ],
          [
            -66.5503478,
            9.9963444
          ],
          [
            -66.5499723,
            9.9962493
          ],
          [
            -66.5491676,
            9.9960169
          ],
          [
            -66.5488029,
            9.9957421
          ],
          [
            -66.548599,
            9.9955942
          ],
          [
            -66.5483308,
            9.9952138
          ],
          [
            -66.5479982,
            9.9946327
          ],
          [
            -66.5476441,
            9.9941889
          ],
          [
            -66.5471935,
            9.9938931
          ],
          [
            -66.5466249,
            9.9935867
          ],
          [
            -66.5426338,
            9.9915369
          ],
          [
            -66.5414536,
            9.9909346
          ],
          [
            -66.5411639,
            9.9907338
          ],
          [
            -66.5409976,
            9.9905648
          ],
          [
            -66.5409279,
            9.9903535
          ],
          [
            -66.5408313,
            9.988721
          ],
          [
            -66.5408206,
            9.9881874
          ],
          [
            -66.5408313,
            9.9878598
          ],
          [
            -66.5409547,
            9.987247
          ],
          [
            -66.5411478,
            9.9865972
          ],
          [
            -66.5411639,
            9.9863964
          ],
          [
            -66.5411425,
            9.9861904
          ],
          [
            -66.5410727,
            9.9860266
          ],
          [
            -66.5409118,
            9.9858153
          ],
          [
            -66.5389538,
            9.9840454
          ],
          [
            -66.5383315,
            9.9835382
          ],
          [
            -66.5380794,
            9.9834008
          ],
          [
            -66.5376985,
            9.9833005
          ],
          [
            -66.5373659,
            9.9832318
          ],
          [
            -66.5369099,
            9.9831525
          ],
          [
            -66.5358961,
            9.9830786
          ],
          [
            -66.5356493,
            9.9830046
          ],
          [
            -66.5353811,
            9.9828303
          ],
          [
            -66.5350056,
            9.9824604
          ],
          [
            -66.5344262,
            9.9817525
          ],
          [
            -66.5341151,
            9.9814249
          ],
          [
            -66.5338469,
            9.9812559
          ],
          [
            -66.5334821,
            9.9811608
          ],
          [
            -66.5329778,
            9.9810709
          ],
          [
            -66.5320498,
            9.9809125
          ],
          [
            -66.5317333,
            9.9808015
          ],
          [
            -66.5314114,
            9.9805955
          ],
          [
            -66.5311432,
            9.980326
          ],
          [
            -66.5307516,
            9.9797607
          ],
          [
            -66.5306175,
            9.9795969
          ],
          [
            -66.5303814,
            9.9794331
          ],
          [
            -66.5298879,
            9.9792694
          ],
          [
            -66.5285522,
            9.978815
          ],
          [
            -66.5281552,
            9.9787041
          ],
          [
            -66.5276295,
            9.9784663
          ],
          [
            -66.5274686,
            9.9783131
          ],
          [
            -66.5273559,
            9.9781123
          ],
          [
            -66.5272969,
            9.9779063
          ],
          [
            -66.5272084,
            9.977341
          ],
          [
            -66.5271843,
            9.9769659
          ],
          [
            -66.5271977,
            9.9768549
          ],
          [
            -66.5272594,
            9.9767175
          ],
          [
            -66.5274954,
            9.9764111
          ],
          [
            -66.5279675,
            9.9759409
          ],
          [
            -66.5281874,
            9.975608
          ],
          [
            -66.5284878,
            9.9749054
          ],
          [
            -66.5285897,
            9.9745461
          ],
          [
            -66.5286219,
            9.9741815
          ],
          [
            -66.5286058,
            9.9739068
          ],
          [
            -66.5284288,
            9.9728871
          ],
          [
            -66.5282464,
            9.9721633
          ],
          [
            -66.5281606,
            9.9717829
          ],
          [
            -66.5280587,
            9.9715187
          ],
          [
            -66.5278226,
            9.9712598
          ],
          [
            -66.5268409,
            9.970573
          ],
          [
            -66.5266103,
            9.9704304
          ],
          [
            -66.5263259,
            9.9703405
          ],
          [
            -66.5259183,
            9.9702032
          ],
          [
            -66.5240943,
            9.9692363
          ],
          [
            -66.5222651,
            9.9681902
          ],
          [
            -66.522029,
            9.9679894
          ],
          [
            -66.5218896,
            9.9677834
          ],
          [
            -66.5218306,
            9.9675879
          ],
          [
            -66.5217823,
            9.9665893
          ],
          [
            -66.5217501,
            9.9663832
          ],
          [
            -66.5216643,
            9.9661402
          ],
          [
            -66.5214014,
            9.9657122
          ],
          [
            -66.5209132,
            9.9648088
          ],
          [
            -66.5207094,
            9.9643491
          ],
          [
            -66.5206289,
            9.9640744
          ],
          [
            -66.5205699,
            9.9635619
          ],
          [
            -66.5205431,
            9.9631128
          ],
          [
            -66.5205485,
            9.9628169
          ],
          [
            -66.5206075,
            9.9624999
          ],
          [
            -66.5206826,
            9.9621723
          ],
          [
            -66.5206718,
            9.9619927
          ],
          [
            -66.5205967,
            9.9617496
          ],
          [
            -66.5202856,
            9.9611896
          ],
          [
            -66.5201676,
            9.9610205
          ],
          [
            -66.5199852,
            9.960899
          ],
          [
            -66.5197921,
            9.9608144
          ],
          [
            -66.5194434,
            9.960751
          ],
          [
            -66.5192986,
            9.9607246
          ],
          [
            -66.5191054,
            9.9606136
          ],
          [
            -66.5177107,
            9.9593879
          ],
          [
            -66.517362,
            9.9591818
          ],
          [
            -66.5170884,
            9.9590708
          ],
          [
            -66.5156776,
            9.9587433
          ],
          [
            -66.5152538,
            9.9586112
          ],
          [
            -66.5141434,
            9.9580934
          ],
          [
            -66.5121746,
            9.9572903
          ],
          [
            -66.5114719,
            9.9570261
          ],
          [
            -66.5111715,
            9.9568464
          ],
          [
            -66.5108764,
            9.9565717
          ],
          [
            -66.5105975,
            9.9563498
          ],
          [
            -66.5103775,
            9.9562388
          ],
          [
            -66.509546,
            9.9561015
          ],
          [
            -66.5090847,
            9.9559799
          ],
          [
            -66.5087092,
            9.9558267
          ],
          [
            -66.5079796,
            9.9556523
          ],
          [
            -66.5074271,
            9.9555572
          ],
          [
            -66.50666,
            9.9555572
          ],
          [
            -66.5059894,
            9.9555625
          ],
          [
            -66.5054476,
            9.9555678
          ],
          [
            -66.5034521,
            9.9554833
          ],
          [
            -66.5015745,
            9.955515
          ],
          [
            -66.5008342,
            9.9555361
          ],
          [
            -66.5001154,
            9.9556365
          ],
          [
            -66.4994717,
            9.9557739
          ],
          [
            -66.4989138,
            9.9559377
          ],
          [
            -66.49768,
            9.9566668
          ],
          [
            -66.4973688,
            9.9568782
          ],
          [
            -66.4970577,
            9.9569838
          ],
          [
            -66.4968002,
            9.9569733
          ],
          [
            -66.4964461,
            9.9567936
          ],
          [
            -66.4946973,
            9.9553459
          ],
          [
            -66.4935386,
            9.9542997
          ],
          [
            -66.493088,
            9.9539404
          ],
          [
            -66.4927125,
            9.953708
          ],
          [
            -66.4916611,
            9.9532747
          ],
          [
            -66.4891076,
            9.9523289
          ],
          [
            -66.4886087,
            9.9522444
          ],
          [
            -66.4879489,
            9.9521704
          ],
          [
            -66.4868707,
            9.9521704
          ],
          [
            -66.4844084,
            9.9523236
          ],
          [
            -66.4783305,
            9.9525984
          ],
          [
            -66.4739531,
            9.9528996
          ],
          [
            -66.4736742,
            9.9528996
          ],
          [
            -66.4734167,
            9.9528679
          ],
          [
            -66.472891,
            9.9527146
          ],
          [
            -66.4725101,
            9.9526248
          ],
          [
            -66.4722794,
            9.9526301
          ],
          [
            -66.4720005,
            9.9526618
          ],
          [
            -66.4716947,
            9.9528203
          ],
          [
            -66.4714694,
            9.9529524
          ],
          [
            -66.4711583,
            9.9530422
          ],
          [
            -66.4706004,
            9.9531268
          ],
          [
            -66.4703161,
            9.9532007
          ],
          [
            -66.4700908,
            9.9532747
          ],
          [
            -66.469726,
            9.9534808
          ],
          [
            -66.4694578,
            9.9536551
          ],
          [
            -66.469211,
            9.9537502
          ],
          [
            -66.468991,
            9.9537608
          ],
          [
            -66.4686209,
            9.953708
          ],
          [
            -66.4680952,
            9.9536181
          ],
          [
            -66.4673388,
            9.95356
          ],
          [
            -66.46662,
            9.9533804
          ],
          [
            -66.4662337,
            9.9533487
          ],
          [
            -66.462071,
            9.9535389
          ],
          [
            -66.4573395,
            9.953951
          ],
          [
            -66.4566636,
            9.9539827
          ],
          [
            -66.4562881,
            9.9539087
          ],
          [
            -66.4558482,
            9.9536129
          ],
          [
            -66.4527154,
            9.9512669
          ],
          [
            -66.4462352,
            9.9456767
          ],
          [
            -66.4376736,
            9.9388605
          ],
          [
            -66.4314401,
            9.933566
          ],
          [
            -66.4188176,
            9.9242185
          ],
          [
            -66.417793,
            9.9234998
          ],
          [
            -66.4169455,
            9.923019
          ],
          [
            -66.4147085,
            9.9214707
          ],
          [
            -66.414569,
            9.9213703
          ],
          [
            -66.4144725,
            9.9212382
          ],
          [
            -66.4140433,
            9.9202976
          ],
          [
            -66.4136517,
            9.9193781
          ],
          [
            -66.413464,
            9.9185274
          ],
          [
            -66.413464,
            9.9183847
          ],
          [
            -66.4135176,
            9.9182368
          ],
          [
            -66.4136142,
            9.918036
          ],
          [
            -66.4138663,
            9.9176238
          ],
          [
            -66.4139682,
            9.91746
          ],
          [
            -66.4140111,
            9.9173014
          ],
          [
            -66.413995,
            9.9171059
          ],
          [
            -66.4139628,
            9.9169157
          ],
          [
            -66.4139199,
            9.9168364
          ],
          [
            -66.4138395,
            9.9167994
          ],
          [
            -66.4137214,
            9.9167677
          ],
          [
            -66.413523,
            9.9167572
          ],
          [
            -66.4134103,
            9.9167466
          ],
          [
            -66.4132762,
            9.9166779
          ],
          [
            -66.4132118,
            9.9165775
          ],
          [
            -66.4131689,
            9.9164084
          ],
          [
            -66.4130938,
            9.9159222
          ],
          [
            -66.4130724,
            9.9157637
          ],
          [
            -66.4130348,
            9.9156422
          ],
          [
            -66.4129597,
            9.9155735
          ],
          [
            -66.4128739,
            9.9155841
          ],
          [
            -66.4127237,
            9.9156792
          ],
          [
            -66.4122677,
            9.9160596
          ],
          [
            -66.4121658,
            9.916197
          ],
          [
            -66.4121121,
            9.916419
          ],
          [
            -66.4120531,
            9.9166409
          ],
          [
            -66.4117849,
            9.9170531
          ],
          [
            -66.4116347,
            9.917275
          ],
          [
            -66.4114147,
            9.9174441
          ],
          [
            -66.4111412,
            9.9175921
          ],
          [
            -66.4108998,
            9.9176661
          ],
          [
            -66.4105564,
            9.9176978
          ],
          [
            -66.4103526,
            9.9176872
          ],
          [
            -66.410197,
            9.9175974
          ],
          [
            -66.4095104,
            9.9168787
          ],
          [
            -66.4091241,
            9.9166568
          ],
          [
            -66.4088076,
            9.9165194
          ],
          [
            -66.4084697,
            9.9164348
          ],
          [
            -66.4081049,
            9.916345
          ],
          [
            -66.4075524,
            9.9161653
          ],
          [
            -66.4073271,
            9.9160544
          ],
          [
            -66.4071876,
            9.9159487
          ],
          [
            -66.4070052,
            9.9157162
          ],
          [
            -66.406399,
            9.914765
          ],
          [
            -66.4062274,
            9.9145325
          ],
          [
            -66.4060181,
            9.9143687
          ],
          [
            -66.4057392,
            9.9141679
          ],
          [
            -66.4048755,
            9.913687
          ],
          [
            -66.4044517,
            9.9134862
          ],
          [
            -66.4007342,
            9.9120277
          ],
          [
            -66.3991141,
            9.9113196
          ],
          [
            -66.3970166,
            9.9106643
          ],
          [
            -66.3963085,
            9.9105164
          ],
          [
            -66.3960081,
            9.9104794
          ],
          [
            -66.3956165,
            9.9104688
          ],
          [
            -66.3952088,
            9.9104688
          ],
          [
            -66.3950265,
            9.9104583
          ],
          [
            -66.3947314,
            9.9104001
          ],
          [
            -66.3941842,
            9.9102257
          ],
          [
            -66.3930148,
            9.9098823
          ],
          [
            -66.3927358,
            9.9097924
          ],
          [
            -66.3924944,
            9.9096603
          ],
          [
            -66.3922155,
            9.9094489
          ],
          [
            -66.3915235,
            9.9091002
          ],
          [
            -66.3912231,
            9.9090103
          ],
          [
            -66.3909495,
            9.9089733
          ],
          [
            -66.3905418,
            9.9089311
          ],
          [
            -66.3903111,
            9.9088677
          ],
          [
            -66.3894045,
            9.9083921
          ],
          [
            -66.3880849,
            9.9077579
          ],
          [
            -66.3875109,
            9.9074779
          ],
          [
            -66.3872266,
            9.9072982
          ],
          [
            -66.3870013,
            9.9071449
          ],
          [
            -66.386776,
            9.9069653
          ],
          [
            -66.3865453,
            9.9068226
          ],
          [
            -66.3860571,
            9.9065901
          ],
          [
            -66.3850594,
            9.9061937
          ],
          [
            -66.3845927,
            9.9060141
          ],
          [
            -66.3842923,
            9.9059348
          ],
          [
            -66.3841152,
            9.9059084
          ],
          [
            -66.3839328,
            9.905808
          ],
          [
            -66.3832945,
            9.9054116
          ],
          [
            -66.3809931,
            9.9038686
          ],
          [
            -66.3807303,
            9.9037153
          ],
          [
            -66.3803601,
            9.9035621
          ],
          [
            -66.3797861,
            9.903319
          ],
          [
            -66.3781822,
            9.9025475
          ],
          [
            -66.374867,
            9.9008987
          ],
          [
            -66.3656938,
            9.8960158
          ],
          [
            -66.3594389,
            9.8925596
          ],
          [
            -66.350888,
            9.8879725
          ],
          [
            -66.3427663,
            9.8835333
          ],
          [
            -66.3372946,
            9.8807958
          ],
          [
            -66.3318122,
            9.8779102
          ],
          [
            -66.3266838,
            9.8752149
          ],
          [
            -66.3234866,
            9.8736611
          ],
          [
            -66.3231111,
            9.8735449
          ],
          [
            -66.3228053,
            9.8734762
          ],
          [
            -66.322403,
            9.873455
          ],
          [
            -66.3213033,
            9.8735449
          ],
          [
            -66.3209385,
            9.8735607
          ],
          [
            -66.3206703,
            9.8735237
          ],
          [
            -66.3203484,
            9.8734392
          ],
          [
            -66.3200802,
            9.8732912
          ],
          [
            -66.31993,
            9.8732066
          ],
          [
            -66.3195062,
            9.8728789
          ],
          [
            -66.319136,
            9.8723874
          ]
        ]
      },
      "properties": {
        "id": "OSM-W1089973650",
        "nombre": "Línea Valles del Tuy - Orituco",
        "tipo": "ducto",
        "sector": "midstream",
        "fluido": "gas",
        "estado": "desconocido",
        "operadora": "PDVSA",
        "diametro": null,
        "ubicacion": "underground",
        "fuente": "OpenStreetMap contributors (ODbL), consulta Overpass 2026-09-08",
        "confianza": "baja",
        "ultima_verificacion": "2026-09-08"
      }
    },
    {
      "type": "Feature",
      "geometry": {
        "type": "LineString",
        "coordinates": [
          [
            -66.3153434,
            9.8687487
          ],
          [
            -66.3156331,
            9.8689839
          ],
          [
            -66.3176286,
            9.8708337
          ],
          [
            -66.3179773,
            9.8712353
          ],
          [
            -66.3182509,
            9.8715498
          ]
        ]
      },
      "properties": {
        "id": "OSM-W1089973651",
        "nombre": null,
        "tipo": "ducto",
        "sector": "midstream",
        "fluido": "oil",
        "estado": "desconocido",
        "operadora": "PDVSA",
        "diametro": null,
        "ubicacion": "underground",
        "fuente": "OpenStreetMap contributors (ODbL), consulta Overpass 2026-09-08",
        "confianza": "baja",
        "ultima_verificacion": "2026-09-08"
      }
    },
    {
      "type": "Feature",
      "geometry": {
        "type": "LineString",
        "coordinates": [
          [
            -71.4663123,
            10.3725995
          ],
          [
            -71.4667931,
            10.3728456
          ],
          [
            -71.4668194,
            10.3728262
          ],
          [
            -71.4668216,
            10.3727702
          ],
          [
            -71.4663571,
            10.3722207
          ]
        ]
      },
      "properties": {
        "id": "OSM-W1321717286",
        "nombre": null,
        "tipo": "ducto",
        "sector": "midstream",
        "fluido": "hydrocarbons",
        "estado": "desconocido",
        "operadora": null,
        "diametro": null,
        "ubicacion": null,
        "fuente": "OpenStreetMap contributors (ODbL), consulta Overpass 2026-09-08",
        "confianza": "baja",
        "ultima_verificacion": "2026-09-08"
      }
    },
    {
      "type": "Feature",
      "geometry": {
        "type": "LineString",
        "coordinates": [
          [
            -71.4662462,
            10.3723105
          ],
          [
            -71.4663571,
            10.3722207
          ],
          [
            -71.4659496,
            10.3717401
          ],
          [
            -71.4659657,
            10.3717227
          ]
        ]
      },
      "properties": {
        "id": "OSM-W1321717287",
        "nombre": null,
        "tipo": "ducto",
        "sector": "midstream",
        "fluido": "hydrocarbons",
        "estado": "desconocido",
        "operadora": null,
        "diametro": null,
        "ubicacion": null,
        "fuente": "OpenStreetMap contributors (ODbL), consulta Overpass 2026-09-08",
        "confianza": "baja",
        "ultima_verificacion": "2026-09-08"
      }
    },
    {
      "type": "Feature",
      "geometry": {
        "type": "LineString",
        "coordinates": [
          [
            -71.4659657,
            10.3717227
          ],
          [
            -71.4660701,
            10.3716324
          ]
        ]
      },
      "properties": {
        "id": "OSM-W1321717289",
        "nombre": null,
        "tipo": "ducto",
        "sector": "midstream",
        "fluido": "hydrocarbons",
        "estado": "desconocido",
        "operadora": null,
        "diametro": null,
        "ubicacion": "underground",
        "fuente": "OpenStreetMap contributors (ODbL), consulta Overpass 2026-09-08",
        "confianza": "baja",
        "ultima_verificacion": "2026-09-08"
      }
    },
    {
      "type": "Feature",
      "geometry": {
        "type": "LineString",
        "coordinates": [
          [
            -71.4655096,
            10.3732658
          ],
          [
            -71.4660489,
            10.3734459
          ],
          [
            -71.4655603,
            10.3728752
          ]
        ]
      },
      "properties": {
        "id": "OSM-W1321717290",
        "nombre": null,
        "tipo": "ducto",
        "sector": "midstream",
        "fluido": "hydrocarbons",
        "estado": "desconocido",
        "operadora": null,
        "diametro": null,
        "ubicacion": null,
        "fuente": "OpenStreetMap contributors (ODbL), consulta Overpass 2026-09-08",
        "confianza": "baja",
        "ultima_verificacion": "2026-09-08"
      }
    },
    {
      "type": "Feature",
      "geometry": {
        "type": "LineString",
        "coordinates": [
          [
            -71.465446,
            10.3729706
          ],
          [
            -71.4655603,
            10.3728752
          ],
          [
            -71.4651563,
            10.3723864
          ],
          [
            -71.4651563,
            10.3723679
          ]
        ]
      },
      "properties": {
        "id": "OSM-W1321717291",
        "nombre": null,
        "tipo": "ducto",
        "sector": "midstream",
        "fluido": "hydrocarbons",
        "estado": "desconocido",
        "operadora": null,
        "diametro": null,
        "ubicacion": null,
        "fuente": "OpenStreetMap contributors (ODbL), consulta Overpass 2026-09-08",
        "confianza": "baja",
        "ultima_verificacion": "2026-09-08"
      }
    },
    {
      "type": "Feature",
      "geometry": {
        "type": "LineString",
        "coordinates": [
          [
            -71.4652525,
            10.3722807
          ],
          [
            -71.4659541,
            10.3717111
          ]
        ]
      },
      "properties": {
        "id": "OSM-W1321717292",
        "nombre": null,
        "tipo": "ducto",
        "sector": "midstream",
        "fluido": "hydrocarbons",
        "estado": "desconocido",
        "operadora": null,
        "diametro": null,
        "ubicacion": null,
        "fuente": "OpenStreetMap contributors (ODbL), consulta Overpass 2026-09-08",
        "confianza": "baja",
        "ultima_verificacion": "2026-09-08"
      }
    },
    {
      "type": "Feature",
      "geometry": {
        "type": "LineString",
        "coordinates": [
          [
            -71.4651563,
            10.3723679
          ],
          [
            -71.4652525,
            10.3722807
          ]
        ]
      },
      "properties": {
        "id": "OSM-W1321717293",
        "nombre": null,
        "tipo": "ducto",
        "sector": "midstream",
        "fluido": "hydrocarbons",
        "estado": "desconocido",
        "operadora": null,
        "diametro": null,
        "ubicacion": "underground",
        "fuente": "OpenStreetMap contributors (ODbL), consulta Overpass 2026-09-08",
        "confianza": "baja",
        "ultima_verificacion": "2026-09-08"
      }
    },
    {
      "type": "Feature",
      "geometry": {
        "type": "LineString",
        "coordinates": [
          [
            -71.4660598,
            10.371622
          ],
          [
            -71.4665558,
            10.3712139
          ]
        ]
      },
      "properties": {
        "id": "OSM-W1321717294",
        "nombre": null,
        "tipo": "ducto",
        "sector": "midstream",
        "fluido": "hydrocarbons",
        "estado": "desconocido",
        "operadora": null,
        "diametro": null,
        "ubicacion": null,
        "fuente": "OpenStreetMap contributors (ODbL), consulta Overpass 2026-09-08",
        "confianza": "baja",
        "ultima_verificacion": "2026-09-08"
      }
    },
    {
      "type": "Feature",
      "geometry": {
        "type": "LineString",
        "coordinates": [
          [
            -71.4659541,
            10.3717111
          ],
          [
            -71.4660598,
            10.371622
          ]
        ]
      },
      "properties": {
        "id": "OSM-W1321717295",
        "nombre": null,
        "tipo": "ducto",
        "sector": "midstream",
        "fluido": "hydrocarbons",
        "estado": "desconocido",
        "operadora": null,
        "diametro": null,
        "ubicacion": "underground",
        "fuente": "OpenStreetMap contributors (ODbL), consulta Overpass 2026-09-08",
        "confianza": "baja",
        "ultima_verificacion": "2026-09-08"
      }
    },
    {
      "type": "Feature",
      "geometry": {
        "type": "LineString",
        "coordinates": [
          [
            -71.4646482,
            10.373634
          ],
          [
            -71.4647621,
            10.3735404
          ],
          [
            -71.4647621,
            10.3735126
          ],
          [
            -71.4643547,
            10.3730358
          ],
          [
            -71.4643528,
            10.3730135
          ]
        ]
      },
      "properties": {
        "id": "OSM-W1321717296",
        "nombre": null,
        "tipo": "ducto",
        "sector": "midstream",
        "fluido": "hydrocarbons",
        "estado": "desconocido",
        "operadora": null,
        "diametro": null,
        "ubicacion": null,
        "fuente": "OpenStreetMap contributors (ODbL), consulta Overpass 2026-09-08",
        "confianza": "baja",
        "ultima_verificacion": "2026-09-08"
      }
    },
    {
      "type": "Feature",
      "geometry": {
        "type": "LineString",
        "coordinates": [
          [
            -71.4644603,
            10.3729282
          ],
          [
            -71.4647318,
            10.3726996
          ],
          [
            -71.4651279,
            10.3723661
          ],
          [
            -71.4651412,
            10.3723549
          ]
        ]
      },
      "properties": {
        "id": "OSM-W1321717297",
        "nombre": null,
        "tipo": "ducto",
        "sector": "midstream",
        "fluido": "hydrocarbons",
        "estado": "desconocido",
        "operadora": null,
        "diametro": null,
        "ubicacion": null,
        "fuente": "OpenStreetMap contributors (ODbL), consulta Overpass 2026-09-08",
        "confianza": "baja",
        "ultima_verificacion": "2026-09-08"
      }
    },
    {
      "type": "Feature",
      "geometry": {
        "type": "LineString",
        "coordinates": [
          [
            -71.4652431,
            10.3722701
          ],
          [
            -71.4659443,
            10.3717004
          ]
        ]
      },
      "properties": {
        "id": "OSM-W1321717298",
        "nombre": null,
        "tipo": "ducto",
        "sector": "midstream",
        "fluido": "hydrocarbons",
        "estado": "desconocido",
        "operadora": null,
        "diametro": null,
        "ubicacion": null,
        "fuente": "OpenStreetMap contributors (ODbL), consulta Overpass 2026-09-08",
        "confianza": "baja",
        "ultima_verificacion": "2026-09-08"
      }
    },
    {
      "type": "Feature",
      "geometry": {
        "type": "LineString",
        "coordinates": [
          [
            -71.4651412,
            10.3723549
          ],
          [
            -71.4652431,
            10.3722701
          ]
        ]
      },
      "properties": {
        "id": "OSM-W1321717299",
        "nombre": null,
        "tipo": "ducto",
        "sector": "midstream",
        "fluido": "hydrocarbons",
        "estado": "desconocido",
        "operadora": null,
        "diametro": null,
        "ubicacion": "underground",
        "fuente": "OpenStreetMap contributors (ODbL), consulta Overpass 2026-09-08",
        "confianza": "baja",
        "ultima_verificacion": "2026-09-08"
      }
    },
    {
      "type": "Feature",
      "geometry": {
        "type": "LineString",
        "coordinates": [
          [
            -71.4660514,
            10.371614
          ],
          [
            -71.4665473,
            10.371202
          ]
        ]
      },
      "properties": {
        "id": "OSM-W1321717300",
        "nombre": null,
        "tipo": "ducto",
        "sector": "midstream",
        "fluido": "hydrocarbons",
        "estado": "desconocido",
        "operadora": null,
        "diametro": null,
        "ubicacion": null,
        "fuente": "OpenStreetMap contributors (ODbL), consulta Overpass 2026-09-08",
        "confianza": "baja",
        "ultima_verificacion": "2026-09-08"
      }
    },
    {
      "type": "Feature",
      "geometry": {
        "type": "LineString",
        "coordinates": [
          [
            -71.4659443,
            10.3717004
          ],
          [
            -71.4660514,
            10.371614
          ]
        ]
      },
      "properties": {
        "id": "OSM-W1321717301",
        "nombre": null,
        "tipo": "ducto",
        "sector": "midstream",
        "fluido": "hydrocarbons",
        "estado": "desconocido",
        "operadora": null,
        "diametro": null,
        "ubicacion": "underground",
        "fuente": "OpenStreetMap contributors (ODbL), consulta Overpass 2026-09-08",
        "confianza": "baja",
        "ultima_verificacion": "2026-09-08"
      }
    },
    {
      "type": "Feature",
      "geometry": {
        "type": "LineString",
        "coordinates": [
          [
            -71.4643528,
            10.3730135
          ],
          [
            -71.4644603,
            10.3729282
          ]
        ]
      },
      "properties": {
        "id": "OSM-W1321717302",
        "nombre": null,
        "tipo": "ducto",
        "sector": "midstream",
        "fluido": "hydrocarbons",
        "estado": "desconocido",
        "operadora": null,
        "diametro": null,
        "ubicacion": "underground",
        "fuente": "OpenStreetMap contributors (ODbL), consulta Overpass 2026-09-08",
        "confianza": "baja",
        "ultima_verificacion": "2026-09-08"
      }
    },
    {
      "type": "Feature",
      "geometry": {
        "type": "LineString",
        "coordinates": [
          [
            -71.467123,
            10.3721184
          ],
          [
            -71.4672469,
            10.3720167
          ]
        ]
      },
      "properties": {
        "id": "OSM-W1321717308",
        "nombre": null,
        "tipo": "ducto",
        "sector": "midstream",
        "fluido": "hydrocarbons",
        "estado": "desconocido",
        "operadora": null,
        "diametro": null,
        "ubicacion": null,
        "fuente": "OpenStreetMap contributors (ODbL), consulta Overpass 2026-09-08",
        "confianza": "baja",
        "ultima_verificacion": "2026-09-08"
      }
    },
    {
      "type": "Feature",
      "geometry": {
        "type": "LineString",
        "coordinates": [
          [
            -71.464387,
            10.3749455
          ],
          [
            -71.4643587,
            10.3748787
          ],
          [
            -71.4622877,
            10.372413
          ]
        ]
      },
      "properties": {
        "id": "OSM-W1321717316",
        "nombre": null,
        "tipo": "ducto",
        "sector": "midstream",
        "fluido": "hydrocarbons",
        "estado": "desconocido",
        "operadora": null,
        "diametro": null,
        "ubicacion": null,
        "fuente": "OpenStreetMap contributors (ODbL), consulta Overpass 2026-09-08",
        "confianza": "baja",
        "ultima_verificacion": "2026-09-08"
      }
    },
    {
      "type": "Feature",
      "geometry": {
        "type": "LineString",
        "coordinates": [
          [
            -71.4625084,
            10.3722219
          ],
          [
            -71.4640885,
            10.3709047
          ],
          [
            -71.4645737,
            10.3705002
          ]
        ]
      },
      "properties": {
        "id": "OSM-W1321717317",
        "nombre": null,
        "tipo": "ducto",
        "sector": "midstream",
        "fluido": "hydrocarbons",
        "estado": "desconocido",
        "operadora": null,
        "diametro": null,
        "ubicacion": null,
        "fuente": "OpenStreetMap contributors (ODbL), consulta Overpass 2026-09-08",
        "confianza": "baja",
        "ultima_verificacion": "2026-09-08"
      }
    },
    {
      "type": "Feature",
      "geometry": {
        "type": "LineString",
        "coordinates": [
          [
            -71.4622877,
            10.372413
          ],
          [
            -71.4622905,
            10.3723973
          ],
          [
            -71.4625084,
            10.3722219
          ]
        ]
      },
      "properties": {
        "id": "OSM-W1321717318",
        "nombre": null,
        "tipo": "ducto",
        "sector": "midstream",
        "fluido": "hydrocarbons",
        "estado": "desconocido",
        "operadora": null,
        "diametro": null,
        "ubicacion": "underground",
        "fuente": "OpenStreetMap contributors (ODbL), consulta Overpass 2026-09-08",
        "confianza": "baja",
        "ultima_verificacion": "2026-09-08"
      }
    },
    {
      "type": "Feature",
      "geometry": {
        "type": "LineString",
        "coordinates": [
          [
            -71.4647189,
            10.3703778
          ],
          [
            -71.4654885,
            10.3697451
          ],
          [
            -71.4654967,
            10.3697409
          ],
          [
            -71.4655073,
            10.369739
          ],
          [
            -71.4658529,
            10.3701437
          ],
          [
            -71.4660045,
            10.3703213
          ],
          [
            -71.4660117,
            10.3703274
          ],
          [
            -71.4663364,
            10.370352
          ],
          [
            -71.4664899,
            10.3705302
          ],
          [
            -71.4666862,
            10.3705872
          ],
          [
            -71.4668213,
            10.3704727
          ],
          [
            -71.4668727,
            10.3704292
          ],
          [
            -71.4669048,
            10.370402
          ]
        ]
      },
      "properties": {
        "id": "OSM-W1321717319",
        "nombre": null,
        "tipo": "ducto",
        "sector": "midstream",
        "fluido": "hydrocarbons",
        "estado": "desconocido",
        "operadora": null,
        "diametro": null,
        "ubicacion": null,
        "fuente": "OpenStreetMap contributors (ODbL), consulta Overpass 2026-09-08",
        "confianza": "baja",
        "ultima_verificacion": "2026-09-08"
      }
    },
    {
      "type": "Feature",
      "geometry": {
        "type": "LineString",
        "coordinates": [
          [
            -71.4669048,
            10.370402
          ],
          [
            -71.4673062,
            10.3701171
          ]
        ]
      },
      "properties": {
        "id": "OSM-W1321717320",
        "nombre": null,
        "tipo": "ducto",
        "sector": "midstream",
        "fluido": "hydrocarbons",
        "estado": "desconocido",
        "operadora": null,
        "diametro": null,
        "ubicacion": "underground",
        "fuente": "OpenStreetMap contributors (ODbL), consulta Overpass 2026-09-08",
        "confianza": "baja",
        "ultima_verificacion": "2026-09-08"
      }
    },
    {
      "type": "Feature",
      "geometry": {
        "type": "LineString",
        "coordinates": [
          [
            -71.4645737,
            10.3705002
          ],
          [
            -71.4647189,
            10.3703778
          ]
        ]
      },
      "properties": {
        "id": "OSM-W1321717321",
        "nombre": null,
        "tipo": "ducto",
        "sector": "midstream",
        "fluido": "hydrocarbons",
        "estado": "desconocido",
        "operadora": null,
        "diametro": null,
        "ubicacion": "underground",
        "fuente": "OpenStreetMap contributors (ODbL), consulta Overpass 2026-09-08",
        "confianza": "baja",
        "ultima_verificacion": "2026-09-08"
      }
    },
    {
      "type": "Feature",
      "geometry": {
        "type": "LineString",
        "coordinates": [
          [
            -71.4644274,
            10.3713228
          ],
          [
            -71.4641802,
            10.3710148
          ]
        ]
      },
      "properties": {
        "id": "OSM-W1321717322",
        "nombre": null,
        "tipo": "ducto",
        "sector": "midstream",
        "fluido": "hydrocarbons",
        "estado": "desconocido",
        "operadora": null,
        "diametro": null,
        "ubicacion": null,
        "fuente": "OpenStreetMap contributors (ODbL), consulta Overpass 2026-09-08",
        "confianza": "baja",
        "ultima_verificacion": "2026-09-08"
      }
    },
    {
      "type": "Feature",
      "geometry": {
        "type": "LineString",
        "coordinates": [
          [
            -71.4641802,
            10.3710148
          ],
          [
            -71.4640885,
            10.3709047
          ]
        ]
      },
      "properties": {
        "id": "OSM-W1321717323",
        "nombre": null,
        "tipo": "ducto",
        "sector": "midstream",
        "fluido": "hydrocarbons",
        "estado": "desconocido",
        "operadora": null,
        "diametro": null,
        "ubicacion": "underground",
        "fuente": "OpenStreetMap contributors (ODbL), consulta Overpass 2026-09-08",
        "confianza": "baja",
        "ultima_verificacion": "2026-09-08"
      }
    },
    {
      "type": "Feature",
      "geometry": {
        "type": "LineString",
        "coordinates": [
          [
            -71.4654449,
            10.3705963
          ],
          [
            -71.4653896,
            10.3705451
          ],
          [
            -71.4653858,
            10.3705284
          ],
          [
            -71.4653896,
            10.3705079
          ],
          [
            -71.4656989,
            10.370263
          ]
        ]
      },
      "properties": {
        "id": "OSM-W1321717324",
        "nombre": null,
        "tipo": "ducto",
        "sector": "midstream",
        "fluido": "hydrocarbons",
        "estado": "desconocido",
        "operadora": null,
        "diametro": null,
        "ubicacion": null,
        "fuente": "OpenStreetMap contributors (ODbL), consulta Overpass 2026-09-08",
        "confianza": "baja",
        "ultima_verificacion": "2026-09-08"
      }
    },
    {
      "type": "Feature",
      "geometry": {
        "type": "LineString",
        "coordinates": [
          [
            -71.4656989,
            10.370263
          ],
          [
            -71.4658529,
            10.3701437
          ]
        ]
      },
      "properties": {
        "id": "OSM-W1321717325",
        "nombre": null,
        "tipo": "ducto",
        "sector": "midstream",
        "fluido": "hydrocarbons",
        "estado": "desconocido",
        "operadora": null,
        "diametro": null,
        "ubicacion": "underground",
        "fuente": "OpenStreetMap contributors (ODbL), consulta Overpass 2026-09-08",
        "confianza": "baja",
        "ultima_verificacion": "2026-09-08"
      }
    },
    {
      "type": "Feature",
      "geometry": {
        "type": "LineString",
        "coordinates": [
          [
            -71.4631484,
            10.3697885
          ],
          [
            -71.4629877,
            10.3696048
          ],
          [
            -71.4629844,
            10.3695905
          ],
          [
            -71.4632053,
            10.369418
          ],
          [
            -71.4632166,
            10.3694036
          ],
          [
            -71.4631696,
            10.3693461
          ]
        ]
      },
      "properties": {
        "id": "OSM-W1321717327",
        "nombre": null,
        "tipo": "ducto",
        "sector": "midstream",
        "fluido": "hydrocarbons",
        "estado": "desconocido",
        "operadora": null,
        "diametro": null,
        "ubicacion": null,
        "fuente": "OpenStreetMap contributors (ODbL), consulta Overpass 2026-09-08",
        "confianza": "baja",
        "ultima_verificacion": "2026-09-08"
      }
    },
    {
      "type": "Feature",
      "geometry": {
        "type": "LineString",
        "coordinates": [
          [
            -71.4633514,
            10.3700553
          ],
          [
            -71.4633271,
            10.3700697
          ],
          [
            -71.4631566,
            10.3698731
          ],
          [
            -71.4631079,
            10.369846
          ],
          [
            -71.462926,
            10.369632
          ],
          [
            -71.4631647,
            10.3694291
          ],
          [
            -71.4631647,
            10.3694148
          ],
          [
            -71.4630957,
            10.3693293
          ],
          [
            -71.4628756,
            10.369057
          ],
          [
            -71.4628773,
            10.369041
          ],
          [
            -71.463705,
            10.3683466
          ]
        ]
      },
      "properties": {
        "id": "OSM-W1321717328",
        "nombre": null,
        "tipo": "ducto",
        "sector": "midstream",
        "fluido": "hydrocarbons",
        "estado": "desconocido",
        "operadora": null,
        "diametro": null,
        "ubicacion": null,
        "fuente": "OpenStreetMap contributors (ODbL), consulta Overpass 2026-09-08",
        "confianza": "baja",
        "ultima_verificacion": "2026-09-08"
      }
    },
    {
      "type": "Feature",
      "geometry": {
        "type": "LineString",
        "coordinates": [
          [
            -71.4633581,
            10.3700648
          ],
          [
            -71.4633292,
            10.3700849
          ],
          [
            -71.4631463,
            10.3698869
          ],
          [
            -71.4630957,
            10.3698599
          ],
          [
            -71.4629067,
            10.3696338
          ],
          [
            -71.4629079,
            10.369622
          ],
          [
            -71.4631647,
            10.3694291
          ],
          [
            -71.4631647,
            10.3694148
          ],
          [
            -71.4630957,
            10.3693293
          ],
          [
            -71.4628756,
            10.369057
          ],
          [
            -71.4628773,
            10.369041
          ]
        ]
      },
      "properties": {
        "id": "OSM-W1321717329",
        "nombre": null,
        "tipo": "ducto",
        "sector": "midstream",
        "fluido": "hydrocarbons",
        "estado": "desconocido",
        "operadora": null,
        "diametro": null,
        "ubicacion": null,
        "fuente": "OpenStreetMap contributors (ODbL), consulta Overpass 2026-09-08",
        "confianza": "baja",
        "ultima_verificacion": "2026-09-08"
      }
    },
    {
      "type": "Feature",
      "geometry": {
        "type": "LineString",
        "coordinates": [
          [
            -71.4630909,
            10.3692395
          ],
          [
            -71.4629312,
            10.3690554
          ],
          [
            -71.4629218,
            10.3690446
          ],
          [
            -71.4629148,
            10.3690365
          ],
          [
            -71.4644491,
            10.3677611
          ]
        ]
      },
      "properties": {
        "id": "OSM-W1321717330",
        "nombre": null,
        "tipo": "ducto",
        "sector": "midstream",
        "fluido": "hydrocarbons",
        "estado": "desconocido",
        "operadora": null,
        "diametro": null,
        "ubicacion": null,
        "fuente": "OpenStreetMap contributors (ODbL), consulta Overpass 2026-09-08",
        "confianza": "baja",
        "ultima_verificacion": "2026-09-08"
      }
    },
    {
      "type": "Feature",
      "geometry": {
        "type": "LineString",
        "coordinates": [
          [
            -71.4631696,
            10.3693461
          ],
          [
            -71.4630909,
            10.3692395
          ]
        ]
      },
      "properties": {
        "id": "OSM-W1321717331",
        "nombre": null,
        "tipo": "ducto",
        "sector": "midstream",
        "fluido": "hydrocarbons",
        "estado": "desconocido",
        "operadora": null,
        "diametro": null,
        "ubicacion": "underground",
        "fuente": "OpenStreetMap contributors (ODbL), consulta Overpass 2026-09-08",
        "confianza": "baja",
        "ultima_verificacion": "2026-09-08"
      }
    },
    {
      "type": "Feature",
      "geometry": {
        "type": "LineString",
        "coordinates": [
          [
            -71.4622187,
            10.3691309
          ],
          [
            -71.4621922,
            10.3691546
          ],
          [
            -71.4621934,
            10.36917
          ],
          [
            -71.4623333,
            10.3693381
          ],
          [
            -71.4623429,
            10.3693496
          ],
          [
            -71.4623511,
            10.3693595
          ],
          [
            -71.4623655,
            10.3693595
          ],
          [
            -71.4626346,
            10.3691371
          ],
          [
            -71.4626674,
            10.36911
          ],
          [
            -71.462705,
            10.3690789
          ],
          [
            -71.4627147,
            10.369081
          ],
          [
            -71.4627417,
            10.3691074
          ],
          [
            -71.4627571,
            10.3691314
          ],
          [
            -71.4627669,
            10.369143
          ],
          [
            -71.462777,
            10.3691543
          ],
          [
            -71.4627875,
            10.3691667
          ],
          [
            -71.4629312,
            10.3690554
          ]
        ]
      },
      "properties": {
        "id": "OSM-W1321717332",
        "nombre": null,
        "tipo": "ducto",
        "sector": "midstream",
        "fluido": "hydrocarbons",
        "estado": "desconocido",
        "operadora": null,
        "diametro": null,
        "ubicacion": null,
        "fuente": "OpenStreetMap contributors (ODbL), consulta Overpass 2026-09-08",
        "confianza": "baja",
        "ultima_verificacion": "2026-09-08"
      }
    },
    {
      "type": "Feature",
      "geometry": {
        "type": "LineString",
        "coordinates": [
          [
            -71.462777,
            10.3691543
          ],
          [
            -71.4629218,
            10.3690446
          ]
        ]
      },
      "properties": {
        "id": "OSM-W1321717333",
        "nombre": null,
        "tipo": "ducto",
        "sector": "midstream",
        "fluido": "hydrocarbons",
        "estado": "desconocido",
        "operadora": null,
        "diametro": null,
        "ubicacion": null,
        "fuente": "OpenStreetMap contributors (ODbL), consulta Overpass 2026-09-08",
        "confianza": "baja",
        "ultima_verificacion": "2026-09-08"
      }
    },
    {
      "type": "Feature",
      "geometry": {
        "type": "LineString",
        "coordinates": [
          [
            -71.4627669,
            10.369143
          ],
          [
            -71.4629148,
            10.3690365
          ]
        ]
      },
      "properties": {
        "id": "OSM-W1321717334",
        "nombre": null,
        "tipo": "ducto",
        "sector": "midstream",
        "fluido": "hydrocarbons",
        "estado": "desconocido",
        "operadora": null,
        "diametro": null,
        "ubicacion": null,
        "fuente": "OpenStreetMap contributors (ODbL), consulta Overpass 2026-09-08",
        "confianza": "baja",
        "ultima_verificacion": "2026-09-08"
      }
    },
    {
      "type": "Feature",
      "geometry": {
        "type": "LineString",
        "coordinates": [
          [
            -71.4627571,
            10.3691314
          ],
          [
            -71.4644455,
            10.3677466
          ]
        ]
      },
      "properties": {
        "id": "OSM-W1321717335",
        "nombre": null,
        "tipo": "ducto",
        "sector": "midstream",
        "fluido": "hydrocarbons",
        "estado": "desconocido",
        "operadora": null,
        "diametro": null,
        "ubicacion": null,
        "fuente": "OpenStreetMap contributors (ODbL), consulta Overpass 2026-09-08",
        "confianza": "baja",
        "ultima_verificacion": "2026-09-08"
      }
    },
    {
      "type": "Feature",
      "geometry": {
        "type": "LineString",
        "coordinates": [
          [
            -71.4627481,
            10.3691156
          ],
          [
            -71.4636996,
            10.3683414
          ]
        ]
      },
      "properties": {
        "id": "OSM-W1321717336",
        "nombre": null,
        "tipo": "ducto",
        "sector": "midstream",
        "fluido": "hydrocarbons",
        "estado": "desconocido",
        "operadora": null,
        "diametro": null,
        "ubicacion": null,
        "fuente": "OpenStreetMap contributors (ODbL), consulta Overpass 2026-09-08",
        "confianza": "baja",
        "ultima_verificacion": "2026-09-08"
      }
    },
    {
      "type": "Feature",
      "geometry": {
        "type": "LineString",
        "coordinates": [
          [
            -71.4637371,
            10.3683197
          ],
          [
            -71.4637688,
            10.3682931
          ],
          [
            -71.4644135,
            10.367752
          ],
          [
            -71.4647999,
            10.3674277
          ]
        ]
      },
      "properties": {
        "id": "OSM-W1321717337",
        "nombre": null,
        "tipo": "ducto",
        "sector": "midstream",
        "fluido": "hydrocarbons",
        "estado": "desconocido",
        "operadora": null,
        "diametro": null,
        "ubicacion": null,
        "fuente": "OpenStreetMap contributors (ODbL), consulta Overpass 2026-09-08",
        "confianza": "baja",
        "ultima_verificacion": "2026-09-08"
      }
    },
    {
      "type": "Feature",
      "geometry": {
        "type": "LineString",
        "coordinates": [
          [
            -71.463705,
            10.3683466
          ],
          [
            -71.4637371,
            10.3683197
          ]
        ]
      },
      "properties": {
        "id": "OSM-W1321717338",
        "nombre": null,
        "tipo": "ducto",
        "sector": "midstream",
        "fluido": "hydrocarbons",
        "estado": "desconocido",
        "operadora": null,
        "diametro": null,
        "ubicacion": "underground",
        "fuente": "OpenStreetMap contributors (ODbL), consulta Overpass 2026-09-08",
        "confianza": "baja",
        "ultima_verificacion": "2026-09-08"
      }
    },
    {
      "type": "Feature",
      "geometry": {
        "type": "LineString",
        "coordinates": [
          [
            -71.46381,
            10.3678522
          ],
          [
            -71.4638106,
            10.3678164
          ],
          [
            -71.4638417,
            10.3677897
          ],
          [
            -71.4638549,
            10.3677969
          ],
          [
            -71.4639438,
            10.3678969
          ],
          [
            -71.4639283,
            10.3679342
          ],
          [
            -71.4639892,
            10.368009
          ],
          [
            -71.4639819,
            10.36802
          ],
          [
            -71.4636936,
            10.3682588
          ],
          [
            -71.4636935,
            10.3682663
          ],
          [
            -71.4637284,
            10.3683066
          ],
          [
            -71.4637573,
            10.3682805
          ],
          [
            -71.4637688,
            10.3682931
          ]
        ]
      },
      "properties": {
        "id": "OSM-W1321717339",
        "nombre": null,
        "tipo": "ducto",
        "sector": "midstream",
        "fluido": "hydrocarbons",
        "estado": "desconocido",
        "operadora": null,
        "diametro": null,
        "ubicacion": null,
        "fuente": "OpenStreetMap contributors (ODbL), consulta Overpass 2026-09-08",
        "confianza": "baja",
        "ultima_verificacion": "2026-09-08"
      }
    },
    {
      "type": "Feature",
      "geometry": {
        "type": "LineString",
        "coordinates": [
          [
            -71.4624044,
            10.3690992
          ],
          [
            -71.4626189,
            10.369109
          ],
          [
            -71.4626421,
            10.3690901
          ],
          [
            -71.4626674,
            10.36911
          ]
        ]
      },
      "properties": {
        "id": "OSM-W1321717340",
        "nombre": null,
        "tipo": "ducto",
        "sector": "midstream",
        "fluido": "hydrocarbons",
        "estado": "desconocido",
        "operadora": null,
        "diametro": null,
        "ubicacion": null,
        "fuente": "OpenStreetMap contributors (ODbL), consulta Overpass 2026-09-08",
        "confianza": "baja",
        "ultima_verificacion": "2026-09-08"
      }
    },
    {
      "type": "Feature",
      "geometry": {
        "type": "LineString",
        "coordinates": [
          [
            -71.4626189,
            10.369109
          ],
          [
            -71.4623815,
            10.3693003
          ],
          [
            -71.4623333,
            10.3693381
          ]
        ]
      },
      "properties": {
        "id": "OSM-W1321717341",
        "nombre": null,
        "tipo": "ducto",
        "sector": "midstream",
        "fluido": "hydrocarbons",
        "estado": "desconocido",
        "operadora": null,
        "diametro": null,
        "ubicacion": null,
        "fuente": "OpenStreetMap contributors (ODbL), consulta Overpass 2026-09-08",
        "confianza": "baja",
        "ultima_verificacion": "2026-09-08"
      }
    },
    {
      "type": "Feature",
      "geometry": {
        "type": "LineString",
        "coordinates": [
          [
            -71.4626346,
            10.3691371
          ],
          [
            -71.4626209,
            10.3691253
          ],
          [
            -71.4623429,
            10.3693496
          ]
        ]
      },
      "properties": {
        "id": "OSM-W1321717342",
        "nombre": null,
        "tipo": "ducto",
        "sector": "midstream",
        "fluido": "hydrocarbons",
        "estado": "desconocido",
        "operadora": null,
        "diametro": null,
        "ubicacion": null,
        "fuente": "OpenStreetMap contributors (ODbL), consulta Overpass 2026-09-08",
        "confianza": "baja",
        "ultima_verificacion": "2026-09-08"
      }
    },
    {
      "type": "Feature",
      "geometry": {
        "type": "LineString",
        "coordinates": [
          [
            -71.4630538,
            10.3684498
          ],
          [
            -71.4631564,
            10.3685732
          ],
          [
            -71.4631502,
            10.3685874
          ],
          [
            -71.4632025,
            10.3686522
          ],
          [
            -71.4632062,
            10.3686568
          ],
          [
            -71.4632186,
            10.3686588
          ],
          [
            -71.4636528,
            10.368299
          ],
          [
            -71.4636615,
            10.3682997
          ],
          [
            -71.4636888,
            10.3683295
          ],
          [
            -71.4636996,
            10.3683414
          ]
        ]
      },
      "properties": {
        "id": "OSM-W1321717343",
        "nombre": null,
        "tipo": "ducto",
        "sector": "midstream",
        "fluido": "hydrocarbons",
        "estado": "desconocido",
        "operadora": null,
        "diametro": null,
        "ubicacion": null,
        "fuente": "OpenStreetMap contributors (ODbL), consulta Overpass 2026-09-08",
        "confianza": "baja",
        "ultima_verificacion": "2026-09-08"
      }
    },
    {
      "type": "Feature",
      "geometry": {
        "type": "LineString",
        "coordinates": [
          [
            -71.4636996,
            10.3683414
          ],
          [
            -71.4637284,
            10.3683066
          ]
        ]
      },
      "properties": {
        "id": "OSM-W1321717344",
        "nombre": null,
        "tipo": "ducto",
        "sector": "midstream",
        "fluido": "hydrocarbons",
        "estado": "desconocido",
        "operadora": null,
        "diametro": null,
        "ubicacion": "underground",
        "fuente": "OpenStreetMap contributors (ODbL), consulta Overpass 2026-09-08",
        "confianza": "baja",
        "ultima_verificacion": "2026-09-08"
      }
    },
    {
      "type": "Feature",
      "geometry": {
        "type": "LineString",
        "coordinates": [
          [
            -71.4627417,
            10.3691074
          ],
          [
            -71.4630036,
            10.3688923
          ],
          [
            -71.4636888,
            10.3683295
          ]
        ]
      },
      "properties": {
        "id": "OSM-W1321717345",
        "nombre": null,
        "tipo": "ducto",
        "sector": "midstream",
        "fluido": "hydrocarbons",
        "estado": "desconocido",
        "operadora": null,
        "diametro": null,
        "ubicacion": null,
        "fuente": "OpenStreetMap contributors (ODbL), consulta Overpass 2026-09-08",
        "confianza": "baja",
        "ultima_verificacion": "2026-09-08"
      }
    },
    {
      "type": "Feature",
      "geometry": {
        "type": "LineString",
        "coordinates": [
          [
            -71.4629326,
            10.3686645
          ],
          [
            -71.4628942,
            10.3688043
          ],
          [
            -71.4629779,
            10.3688655
          ]
        ]
      },
      "properties": {
        "id": "OSM-W1321717347",
        "nombre": null,
        "tipo": "ducto",
        "sector": "midstream",
        "fluido": "hydrocarbons",
        "estado": "desconocido",
        "operadora": null,
        "diametro": null,
        "ubicacion": null,
        "fuente": "OpenStreetMap contributors (ODbL), consulta Overpass 2026-09-08",
        "confianza": "baja",
        "ultima_verificacion": "2026-09-08"
      }
    },
    {
      "type": "Feature",
      "geometry": {
        "type": "LineString",
        "coordinates": [
          [
            -71.463064,
            10.3684386
          ],
          [
            -71.46317,
            10.368561
          ],
          [
            -71.4631608,
            10.3685814
          ],
          [
            -71.4632153,
            10.3686403
          ],
          [
            -71.4632025,
            10.3686522
          ]
        ]
      },
      "properties": {
        "id": "OSM-W1321717348",
        "nombre": null,
        "tipo": "ducto",
        "sector": "midstream",
        "fluido": "hydrocarbons",
        "estado": "desconocido",
        "operadora": null,
        "diametro": null,
        "ubicacion": null,
        "fuente": "OpenStreetMap contributors (ODbL), consulta Overpass 2026-09-08",
        "confianza": "baja",
        "ultima_verificacion": "2026-09-08"
      }
    },
    {
      "type": "Feature",
      "geometry": {
        "type": "LineString",
        "coordinates": [
          [
            -71.4644135,
            10.367752
          ],
          [
            -71.464902,
            10.368319
          ],
          [
            -71.4650419,
            10.3682028
          ],
          [
            -71.4650522,
            10.3682028
          ],
          [
            -71.4651155,
            10.3682752
          ]
        ]
      },
      "properties": {
        "id": "OSM-W1321717349",
        "nombre": null,
        "tipo": "ducto",
        "sector": "midstream",
        "fluido": "hydrocarbons",
        "estado": "desconocido",
        "operadora": null,
        "diametro": null,
        "ubicacion": null,
        "fuente": "OpenStreetMap contributors (ODbL), consulta Overpass 2026-09-08",
        "confianza": "baja",
        "ultima_verificacion": "2026-09-08"
      }
    },
    {
      "type": "Feature",
      "geometry": {
        "type": "LineString",
        "coordinates": [
          [
            -71.4644648,
            10.3677822
          ],
          [
            -71.4649019,
            10.3682998
          ],
          [
            -71.4650424,
            10.3681834
          ],
          [
            -71.4651246,
            10.3682703
          ]
        ]
      },
      "properties": {
        "id": "OSM-W1321717350",
        "nombre": null,
        "tipo": "ducto",
        "sector": "midstream",
        "fluido": "hydrocarbons",
        "estado": "desconocido",
        "operadora": null,
        "diametro": null,
        "ubicacion": null,
        "fuente": "OpenStreetMap contributors (ODbL), consulta Overpass 2026-09-08",
        "confianza": "baja",
        "ultima_verificacion": "2026-09-08"
      }
    },
    {
      "type": "Feature",
      "geometry": {
        "type": "LineString",
        "coordinates": [
          [
            -71.4647997,
            10.3674388
          ],
          [
            -71.464473,
            10.3677107
          ],
          [
            -71.4644697,
            10.3677205
          ],
          [
            -71.4644856,
            10.3677406
          ],
          [
            -71.4649174,
            10.36825
          ],
          [
            -71.4650371,
            10.3681453
          ],
          [
            -71.4650609,
            10.3681654
          ],
          [
            -71.4652408,
            10.3683762
          ]
        ]
      },
      "properties": {
        "id": "OSM-W1321717351",
        "nombre": null,
        "tipo": "ducto",
        "sector": "midstream",
        "fluido": "hydrocarbons",
        "estado": "desconocido",
        "operadora": null,
        "diametro": null,
        "ubicacion": null,
        "fuente": "OpenStreetMap contributors (ODbL), consulta Overpass 2026-09-08",
        "confianza": "baja",
        "ultima_verificacion": "2026-09-08"
      }
    },
    {
      "type": "Feature",
      "geometry": {
        "type": "LineString",
        "coordinates": [
          [
            -71.4637573,
            10.3682805
          ],
          [
            -71.4647818,
            10.3674154
          ]
        ]
      },
      "properties": {
        "id": "OSM-W1321717352",
        "nombre": null,
        "tipo": "ducto",
        "sector": "midstream",
        "fluido": "hydrocarbons",
        "estado": "desconocido",
        "operadora": null,
        "diametro": null,
        "ubicacion": null,
        "fuente": "OpenStreetMap contributors (ODbL), consulta Overpass 2026-09-08",
        "confianza": "baja",
        "ultima_verificacion": "2026-09-08"
      }
    },
    {
      "type": "Feature",
      "geometry": {
        "type": "LineString",
        "coordinates": [
          [
            -71.4631299,
            10.3664229
          ],
          [
            -71.463406,
            10.3662025
          ],
          [
            -71.4634433,
            10.3662249
          ],
          [
            -71.4635294,
            10.3663383
          ],
          [
            -71.4635505,
            10.3663415
          ],
          [
            -71.4638574,
            10.3660779
          ]
        ]
      },
      "properties": {
        "id": "OSM-W1321717353",
        "nombre": null,
        "tipo": "ducto",
        "sector": "midstream",
        "fluido": "hydrocarbons",
        "estado": "desconocido",
        "operadora": null,
        "diametro": null,
        "ubicacion": null,
        "fuente": "OpenStreetMap contributors (ODbL), consulta Overpass 2026-09-08",
        "confianza": "baja",
        "ultima_verificacion": "2026-09-08"
      }
    },
    {
      "type": "Feature",
      "geometry": {
        "type": "LineString",
        "coordinates": [
          [
            -71.4638136,
            10.3660236
          ],
          [
            -71.4638574,
            10.3660779
          ],
          [
            -71.4643624,
            10.3666769
          ],
          [
            -71.4648954,
            10.3673164
          ],
          [
            -71.4649045,
            10.3673272
          ],
          [
            -71.4649097,
            10.3673334
          ],
          [
            -71.4659229,
            10.3685235
          ],
          [
            -71.4658905,
            10.368549
          ],
          [
            -71.4659575,
            10.3686349
          ]
        ]
      },
      "properties": {
        "id": "OSM-W1321717354",
        "nombre": null,
        "tipo": "ducto",
        "sector": "midstream",
        "fluido": "hydrocarbons",
        "estado": "desconocido",
        "operadora": null,
        "diametro": null,
        "ubicacion": null,
        "fuente": "OpenStreetMap contributors (ODbL), consulta Overpass 2026-09-08",
        "confianza": "baja",
        "ultima_verificacion": "2026-09-08"
      }
    },
    {
      "type": "Feature",
      "geometry": {
        "type": "LineString",
        "coordinates": [
          [
            -71.4647997,
            10.3674388
          ],
          [
            -71.4649097,
            10.3673334
          ]
        ]
      },
      "properties": {
        "id": "OSM-W1321717355",
        "nombre": null,
        "tipo": "ducto",
        "sector": "midstream",
        "fluido": "hydrocarbons",
        "estado": "desconocido",
        "operadora": null,
        "diametro": null,
        "ubicacion": "underground",
        "fuente": "OpenStreetMap contributors (ODbL), consulta Overpass 2026-09-08",
        "confianza": "baja",
        "ultima_verificacion": "2026-09-08"
      }
    },
    {
      "type": "Feature",
      "geometry": {
        "type": "LineString",
        "coordinates": [
          [
            -71.4647999,
            10.3674277
          ],
          [
            -71.4649045,
            10.3673272
          ]
        ]
      },
      "properties": {
        "id": "OSM-W1321717356",
        "nombre": null,
        "tipo": "ducto",
        "sector": "midstream",
        "fluido": "hydrocarbons",
        "estado": "desconocido",
        "operadora": null,
        "diametro": null,
        "ubicacion": "underground",
        "fuente": "OpenStreetMap contributors (ODbL), consulta Overpass 2026-09-08",
        "confianza": "baja",
        "ultima_verificacion": "2026-09-08"
      }
    },
    {
      "type": "Feature",
      "geometry": {
        "type": "LineString",
        "coordinates": [
          [
            -71.4647818,
            10.3674154
          ],
          [
            -71.4648954,
            10.3673164
          ]
        ]
      },
      "properties": {
        "id": "OSM-W1321717357",
        "nombre": null,
        "tipo": "ducto",
        "sector": "midstream",
        "fluido": "hydrocarbons",
        "estado": "desconocido",
        "operadora": null,
        "diametro": null,
        "ubicacion": "underground",
        "fuente": "OpenStreetMap contributors (ODbL), consulta Overpass 2026-09-08",
        "confianza": "baja",
        "ultima_verificacion": "2026-09-08"
      }
    },
    {
      "type": "Feature",
      "geometry": {
        "type": "LineString",
        "coordinates": [
          [
            -71.4643624,
            10.3666769
          ],
          [
            -71.4643273,
            10.3667052
          ],
          [
            -71.4643242,
            10.3667205
          ]
        ]
      },
      "properties": {
        "id": "OSM-W1321717358",
        "nombre": null,
        "tipo": "ducto",
        "sector": "midstream",
        "fluido": "hydrocarbons",
        "estado": "desconocido",
        "operadora": null,
        "diametro": null,
        "ubicacion": null,
        "fuente": "OpenStreetMap contributors (ODbL), consulta Overpass 2026-09-08",
        "confianza": "baja",
        "ultima_verificacion": "2026-09-08"
      }
    },
    {
      "type": "Feature",
      "geometry": {
        "type": "LineString",
        "coordinates": [
          [
            -71.4643273,
            10.3667052
          ],
          [
            -71.4643107,
            10.3667001
          ]
        ]
      },
      "properties": {
        "id": "OSM-W1321717359",
        "nombre": null,
        "tipo": "ducto",
        "sector": "midstream",
        "fluido": "hydrocarbons",
        "estado": "desconocido",
        "operadora": null,
        "diametro": null,
        "ubicacion": null,
        "fuente": "OpenStreetMap contributors (ODbL), consulta Overpass 2026-09-08",
        "confianza": "baja",
        "ultima_verificacion": "2026-09-08"
      }
    },
    {
      "type": "Feature",
      "geometry": {
        "type": "LineString",
        "coordinates": [
          [
            -71.4644491,
            10.3677611
          ],
          [
            -71.4644648,
            10.3677822
          ]
        ]
      },
      "properties": {
        "id": "OSM-W1321717360",
        "nombre": null,
        "tipo": "ducto",
        "sector": "midstream",
        "fluido": "hydrocarbons",
        "estado": "desconocido",
        "operadora": null,
        "diametro": null,
        "ubicacion": null,
        "fuente": "OpenStreetMap contributors (ODbL), consulta Overpass 2026-09-08",
        "confianza": "baja",
        "ultima_verificacion": "2026-09-08"
      }
    },
    {
      "type": "Feature",
      "geometry": {
        "type": "LineString",
        "coordinates": [
          [
            -71.4644455,
            10.3677466
          ],
          [
            -71.4649055,
            10.3682811
          ],
          [
            -71.4650444,
            10.3681639
          ],
          [
            -71.4652123,
            10.3683698
          ]
        ]
      },
      "properties": {
        "id": "OSM-W1321717361",
        "nombre": null,
        "tipo": "ducto",
        "sector": "midstream",
        "fluido": "hydrocarbons",
        "estado": "desconocido",
        "operadora": null,
        "diametro": null,
        "ubicacion": null,
        "fuente": "OpenStreetMap contributors (ODbL), consulta Overpass 2026-09-08",
        "confianza": "baja",
        "ultima_verificacion": "2026-09-08"
      }
    },
    {
      "type": "Feature",
      "geometry": {
        "type": "LineString",
        "coordinates": [
          [
            -71.4649174,
            10.36825
          ],
          [
            -71.4649066,
            10.3682587
          ],
          [
            -71.4644869,
            10.3677643
          ],
          [
            -71.4644648,
            10.3677822
          ]
        ]
      },
      "properties": {
        "id": "OSM-W1321717362",
        "nombre": null,
        "tipo": "ducto",
        "sector": "midstream",
        "fluido": "hydrocarbons",
        "estado": "desconocido",
        "operadora": null,
        "diametro": null,
        "ubicacion": null,
        "fuente": "OpenStreetMap contributors (ODbL), consulta Overpass 2026-09-08",
        "confianza": "baja",
        "ultima_verificacion": "2026-09-08"
      }
    },
    {
      "type": "Feature",
      "geometry": {
        "type": "LineString",
        "coordinates": [
          [
            -71.4661976,
            10.3689426
          ],
          [
            -71.4670275,
            10.369937
          ]
        ]
      },
      "properties": {
        "id": "OSM-W1321717363",
        "nombre": null,
        "tipo": "ducto",
        "sector": "midstream",
        "fluido": "hydrocarbons",
        "estado": "desconocido",
        "operadora": null,
        "diametro": null,
        "ubicacion": null,
        "fuente": "OpenStreetMap contributors (ODbL), consulta Overpass 2026-09-08",
        "confianza": "baja",
        "ultima_verificacion": "2026-09-08"
      }
    },
    {
      "type": "Feature",
      "geometry": {
        "type": "LineString",
        "coordinates": [
          [
            -71.4667842,
            10.3703304
          ],
          [
            -71.4668992,
            10.3702376
          ],
          [
            -71.4669218,
            10.3702599
          ],
          [
            -71.4670652,
            10.370143
          ]
        ]
      },
      "properties": {
        "id": "OSM-W1321717366",
        "nombre": null,
        "tipo": "ducto",
        "sector": "midstream",
        "fluido": "hydrocarbons",
        "estado": "desconocido",
        "operadora": null,
        "diametro": null,
        "ubicacion": null,
        "fuente": "OpenStreetMap contributors (ODbL), consulta Overpass 2026-09-08",
        "confianza": "baja",
        "ultima_verificacion": "2026-09-08"
      }
    },
    {
      "type": "Feature",
      "geometry": {
        "type": "LineString",
        "coordinates": [
          [
            -71.4667408,
            10.3702803
          ],
          [
            -71.466903,
            10.3701485
          ],
          [
            -71.466886,
            10.3701226
          ],
          [
            -71.4669539,
            10.3700688
          ]
        ]
      },
      "properties": {
        "id": "OSM-W1321717367",
        "nombre": null,
        "tipo": "ducto",
        "sector": "midstream",
        "fluido": "hydrocarbons",
        "estado": "desconocido",
        "operadora": null,
        "diametro": null,
        "ubicacion": null,
        "fuente": "OpenStreetMap contributors (ODbL), consulta Overpass 2026-09-08",
        "confianza": "baja",
        "ultima_verificacion": "2026-09-08"
      }
    },
    {
      "type": "Feature",
      "geometry": {
        "type": "LineString",
        "coordinates": [
          [
            -71.4673062,
            10.3701171
          ],
          [
            -71.4675312,
            10.3703815
          ],
          [
            -71.4680422,
            10.3709816
          ]
        ]
      },
      "properties": {
        "id": "OSM-W1321717368",
        "nombre": null,
        "tipo": "ducto",
        "sector": "midstream",
        "fluido": "hydrocarbons",
        "estado": "desconocido",
        "operadora": null,
        "diametro": null,
        "ubicacion": null,
        "fuente": "OpenStreetMap contributors (ODbL), consulta Overpass 2026-09-08",
        "confianza": "baja",
        "ultima_verificacion": "2026-09-08"
      }
    },
    {
      "type": "Feature",
      "geometry": {
        "type": "LineString",
        "coordinates": [
          [
            -71.4647349,
            10.3748576
          ],
          [
            -71.4646711,
            10.3747949
          ],
          [
            -71.4646627,
            10.3747813
          ],
          [
            -71.4646657,
            10.3747662
          ],
          [
            -71.4646716,
            10.3747435
          ],
          [
            -71.4652614,
            10.3742604
          ]
        ]
      },
      "properties": {
        "id": "OSM-W1321717369",
        "nombre": null,
        "tipo": "ducto",
        "sector": "midstream",
        "fluido": "hydrocarbons",
        "estado": "desconocido",
        "operadora": null,
        "diametro": null,
        "ubicacion": null,
        "fuente": "OpenStreetMap contributors (ODbL), consulta Overpass 2026-09-08",
        "confianza": "baja",
        "ultima_verificacion": "2026-09-08"
      }
    },
    {
      "type": "Feature",
      "geometry": {
        "type": "LineString",
        "coordinates": [
          [
            -71.4652723,
            10.3742699
          ],
          [
            -71.4646776,
            10.3747577
          ],
          [
            -71.4646728,
            10.3747778
          ],
          [
            -71.4647442,
            10.3748492
          ]
        ]
      },
      "properties": {
        "id": "OSM-W1321717370",
        "nombre": null,
        "tipo": "ducto",
        "sector": "midstream",
        "fluido": "hydrocarbons",
        "estado": "desconocido",
        "operadora": null,
        "diametro": null,
        "ubicacion": null,
        "fuente": "OpenStreetMap contributors (ODbL), consulta Overpass 2026-09-08",
        "confianza": "baja",
        "ultima_verificacion": "2026-09-08"
      }
    },
    {
      "type": "Feature",
      "geometry": {
        "type": "LineString",
        "coordinates": [
          [
            -71.4652831,
            10.3742829
          ],
          [
            -71.4646981,
            10.3747601
          ],
          [
            -71.4646932,
            10.3747676
          ],
          [
            -71.4646929,
            10.3747775
          ],
          [
            -71.4647559,
            10.3748394
          ]
        ]
      },
      "properties": {
        "id": "OSM-W1321717371",
        "nombre": null,
        "tipo": "ducto",
        "sector": "midstream",
        "fluido": "hydrocarbons",
        "estado": "desconocido",
        "operadora": null,
        "diametro": null,
        "ubicacion": null,
        "fuente": "OpenStreetMap contributors (ODbL), consulta Overpass 2026-09-08",
        "confianza": "baja",
        "ultima_verificacion": "2026-09-08"
      }
    },
    {
      "type": "Feature",
      "geometry": {
        "type": "LineString",
        "coordinates": [
          [
            -71.4652949,
            10.3742933
          ],
          [
            -71.464713,
            10.374767
          ],
          [
            -71.4647104,
            10.3747753
          ],
          [
            -71.4647666,
            10.3748297
          ]
        ]
      },
      "properties": {
        "id": "OSM-W1321717372",
        "nombre": null,
        "tipo": "ducto",
        "sector": "midstream",
        "fluido": "hydrocarbons",
        "estado": "desconocido",
        "operadora": null,
        "diametro": null,
        "ubicacion": null,
        "fuente": "OpenStreetMap contributors (ODbL), consulta Overpass 2026-09-08",
        "confianza": "baja",
        "ultima_verificacion": "2026-09-08"
      }
    },
    {
      "type": "Feature",
      "geometry": {
        "type": "LineString",
        "coordinates": [
          [
            -71.4673064,
            10.3705471
          ],
          [
            -71.4669896,
            10.3708051
          ]
        ]
      },
      "properties": {
        "id": "OSM-W1321717373",
        "nombre": null,
        "tipo": "ducto",
        "sector": "midstream",
        "fluido": "hydrocarbons",
        "estado": "desconocido",
        "operadora": null,
        "diametro": null,
        "ubicacion": null,
        "fuente": "OpenStreetMap contributors (ODbL), consulta Overpass 2026-09-08",
        "confianza": "baja",
        "ultima_verificacion": "2026-09-08"
      }
    },
    {
      "type": "Feature",
      "geometry": {
        "type": "LineString",
        "coordinates": [
          [
            -71.4673064,
            10.3705471
          ],
          [
            -71.4675312,
            10.3703815
          ]
        ]
      },
      "properties": {
        "id": "OSM-W1321717374",
        "nombre": null,
        "tipo": "ducto",
        "sector": "midstream",
        "fluido": "hydrocarbons",
        "estado": "desconocido",
        "operadora": null,
        "diametro": null,
        "ubicacion": "underground",
        "fuente": "OpenStreetMap contributors (ODbL), consulta Overpass 2026-09-08",
        "confianza": "baja",
        "ultima_verificacion": "2026-09-08"
      }
    },
    {
      "type": "Feature",
      "geometry": {
        "type": "LineString",
        "coordinates": [
          [
            -71.4666977,
            10.3702268
          ],
          [
            -71.4669178,
            10.3700493
          ]
        ]
      },
      "properties": {
        "id": "OSM-W1321717375",
        "nombre": null,
        "tipo": "ducto",
        "sector": "midstream",
        "fluido": "hydrocarbons",
        "estado": "desconocido",
        "operadora": null,
        "diametro": null,
        "ubicacion": null,
        "fuente": "OpenStreetMap contributors (ODbL), consulta Overpass 2026-09-08",
        "confianza": "baja",
        "ultima_verificacion": "2026-09-08"
      }
    },
    {
      "type": "Feature",
      "geometry": {
        "type": "LineString",
        "coordinates": [
          [
            -71.4666563,
            10.3701758
          ],
          [
            -71.4668674,
            10.3700039
          ]
        ]
      },
      "properties": {
        "id": "OSM-W1321717376",
        "nombre": null,
        "tipo": "ducto",
        "sector": "midstream",
        "fluido": "hydrocarbons",
        "estado": "desconocido",
        "operadora": null,
        "diametro": null,
        "ubicacion": null,
        "fuente": "OpenStreetMap contributors (ODbL), consulta Overpass 2026-09-08",
        "confianza": "baja",
        "ultima_verificacion": "2026-09-08"
      }
    },
    {
      "type": "Feature",
      "geometry": {
        "type": "LineString",
        "coordinates": [
          [
            -71.4661976,
            10.3689426
          ],
          [
            -71.4659575,
            10.3686349
          ]
        ]
      },
      "properties": {
        "id": "OSM-W1321717378",
        "nombre": null,
        "tipo": "ducto",
        "sector": "midstream",
        "fluido": "hydrocarbons",
        "estado": "desconocido",
        "operadora": null,
        "diametro": null,
        "ubicacion": "underground",
        "fuente": "OpenStreetMap contributors (ODbL), consulta Overpass 2026-09-08",
        "confianza": "baja",
        "ultima_verificacion": "2026-09-08"
      }
    },
    {
      "type": "Feature",
      "geometry": {
        "type": "LineString",
        "coordinates": [
          [
            -71.4670275,
            10.369937
          ],
          [
            -71.4673062,
            10.3701171
          ]
        ]
      },
      "properties": {
        "id": "OSM-W1321717379",
        "nombre": null,
        "tipo": "ducto",
        "sector": "midstream",
        "fluido": "hydrocarbons",
        "estado": "desconocido",
        "operadora": null,
        "diametro": null,
        "ubicacion": "underground",
        "fuente": "OpenStreetMap contributors (ODbL), consulta Overpass 2026-09-08",
        "confianza": "baja",
        "ultima_verificacion": "2026-09-08"
      }
    },
    {
      "type": "Feature",
      "geometry": {
        "type": "LineString",
        "coordinates": [
          [
            -71.4666101,
            10.3715056
          ],
          [
            -71.4667175,
            10.3714241
          ]
        ]
      },
      "properties": {
        "id": "OSM-W1321717398",
        "nombre": null,
        "tipo": "ducto",
        "sector": "midstream",
        "fluido": "hydrocarbons",
        "estado": "desconocido",
        "operadora": null,
        "diametro": null,
        "ubicacion": null,
        "fuente": "OpenStreetMap contributors (ODbL), consulta Overpass 2026-09-08",
        "confianza": "baja",
        "ultima_verificacion": "2026-09-08"
      }
    },
    {
      "type": "Feature",
      "geometry": {
        "type": "LineString",
        "coordinates": [
          [
            -71.4669693,
            10.3707818
          ],
          [
            -71.4669896,
            10.3708051
          ],
          [
            -71.4680221,
            10.372019
          ],
          [
            -71.4680255,
            10.3720302
          ],
          [
            -71.4680209,
            10.3720413
          ],
          [
            -71.4676576,
            10.3723362
          ]
        ]
      },
      "properties": {
        "id": "OSM-W1321805950",
        "nombre": null,
        "tipo": "ducto",
        "sector": "midstream",
        "fluido": "hydrocarbons",
        "estado": "desconocido",
        "operadora": null,
        "diametro": null,
        "ubicacion": null,
        "fuente": "OpenStreetMap contributors (ODbL), consulta Overpass 2026-09-08",
        "confianza": "baja",
        "ultima_verificacion": "2026-09-08"
      }
    },
    {
      "type": "Feature",
      "geometry": {
        "type": "LineString",
        "coordinates": [
          [
            -71.4669571,
            10.3707916
          ],
          [
            -71.4680005,
            10.3720134
          ],
          [
            -71.4680062,
            10.3720246
          ],
          [
            -71.4680028,
            10.3720346
          ],
          [
            -71.4676488,
            10.3723245
          ]
        ]
      },
      "properties": {
        "id": "OSM-W1321805951",
        "nombre": null,
        "tipo": "ducto",
        "sector": "midstream",
        "fluido": "hydrocarbons",
        "estado": "desconocido",
        "operadora": null,
        "diametro": null,
        "ubicacion": null,
        "fuente": "OpenStreetMap contributors (ODbL), consulta Overpass 2026-09-08",
        "confianza": "baja",
        "ultima_verificacion": "2026-09-08"
      }
    },
    {
      "type": "Feature",
      "geometry": {
        "type": "LineString",
        "coordinates": [
          [
            -71.4669461,
            10.3708005
          ],
          [
            -71.4679823,
            10.3720168
          ],
          [
            -71.4679852,
            10.3720276
          ],
          [
            -71.467981,
            10.3720359
          ],
          [
            -71.4676401,
            10.3723133
          ]
        ]
      },
      "properties": {
        "id": "OSM-W1321805952",
        "nombre": null,
        "tipo": "ducto",
        "sector": "midstream",
        "fluido": "hydrocarbons",
        "estado": "desconocido",
        "operadora": null,
        "diametro": null,
        "ubicacion": null,
        "fuente": "OpenStreetMap contributors (ODbL), consulta Overpass 2026-09-08",
        "confianza": "baja",
        "ultima_verificacion": "2026-09-08"
      }
    },
    {
      "type": "Feature",
      "geometry": {
        "type": "LineString",
        "coordinates": [
          [
            -71.4669381,
            10.3708092
          ],
          [
            -71.4679676,
            10.3720179
          ],
          [
            -71.4679676,
            10.3720262
          ],
          [
            -71.4679634,
            10.3720337
          ],
          [
            -71.4676317,
            10.3723036
          ]
        ]
      },
      "properties": {
        "id": "OSM-W1321805953",
        "nombre": null,
        "tipo": "ducto",
        "sector": "midstream",
        "fluido": "hydrocarbons",
        "estado": "desconocido",
        "operadora": null,
        "diametro": null,
        "ubicacion": null,
        "fuente": "OpenStreetMap contributors (ODbL), consulta Overpass 2026-09-08",
        "confianza": "baja",
        "ultima_verificacion": "2026-09-08"
      }
    },
    {
      "type": "Feature",
      "geometry": {
        "type": "LineString",
        "coordinates": [
          [
            -71.4675528,
            10.3724219
          ],
          [
            -71.4662694,
            10.3734845
          ]
        ]
      },
      "properties": {
        "id": "OSM-W1321805954",
        "nombre": null,
        "tipo": "ducto",
        "sector": "midstream",
        "fluido": "hydrocarbons",
        "estado": "desconocido",
        "operadora": null,
        "diametro": null,
        "ubicacion": null,
        "fuente": "OpenStreetMap contributors (ODbL), consulta Overpass 2026-09-08",
        "confianza": "baja",
        "ultima_verificacion": "2026-09-08"
      }
    },
    {
      "type": "Feature",
      "geometry": {
        "type": "LineString",
        "coordinates": [
          [
            -71.4675436,
            10.3724102
          ],
          [
            -71.4662602,
            10.3734728
          ]
        ]
      },
      "properties": {
        "id": "OSM-W1321805955",
        "nombre": null,
        "tipo": "ducto",
        "sector": "midstream",
        "fluido": "hydrocarbons",
        "estado": "desconocido",
        "operadora": null,
        "diametro": null,
        "ubicacion": null,
        "fuente": "OpenStreetMap contributors (ODbL), consulta Overpass 2026-09-08",
        "confianza": "baja",
        "ultima_verificacion": "2026-09-08"
      }
    },
    {
      "type": "Feature",
      "geometry": {
        "type": "LineString",
        "coordinates": [
          [
            -71.467533,
            10.3723998
          ],
          [
            -71.4662497,
            10.3734611
          ]
        ]
      },
      "properties": {
        "id": "OSM-W1321805956",
        "nombre": null,
        "tipo": "ducto",
        "sector": "midstream",
        "fluido": "hydrocarbons",
        "estado": "desconocido",
        "operadora": null,
        "diametro": null,
        "ubicacion": null,
        "fuente": "OpenStreetMap contributors (ODbL), consulta Overpass 2026-09-08",
        "confianza": "baja",
        "ultima_verificacion": "2026-09-08"
      }
    },
    {
      "type": "Feature",
      "geometry": {
        "type": "LineString",
        "coordinates": [
          [
            -71.4675251,
            10.3723907
          ],
          [
            -71.4662404,
            10.3734507
          ]
        ]
      },
      "properties": {
        "id": "OSM-W1321805957",
        "nombre": null,
        "tipo": "ducto",
        "sector": "midstream",
        "fluido": "hydrocarbons",
        "estado": "desconocido",
        "operadora": null,
        "diametro": null,
        "ubicacion": null,
        "fuente": "OpenStreetMap contributors (ODbL), consulta Overpass 2026-09-08",
        "confianza": "baja",
        "ultima_verificacion": "2026-09-08"
      }
    },
    {
      "type": "Feature",
      "geometry": {
        "type": "LineString",
        "coordinates": [
          [
            -71.4676576,
            10.3723362
          ],
          [
            -71.4675528,
            10.3724219
          ]
        ]
      },
      "properties": {
        "id": "OSM-W1321805960",
        "nombre": null,
        "tipo": "ducto",
        "sector": "midstream",
        "fluido": "hydrocarbons",
        "estado": "desconocido",
        "operadora": null,
        "diametro": null,
        "ubicacion": "underground",
        "fuente": "OpenStreetMap contributors (ODbL), consulta Overpass 2026-09-08",
        "confianza": "baja",
        "ultima_verificacion": "2026-09-08"
      }
    },
    {
      "type": "Feature",
      "geometry": {
        "type": "LineString",
        "coordinates": [
          [
            -71.4676488,
            10.3723245
          ],
          [
            -71.4675436,
            10.3724102
          ]
        ]
      },
      "properties": {
        "id": "OSM-W1321805961",
        "nombre": null,
        "tipo": "ducto",
        "sector": "midstream",
        "fluido": "hydrocarbons",
        "estado": "desconocido",
        "operadora": null,
        "diametro": null,
        "ubicacion": "underground",
        "fuente": "OpenStreetMap contributors (ODbL), consulta Overpass 2026-09-08",
        "confianza": "baja",
        "ultima_verificacion": "2026-09-08"
      }
    },
    {
      "type": "Feature",
      "geometry": {
        "type": "LineString",
        "coordinates": [
          [
            -71.4676401,
            10.3723133
          ],
          [
            -71.467533,
            10.3723998
          ]
        ]
      },
      "properties": {
        "id": "OSM-W1321805962",
        "nombre": null,
        "tipo": "ducto",
        "sector": "midstream",
        "fluido": "hydrocarbons",
        "estado": "desconocido",
        "operadora": null,
        "diametro": null,
        "ubicacion": "underground",
        "fuente": "OpenStreetMap contributors (ODbL), consulta Overpass 2026-09-08",
        "confianza": "baja",
        "ultima_verificacion": "2026-09-08"
      }
    },
    {
      "type": "Feature",
      "geometry": {
        "type": "LineString",
        "coordinates": [
          [
            -71.4676317,
            10.3723036
          ],
          [
            -71.4675251,
            10.3723907
          ]
        ]
      },
      "properties": {
        "id": "OSM-W1321805963",
        "nombre": null,
        "tipo": "ducto",
        "sector": "midstream",
        "fluido": "hydrocarbons",
        "estado": "desconocido",
        "operadora": null,
        "diametro": null,
        "ubicacion": "underground",
        "fuente": "OpenStreetMap contributors (ODbL), consulta Overpass 2026-09-08",
        "confianza": "baja",
        "ultima_verificacion": "2026-09-08"
      }
    },
    {
      "type": "Feature",
      "geometry": {
        "type": "LineString",
        "coordinates": [
          [
            -71.4661832,
            10.3735568
          ],
          [
            -71.4654684,
            10.3741536
          ]
        ]
      },
      "properties": {
        "id": "OSM-W1321805964",
        "nombre": null,
        "tipo": "ducto",
        "sector": "midstream",
        "fluido": "hydrocarbons",
        "estado": "desconocido",
        "operadora": null,
        "diametro": null,
        "ubicacion": null,
        "fuente": "OpenStreetMap contributors (ODbL), consulta Overpass 2026-09-08",
        "confianza": "baja",
        "ultima_verificacion": "2026-09-08"
      }
    },
    {
      "type": "Feature",
      "geometry": {
        "type": "LineString",
        "coordinates": [
          [
            -71.466174,
            10.3735438
          ],
          [
            -71.4654591,
            10.3741419
          ]
        ]
      },
      "properties": {
        "id": "OSM-W1321805965",
        "nombre": null,
        "tipo": "ducto",
        "sector": "midstream",
        "fluido": "hydrocarbons",
        "estado": "desconocido",
        "operadora": null,
        "diametro": null,
        "ubicacion": null,
        "fuente": "OpenStreetMap contributors (ODbL), consulta Overpass 2026-09-08",
        "confianza": "baja",
        "ultima_verificacion": "2026-09-08"
      }
    },
    {
      "type": "Feature",
      "geometry": {
        "type": "LineString",
        "coordinates": [
          [
            -71.4661648,
            10.3735295
          ],
          [
            -71.4654486,
            10.3741302
          ]
        ]
      },
      "properties": {
        "id": "OSM-W1321805966",
        "nombre": null,
        "tipo": "ducto",
        "sector": "midstream",
        "fluido": "hydrocarbons",
        "estado": "desconocido",
        "operadora": null,
        "diametro": null,
        "ubicacion": null,
        "fuente": "OpenStreetMap contributors (ODbL), consulta Overpass 2026-09-08",
        "confianza": "baja",
        "ultima_verificacion": "2026-09-08"
      }
    },
    {
      "type": "Feature",
      "geometry": {
        "type": "LineString",
        "coordinates": [
          [
            -71.4661555,
            10.3735218
          ],
          [
            -71.465438,
            10.3741199
          ]
        ]
      },
      "properties": {
        "id": "OSM-W1321805967",
        "nombre": null,
        "tipo": "ducto",
        "sector": "midstream",
        "fluido": "hydrocarbons",
        "estado": "desconocido",
        "operadora": null,
        "diametro": null,
        "ubicacion": null,
        "fuente": "OpenStreetMap contributors (ODbL), consulta Overpass 2026-09-08",
        "confianza": "baja",
        "ultima_verificacion": "2026-09-08"
      }
    },
    {
      "type": "Feature",
      "geometry": {
        "type": "LineString",
        "coordinates": [
          [
            -71.4662694,
            10.3734845
          ],
          [
            -71.4661832,
            10.3735568
          ]
        ]
      },
      "properties": {
        "id": "OSM-W1321805968",
        "nombre": null,
        "tipo": "ducto",
        "sector": "midstream",
        "fluido": "hydrocarbons",
        "estado": "desconocido",
        "operadora": null,
        "diametro": null,
        "ubicacion": "underground",
        "fuente": "OpenStreetMap contributors (ODbL), consulta Overpass 2026-09-08",
        "confianza": "baja",
        "ultima_verificacion": "2026-09-08"
      }
    },
    {
      "type": "Feature",
      "geometry": {
        "type": "LineString",
        "coordinates": [
          [
            -71.4662602,
            10.3734728
          ],
          [
            -71.466174,
            10.3735438
          ]
        ]
      },
      "properties": {
        "id": "OSM-W1321805969",
        "nombre": null,
        "tipo": "ducto",
        "sector": "midstream",
        "fluido": "hydrocarbons",
        "estado": "desconocido",
        "operadora": null,
        "diametro": null,
        "ubicacion": "underground",
        "fuente": "OpenStreetMap contributors (ODbL), consulta Overpass 2026-09-08",
        "confianza": "baja",
        "ultima_verificacion": "2026-09-08"
      }
    },
    {
      "type": "Feature",
      "geometry": {
        "type": "LineString",
        "coordinates": [
          [
            -71.4662497,
            10.3734611
          ],
          [
            -71.4661648,
            10.3735295
          ]
        ]
      },
      "properties": {
        "id": "OSM-W1321805970",
        "nombre": null,
        "tipo": "ducto",
        "sector": "midstream",
        "fluido": "hydrocarbons",
        "estado": "desconocido",
        "operadora": null,
        "diametro": null,
        "ubicacion": "underground",
        "fuente": "OpenStreetMap contributors (ODbL), consulta Overpass 2026-09-08",
        "confianza": "baja",
        "ultima_verificacion": "2026-09-08"
      }
    },
    {
      "type": "Feature",
      "geometry": {
        "type": "LineString",
        "coordinates": [
          [
            -71.4662404,
            10.3734507
          ],
          [
            -71.4661555,
            10.3735218
          ]
        ]
      },
      "properties": {
        "id": "OSM-W1321805971",
        "nombre": null,
        "tipo": "ducto",
        "sector": "midstream",
        "fluido": "hydrocarbons",
        "estado": "desconocido",
        "operadora": null,
        "diametro": null,
        "ubicacion": "underground",
        "fuente": "OpenStreetMap contributors (ODbL), consulta Overpass 2026-09-08",
        "confianza": "baja",
        "ultima_verificacion": "2026-09-08"
      }
    },
    {
      "type": "Feature",
      "geometry": {
        "type": "LineString",
        "coordinates": [
          [
            -71.4654684,
            10.3741536
          ],
          [
            -71.4652949,
            10.3742933
          ]
        ]
      },
      "properties": {
        "id": "OSM-W1321805972",
        "nombre": null,
        "tipo": "ducto",
        "sector": "midstream",
        "fluido": "hydrocarbons",
        "estado": "desconocido",
        "operadora": null,
        "diametro": null,
        "ubicacion": "underground",
        "fuente": "OpenStreetMap contributors (ODbL), consulta Overpass 2026-09-08",
        "confianza": "baja",
        "ultima_verificacion": "2026-09-08"
      }
    },
    {
      "type": "Feature",
      "geometry": {
        "type": "LineString",
        "coordinates": [
          [
            -71.4654591,
            10.3741419
          ],
          [
            -71.4652831,
            10.3742829
          ]
        ]
      },
      "properties": {
        "id": "OSM-W1321805973",
        "nombre": null,
        "tipo": "ducto",
        "sector": "midstream",
        "fluido": "hydrocarbons",
        "estado": "desconocido",
        "operadora": null,
        "diametro": null,
        "ubicacion": "underground",
        "fuente": "OpenStreetMap contributors (ODbL), consulta Overpass 2026-09-08",
        "confianza": "baja",
        "ultima_verificacion": "2026-09-08"
      }
    },
    {
      "type": "Feature",
      "geometry": {
        "type": "LineString",
        "coordinates": [
          [
            -71.4654486,
            10.3741302
          ],
          [
            -71.4652723,
            10.3742699
          ]
        ]
      },
      "properties": {
        "id": "OSM-W1321805974",
        "nombre": null,
        "tipo": "ducto",
        "sector": "midstream",
        "fluido": "hydrocarbons",
        "estado": "desconocido",
        "operadora": null,
        "diametro": null,
        "ubicacion": "underground",
        "fuente": "OpenStreetMap contributors (ODbL), consulta Overpass 2026-09-08",
        "confianza": "baja",
        "ultima_verificacion": "2026-09-08"
      }
    },
    {
      "type": "Feature",
      "geometry": {
        "type": "LineString",
        "coordinates": [
          [
            -71.465438,
            10.3741199
          ],
          [
            -71.4652614,
            10.3742604
          ]
        ]
      },
      "properties": {
        "id": "OSM-W1321805975",
        "nombre": null,
        "tipo": "ducto",
        "sector": "midstream",
        "fluido": "hydrocarbons",
        "estado": "desconocido",
        "operadora": null,
        "diametro": null,
        "ubicacion": "underground",
        "fuente": "OpenStreetMap contributors (ODbL), consulta Overpass 2026-09-08",
        "confianza": "baja",
        "ultima_verificacion": "2026-09-08"
      }
    },
    {
      "type": "Feature",
      "geometry": {
        "type": "LineString",
        "coordinates": [
          [
            -71.4661836,
            10.369133
          ],
          [
            -71.4658187,
            10.3694306
          ]
        ]
      },
      "properties": {
        "id": "OSM-W1321805992",
        "nombre": null,
        "tipo": "ducto",
        "sector": "midstream",
        "fluido": "hydrocarbons",
        "estado": "desconocido",
        "operadora": null,
        "diametro": null,
        "ubicacion": null,
        "fuente": "OpenStreetMap contributors (ODbL), consulta Overpass 2026-09-08",
        "confianza": "baja",
        "ultima_verificacion": "2026-09-08"
      }
    },
    {
      "type": "Feature",
      "geometry": {
        "type": "LineString",
        "coordinates": [
          [
            -71.466952,
            10.3670999
          ],
          [
            -71.4668851,
            10.3672016
          ],
          [
            -71.4660692,
            10.3685821
          ]
        ]
      },
      "properties": {
        "id": "OSM-W1321822960",
        "nombre": null,
        "tipo": "ducto",
        "sector": "midstream",
        "fluido": "hydrocarbons",
        "estado": "desconocido",
        "operadora": null,
        "diametro": null,
        "ubicacion": null,
        "fuente": "OpenStreetMap contributors (ODbL), consulta Overpass 2026-09-08",
        "confianza": "baja",
        "ultima_verificacion": "2026-09-08"
      }
    },
    {
      "type": "Feature",
      "geometry": {
        "type": "LineString",
        "coordinates": [
          [
            -71.4669634,
            10.3671057
          ],
          [
            -71.4660804,
            10.3685929
          ]
        ]
      },
      "properties": {
        "id": "OSM-W1321822961",
        "nombre": null,
        "tipo": "ducto",
        "sector": "midstream",
        "fluido": "hydrocarbons",
        "estado": "desconocido",
        "operadora": null,
        "diametro": null,
        "ubicacion": null,
        "fuente": "OpenStreetMap contributors (ODbL), consulta Overpass 2026-09-08",
        "confianza": "baja",
        "ultima_verificacion": "2026-09-08"
      }
    },
    {
      "type": "Feature",
      "geometry": {
        "type": "LineString",
        "coordinates": [
          [
            -71.4669924,
            10.3671202
          ],
          [
            -71.4661022,
            10.368614
          ]
        ]
      },
      "properties": {
        "id": "OSM-W1321822962",
        "nombre": null,
        "tipo": "ducto",
        "sector": "midstream",
        "fluido": "hydrocarbons",
        "estado": "desconocido",
        "operadora": null,
        "diametro": null,
        "ubicacion": null,
        "fuente": "OpenStreetMap contributors (ODbL), consulta Overpass 2026-09-08",
        "confianza": "baja",
        "ultima_verificacion": "2026-09-08"
      }
    },
    {
      "type": "Feature",
      "geometry": {
        "type": "LineString",
        "coordinates": [
          [
            -71.466881,
            10.3672634
          ],
          [
            -71.4660896,
            10.3686018
          ]
        ]
      },
      "properties": {
        "id": "OSM-W1321822963",
        "nombre": null,
        "tipo": "ducto",
        "sector": "midstream",
        "fluido": "hydrocarbons",
        "estado": "desconocido",
        "operadora": null,
        "diametro": null,
        "ubicacion": null,
        "fuente": "OpenStreetMap contributors (ODbL), consulta Overpass 2026-09-08",
        "confianza": "baja",
        "ultima_verificacion": "2026-09-08"
      }
    },
    {
      "type": "Feature",
      "geometry": {
        "type": "LineString",
        "coordinates": [
          [
            -71.467024,
            10.3671362
          ],
          [
            -71.4661355,
            10.3686461
          ]
        ]
      },
      "properties": {
        "id": "OSM-W1321822965",
        "nombre": null,
        "tipo": "ducto",
        "sector": "midstream",
        "fluido": "hydrocarbons",
        "estado": "desconocido",
        "operadora": null,
        "diametro": null,
        "ubicacion": null,
        "fuente": "OpenStreetMap contributors (ODbL), consulta Overpass 2026-09-08",
        "confianza": "baja",
        "ultima_verificacion": "2026-09-08"
      }
    },
    {
      "type": "Feature",
      "geometry": {
        "type": "LineString",
        "coordinates": [
          [
            -71.4669184,
            10.3672818
          ],
          [
            -71.466119,
            10.3686301
          ]
        ]
      },
      "properties": {
        "id": "OSM-W1321822966",
        "nombre": null,
        "tipo": "ducto",
        "sector": "midstream",
        "fluido": "hydrocarbons",
        "estado": "desconocido",
        "operadora": null,
        "diametro": null,
        "ubicacion": null,
        "fuente": "OpenStreetMap contributors (ODbL), consulta Overpass 2026-09-08",
        "confianza": "baja",
        "ultima_verificacion": "2026-09-08"
      }
    },
    {
      "type": "Feature",
      "geometry": {
        "type": "LineString",
        "coordinates": [
          [
            -71.4669073,
            10.3672763
          ],
          [
            -71.4661094,
            10.3686209
          ]
        ]
      },
      "properties": {
        "id": "OSM-W1321822967",
        "nombre": null,
        "tipo": "ducto",
        "sector": "midstream",
        "fluido": "hydrocarbons",
        "estado": "desconocido",
        "operadora": null,
        "diametro": null,
        "ubicacion": null,
        "fuente": "OpenStreetMap contributors (ODbL), consulta Overpass 2026-09-08",
        "confianza": "baja",
        "ultima_verificacion": "2026-09-08"
      }
    },
    {
      "type": "Feature",
      "geometry": {
        "type": "LineString",
        "coordinates": [
          [
            -71.4680468,
            10.3684223
          ],
          [
            -71.4671461,
            10.369958
          ]
        ]
      },
      "properties": {
        "id": "OSM-W1321822968",
        "nombre": null,
        "tipo": "ducto",
        "sector": "midstream",
        "fluido": "hydrocarbons",
        "estado": "desconocido",
        "operadora": null,
        "diametro": null,
        "ubicacion": null,
        "fuente": "OpenStreetMap contributors (ODbL), consulta Overpass 2026-09-08",
        "confianza": "baja",
        "ultima_verificacion": "2026-09-08"
      }
    },
    {
      "type": "Feature",
      "geometry": {
        "type": "LineString",
        "coordinates": [
          [
            -71.4680816,
            10.3684409
          ],
          [
            -71.4672087,
            10.3699281
          ]
        ]
      },
      "properties": {
        "id": "OSM-W1321822969",
        "nombre": null,
        "tipo": "ducto",
        "sector": "midstream",
        "fluido": "hydrocarbons",
        "estado": "desconocido",
        "operadora": null,
        "diametro": null,
        "ubicacion": null,
        "fuente": "OpenStreetMap contributors (ODbL), consulta Overpass 2026-09-08",
        "confianza": "baja",
        "ultima_verificacion": "2026-09-08"
      }
    },
    {
      "type": "Feature",
      "geometry": {
        "type": "LineString",
        "coordinates": [
          [
            -71.468123,
            10.3684631
          ],
          [
            -71.467234,
            10.3699605
          ]
        ]
      },
      "properties": {
        "id": "OSM-W1321822970",
        "nombre": null,
        "tipo": "ducto",
        "sector": "midstream",
        "fluido": "hydrocarbons",
        "estado": "desconocido",
        "operadora": null,
        "diametro": null,
        "ubicacion": null,
        "fuente": "OpenStreetMap contributors (ODbL), consulta Overpass 2026-09-08",
        "confianza": "baja",
        "ultima_verificacion": "2026-09-08"
      }
    },
    {
      "type": "Feature",
      "geometry": {
        "type": "LineString",
        "coordinates": [
          [
            -71.4661247,
            10.3688089
          ],
          [
            -71.4664489,
            10.3691965
          ],
          [
            -71.4670054,
            10.36986
          ]
        ]
      },
      "properties": {
        "id": "OSM-W1321822971",
        "nombre": null,
        "tipo": "ducto",
        "sector": "midstream",
        "fluido": "hydrocarbons",
        "estado": "desconocido",
        "operadora": null,
        "diametro": null,
        "ubicacion": null,
        "fuente": "OpenStreetMap contributors (ODbL), consulta Overpass 2026-09-08",
        "confianza": "baja",
        "ultima_verificacion": "2026-09-08"
      }
    },
    {
      "type": "Feature",
      "geometry": {
        "type": "LineString",
        "coordinates": [
          [
            -71.4661355,
            10.3686461
          ],
          [
            -71.4661014,
            10.3687005
          ]
        ]
      },
      "properties": {
        "id": "OSM-W1321822972",
        "nombre": null,
        "tipo": "ducto",
        "sector": "midstream",
        "fluido": "hydrocarbons",
        "estado": "desconocido",
        "operadora": null,
        "diametro": null,
        "ubicacion": null,
        "fuente": "OpenStreetMap contributors (ODbL), consulta Overpass 2026-09-08",
        "confianza": "baja",
        "ultima_verificacion": "2026-09-08"
      }
    },
    {
      "type": "Feature",
      "geometry": {
        "type": "LineString",
        "coordinates": [
          [
            -71.4660398,
            10.368657
          ],
          [
            -71.4660879,
            10.3687112
          ],
          [
            -71.4660875,
            10.3687173
          ],
          [
            -71.4660859,
            10.3687446
          ],
          [
            -71.4660849,
            10.3687612
          ]
        ]
      },
      "properties": {
        "id": "OSM-W1321822973",
        "nombre": null,
        "tipo": "ducto",
        "sector": "midstream",
        "fluido": "hydrocarbons",
        "estado": "desconocido",
        "operadora": null,
        "diametro": null,
        "ubicacion": null,
        "fuente": "OpenStreetMap contributors (ODbL), consulta Overpass 2026-09-08",
        "confianza": "baja",
        "ultima_verificacion": "2026-09-08"
      }
    },
    {
      "type": "Feature",
      "geometry": {
        "type": "LineString",
        "coordinates": [
          [
            -71.4660859,
            10.3687446
          ],
          [
            -71.4660937,
            10.3687526
          ]
        ]
      },
      "properties": {
        "id": "OSM-W1321822974",
        "nombre": null,
        "tipo": "ducto",
        "sector": "midstream",
        "fluido": "hydrocarbons",
        "estado": "desconocido",
        "operadora": null,
        "diametro": null,
        "ubicacion": null,
        "fuente": "OpenStreetMap contributors (ODbL), consulta Overpass 2026-09-08",
        "confianza": "baja",
        "ultima_verificacion": "2026-09-08"
      }
    },
    {
      "type": "Feature",
      "geometry": {
        "type": "LineString",
        "coordinates": [
          [
            -71.4660875,
            10.3687173
          ],
          [
            -71.4661052,
            10.3687358
          ]
        ]
      },
      "properties": {
        "id": "OSM-W1321822975",
        "nombre": null,
        "tipo": "ducto",
        "sector": "midstream",
        "fluido": "hydrocarbons",
        "estado": "desconocido",
        "operadora": null,
        "diametro": null,
        "ubicacion": null,
        "fuente": "OpenStreetMap contributors (ODbL), consulta Overpass 2026-09-08",
        "confianza": "baja",
        "ultima_verificacion": "2026-09-08"
      }
    },
    {
      "type": "Feature",
      "geometry": {
        "type": "LineString",
        "coordinates": [
          [
            -71.4661022,
            10.368614
          ],
          [
            -71.4660725,
            10.3686563
          ]
        ]
      },
      "properties": {
        "id": "OSM-W1321822976",
        "nombre": null,
        "tipo": "ducto",
        "sector": "midstream",
        "fluido": "hydrocarbons",
        "estado": "desconocido",
        "operadora": null,
        "diametro": null,
        "ubicacion": null,
        "fuente": "OpenStreetMap contributors (ODbL), consulta Overpass 2026-09-08",
        "confianza": "baja",
        "ultima_verificacion": "2026-09-08"
      }
    },
    {
      "type": "Feature",
      "geometry": {
        "type": "LineString",
        "coordinates": [
          [
            -71.4660804,
            10.3685929
          ],
          [
            -71.4660398,
            10.368657
          ],
          [
            -71.4660356,
            10.3686637
          ],
          [
            -71.4660265,
            10.368676
          ],
          [
            -71.4660254,
            10.3686871
          ],
          [
            -71.4660378,
            10.368705
          ],
          [
            -71.4660849,
            10.3687612
          ]
        ]
      },
      "properties": {
        "id": "OSM-W1321822977",
        "nombre": null,
        "tipo": "ducto",
        "sector": "midstream",
        "fluido": "hydrocarbons",
        "estado": "desconocido",
        "operadora": null,
        "diametro": null,
        "ubicacion": null,
        "fuente": "OpenStreetMap contributors (ODbL), consulta Overpass 2026-09-08",
        "confianza": "baja",
        "ultima_verificacion": "2026-09-08"
      }
    },
    {
      "type": "Feature",
      "geometry": {
        "type": "LineString",
        "coordinates": [
          [
            -71.4660849,
            10.3687612
          ],
          [
            -71.4661247,
            10.3688089
          ]
        ]
      },
      "properties": {
        "id": "OSM-W1321822978",
        "nombre": null,
        "tipo": "ducto",
        "sector": "midstream",
        "fluido": "hydrocarbons",
        "estado": "desconocido",
        "operadora": null,
        "diametro": null,
        "ubicacion": "underground",
        "fuente": "OpenStreetMap contributors (ODbL), consulta Overpass 2026-09-08",
        "confianza": "baja",
        "ultima_verificacion": "2026-09-08"
      }
    },
    {
      "type": "Feature",
      "geometry": {
        "type": "LineString",
        "coordinates": [
          [
            -71.466119,
            10.3686301
          ],
          [
            -71.4661012,
            10.3686603
          ],
          [
            -71.4661342,
            10.3686953
          ]
        ]
      },
      "properties": {
        "id": "OSM-W1321822979",
        "nombre": null,
        "tipo": "ducto",
        "sector": "midstream",
        "fluido": "hydrocarbons",
        "estado": "desconocido",
        "operadora": null,
        "diametro": null,
        "ubicacion": null,
        "fuente": "OpenStreetMap contributors (ODbL), consulta Overpass 2026-09-08",
        "confianza": "baja",
        "ultima_verificacion": "2026-09-08"
      }
    },
    {
      "type": "Feature",
      "geometry": {
        "type": "LineString",
        "coordinates": [
          [
            -71.4661723,
            10.3687432
          ],
          [
            -71.4670876,
            10.3698295
          ]
        ]
      },
      "properties": {
        "id": "OSM-W1321822980",
        "nombre": null,
        "tipo": "ducto",
        "sector": "midstream",
        "fluido": "hydrocarbons",
        "estado": "desconocido",
        "operadora": null,
        "diametro": null,
        "ubicacion": null,
        "fuente": "OpenStreetMap contributors (ODbL), consulta Overpass 2026-09-08",
        "confianza": "baja",
        "ultima_verificacion": "2026-09-08"
      }
    },
    {
      "type": "Feature",
      "geometry": {
        "type": "LineString",
        "coordinates": [
          [
            -71.4661342,
            10.3686953
          ],
          [
            -71.4661723,
            10.3687432
          ]
        ]
      },
      "properties": {
        "id": "OSM-W1321822981",
        "nombre": null,
        "tipo": "ducto",
        "sector": "midstream",
        "fluido": "hydrocarbons",
        "estado": "desconocido",
        "operadora": null,
        "diametro": null,
        "ubicacion": "underground",
        "fuente": "OpenStreetMap contributors (ODbL), consulta Overpass 2026-09-08",
        "confianza": "baja",
        "ultima_verificacion": "2026-09-08"
      }
    },
    {
      "type": "Feature",
      "geometry": {
        "type": "LineString",
        "coordinates": [
          [
            -71.4661582,
            10.3687633
          ],
          [
            -71.4670664,
            10.3698289
          ]
        ]
      },
      "properties": {
        "id": "OSM-W1321822982",
        "nombre": null,
        "tipo": "ducto",
        "sector": "midstream",
        "fluido": "hydrocarbons",
        "estado": "desconocido",
        "operadora": null,
        "diametro": null,
        "ubicacion": null,
        "fuente": "OpenStreetMap contributors (ODbL), consulta Overpass 2026-09-08",
        "confianza": "baja",
        "ultima_verificacion": "2026-09-08"
      }
    },
    {
      "type": "Feature",
      "geometry": {
        "type": "LineString",
        "coordinates": [
          [
            -71.4661582,
            10.3687633
          ],
          [
            -71.4661014,
            10.3687005
          ]
        ]
      },
      "properties": {
        "id": "OSM-W1321822983",
        "nombre": null,
        "tipo": "ducto",
        "sector": "midstream",
        "fluido": "hydrocarbons",
        "estado": "desconocido",
        "operadora": null,
        "diametro": null,
        "ubicacion": "underground",
        "fuente": "OpenStreetMap contributors (ODbL), consulta Overpass 2026-09-08",
        "confianza": "baja",
        "ultima_verificacion": "2026-09-08"
      }
    },
    {
      "type": "Feature",
      "geometry": {
        "type": "LineString",
        "coordinates": [
          [
            -71.4661464,
            10.3687826
          ],
          [
            -71.4670596,
            10.3698674
          ]
        ]
      },
      "properties": {
        "id": "OSM-W1321822984",
        "nombre": null,
        "tipo": "ducto",
        "sector": "midstream",
        "fluido": "hydrocarbons",
        "estado": "desconocido",
        "operadora": null,
        "diametro": null,
        "ubicacion": null,
        "fuente": "OpenStreetMap contributors (ODbL), consulta Overpass 2026-09-08",
        "confianza": "baja",
        "ultima_verificacion": "2026-09-08"
      }
    },
    {
      "type": "Feature",
      "geometry": {
        "type": "LineString",
        "coordinates": [
          [
            -71.4661052,
            10.3687358
          ],
          [
            -71.4661464,
            10.3687826
          ]
        ]
      },
      "properties": {
        "id": "OSM-W1321822985",
        "nombre": null,
        "tipo": "ducto",
        "sector": "midstream",
        "fluido": "hydrocarbons",
        "estado": "desconocido",
        "operadora": null,
        "diametro": null,
        "ubicacion": "underground",
        "fuente": "OpenStreetMap contributors (ODbL), consulta Overpass 2026-09-08",
        "confianza": "baja",
        "ultima_verificacion": "2026-09-08"
      }
    },
    {
      "type": "Feature",
      "geometry": {
        "type": "LineString",
        "coordinates": [
          [
            -71.4661376,
            10.368797
          ],
          [
            -71.4670557,
            10.3698904
          ],
          [
            -71.4670606,
            10.3699029
          ],
          [
            -71.4670557,
            10.3699174
          ]
        ]
      },
      "properties": {
        "id": "OSM-W1321822986",
        "nombre": null,
        "tipo": "ducto",
        "sector": "midstream",
        "fluido": "hydrocarbons",
        "estado": "desconocido",
        "operadora": null,
        "diametro": null,
        "ubicacion": null,
        "fuente": "OpenStreetMap contributors (ODbL), consulta Overpass 2026-09-08",
        "confianza": "baja",
        "ultima_verificacion": "2026-09-08"
      }
    },
    {
      "type": "Feature",
      "geometry": {
        "type": "LineString",
        "coordinates": [
          [
            -71.4660937,
            10.3687526
          ],
          [
            -71.4661376,
            10.368797
          ]
        ]
      },
      "properties": {
        "id": "OSM-W1321822987",
        "nombre": null,
        "tipo": "ducto",
        "sector": "midstream",
        "fluido": "hydrocarbons",
        "estado": "desconocido",
        "operadora": null,
        "diametro": null,
        "ubicacion": "underground",
        "fuente": "OpenStreetMap contributors (ODbL), consulta Overpass 2026-09-08",
        "confianza": "baja",
        "ultima_verificacion": "2026-09-08"
      }
    },
    {
      "type": "Feature",
      "geometry": {
        "type": "LineString",
        "coordinates": [
          [
            -70.1842438,
            11.3322143
          ],
          [
            -70.173009,
            11.335177
          ],
          [
            -70.168401,
            11.33641
          ],
          [
            -70.164417,
            11.338843
          ],
          [
            -70.1624701,
            11.3399827
          ],
          [
            -70.1621824,
            11.3401865
          ],
          [
            -70.1585968,
            11.3438629
          ],
          [
            -70.158349,
            11.3442287
          ],
          [
            -70.1575529,
            11.3474278
          ],
          [
            -70.1575,
            11.3479435
          ],
          [
            -70.1578791,
            11.3522482
          ],
          [
            -70.1579054,
            11.3528241
          ],
          [
            -70.1577138,
            11.3531775
          ],
          [
            -70.154872,
            11.355678
          ],
          [
            -70.152784,
            11.35748
          ],
          [
            -70.152402,
            11.357966
          ],
          [
            -70.145259,
            11.373072
          ],
          [
            -70.134882,
            11.395303
          ],
          [
            -70.133904,
            11.39733
          ],
          [
            -70.133766,
            11.397541
          ],
          [
            -70.133509,
            11.397759
          ],
          [
            -70.133121,
            11.397902
          ],
          [
            -70.129992,
            11.398365
          ],
          [
            -70.061652,
            11.408237
          ],
          [
            -70.028191,
            11.425113
          ],
          [
            -70.011623,
            11.433548
          ],
          [
            -70.011066,
            11.433929
          ],
          [
            -70.010847,
            11.434205
          ],
          [
            -70.010707,
            11.434605
          ],
          [
            -70.011276,
            11.440354
          ],
          [
            -70.011925,
            11.445125
          ],
          [
            -70.016419,
            11.485153
          ],
          [
            -70.016531,
            11.485767
          ],
          [
            -70.016661,
            11.486205
          ],
          [
            -70.017171,
            11.48754
          ],
          [
            -70.017914,
            11.48887
          ],
          [
            -70.01863,
            11.489759
          ],
          [
            -70.019075,
            11.490202
          ],
          [
            -70.020489,
            11.491407
          ],
          [
            -70.041985,
            11.508781
          ],
          [
            -70.042657,
            11.509263
          ],
          [
            -70.043648,
            11.509839
          ],
          [
            -70.050045,
            11.512262
          ],
          [
            -70.050798,
            11.512653
          ],
          [
            -70.053565,
            11.514474
          ],
          [
            -70.058442,
            11.517725
          ],
          [
            -70.067246,
            11.524634
          ],
          [
            -70.070393,
            11.527177
          ],
          [
            -70.074826,
            11.530597
          ],
          [
            -70.075605,
            11.531029
          ],
          [
            -70.083239,
            11.534662
          ],
          [
            -70.088846,
            11.536709
          ],
          [
            -70.092762,
            11.538099
          ],
          [
            -70.095357,
            11.53897
          ],
          [
            -70.097946,
            11.539979
          ],
          [
            -70.099048,
            11.540694
          ],
          [
            -70.114802,
            11.551846
          ],
          [
            -70.120755,
            11.557099
          ],
          [
            -70.123542,
            11.559067
          ],
          [
            -70.124169,
            11.559472
          ],
          [
            -70.125686,
            11.560299
          ],
          [
            -70.128865,
            11.56201
          ],
          [
            -70.1306623,
            11.5629694
          ],
          [
            -70.13083,
            11.563012
          ],
          [
            -70.131397,
            11.563008
          ],
          [
            -70.132184,
            11.563072
          ],
          [
            -70.132583,
            11.563148
          ],
          [
            -70.134489,
            11.563894
          ],
          [
            -70.134818,
            11.564046
          ],
          [
            -70.135278,
            11.564438
          ],
          [
            -70.135561,
            11.564939
          ],
          [
            -70.135704,
            11.565386
          ]
        ]
      },
      "properties": {
        "id": "OSM-W1446700724",
        "nombre": "Línea Maracaibo - Cardón",
        "tipo": "ducto",
        "sector": "midstream",
        "fluido": "oil",
        "estado": "desconocido",
        "operadora": "PDVSA",
        "diametro": null,
        "ubicacion": "overground",
        "fuente": "OpenStreetMap contributors (ODbL), consulta Overpass 2026-09-08",
        "confianza": "baja",
        "ultima_verificacion": "2026-09-08"
      }
    },
    {
      "type": "Feature",
      "geometry": {
        "type": "LineString",
        "coordinates": [
          [
            -70.1848115,
            11.3320736
          ],
          [
            -70.1842438,
            11.3322143
          ]
        ]
      },
      "properties": {
        "id": "OSM-W1446700725",
        "nombre": "Línea Maracaibo - Cardón",
        "tipo": "ducto",
        "sector": "midstream",
        "fluido": "oil",
        "estado": "desconocido",
        "operadora": "PDVSA",
        "diametro": null,
        "ubicacion": "underground",
        "fuente": "OpenStreetMap contributors (ODbL), consulta Overpass 2026-09-08",
        "confianza": "baja",
        "ultima_verificacion": "2026-09-08"
      }
    },
    {
      "type": "Feature",
      "geometry": {
        "type": "LineString",
        "coordinates": [
          [
            -63.6164013,
            10.5033334
          ],
          [
            -63.6191591,
            10.5056793
          ],
          [
            -63.6210183,
            10.5071905
          ],
          [
            -63.6242967,
            10.5098716
          ],
          [
            -63.6278601,
            10.5108283
          ],
          [
            -63.6295024,
            10.511334
          ],
          [
            -63.6308658,
            10.5117118
          ],
          [
            -63.6322478,
            10.5120226
          ],
          [
            -63.6338344,
            10.5123272
          ],
          [
            -63.635613,
            10.5125953
          ],
          [
            -63.6359539,
            10.5126441
          ],
          [
            -63.6360778,
            10.5126563
          ],
          [
            -63.6361862,
            10.5126578
          ],
          [
            -63.6362792,
            10.512641
          ],
          [
            -63.6388883,
            10.5120165
          ],
          [
            -63.6394336,
            10.5118946
          ],
          [
            -63.6396444,
            10.5118215
          ],
          [
            -63.6398396,
            10.5117392
          ],
          [
            -63.6400503,
            10.5116326
          ],
          [
            -63.6401928,
            10.5115716
          ],
          [
            -63.6428634,
            10.5099662
          ],
          [
            -63.6440273,
            10.5090685
          ],
          [
            -63.6453841,
            10.5079304
          ],
          [
            -63.6460335,
            10.5073045
          ],
          [
            -63.6488757,
            10.5044214
          ],
          [
            -63.650747,
            10.5025499
          ],
          [
            -63.6525957,
            10.5008492
          ],
          [
            -63.65275,
            10.5007512
          ],
          [
            -63.6530201,
            10.5006721
          ],
          [
            -63.6532516,
            10.5006563
          ],
          [
            -63.6533802,
            10.5006721
          ],
          [
            -63.6535216,
            10.5006974
          ],
          [
            -63.653721,
            10.5007354
          ],
          [
            -63.6538335,
            10.5007512
          ],
          [
            -63.6540521,
            10.5007354
          ],
          [
            -63.6542965,
            10.5007006
          ],
          [
            -63.6555858,
            10.5003939
          ],
          [
            -63.6567432,
            10.5001379
          ],
          [
            -63.6588234,
            10.4997364
          ],
          [
            -63.6599198,
            10.4995372
          ],
          [
            -63.6606754,
            10.4994455
          ],
          [
            -63.6632346,
            10.4993507
          ],
          [
            -63.6634115,
            10.4993507
          ],
          [
            -63.6635497,
            10.4993222
          ],
          [
            -63.6636976,
            10.4992653
          ],
          [
            -63.6641027,
            10.4990883
          ],
          [
            -63.665855,
            10.4984529
          ],
          [
            -63.666064,
            10.4983707
          ],
          [
            -63.6663115,
            10.4983138
          ],
          [
            -63.6667777,
            10.4982411
          ],
          [
            -63.6682953,
            10.4980293
          ],
          [
            -63.6685396,
            10.498004
          ],
          [
            -63.6688483,
            10.4979471
          ],
          [
            -63.6691376,
            10.4978522
          ],
          [
            -63.6693756,
            10.4977574
          ],
          [
            -63.6696328,
            10.4976626
          ],
          [
            -63.6699029,
            10.4975424
          ],
          [
            -63.6701022,
            10.4974444
          ],
          [
            -63.6701697,
            10.4974191
          ],
          [
            -63.6702887,
            10.4973844
          ],
          [
            -63.6704398,
            10.4973591
          ],
          [
            -63.6705587,
            10.4973401
          ],
          [
            -63.6708352,
            10.4973369
          ],
          [
            -63.671684,
            10.4974349
          ],
          [
            -63.6724364,
            10.4974918
          ],
          [
            -63.6730923,
            10.4975013
          ],
          [
            -63.673327,
            10.4975013
          ],
          [
            -63.6735038,
            10.4974697
          ],
          [
            -63.673671,
            10.4974381
          ],
          [
            -63.6738703,
            10.497378
          ],
          [
            -63.6740407,
            10.4973053
          ],
          [
            -63.6747063,
            10.4969291
          ],
          [
            -63.6770662,
            10.4950513
          ],
          [
            -63.6802685,
            10.4926486
          ],
          [
            -63.6803585,
            10.4926139
          ],
          [
            -63.6805257,
            10.4925475
          ],
          [
            -63.6806865,
            10.4925127
          ],
          [
            -63.6817989,
            10.4924589
          ],
          [
            -63.6839274,
            10.4924337
          ],
          [
            -63.6844546,
            10.4924906
          ],
          [
            -63.6850462,
            10.492617
          ],
          [
            -63.6871361,
            10.4931734
          ],
          [
            -63.6882164,
            10.493401
          ],
          [
            -63.6885315,
            10.49342
          ],
          [
            -63.6889301,
            10.4934074
          ],
          [
            -63.6899236,
            10.493205
          ],
          [
            -63.6900972,
            10.4931924
          ],
          [
            -63.6902355,
            10.4931924
          ],
          [
            -63.6903319,
            10.4932177
          ],
          [
            -63.691798,
            10.494204
          ],
          [
            -63.692171,
            10.4945202
          ],
          [
            -63.6923382,
            10.4946403
          ],
          [
            -63.6926854,
            10.49483
          ],
          [
            -63.6952897,
            10.4957341
          ],
          [
            -63.695772,
            10.4959238
          ],
          [
            -63.6963186,
            10.4961261
          ],
          [
            -63.7012892,
            10.4971884
          ],
          [
            -63.7056103,
            10.4980609
          ],
          [
            -63.706337,
            10.4982
          ],
          [
            -63.7069671,
            10.4983138
          ],
          [
            -63.7074623,
            10.4983644
          ],
          [
            -63.7078738,
            10.498377
          ],
          [
            -63.7085072,
            10.498377
          ],
          [
            -63.7091342,
            10.4983011
          ],
          [
            -63.7137511,
            10.4974729
          ],
          [
            -63.7157252,
            10.4969734
          ],
          [
            -63.7159374,
            10.4969481
          ],
          [
            -63.7164261,
            10.4969102
          ],
          [
            -63.7197827,
            10.4974413
          ],
          [
            -63.7207537,
            10.4975867
          ],
          [
            -63.7249527,
            10.4979913
          ],
          [
            -63.7277885,
            10.498415
          ],
          [
            -63.7283222,
            10.4985604
          ],
          [
            -63.7285537,
            10.4986679
          ],
          [
            -63.7286823,
            10.4987437
          ],
          [
            -63.7288623,
            10.4988449
          ],
          [
            -63.7289974,
            10.4990093
          ],
          [
            -63.7291388,
            10.4992243
          ],
          [
            -63.7292932,
            10.4994772
          ],
          [
            -63.7294089,
            10.4996479
          ],
          [
            -63.7295054,
            10.4997806
          ],
          [
            -63.7296147,
            10.4998945
          ],
          [
            -63.7298719,
            10.5000399
          ],
          [
            -63.7302899,
            10.5002043
          ],
          [
            -63.7306435,
            10.5004382
          ],
          [
            -63.7309136,
            10.5006658
          ],
          [
            -63.7310679,
            10.5008681
          ],
          [
            -63.731203,
            10.5010578
          ],
          [
            -63.7313702,
            10.5013866
          ],
          [
            -63.7319232,
            10.5029135
          ],
          [
            -63.731965,
            10.5030431
          ],
          [
            -63.7319714,
            10.5031348
          ],
          [
            -63.7319617,
            10.5032834
          ],
          [
            -63.7318814,
            10.5035236
          ],
          [
            -63.7317946,
            10.503786
          ],
          [
            -63.7317753,
            10.5038619
          ],
          [
            -63.7317913,
            10.5039662
          ],
          [
            -63.7318267,
            10.5040452
          ],
          [
            -63.7319071,
            10.5041179
          ],
          [
            -63.7319585,
            10.5041622
          ],
          [
            -63.7331514,
            10.5051865
          ],
          [
            -63.7332735,
            10.505256
          ],
          [
            -63.73337,
            10.5052876
          ],
          [
            -63.7337237,
            10.5052686
          ],
          [
            -63.7357235,
            10.5049841
          ],
          [
            -63.7358199,
            10.5049588
          ],
          [
            -63.7360257,
            10.5049019
          ],
          [
            -63.7365787,
            10.5046617
          ],
          [
            -63.7376654,
            10.5038303
          ],
          [
            -63.7378005,
            10.5037512
          ],
          [
            -63.7378969,
            10.5037133
          ],
          [
            -63.7380062,
            10.5036975
          ],
          [
            -63.7381155,
            10.5037165
          ],
          [
            -63.7382056,
            10.5037512
          ],
          [
            -63.7382988,
            10.5038018
          ],
          [
            -63.7383728,
            10.5038745
          ],
          [
            -63.7398967,
            10.5060842
          ],
          [
            -63.7399868,
            10.506255
          ],
          [
            -63.7400897,
            10.5065395
          ],
          [
            -63.7413307,
            10.5096375
          ],
          [
            -63.7416651,
            10.5104847
          ],
          [
            -63.7417422,
            10.5107186
          ],
          [
            -63.7417808,
            10.5109146
          ],
          [
            -63.7418194,
            10.5113698
          ],
          [
            -63.741903,
            10.5120084
          ],
          [
            -63.7420445,
            10.5123561
          ],
          [
            -63.7421216,
            10.5124952
          ],
          [
            -63.7422502,
            10.5126975
          ],
          [
            -63.7424239,
            10.5129378
          ],
          [
            -63.7441793,
            10.515296
          ],
          [
            -63.7454783,
            10.5171769
          ],
          [
            -63.7463303,
            10.5186595
          ],
          [
            -63.7477518,
            10.521015
          ],
          [
            -63.7478012,
            10.5210587
          ],
          [
            -63.7478655,
            10.5210904
          ],
          [
            -63.750391,
            10.5221051
          ],
          [
            -63.7548601,
            10.5239575
          ],
          [
            -63.7572264,
            10.5249374
          ],
          [
            -63.7612068,
            10.5267771
          ],
          [
            -63.7618209,
            10.5270458
          ],
          [
            -63.7619816,
            10.5271659
          ],
          [
            -63.7620781,
            10.5272513
          ],
          [
            -63.7621553,
            10.5273809
          ],
          [
            -63.762226,
            10.5274852
          ],
          [
            -63.7622742,
            10.5275452
          ],
          [
            -63.7624639,
            10.5276274
          ],
          [
            -63.763168,
            10.5279183
          ],
          [
            -63.7632484,
            10.5279309
          ],
          [
            -63.7633416,
            10.5279246
          ],
          [
            -63.7641133,
            10.5278898
          ],
          [
            -63.7644734,
            10.527893
          ],
          [
            -63.7649106,
            10.5279214
          ],
          [
            -63.7651325,
            10.5279593
          ],
          [
            -63.7652579,
            10.5280068
          ],
          [
            -63.7653801,
            10.5280637
          ],
          [
            -63.7655505,
            10.5281964
          ],
          [
            -63.7661485,
            10.5285694
          ],
          [
            -63.7664829,
            10.5288255
          ],
          [
            -63.7670245,
            10.5291065
          ],
          [
            -63.7675453,
            10.5292752
          ],
          [
            -63.7678885,
            10.5293915
          ],
          [
            -63.7704272,
            10.5299268
          ],
          [
            -63.7719836,
            10.5303864
          ],
          [
            -63.7732973,
            10.5307879
          ],
          [
            -63.7737766,
            10.5310148
          ],
          [
            -63.7741791,
            10.5312475
          ],
          [
            -63.7746111,
            10.5315908
          ],
          [
            -63.7749069,
            10.5317537
          ],
          [
            -63.7752028,
            10.5318817
          ],
          [
            -63.7757118,
            10.5320271
          ],
          [
            -63.776842,
            10.5325275
          ],
          [
            -63.7775581,
            10.532894
          ],
          [
            -63.7784102,
            10.5333886
          ],
          [
            -63.7790227,
            10.5337929
          ],
          [
            -63.7793186,
            10.534046
          ],
          [
            -63.7794814,
            10.5341856
          ],
          [
            -63.7795968,
            10.534238
          ],
          [
            -63.7798601,
            10.5343427
          ],
          [
            -63.783677,
            10.5359078
          ],
          [
            -63.7854287,
            10.5365768
          ],
          [
            -63.7866892,
            10.5371295
          ],
          [
            -63.788861,
            10.5379615
          ],
          [
            -63.7889645,
            10.5379993
          ],
          [
            -63.7890148,
            10.5380051
          ],
          [
            -63.7891184,
            10.5380051
          ],
          [
            -63.7905387,
            10.5378335
          ],
          [
            -63.7906896,
            10.5378335
          ],
          [
            -63.7908464,
            10.5378335
          ],
          [
            -63.7909381,
            10.5378451
          ],
          [
            -63.7910683,
            10.5378829
          ],
          [
            -63.7918583,
            10.5381011
          ],
          [
            -63.7923909,
            10.5383251
          ],
          [
            -63.7925773,
            10.5384618
          ],
          [
            -63.7928318,
            10.5386975
          ],
          [
            -63.7933851,
            10.5392269
          ],
          [
            -63.7937165,
            10.5394858
          ],
          [
            -63.7941692,
            10.5398785
          ],
          [
            -63.7944237,
            10.5400356
          ],
          [
            -63.7946722,
            10.5401665
          ],
          [
            -63.795554,
            10.5405534
          ],
          [
            -63.7966458,
            10.5411555
          ],
          [
            -63.7975098,
            10.541714
          ],
          [
            -63.7983915,
            10.5423918
          ],
          [
            -63.7986371,
            10.5425664
          ],
          [
            -63.7989478,
            10.5427322
          ],
          [
            -63.7995632,
            10.5429998
          ],
          [
            -63.8006551,
            10.5435903
          ],
          [
            -63.8025754,
            10.5446695
          ],
          [
            -63.8038595,
            10.5454694
          ],
          [
            -63.8051496,
            10.5462927
          ],
          [
            -63.805478,
            10.5464817
          ],
          [
            -63.8055697,
            10.5465428
          ],
          [
            -63.80562,
            10.5466272
          ],
          [
            -63.805694,
            10.5467726
          ],
          [
            -63.8059899,
            10.5474039
          ],
          [
            -63.8060047,
            10.5474969
          ],
          [
            -63.8060047,
            10.5476075
          ],
          [
            -63.8059751,
            10.5478402
          ],
          [
            -63.8055993,
            10.5496291
          ],
          [
            -63.8052561,
            10.5514355
          ],
          [
            -63.8048152,
            10.5536928
          ],
          [
            -63.8045726,
            10.5549174
          ],
          [
            -63.804398,
            10.5558715
          ],
          [
            -63.8041939,
            10.556971
          ],
          [
            -63.8041554,
            10.557099
          ],
          [
            -63.8041051,
            10.5572066
          ],
          [
            -63.8037885,
            10.557736
          ],
          [
            -63.8023594,
            10.5598565
          ],
          [
            -63.801596,
            10.5610229
          ],
          [
            -63.8010515,
            10.5618665
          ],
          [
            -63.7999035,
            10.5636495
          ],
          [
            -63.7991283,
            10.5648508
          ],
          [
            -63.7984241,
            10.56593
          ],
          [
            -63.7976636,
            10.5670847
          ],
          [
            -63.7967464,
            10.5684751
          ],
          [
            -63.795554,
            10.5703512
          ],
          [
            -63.795338,
            10.5707496
          ],
          [
            -63.7951752,
            10.5711161
          ],
          [
            -63.7948142,
            10.5720614
          ],
          [
            -63.7942165,
            10.5736467
          ],
          [
            -63.7937254,
            10.5749672
          ],
          [
            -63.7930951,
            10.5765611
          ],
          [
            -63.7927815,
            10.5773959
          ],
          [
            -63.7927549,
            10.577486
          ],
          [
            -63.7927341,
            10.577614
          ],
          [
            -63.7927401,
            10.5777449
          ],
          [
            -63.7928436,
            10.578632
          ],
          [
            -63.7930774,
            10.5806855
          ],
          [
            -63.7931898,
            10.5815668
          ],
          [
            -63.7931839,
            10.5818082
          ],
          [
            -63.7931632,
            10.5824044
          ],
          [
            -63.7930389,
            10.5845916
          ],
          [
            -63.7929679,
            10.5855805
          ],
          [
            -63.792959,
            10.5857347
          ],
          [
            -63.7929797,
            10.5858365
          ],
          [
            -63.7930863,
            10.5862466
          ],
          [
            -63.7931543,
            10.5865025
          ],
          [
            -63.7931957,
            10.586648
          ],
          [
            -63.7932046,
            10.5867439
          ],
          [
            -63.7932046,
            10.586805
          ],
          [
            -63.7932105,
            10.5887246
          ],
          [
            -63.7932135,
            10.5889137
          ],
          [
            -63.7932401,
            10.5891027
          ],
          [
            -63.7934709,
            10.5902807
          ],
          [
            -63.7935478,
            10.5904639
          ],
          [
            -63.79361,
            10.5906064
          ],
          [
            -63.7937047,
            10.5907286
          ],
          [
            -63.7940065,
            10.5911445
          ],
          [
            -63.7940893,
            10.5912695
          ],
          [
            -63.7941219,
            10.5913539
          ],
          [
            -63.7941515,
            10.5914702
          ],
          [
            -63.794184,
            10.5916593
          ],
          [
            -63.7942373,
            10.5918222
          ],
          [
            -63.7942935,
            10.5919239
          ],
          [
            -63.7943615,
            10.5920374
          ],
          [
            -63.7944917,
            10.5922759
          ],
          [
            -63.7950776,
            10.5933316
          ],
          [
            -63.7951871,
            10.593512
          ],
          [
            -63.795338,
            10.5937126
          ],
          [
            -63.7955125,
            10.5938639
          ],
          [
            -63.7965718,
            10.5948411
          ],
          [
            -63.7970778,
            10.5953326
          ],
          [
            -63.7980808,
            10.5962197
          ],
          [
            -63.7985779,
            10.5966327
          ],
          [
            -63.7990543,
            10.5969584
          ],
          [
            -63.799223,
            10.5970515
          ],
          [
            -63.7993502,
            10.5971359
          ],
          [
            -63.7995248,
            10.5972493
          ],
          [
            -63.7996727,
            10.5973365
          ],
          [
            -63.7997881,
            10.5974296
          ],
          [
            -63.7998917,
            10.5975198
          ],
          [
            -63.7999775,
            10.5976012
          ],
          [
            -63.8000603,
            10.5976681
          ],
          [
            -63.8001698,
            10.5977379
          ],
          [
            -63.8002467,
            10.5977728
          ],
          [
            -63.8004036,
            10.5978135
          ],
          [
            -63.8007497,
            10.5978862
          ],
          [
            -63.8008829,
            10.597924
          ],
          [
            -63.8010101,
            10.5979822
          ],
          [
            -63.8010811,
            10.5980375
          ],
          [
            -63.8011344,
            10.5981044
          ],
          [
            -63.8011817,
            10.5981771
          ],
          [
            -63.801232,
            10.5982556
          ],
          [
            -63.801303,
            10.5983196
          ],
          [
            -63.8013741,
            10.5983603
          ],
          [
            -63.8015309,
            10.5984097
          ],
          [
            -63.8016404,
            10.5984737
          ],
          [
            -63.8017025,
            10.5985406
          ],
          [
            -63.8017853,
            10.5986395
          ],
          [
            -63.8019007,
            10.5988111
          ],
          [
            -63.8020102,
            10.5989449
          ],
          [
            -63.802167,
            10.5990961
          ],
          [
            -63.8023268,
            10.599195
          ],
          [
            -63.8028565,
            10.5994509
          ],
          [
            -63.8039069,
            10.5998319
          ],
          [
            -63.8041051,
            10.5998727
          ],
          [
            -63.8043951,
            10.5998727
          ],
          [
            -63.8053863,
            10.599861
          ],
          [
            -63.8065373,
            10.5997389
          ],
          [
            -63.8069486,
            10.5996778
          ],
          [
            -63.8071113,
            10.5996691
          ],
          [
            -63.8072652,
            10.5996691
          ],
          [
            -63.8073658,
            10.5997011
          ],
          [
            -63.8074516,
            10.5997476
          ],
          [
            -63.8076676,
            10.5999512
          ],
          [
            -63.8095613,
            10.6014345
          ],
          [
            -63.8108898,
            10.6024437
          ],
          [
            -63.8110407,
            10.6025047
          ],
          [
            -63.812023,
            10.6028101
          ],
          [
            -63.8149109,
            10.6036768
          ],
          [
            -63.8174644,
            10.6044213
          ],
          [
            -63.8196274,
            10.6050873
          ],
          [
            -63.8223318,
            10.6059075
          ],
          [
            -63.8235508,
            10.6062885
          ],
          [
            -63.8316285,
            10.6087286
          ],
          [
            -63.8378185,
            10.6103281
          ],
          [
            -63.842961,
            10.6116136
          ],
          [
            -63.8441091,
            10.6117997
          ],
          [
            -63.8464525,
            10.6121894
          ],
          [
            -63.8506955,
            10.612963
          ],
          [
            -63.8535923,
            10.61344
          ],
          [
            -63.8590721,
            10.6143939
          ],
          [
            -63.8591757,
            10.614423
          ],
          [
            -63.8592467,
            10.6144608
          ],
          [
            -63.859294,
            10.6145247
          ],
          [
            -63.8593325,
            10.614612
          ],
          [
            -63.8593828,
            10.6147196
          ],
          [
            -63.8597112,
            10.615752
          ],
          [
            -63.8638803,
            10.6283124
          ],
          [
            -63.8640548,
            10.6287719
          ],
          [
            -63.8641939,
            10.629086
          ],
          [
            -63.8644247,
            10.6294291
          ],
          [
            -63.8645786,
            10.6296036
          ],
          [
            -63.8647354,
            10.6297577
          ],
          [
            -63.8647975,
            10.6298101
          ],
          [
            -63.8649424,
            10.6298984
          ],
          [
            -63.8684813,
            10.6319853
          ],
          [
            -63.8689695,
            10.6322732
          ],
          [
            -63.8690346,
            10.6323343
          ],
          [
            -63.8690701,
            10.6323837
          ],
          [
            -63.8690968,
            10.632439
          ],
          [
            -63.8697942,
            10.6349828
          ]
        ]
      },
      "properties": {
        "id": "OSM-W1448330586",
        "nombre": "Gasoducto Bermúdez Ramal Margarita",
        "tipo": "ducto",
        "sector": "midstream",
        "fluido": "gas",
        "estado": "desconocido",
        "operadora": "PDVSA",
        "diametro": "900",
        "ubicacion": "underground",
        "fuente": "OpenStreetMap contributors (ODbL), consulta Overpass 2026-09-08",
        "confianza": "baja",
        "ultima_verificacion": "2026-09-08"
      }
    },
    {
      "type": "Feature",
      "geometry": {
        "type": "LineString",
        "coordinates": [
          [
            -63.8958235,
            10.7406429
          ],
          [
            -63.8957721,
            10.7410333
          ],
          [
            -63.8957694,
            10.7411023
          ],
          [
            -63.8957857,
            10.7411528
          ],
          [
            -63.8958154,
            10.7412085
          ],
          [
            -63.8958451,
            10.7412669
          ],
          [
            -63.8959478,
            10.7414156
          ],
          [
            -63.8962748,
            10.7417595
          ],
          [
            -63.8964059,
            10.7418949
          ],
          [
            -63.8964329,
            10.7419387
          ],
          [
            -63.8964572,
            10.7419852
          ],
          [
            -63.8964721,
            10.7420409
          ],
          [
            -63.8964735,
            10.7420887
          ],
          [
            -63.896464,
            10.7421405
          ],
          [
            -63.896441,
            10.7421923
          ],
          [
            -63.8964099,
            10.7422374
          ],
          [
            -63.8963829,
            10.742264
          ],
          [
            -63.896264,
            10.7423157
          ],
          [
            -63.8951438,
            10.7428189
          ],
          [
            -63.8950978,
            10.7428561
          ],
          [
            -63.8950708,
            10.742884
          ],
          [
            -63.8950532,
            10.7429145
          ],
          [
            -63.8950411,
            10.7429543
          ],
          [
            -63.8950316,
            10.7430074
          ],
          [
            -63.8950249,
            10.7430605
          ],
          [
            -63.8950316,
            10.7436035
          ],
          [
            -63.8950695,
            10.745587
          ],
          [
            -63.8950762,
            10.745652
          ],
          [
            -63.895087,
            10.7457118
          ],
          [
            -63.8951046,
            10.7457489
          ],
          [
            -63.8951316,
            10.7457888
          ],
          [
            -63.8951614,
            10.7458246
          ],
          [
            -63.8953195,
            10.7459441
          ],
          [
            -63.8961586,
            10.7466198
          ],
          [
            -63.89626,
            10.7466716
          ],
          [
            -63.8963235,
            10.7466955
          ],
          [
            -63.8966181,
            10.7467367
          ],
          [
            -63.8969532,
            10.7467287
          ],
          [
            -63.8971978,
            10.7466826
          ],
          [
            -63.8973035,
            10.7466603
          ],
          [
            -63.8973761,
            10.746652
          ],
          [
            -63.8974221,
            10.7466564
          ],
          [
            -63.8974545,
            10.746671
          ],
          [
            -63.8975031,
            10.7467307
          ],
          [
            -63.897545,
            10.7468827
          ],
          [
            -63.8975748,
            10.7471296
          ],
          [
            -63.8975815,
            10.7472558
          ],
          [
            -63.8975721,
            10.7477071
          ],
          [
            -63.8975667,
            10.7501486
          ],
          [
            -63.8975748,
            10.7503052
          ],
          [
            -63.8975856,
            10.750361
          ],
          [
            -63.8976072,
            10.7504141
          ],
          [
            -63.8986936,
            10.7524187
          ],
          [
            -63.9010071,
            10.756797
          ],
          [
            -63.901053,
            10.7569192
          ],
          [
            -63.9010638,
            10.7570094
          ],
          [
            -63.9010638,
            10.757044
          ],
          [
            -63.9000936,
            10.7623196
          ],
          [
            -63.8996666,
            10.7647516
          ],
          [
            -63.898999,
            10.7683226
          ],
          [
            -63.8989828,
            10.7684235
          ],
          [
            -63.8989909,
            10.7685191
          ],
          [
            -63.8990071,
            10.7686014
          ],
          [
            -63.8990423,
            10.7686704
          ],
          [
            -63.8991369,
            10.7688085
          ],
          [
            -63.8998125,
            10.7694855
          ],
          [
            -63.9002963,
            10.7700723
          ],
          [
            -63.9003368,
            10.7701519
          ],
          [
            -63.9003747,
            10.7703139
          ],
          [
            -63.900399,
            10.7704838
          ],
          [
            -63.9004017,
            10.7706165
          ],
          [
            -63.9001666,
            10.7724272
          ],
          [
            -63.9001341,
            10.7728016
          ],
          [
            -63.9001584,
            10.7729795
          ],
          [
            -63.9003071,
            10.7738423
          ],
          [
            -63.90118,
            10.7789929
          ],
          [
            -63.9013016,
            10.7796699
          ],
          [
            -63.9013071,
            10.7797628
          ],
          [
            -63.9013071,
            10.7798504
          ],
          [
            -63.90128,
            10.7800018
          ],
          [
            -63.9009017,
            10.7810159
          ],
          [
            -63.9007301,
            10.7814757
          ]
        ]
      },
      "properties": {
        "id": "OSM-W1448332561",
        "nombre": "Gasoducto Bermúdez Ramal Margarita",
        "tipo": "ducto",
        "sector": "midstream",
        "fluido": "gas",
        "estado": "desconocido",
        "operadora": "PDVSA",
        "diametro": "900",
        "ubicacion": "underground",
        "fuente": "OpenStreetMap contributors (ODbL), consulta Overpass 2026-09-08",
        "confianza": "baja",
        "ultima_verificacion": "2026-09-08"
      }
    },
    {
      "type": "Feature",
      "geometry": {
        "type": "LineString",
        "coordinates": [
          [
            -63.8697942,
            10.6349828
          ],
          [
            -63.8937749,
            10.7254439
          ],
          [
            -63.8958721,
            10.7334843
          ],
          [
            -63.8960019,
            10.7341747
          ],
          [
            -63.8960559,
            10.7345624
          ],
          [
            -63.89611,
            10.734966
          ],
          [
            -63.8961424,
            10.7356935
          ],
          [
            -63.8961424,
            10.7369468
          ],
          [
            -63.89611,
            10.7383329
          ],
          [
            -63.8960721,
            10.7389277
          ],
          [
            -63.8960289,
            10.7393313
          ],
          [
            -63.8958235,
            10.7406429
          ]
        ]
      },
      "properties": {
        "id": "OSM-W1448332737",
        "nombre": "Gasoducto Bermúdez Ramal Margarita",
        "tipo": "ducto",
        "sector": "midstream",
        "fluido": "gas",
        "estado": "desconocido",
        "operadora": "PDVSA",
        "diametro": "900",
        "ubicacion": "underwater",
        "fuente": "OpenStreetMap contributors (ODbL), consulta Overpass 2026-09-08",
        "confianza": "baja",
        "ultima_verificacion": "2026-09-08"
      }
    },
    {
      "type": "Feature",
      "geometry": {
        "type": "LineString",
        "coordinates": [
          [
            -63.9007301,
            10.7814757
          ],
          [
            -63.8814054,
            10.8332694
          ],
          [
            -63.8845623,
            10.9328909
          ]
        ]
      },
      "properties": {
        "id": "OSM-W1448334248",
        "nombre": "Gasoducto Bermúdez Ramal Margarita",
        "tipo": "ducto",
        "sector": "midstream",
        "fluido": "gas",
        "estado": "desconocido",
        "operadora": "PDVSA",
        "diametro": "900",
        "ubicacion": "underwater",
        "fuente": "OpenStreetMap contributors (ODbL), consulta Overpass 2026-09-08",
        "confianza": "baja",
        "ultima_verificacion": "2026-09-08"
      }
    },
    {
      "type": "Feature",
      "geometry": {
        "type": "LineString",
        "coordinates": [
          [
            -63.8855112,
            10.9377742
          ],
          [
            -63.8849212,
            10.937754
          ],
          [
            -63.8848772,
            10.937731
          ],
          [
            -63.8848273,
            10.9376935
          ],
          [
            -63.8847891,
            10.9376474
          ],
          [
            -63.8847597,
            10.9375955
          ],
          [
            -63.8847245,
            10.9375148
          ],
          [
            -63.8847157,
            10.9374168
          ],
          [
            -63.8847157,
            10.9372958
          ],
          [
            -63.8845623,
            10.9328909
          ]
        ]
      },
      "properties": {
        "id": "OSM-W1448334251",
        "nombre": "Gasoducto Bermúdez Ramal Margarita",
        "tipo": "ducto",
        "sector": "midstream",
        "fluido": "gas",
        "estado": "desconocido",
        "operadora": "PDVSA",
        "diametro": "900",
        "ubicacion": "underground",
        "fuente": "OpenStreetMap contributors (ODbL), consulta Overpass 2026-09-08",
        "confianza": "baja",
        "ultima_verificacion": "2026-09-08"
      }
    },
    {
      "type": "Feature",
      "geometry": {
        "type": "LineString",
        "coordinates": [
          [
            -66.5366457,
            9.798211
          ],
          [
            -66.5365897,
            9.7983065
          ],
          [
            -66.5362651,
            9.7981215
          ],
          [
            -66.5363212,
            9.798026
          ],
          [
            -66.5366457,
            9.798211
          ]
        ]
      },
      "properties": {
        "id": "OSM-W1448513551",
        "nombre": "Estación de Bombeo Piloncito",
        "tipo": "ducto",
        "sector": "midstream",
        "fluido": "gas",
        "estado": "desconocido",
        "operadora": null,
        "diametro": null,
        "ubicacion": null,
        "fuente": "OpenStreetMap contributors (ODbL), consulta Overpass 2026-09-08",
        "confianza": "baja",
        "ultima_verificacion": "2026-09-08"
      }
    },
    {
      "type": "Feature",
      "geometry": {
        "type": "LineString",
        "coordinates": [
          [
            -66.0895872,
            9.7072249
          ],
          [
            -66.0890454,
            9.7074523
          ],
          [
            -66.0889616,
            9.7072582
          ],
          [
            -66.08883,
            9.7073134
          ],
          [
            -66.0888044,
            9.7072541
          ],
          [
            -66.0889218,
            9.7072048
          ],
          [
            -66.0888779,
            9.7071031
          ],
          [
            -66.0890907,
            9.7070138
          ],
          [
            -66.0891423,
            9.7071332
          ],
          [
            -66.0894854,
            9.7069893
          ],
          [
            -66.0895872,
            9.7072249
          ]
        ]
      },
      "properties": {
        "id": "OSM-W1448516255",
        "nombre": "Estación de Bombeo Tamanaco",
        "tipo": "ducto",
        "sector": "midstream",
        "fluido": "gas",
        "estado": "desconocido",
        "operadora": null,
        "diametro": null,
        "ubicacion": null,
        "fuente": "OpenStreetMap contributors (ODbL), consulta Overpass 2026-09-08",
        "confianza": "baja",
        "ultima_verificacion": "2026-09-08"
      }
    },
    {
      "type": "Feature",
      "geometry": {
        "type": "LineString",
        "coordinates": [
          [
            -66.1798489,
            9.7970005
          ],
          [
            -66.1796202,
            9.7968869
          ],
          [
            -66.1795088,
            9.7971048
          ],
          [
            -66.1792828,
            9.7969926
          ],
          [
            -66.1793941,
            9.7967747
          ],
          [
            -66.1793004,
            9.7967282
          ],
          [
            -66.1794501,
            9.7964353
          ],
          [
            -66.1799986,
            9.7967075
          ],
          [
            -66.1798489,
            9.7970005
          ]
        ]
      },
      "properties": {
        "id": "OSM-W1448516256",
        "nombre": "Estación de Bombeo Paso Real",
        "tipo": "ducto",
        "sector": "midstream",
        "fluido": "gas",
        "estado": "desconocido",
        "operadora": null,
        "diametro": null,
        "ubicacion": null,
        "fuente": "OpenStreetMap contributors (ODbL), consulta Overpass 2026-09-08",
        "confianza": "baja",
        "ultima_verificacion": "2026-09-08"
      }
    },
    {
      "type": "Feature",
      "geometry": {
        "type": "LineString",
        "coordinates": [
          [
            -66.3164243,
            9.868676
          ],
          [
            -66.3159201,
            9.8688901
          ],
          [
            -66.3157947,
            9.8686036
          ],
          [
            -66.316299,
            9.8683895
          ],
          [
            -66.3164243,
            9.868676
          ]
        ]
      },
      "properties": {
        "id": "OSM-W1448516258",
        "nombre": "Estación de Bombeo Orituco",
        "tipo": "ducto",
        "sector": "midstream",
        "fluido": "gas",
        "estado": "desconocido",
        "operadora": null,
        "diametro": null,
        "ubicacion": null,
        "fuente": "OpenStreetMap contributors (ODbL), consulta Overpass 2026-09-08",
        "confianza": "baja",
        "ultima_verificacion": "2026-09-08"
      }
    },
    {
      "type": "Feature",
      "geometry": {
        "type": "LineString",
        "coordinates": [
          [
            -65.8172424,
            9.7027952
          ],
          [
            -65.8170922,
            9.7030645
          ],
          [
            -65.8167194,
            9.7028625
          ],
          [
            -65.8166138,
            9.7030519
          ],
          [
            -65.8164186,
            9.7029461
          ],
          [
            -65.8165242,
            9.7027568
          ],
          [
            -65.8164042,
            9.7026918
          ],
          [
            -65.8165544,
            9.7024224
          ],
          [
            -65.8172424,
            9.7027952
          ]
        ]
      },
      "properties": {
        "id": "OSM-W1448516510",
        "nombre": "Estación de Bombeo Uveral",
        "tipo": "ducto",
        "sector": "midstream",
        "fluido": "gas",
        "estado": "desconocido",
        "operadora": null,
        "diametro": null,
        "ubicacion": null,
        "fuente": "OpenStreetMap contributors (ODbL), consulta Overpass 2026-09-08",
        "confianza": "baja",
        "ultima_verificacion": "2026-09-08"
      }
    },
    {
      "type": "Feature",
      "geometry": {
        "type": "LineString",
        "coordinates": [
          [
            -65.9772831,
            9.7155581
          ],
          [
            -65.977307,
            9.7158675
          ],
          [
            -65.9768135,
            9.7159045
          ],
          [
            -65.9767896,
            9.7155951
          ],
          [
            -65.9772831,
            9.7155581
          ]
        ]
      },
      "properties": {
        "id": "OSM-W1448516511",
        "nombre": "Estación de Bombeo El Totumo",
        "tipo": "ducto",
        "sector": "midstream",
        "fluido": "gas",
        "estado": "desconocido",
        "operadora": null,
        "diametro": null,
        "ubicacion": null,
        "fuente": "OpenStreetMap contributors (ODbL), consulta Overpass 2026-09-08",
        "confianza": "baja",
        "ultima_verificacion": "2026-09-08"
      }
    },
    {
      "type": "Feature",
      "geometry": {
        "type": "LineString",
        "coordinates": [
          [
            -65.6666257,
            9.6054217
          ],
          [
            -65.6664567,
            9.6053939
          ],
          [
            -65.6663387,
            9.6052405
          ],
          [
            -65.6664594,
            9.6051797
          ],
          [
            -65.6664111,
            9.6049932
          ],
          [
            -65.6663816,
            9.604816
          ],
          [
            -65.6666029,
            9.6046785
          ],
          [
            -65.6669663,
            9.6051876
          ],
          [
            -65.6666257,
            9.6054217
          ]
        ]
      },
      "properties": {
        "id": "OSM-W1448517246",
        "nombre": "Estación de Bombeo Campo Alegre",
        "tipo": "ducto",
        "sector": "midstream",
        "fluido": "gas",
        "estado": "desconocido",
        "operadora": null,
        "diametro": null,
        "ubicacion": null,
        "fuente": "OpenStreetMap contributors (ODbL), consulta Overpass 2026-09-08",
        "confianza": "baja",
        "ultima_verificacion": "2026-09-08"
      }
    },
    {
      "type": "Feature",
      "geometry": {
        "type": "LineString",
        "coordinates": [
          [
            -65.3565127,
            9.5094711
          ],
          [
            -65.3565096,
            9.5096897
          ],
          [
            -65.3561654,
            9.509685
          ],
          [
            -65.3561606,
            9.5100219
          ],
          [
            -65.3559622,
            9.5100192
          ],
          [
            -65.3559669,
            9.5096823
          ],
          [
            -65.3557344,
            9.5096792
          ],
          [
            -65.3557375,
            9.5094605
          ],
          [
            -65.3565127,
            9.5094711
          ]
        ]
      },
      "properties": {
        "id": "OSM-W1448519115",
        "nombre": "Estación de Bombeo Guaribito",
        "tipo": "ducto",
        "sector": "midstream",
        "fluido": "gas",
        "estado": "desconocido",
        "operadora": null,
        "diametro": null,
        "ubicacion": null,
        "fuente": "OpenStreetMap contributors (ODbL), consulta Overpass 2026-09-08",
        "confianza": "baja",
        "ultima_verificacion": "2026-09-08"
      }
    },
    {
      "type": "Feature",
      "geometry": {
        "type": "LineString",
        "coordinates": [
          [
            -65.2333725,
            9.5094499
          ],
          [
            -65.2326509,
            9.509405
          ],
          [
            -65.232672,
            9.5090756
          ],
          [
            -65.2333936,
            9.5091205
          ],
          [
            -65.2333725,
            9.5094499
          ]
        ]
      },
      "properties": {
        "id": "OSM-W1448519584",
        "nombre": "Estación de Bombeo Unare",
        "tipo": "ducto",
        "sector": "midstream",
        "fluido": "gas",
        "estado": "desconocido",
        "operadora": null,
        "diametro": null,
        "ubicacion": null,
        "fuente": "OpenStreetMap contributors (ODbL), consulta Overpass 2026-09-08",
        "confianza": "baja",
        "ultima_verificacion": "2026-09-08"
      }
    },
    {
      "type": "Feature",
      "geometry": {
        "type": "LineString",
        "coordinates": [
          [
            -64.8789226,
            9.4806647
          ],
          [
            -64.8783271,
            9.4805813
          ],
          [
            -64.8783616,
            9.4803414
          ],
          [
            -64.8789571,
            9.4804247
          ],
          [
            -64.8789226,
            9.4806647
          ]
        ]
      },
      "properties": {
        "id": "OSM-W1448525124",
        "nombre": "Estación de Bombeo Aragua",
        "tipo": "ducto",
        "sector": "midstream",
        "fluido": "gas",
        "estado": "desconocido",
        "operadora": null,
        "diametro": null,
        "ubicacion": null,
        "fuente": "OpenStreetMap contributors (ODbL), consulta Overpass 2026-09-08",
        "confianza": "baja",
        "ultima_verificacion": "2026-09-08"
      }
    },
    {
      "type": "Feature",
      "geometry": {
        "type": "LineString",
        "coordinates": [
          [
            -65.0396016,
            9.480367
          ],
          [
            -65.0395139,
            9.4806219
          ],
          [
            -65.0390043,
            9.4804513
          ],
          [
            -65.039092,
            9.4801964
          ],
          [
            -65.0396016,
            9.480367
          ]
        ]
      },
      "properties": {
        "id": "OSM-W1448525125",
        "nombre": "Estación de Bombeo San Juan",
        "tipo": "ducto",
        "sector": "midstream",
        "fluido": "gas",
        "estado": "desconocido",
        "operadora": null,
        "diametro": null,
        "ubicacion": null,
        "fuente": "OpenStreetMap contributors (ODbL), consulta Overpass 2026-09-08",
        "confianza": "baja",
        "ultima_verificacion": "2026-09-08"
      }
    },
    {
      "type": "Feature",
      "geometry": {
        "type": "LineString",
        "coordinates": [
          [
            -64.7197697,
            9.421142
          ],
          [
            -64.7197355,
            9.421352
          ],
          [
            -64.7192178,
            9.4212699
          ],
          [
            -64.719252,
            9.42106
          ],
          [
            -64.7197697,
            9.421142
          ]
        ]
      },
      "properties": {
        "id": "OSM-W1448525400",
        "nombre": "Estación de Bombeo Bajo Lindo",
        "tipo": "ducto",
        "sector": "midstream",
        "fluido": "gas",
        "estado": "desconocido",
        "operadora": null,
        "diametro": null,
        "ubicacion": null,
        "fuente": "OpenStreetMap contributors (ODbL), consulta Overpass 2026-09-08",
        "confianza": "baja",
        "ultima_verificacion": "2026-09-08"
      }
    },
    {
      "type": "Feature",
      "geometry": {
        "type": "LineString",
        "coordinates": [
          [
            -66.6770902,
            10.0222313
          ],
          [
            -66.6766946,
            10.0222511
          ],
          [
            -66.6766852,
            10.0220688
          ],
          [
            -66.6770808,
            10.022049
          ],
          [
            -66.6770902,
            10.0222313
          ]
        ]
      },
      "properties": {
        "id": "OSM-W1448525620",
        "nombre": "Estación de Bombeo Los Cantones",
        "tipo": "ducto",
        "sector": "midstream",
        "fluido": "gas",
        "estado": "desconocido",
        "operadora": null,
        "diametro": null,
        "ubicacion": null,
        "fuente": "OpenStreetMap contributors (ODbL), consulta Overpass 2026-09-08",
        "confianza": "baja",
        "ultima_verificacion": "2026-09-08"
      }
    },
    {
      "type": "Feature",
      "geometry": {
        "type": "LineString",
        "coordinates": [
          [
            -67.857635,
            10.0610544
          ],
          [
            -67.85734,
            10.0608273
          ],
          [
            -67.8574235,
            10.0607222
          ],
          [
            -67.8577185,
            10.0609493
          ],
          [
            -67.857635,
            10.0610544
          ]
        ]
      },
      "properties": {
        "id": "OSM-W1448526312",
        "nombre": "Estación de Bombeo Cogollal",
        "tipo": "ducto",
        "sector": "midstream",
        "fluido": "gas",
        "estado": "desconocido",
        "operadora": null,
        "diametro": null,
        "ubicacion": null,
        "fuente": "OpenStreetMap contributors (ODbL), consulta Overpass 2026-09-08",
        "confianza": "baja",
        "ultima_verificacion": "2026-09-08"
      }
    },
    {
      "type": "Feature",
      "geometry": {
        "type": "LineString",
        "coordinates": [
          [
            -67.0418841,
            9.8875325
          ],
          [
            -67.041585,
            9.8875629
          ],
          [
            -67.0415752,
            9.8874692
          ],
          [
            -67.0418743,
            9.8874388
          ],
          [
            -67.0418841,
            9.8875325
          ]
        ]
      },
      "properties": {
        "id": "OSM-W1448526313",
        "nombre": "Estación de Bombeo Múcura",
        "tipo": "ducto",
        "sector": "midstream",
        "fluido": "gas",
        "estado": "desconocido",
        "operadora": null,
        "diametro": null,
        "ubicacion": null,
        "fuente": "OpenStreetMap contributors (ODbL), consulta Overpass 2026-09-08",
        "confianza": "baja",
        "ultima_verificacion": "2026-09-08"
      }
    },
    {
      "type": "Feature",
      "geometry": {
        "type": "LineString",
        "coordinates": [
          [
            -63.0929562,
            9.5399056
          ],
          [
            -63.0931366,
            9.5401076
          ]
        ]
      },
      "properties": {
        "id": "OSM-W1481954205",
        "nombre": "Oleoducto El Furrial - Mantecal",
        "tipo": "ducto",
        "sector": "midstream",
        "fluido": "oil",
        "estado": "desconocido",
        "operadora": "PDVSA",
        "diametro": null,
        "ubicacion": "underground",
        "fuente": "OpenStreetMap contributors (ODbL), consulta Overpass 2026-09-08",
        "confianza": "baja",
        "ultima_verificacion": "2026-09-08"
      }
    },
    {
      "type": "Feature",
      "geometry": {
        "type": "LineString",
        "coordinates": [
          [
            -63.0879274,
            9.5342737
          ],
          [
            -63.0929562,
            9.5399056
          ]
        ]
      },
      "properties": {
        "id": "OSM-W1481954206",
        "nombre": "Oleoducto El Furrial - Mantecal",
        "tipo": "ducto",
        "sector": "midstream",
        "fluido": "oil",
        "estado": "desconocido",
        "operadora": "PDVSA",
        "diametro": null,
        "ubicacion": "overground",
        "fuente": "OpenStreetMap contributors (ODbL), consulta Overpass 2026-09-08",
        "confianza": "baja",
        "ultima_verificacion": "2026-09-08"
      }
    },
    {
      "type": "Feature",
      "geometry": {
        "type": "LineString",
        "coordinates": [
          [
            -63.1028524,
            9.5509883
          ],
          [
            -63.1032278,
            9.5514357
          ]
        ]
      },
      "properties": {
        "id": "OSM-W1481954207",
        "nombre": "Oleoducto El Furrial - Mantecal",
        "tipo": "ducto",
        "sector": "midstream",
        "fluido": "oil",
        "estado": "desconocido",
        "operadora": "PDVSA",
        "diametro": null,
        "ubicacion": "underground",
        "fuente": "OpenStreetMap contributors (ODbL), consulta Overpass 2026-09-08",
        "confianza": "baja",
        "ultima_verificacion": "2026-09-08"
      }
    },
    {
      "type": "Feature",
      "geometry": {
        "type": "LineString",
        "coordinates": [
          [
            -63.0931366,
            9.5401076
          ],
          [
            -63.093828,
            9.5408819
          ],
          [
            -63.1028524,
            9.5509883
          ]
        ]
      },
      "properties": {
        "id": "OSM-W1481954208",
        "nombre": "Oleoducto El Furrial - Mantecal",
        "tipo": "ducto",
        "sector": "midstream",
        "fluido": "oil",
        "estado": "desconocido",
        "operadora": "PDVSA",
        "diametro": null,
        "ubicacion": "overground",
        "fuente": "OpenStreetMap contributors (ODbL), consulta Overpass 2026-09-08",
        "confianza": "baja",
        "ultima_verificacion": "2026-09-08"
      }
    },
    {
      "type": "Feature",
      "geometry": {
        "type": "LineString",
        "coordinates": [
          [
            -63.1106481,
            9.56059
          ],
          [
            -63.1107554,
            9.5612684
          ],
          [
            -63.1108412,
            9.5616969
          ],
          [
            -63.11086,
            9.5617789
          ],
          [
            -63.1108841,
            9.5618318
          ],
          [
            -63.1109096,
            9.5618807
          ],
          [
            -63.1109539,
            9.5619442
          ],
          [
            -63.1110531,
            9.5620857
          ],
          [
            -63.1111617,
            9.5622299
          ],
          [
            -63.111379,
            9.562493
          ],
          [
            -63.1116593,
            9.562817
          ],
          [
            -63.1117411,
            9.562899
          ],
          [
            -63.1117934,
            9.5629427
          ],
          [
            -63.1118631,
            9.562989
          ],
          [
            -63.1119141,
            9.5630154
          ],
          [
            -63.1120147,
            9.5630591
          ],
          [
            -63.1124318,
            9.5632402
          ],
          [
            -63.1134188,
            9.5636595
          ],
          [
            -63.1139947,
            9.5638737
          ]
        ]
      },
      "properties": {
        "id": "OSM-W1481954209",
        "nombre": "Oleoducto El Furrial - Mantecal",
        "tipo": "ducto",
        "sector": "midstream",
        "fluido": "oil",
        "estado": "desconocido",
        "operadora": "PDVSA",
        "diametro": null,
        "ubicacion": "overground",
        "fuente": "OpenStreetMap contributors (ODbL), consulta Overpass 2026-09-08",
        "confianza": "baja",
        "ultima_verificacion": "2026-09-08"
      }
    },
    {
      "type": "Feature",
      "geometry": {
        "type": "LineString",
        "coordinates": [
          [
            -63.1105914,
            9.5602486
          ],
          [
            -63.1106481,
            9.56059
          ]
        ]
      },
      "properties": {
        "id": "OSM-W1481954210",
        "nombre": "Oleoducto El Furrial - Mantecal",
        "tipo": "ducto",
        "sector": "midstream",
        "fluido": "oil",
        "estado": "desconocido",
        "operadora": "PDVSA",
        "diametro": null,
        "ubicacion": "underground",
        "fuente": "OpenStreetMap contributors (ODbL), consulta Overpass 2026-09-08",
        "confianza": "baja",
        "ultima_verificacion": "2026-09-08"
      }
    },
    {
      "type": "Feature",
      "geometry": {
        "type": "LineString",
        "coordinates": [
          [
            -63.1032278,
            9.5514357
          ],
          [
            -63.1042081,
            9.5525466
          ],
          [
            -63.1057075,
            9.5541931
          ],
          [
            -63.1103852,
            9.5594328
          ],
          [
            -63.1104255,
            9.559495
          ],
          [
            -63.1104536,
            9.5595585
          ],
          [
            -63.1104805,
            9.5596378
          ],
          [
            -63.1105059,
            9.5597291
          ],
          [
            -63.1105234,
            9.5598388
          ],
          [
            -63.1105914,
            9.5602486
          ]
        ]
      },
      "properties": {
        "id": "OSM-W1481954211",
        "nombre": "Oleoducto El Furrial - Mantecal",
        "tipo": "ducto",
        "sector": "midstream",
        "fluido": "oil",
        "estado": "desconocido",
        "operadora": "PDVSA",
        "diametro": null,
        "ubicacion": "overground",
        "fuente": "OpenStreetMap contributors (ODbL), consulta Overpass 2026-09-08",
        "confianza": "baja",
        "ultima_verificacion": "2026-09-08"
      }
    },
    {
      "type": "Feature",
      "geometry": {
        "type": "LineString",
        "coordinates": [
          [
            -63.0876828,
            9.5339997
          ],
          [
            -63.0879274,
            9.5342737
          ]
        ]
      },
      "properties": {
        "id": "OSM-W1481954212",
        "nombre": "Oleoducto El Furrial - Mantecal",
        "tipo": "ducto",
        "sector": "midstream",
        "fluido": "oil",
        "estado": "desconocido",
        "operadora": "PDVSA",
        "diametro": null,
        "ubicacion": "underground",
        "fuente": "OpenStreetMap contributors (ODbL), consulta Overpass 2026-09-08",
        "confianza": "baja",
        "ultima_verificacion": "2026-09-08"
      }
    },
    {
      "type": "Feature",
      "geometry": {
        "type": "LineString",
        "coordinates": [
          [
            -63.0767624,
            9.5217718
          ],
          [
            -63.0769482,
            9.5219796
          ]
        ]
      },
      "properties": {
        "id": "OSM-W1481954213",
        "nombre": "Oleoducto El Furrial - Mantecal",
        "tipo": "ducto",
        "sector": "midstream",
        "fluido": "oil",
        "estado": "desconocido",
        "operadora": "PDVSA",
        "diametro": null,
        "ubicacion": "underground",
        "fuente": "OpenStreetMap contributors (ODbL), consulta Overpass 2026-09-08",
        "confianza": "baja",
        "ultima_verificacion": "2026-09-08"
      }
    },
    {
      "type": "Feature",
      "geometry": {
        "type": "LineString",
        "coordinates": [
          [
            -63.0769482,
            9.5219796
          ],
          [
            -63.0784911,
            9.5237054
          ],
          [
            -63.0876828,
            9.5339997
          ]
        ]
      },
      "properties": {
        "id": "OSM-W1481954214",
        "nombre": "Oleoducto El Furrial - Mantecal",
        "tipo": "ducto",
        "sector": "midstream",
        "fluido": "oil",
        "estado": "desconocido",
        "operadora": "PDVSA",
        "diametro": null,
        "ubicacion": "overground",
        "fuente": "OpenStreetMap contributors (ODbL), consulta Overpass 2026-09-08",
        "confianza": "baja",
        "ultima_verificacion": "2026-09-08"
      }
    },
    {
      "type": "Feature",
      "geometry": {
        "type": "LineString",
        "coordinates": [
          [
            -63.0595672,
            9.5026549
          ],
          [
            -63.0620411,
            9.5054078
          ],
          [
            -63.069601,
            9.5138063
          ],
          [
            -63.0737825,
            9.5184903
          ],
          [
            -63.0767624,
            9.5217718
          ]
        ]
      },
      "properties": {
        "id": "OSM-W1481954215",
        "nombre": "Oleoducto El Furrial - Mantecal",
        "tipo": "ducto",
        "sector": "midstream",
        "fluido": "oil",
        "estado": "desconocido",
        "operadora": "PDVSA",
        "diametro": null,
        "ubicacion": "overground",
        "fuente": "OpenStreetMap contributors (ODbL), consulta Overpass 2026-09-08",
        "confianza": "baja",
        "ultima_verificacion": "2026-09-08"
      }
    },
    {
      "type": "Feature",
      "geometry": {
        "type": "LineString",
        "coordinates": [
          [
            -63.1265804,
            9.5882392
          ],
          [
            -63.1266797,
            9.5886135
          ]
        ]
      },
      "properties": {
        "id": "OSM-W1481959577",
        "nombre": "Oleoducto El Furrial - Mantecal",
        "tipo": "ducto",
        "sector": "midstream",
        "fluido": "oil",
        "estado": "desconocido",
        "operadora": "PDVSA",
        "diametro": null,
        "ubicacion": "underground",
        "fuente": "OpenStreetMap contributors (ODbL), consulta Overpass 2026-09-08",
        "confianza": "baja",
        "ultima_verificacion": "2026-09-08"
      }
    },
    {
      "type": "Feature",
      "geometry": {
        "type": "LineString",
        "coordinates": [
          [
            -63.1266797,
            9.5886135
          ],
          [
            -63.1269546,
            9.5896594
          ],
          [
            -63.127149,
            9.5904317
          ],
          [
            -63.1276064,
            9.59216
          ],
          [
            -63.1276774,
            9.5924139
          ],
          [
            -63.1277592,
            9.592685
          ],
          [
            -63.1278947,
            9.5931148
          ],
          [
            -63.1279249,
            9.593206
          ],
          [
            -63.1279396,
            9.5932437
          ],
          [
            -63.1279597,
            9.5932847
          ],
          [
            -63.1279913,
            9.5933541
          ],
          [
            -63.1284164,
            9.5942493
          ],
          [
            -63.1284808,
            9.5943763
          ],
          [
            -63.1285317,
            9.5944622
          ],
          [
            -63.1286457,
            9.5946275
          ],
          [
            -63.1291392,
            9.5953509
          ],
          [
            -63.1291969,
            9.5954276
          ],
          [
            -63.1297401,
            9.5960953
          ],
          [
            -63.130825,
            9.5974177
          ],
          [
            -63.1313293,
            9.5980444
          ]
        ]
      },
      "properties": {
        "id": "OSM-W1481959578",
        "nombre": "Oleoducto El Furrial - Mantecal",
        "tipo": "ducto",
        "sector": "midstream",
        "fluido": "oil",
        "estado": "desconocido",
        "operadora": "PDVSA",
        "diametro": null,
        "ubicacion": "overground",
        "fuente": "OpenStreetMap contributors (ODbL), consulta Overpass 2026-09-08",
        "confianza": "baja",
        "ultima_verificacion": "2026-09-08"
      }
    },
    {
      "type": "Feature",
      "geometry": {
        "type": "LineString",
        "coordinates": [
          [
            -63.1239347,
            9.5819285
          ],
          [
            -63.1246519,
            9.5835011
          ],
          [
            -63.1256229,
            9.5855455
          ],
          [
            -63.1260856,
            9.5865003
          ],
          [
            -63.1261083,
            9.5865499
          ],
          [
            -63.1261191,
            9.5865803
          ],
          [
            -63.1261714,
            9.5867602
          ],
          [
            -63.1265388,
            9.5880911
          ],
          [
            -63.1265804,
            9.5882392
          ]
        ]
      },
      "properties": {
        "id": "OSM-W1481959579",
        "nombre": "Oleoducto El Furrial - Mantecal",
        "tipo": "ducto",
        "sector": "midstream",
        "fluido": "oil",
        "estado": "desconocido",
        "operadora": "PDVSA",
        "diametro": null,
        "ubicacion": "overground",
        "fuente": "OpenStreetMap contributors (ODbL), consulta Overpass 2026-09-08",
        "confianza": "baja",
        "ultima_verificacion": "2026-09-08"
      }
    },
    {
      "type": "Feature",
      "geometry": {
        "type": "LineString",
        "coordinates": [
          [
            -63.1229717,
            9.5798169
          ],
          [
            -63.1239347,
            9.5819285
          ]
        ]
      },
      "properties": {
        "id": "OSM-W1481959580",
        "nombre": "Oleoducto El Furrial - Mantecal",
        "tipo": "ducto",
        "sector": "midstream",
        "fluido": "oil",
        "estado": "desconocido",
        "operadora": "PDVSA",
        "diametro": null,
        "ubicacion": "overhead",
        "fuente": "OpenStreetMap contributors (ODbL), consulta Overpass 2026-09-08",
        "confianza": "baja",
        "ultima_verificacion": "2026-09-08"
      }
    },
    {
      "type": "Feature",
      "geometry": {
        "type": "LineString",
        "coordinates": [
          [
            -63.1230002,
            9.5796873
          ],
          [
            -63.1228733,
            9.5797467
          ],
          [
            -63.1226451,
            9.5792722
          ],
          [
            -63.122772,
            9.5792128
          ],
          [
            -63.1230002,
            9.5796873
          ]
        ]
      },
      "properties": {
        "id": "OSM-W1481959581",
        "nombre": null,
        "tipo": "ducto",
        "sector": "midstream",
        "fluido": "oil",
        "estado": "desconocido",
        "operadora": "PDVSA",
        "diametro": null,
        "ubicacion": null,
        "fuente": "OpenStreetMap contributors (ODbL), consulta Overpass 2026-09-08",
        "confianza": "baja",
        "ultima_verificacion": "2026-09-08"
      }
    },
    {
      "type": "Feature",
      "geometry": {
        "type": "LineString",
        "coordinates": [
          [
            -63.1242979,
            9.5825451
          ],
          [
            -63.1241709,
            9.5826044
          ],
          [
            -63.1239427,
            9.5821299
          ],
          [
            -63.1240696,
            9.5820705
          ],
          [
            -63.1242979,
            9.5825451
          ]
        ]
      },
      "properties": {
        "id": "OSM-W1481959582",
        "nombre": null,
        "tipo": "ducto",
        "sector": "midstream",
        "fluido": "oil",
        "estado": "desconocido",
        "operadora": "PDVSA",
        "diametro": null,
        "ubicacion": null,
        "fuente": "OpenStreetMap contributors (ODbL), consulta Overpass 2026-09-08",
        "confianza": "baja",
        "ultima_verificacion": "2026-09-08"
      }
    },
    {
      "type": "Feature",
      "geometry": {
        "type": "LineString",
        "coordinates": [
          [
            -63.1177506,
            9.5682021
          ],
          [
            -63.1178847,
            9.5684758
          ]
        ]
      },
      "properties": {
        "id": "OSM-W1481959583",
        "nombre": "Oleoducto El Furrial - Mantecal",
        "tipo": "ducto",
        "sector": "midstream",
        "fluido": "oil",
        "estado": "desconocido",
        "operadora": "PDVSA",
        "diametro": null,
        "ubicacion": "underground",
        "fuente": "OpenStreetMap contributors (ODbL), consulta Overpass 2026-09-08",
        "confianza": "baja",
        "ultima_verificacion": "2026-09-08"
      }
    },
    {
      "type": "Feature",
      "geometry": {
        "type": "LineString",
        "coordinates": [
          [
            -63.1178847,
            9.5684758
          ],
          [
            -63.1180698,
            9.5688607
          ],
          [
            -63.1183098,
            9.5693777
          ],
          [
            -63.1185083,
            9.5698089
          ],
          [
            -63.1191427,
            9.5712027
          ],
          [
            -63.1199607,
            9.5730012
          ],
          [
            -63.1214118,
            9.5761327
          ],
          [
            -63.1215861,
            9.5765585
          ],
          [
            -63.1221494,
            9.577955
          ],
          [
            -63.1229717,
            9.5798169
          ]
        ]
      },
      "properties": {
        "id": "OSM-W1481959584",
        "nombre": "Oleoducto El Furrial - Mantecal",
        "tipo": "ducto",
        "sector": "midstream",
        "fluido": "oil",
        "estado": "desconocido",
        "operadora": "PDVSA",
        "diametro": null,
        "ubicacion": "overground",
        "fuente": "OpenStreetMap contributors (ODbL), consulta Overpass 2026-09-08",
        "confianza": "baja",
        "ultima_verificacion": "2026-09-08"
      }
    },
    {
      "type": "Feature",
      "geometry": {
        "type": "LineString",
        "coordinates": [
          [
            -63.1139947,
            9.5638737
          ],
          [
            -63.1141014,
            9.5639134
          ],
          [
            -63.1143415,
            9.5640099
          ]
        ]
      },
      "properties": {
        "id": "OSM-W1481959585",
        "nombre": "Oleoducto El Furrial - Mantecal",
        "tipo": "ducto",
        "sector": "midstream",
        "fluido": "oil",
        "estado": "desconocido",
        "operadora": "PDVSA",
        "diametro": null,
        "ubicacion": "underground",
        "fuente": "OpenStreetMap contributors (ODbL), consulta Overpass 2026-09-08",
        "confianza": "baja",
        "ultima_verificacion": "2026-09-08"
      }
    },
    {
      "type": "Feature",
      "geometry": {
        "type": "LineString",
        "coordinates": [
          [
            -63.1143415,
            9.5640099
          ],
          [
            -63.1144381,
            9.5640562
          ],
          [
            -63.1145078,
            9.5640972
          ],
          [
            -63.1145601,
            9.5641342
          ],
          [
            -63.1146272,
            9.5642003
          ],
          [
            -63.1147076,
            9.5642929
          ],
          [
            -63.1152347,
            9.5648854
          ],
          [
            -63.1160367,
            9.5657952
          ],
          [
            -63.11627,
            9.5660637
          ],
          [
            -63.1167689,
            9.5666654
          ],
          [
            -63.1169245,
            9.5668585
          ],
          [
            -63.1170452,
            9.5670185
          ],
          [
            -63.1171498,
            9.5671587
          ],
          [
            -63.1172249,
            9.5672698
          ],
          [
            -63.1173697,
            9.5675091
          ],
          [
            -63.1174891,
            9.567722
          ],
          [
            -63.1177506,
            9.5682021
          ]
        ]
      },
      "properties": {
        "id": "OSM-W1481959586",
        "nombre": "Oleoducto El Furrial - Mantecal",
        "tipo": "ducto",
        "sector": "midstream",
        "fluido": "oil",
        "estado": "desconocido",
        "operadora": "PDVSA",
        "diametro": null,
        "ubicacion": "overground",
        "fuente": "OpenStreetMap contributors (ODbL), consulta Overpass 2026-09-08",
        "confianza": "baja",
        "ultima_verificacion": "2026-09-08"
      }
    },
    {
      "type": "Feature",
      "geometry": {
        "type": "LineString",
        "coordinates": [
          [
            -63.3417647,
            9.6325912
          ],
          [
            -63.3416399,
            9.6325191
          ],
          [
            -63.3419068,
            9.6320703
          ],
          [
            -63.3420316,
            9.6321425
          ],
          [
            -63.3417647,
            9.6325912
          ]
        ]
      },
      "properties": {
        "id": "OSM-W1481965910",
        "nombre": null,
        "tipo": "ducto",
        "sector": "midstream",
        "fluido": "oil",
        "estado": "desconocido",
        "operadora": "PDVSA",
        "diametro": null,
        "ubicacion": null,
        "fuente": "OpenStreetMap contributors (ODbL), consulta Overpass 2026-09-08",
        "confianza": "baja",
        "ultima_verificacion": "2026-09-08"
      }
    },
    {
      "type": "Feature",
      "geometry": {
        "type": "LineString",
        "coordinates": [
          [
            -63.3435449,
            9.6286408
          ],
          [
            -63.3436536,
            9.6282308
          ]
        ]
      },
      "properties": {
        "id": "OSM-W1481965911",
        "nombre": "Oleoducto El Furrial - Mantecal",
        "tipo": "ducto",
        "sector": "midstream",
        "fluido": "oil",
        "estado": "desconocido",
        "operadora": "PDVSA",
        "diametro": null,
        "ubicacion": "underground",
        "fuente": "OpenStreetMap contributors (ODbL), consulta Overpass 2026-09-08",
        "confianza": "baja",
        "ultima_verificacion": "2026-09-08"
      }
    },
    {
      "type": "Feature",
      "geometry": {
        "type": "LineString",
        "coordinates": [
          [
            -63.3430628,
            9.6301135
          ],
          [
            -63.3434477,
            9.6289168
          ],
          [
            -63.3435449,
            9.6286408
          ]
        ]
      },
      "properties": {
        "id": "OSM-W1481965912",
        "nombre": "Oleoducto El Furrial - Mantecal",
        "tipo": "ducto",
        "sector": "midstream",
        "fluido": "oil",
        "estado": "desconocido",
        "operadora": "PDVSA",
        "diametro": null,
        "ubicacion": "overground",
        "fuente": "OpenStreetMap contributors (ODbL), consulta Overpass 2026-09-08",
        "confianza": "baja",
        "ultima_verificacion": "2026-09-08"
      }
    },
    {
      "type": "Feature",
      "geometry": {
        "type": "LineString",
        "coordinates": [
          [
            -63.3243182,
            9.6270419
          ],
          [
            -63.3237839,
            9.6270448
          ],
          [
            -63.3237831,
            9.6268978
          ],
          [
            -63.3243174,
            9.6268949
          ],
          [
            -63.3243182,
            9.6270419
          ]
        ]
      },
      "properties": {
        "id": "OSM-W1481965913",
        "nombre": null,
        "tipo": "ducto",
        "sector": "midstream",
        "fluido": "oil",
        "estado": "desconocido",
        "operadora": "PDVSA",
        "diametro": null,
        "ubicacion": null,
        "fuente": "OpenStreetMap contributors (ODbL), consulta Overpass 2026-09-08",
        "confianza": "baja",
        "ultima_verificacion": "2026-09-08"
      }
    },
    {
      "type": "Feature",
      "geometry": {
        "type": "LineString",
        "coordinates": [
          [
            -63.3196458,
            9.6260291
          ],
          [
            -63.319136,
            9.6258727
          ],
          [
            -63.3191818,
            9.6257277
          ],
          [
            -63.3196916,
            9.6258841
          ],
          [
            -63.3196458,
            9.6260291
          ]
        ]
      },
      "properties": {
        "id": "OSM-W1481965914",
        "nombre": null,
        "tipo": "ducto",
        "sector": "midstream",
        "fluido": "oil",
        "estado": "desconocido",
        "operadora": "PDVSA",
        "diametro": null,
        "ubicacion": null,
        "fuente": "OpenStreetMap contributors (ODbL), consulta Overpass 2026-09-08",
        "confianza": "baja",
        "ultima_verificacion": "2026-09-08"
      }
    },
    {
      "type": "Feature",
      "geometry": {
        "type": "LineString",
        "coordinates": [
          [
            -63.2490581,
            9.6222449
          ],
          [
            -63.2485774,
            9.6224672
          ],
          [
            -63.2485163,
            9.6223388
          ],
          [
            -63.2489971,
            9.6221165
          ],
          [
            -63.2490581,
            9.6222449
          ]
        ]
      },
      "properties": {
        "id": "OSM-W1481965916",
        "nombre": null,
        "tipo": "ducto",
        "sector": "midstream",
        "fluido": "oil",
        "estado": "desconocido",
        "operadora": "PDVSA",
        "diametro": null,
        "ubicacion": null,
        "fuente": "OpenStreetMap contributors (ODbL), consulta Overpass 2026-09-08",
        "confianza": "baja",
        "ultima_verificacion": "2026-09-08"
      }
    },
    {
      "type": "Feature",
      "geometry": {
        "type": "LineString",
        "coordinates": [
          [
            -63.1393652,
            9.6153507
          ],
          [
            -63.1392471,
            9.6154381
          ],
          [
            -63.1389266,
            9.6150175
          ],
          [
            -63.1390446,
            9.6149301
          ],
          [
            -63.1393652,
            9.6153507
          ]
        ]
      },
      "properties": {
        "id": "OSM-W1481965917",
        "nombre": null,
        "tipo": "ducto",
        "sector": "midstream",
        "fluido": "oil",
        "estado": "desconocido",
        "operadora": "PDVSA",
        "diametro": null,
        "ubicacion": null,
        "fuente": "OpenStreetMap contributors (ODbL), consulta Overpass 2026-09-08",
        "confianza": "baja",
        "ultima_verificacion": "2026-09-08"
      }
    },
    {
      "type": "Feature",
      "geometry": {
        "type": "LineString",
        "coordinates": [
          [
            -63.1375869,
            9.6090633
          ],
          [
            -63.137436,
            9.6090576
          ],
          [
            -63.1374562,
            9.6085397
          ],
          [
            -63.137607,
            9.6085454
          ],
          [
            -63.1375869,
            9.6090633
          ]
        ]
      },
      "properties": {
        "id": "OSM-W1481965918",
        "nombre": null,
        "tipo": "ducto",
        "sector": "midstream",
        "fluido": "oil",
        "estado": "desconocido",
        "operadora": "PDVSA",
        "diametro": null,
        "ubicacion": null,
        "fuente": "OpenStreetMap contributors (ODbL), consulta Overpass 2026-09-08",
        "confianza": "baja",
        "ultima_verificacion": "2026-09-08"
      }
    },
    {
      "type": "Feature",
      "geometry": {
        "type": "LineString",
        "coordinates": [
          [
            -63.137497,
            9.6096755
          ],
          [
            -63.1375158,
            9.6109845
          ]
        ]
      },
      "properties": {
        "id": "OSM-W1481965919",
        "nombre": "Oleoducto El Furrial - Mantecal",
        "tipo": "ducto",
        "sector": "midstream",
        "fluido": "oil",
        "estado": "desconocido",
        "operadora": "PDVSA",
        "diametro": null,
        "ubicacion": "overhead",
        "fuente": "OpenStreetMap contributors (ODbL), consulta Overpass 2026-09-08",
        "confianza": "baja",
        "ultima_verificacion": "2026-09-08"
      }
    },
    {
      "type": "Feature",
      "geometry": {
        "type": "LineString",
        "coordinates": [
          [
            -63.1375037,
            9.6092114
          ],
          [
            -63.137497,
            9.6096755
          ]
        ]
      },
      "properties": {
        "id": "OSM-W1481965920",
        "nombre": "Oleoducto El Furrial - Mantecal",
        "tipo": "ducto",
        "sector": "midstream",
        "fluido": "oil",
        "estado": "desconocido",
        "operadora": "PDVSA",
        "diametro": null,
        "ubicacion": "underground",
        "fuente": "OpenStreetMap contributors (ODbL), consulta Overpass 2026-09-08",
        "confianza": "baja",
        "ultima_verificacion": "2026-09-08"
      }
    },
    {
      "type": "Feature",
      "geometry": {
        "type": "LineString",
        "coordinates": [
          [
            -63.1359208,
            9.603685
          ],
          [
            -63.1360653,
            9.6038622
          ]
        ]
      },
      "properties": {
        "id": "OSM-W1481965921",
        "nombre": "Oleoducto El Furrial - Mantecal",
        "tipo": "ducto",
        "sector": "midstream",
        "fluido": "oil",
        "estado": "desconocido",
        "operadora": "PDVSA",
        "diametro": null,
        "ubicacion": "overhead",
        "fuente": "OpenStreetMap contributors (ODbL), consulta Overpass 2026-09-08",
        "confianza": "baja",
        "ultima_verificacion": "2026-09-08"
      }
    },
    {
      "type": "Feature",
      "geometry": {
        "type": "LineString",
        "coordinates": [
          [
            -63.1360653,
            9.6038622
          ],
          [
            -63.1368238,
            9.6047922
          ],
          [
            -63.1369203,
            9.6049192
          ],
          [
            -63.1369981,
            9.605062
          ],
          [
            -63.1372757,
            9.6055671
          ],
          [
            -63.1373119,
            9.605661
          ],
          [
            -63.1373629,
            9.6057972
          ],
          [
            -63.1374595,
            9.6061251
          ],
          [
            -63.1375393,
            9.6064385
          ],
          [
            -63.1375433,
            9.6064663
          ],
          [
            -63.1375473,
            9.6065126
          ],
          [
            -63.1375855,
            9.6070018
          ],
          [
            -63.1375869,
            9.6071195
          ],
          [
            -63.1375332,
            9.6084537
          ],
          [
            -63.1375037,
            9.6092114
          ]
        ]
      },
      "properties": {
        "id": "OSM-W1481965922",
        "nombre": "Oleoducto El Furrial - Mantecal",
        "tipo": "ducto",
        "sector": "midstream",
        "fluido": "oil",
        "estado": "desconocido",
        "operadora": "PDVSA",
        "diametro": null,
        "ubicacion": "overground",
        "fuente": "OpenStreetMap contributors (ODbL), consulta Overpass 2026-09-08",
        "confianza": "baja",
        "ultima_verificacion": "2026-09-08"
      }
    },
    {
      "type": "Feature",
      "geometry": {
        "type": "LineString",
        "coordinates": [
          [
            -63.1313293,
            9.5980444
          ],
          [
            -63.131528,
            9.5982913
          ]
        ]
      },
      "properties": {
        "id": "OSM-W1481965923",
        "nombre": "Oleoducto El Furrial - Mantecal",
        "tipo": "ducto",
        "sector": "midstream",
        "fluido": "oil",
        "estado": "desconocido",
        "operadora": "PDVSA",
        "diametro": null,
        "ubicacion": "underground",
        "fuente": "OpenStreetMap contributors (ODbL), consulta Overpass 2026-09-08",
        "confianza": "baja",
        "ultima_verificacion": "2026-09-08"
      }
    },
    {
      "type": "Feature",
      "geometry": {
        "type": "LineString",
        "coordinates": [
          [
            -63.131528,
            9.5982913
          ],
          [
            -63.1320454,
            9.5989344
          ],
          [
            -63.1335032,
            9.6007195
          ],
          [
            -63.1349355,
            9.6024769
          ],
          [
            -63.1359208,
            9.603685
          ]
        ]
      },
      "properties": {
        "id": "OSM-W1481965924",
        "nombre": "Oleoducto El Furrial - Mantecal",
        "tipo": "ducto",
        "sector": "midstream",
        "fluido": "oil",
        "estado": "desconocido",
        "operadora": "PDVSA",
        "diametro": null,
        "ubicacion": "overground",
        "fuente": "OpenStreetMap contributors (ODbL), consulta Overpass 2026-09-08",
        "confianza": "baja",
        "ultima_verificacion": "2026-09-08"
      }
    },
    {
      "type": "Feature",
      "geometry": {
        "type": "LineString",
        "coordinates": [
          [
            -63.0118033,
            9.3779376
          ],
          [
            -63.0117021,
            9.3782674
          ]
        ]
      },
      "properties": {
        "id": "OSM-W1481983499",
        "nombre": "Oleoducto El Furrial - Mantecal",
        "tipo": "ducto",
        "sector": "midstream",
        "fluido": "oil",
        "estado": "desconocido",
        "operadora": "PDVSA",
        "diametro": null,
        "ubicacion": "overhead",
        "fuente": "OpenStreetMap contributors (ODbL), consulta Overpass 2026-09-08",
        "confianza": "baja",
        "ultima_verificacion": "2026-09-08"
      }
    },
    {
      "type": "Feature",
      "geometry": {
        "type": "LineString",
        "coordinates": [
          [
            -63.0117021,
            9.3782674
          ],
          [
            -63.0116384,
            9.3784748
          ],
          [
            -63.0110565,
            9.3806445
          ]
        ]
      },
      "properties": {
        "id": "OSM-W1481983500",
        "nombre": "Oleoducto El Furrial - Mantecal",
        "tipo": "ducto",
        "sector": "midstream",
        "fluido": "oil",
        "estado": "desconocido",
        "operadora": "PDVSA",
        "diametro": null,
        "ubicacion": "overground",
        "fuente": "OpenStreetMap contributors (ODbL), consulta Overpass 2026-09-08",
        "confianza": "baja",
        "ultima_verificacion": "2026-09-08"
      }
    },
    {
      "type": "Feature",
      "geometry": {
        "type": "LineString",
        "coordinates": [
          [
            -63.0110565,
            9.3806445
          ],
          [
            -63.0107734,
            9.3817986
          ]
        ]
      },
      "properties": {
        "id": "OSM-W1481983501",
        "nombre": "Oleoducto El Furrial - Mantecal",
        "tipo": "ducto",
        "sector": "midstream",
        "fluido": "oil",
        "estado": "desconocido",
        "operadora": "PDVSA",
        "diametro": null,
        "ubicacion": "underground",
        "fuente": "OpenStreetMap contributors (ODbL), consulta Overpass 2026-09-08",
        "confianza": "baja",
        "ultima_verificacion": "2026-09-08"
      }
    },
    {
      "type": "Feature",
      "geometry": {
        "type": "LineString",
        "coordinates": [
          [
            -63.0107734,
            9.3817986
          ],
          [
            -63.0103576,
            9.3831641
          ],
          [
            -63.0101538,
            9.3839765
          ],
          [
            -63.00984,
            9.3854241
          ],
          [
            -63.0098239,
            9.3855749
          ],
          [
            -63.009797,
            9.3859057
          ],
          [
            -63.0097246,
            9.3868716
          ],
          [
            -63.0097139,
            9.3870568
          ],
          [
            -63.0097139,
            9.3871706
          ],
          [
            -63.0097273,
            9.3873638
          ],
          [
            -63.0099338,
            9.3886155
          ],
          [
            -63.0102637,
            9.3901133
          ]
        ]
      },
      "properties": {
        "id": "OSM-W1481983502",
        "nombre": "Oleoducto El Furrial - Mantecal",
        "tipo": "ducto",
        "sector": "midstream",
        "fluido": "oil",
        "estado": "desconocido",
        "operadora": "PDVSA",
        "diametro": null,
        "ubicacion": "overground",
        "fuente": "OpenStreetMap contributors (ODbL), consulta Overpass 2026-09-08",
        "confianza": "baja",
        "ultima_verificacion": "2026-09-08"
      }
    },
    {
      "type": "Feature",
      "geometry": {
        "type": "LineString",
        "coordinates": [
          [
            -63.0134795,
            9.3720336
          ],
          [
            -63.0133419,
            9.3725989
          ]
        ]
      },
      "properties": {
        "id": "OSM-W1481983505",
        "nombre": "Oleoducto El Furrial - Mantecal",
        "tipo": "ducto",
        "sector": "midstream",
        "fluido": "oil",
        "estado": "desconocido",
        "operadora": "PDVSA",
        "diametro": null,
        "ubicacion": "underground",
        "fuente": "OpenStreetMap contributors (ODbL), consulta Overpass 2026-09-08",
        "confianza": "baja",
        "ultima_verificacion": "2026-09-08"
      }
    },
    {
      "type": "Feature",
      "geometry": {
        "type": "LineString",
        "coordinates": [
          [
            -63.0133419,
            9.3725989
          ],
          [
            -63.0132329,
            9.3729703
          ],
          [
            -63.0131283,
            9.373317
          ],
          [
            -63.0126724,
            9.3749551
          ],
          [
            -63.0124229,
            9.375839
          ],
          [
            -63.0118033,
            9.3779376
          ]
        ]
      },
      "properties": {
        "id": "OSM-W1481983506",
        "nombre": "Oleoducto El Furrial - Mantecal",
        "tipo": "ducto",
        "sector": "midstream",
        "fluido": "oil",
        "estado": "desconocido",
        "operadora": "PDVSA",
        "diametro": null,
        "ubicacion": "overground",
        "fuente": "OpenStreetMap contributors (ODbL), consulta Overpass 2026-09-08",
        "confianza": "baja",
        "ultima_verificacion": "2026-09-08"
      }
    },
    {
      "type": "Feature",
      "geometry": {
        "type": "LineString",
        "coordinates": [
          [
            -63.009207,
            9.3609396
          ],
          [
            -63.0099231,
            9.3620935
          ],
          [
            -63.0104837,
            9.3629853
          ],
          [
            -63.0113286,
            9.3643456
          ],
          [
            -63.0120555,
            9.3655498
          ],
          [
            -63.0124095,
            9.3661584
          ],
          [
            -63.0126777,
            9.3665713
          ],
          [
            -63.0127931,
            9.3668068
          ],
          [
            -63.0128843,
            9.367045
          ],
          [
            -63.0131364,
            9.3677198
          ],
          [
            -63.0132276,
            9.3680348
          ],
          [
            -63.0133724,
            9.3686382
          ],
          [
            -63.0134824,
            9.3691092
          ],
          [
            -63.0135039,
            9.3692759
          ],
          [
            -63.013536,
            9.3696279
          ],
          [
            -63.0136031,
            9.3708426
          ],
          [
            -63.0136085,
            9.3711126
          ],
          [
            -63.0136031,
            9.3712872
          ],
          [
            -63.013595,
            9.3714831
          ],
          [
            -63.0135387,
            9.3718086
          ],
          [
            -63.0134795,
            9.3720336
          ]
        ]
      },
      "properties": {
        "id": "OSM-W1481983507",
        "nombre": "Oleoducto El Furrial - Mantecal",
        "tipo": "ducto",
        "sector": "midstream",
        "fluido": "oil",
        "estado": "desconocido",
        "operadora": "PDVSA",
        "diametro": null,
        "ubicacion": "overground",
        "fuente": "OpenStreetMap contributors (ODbL), consulta Overpass 2026-09-08",
        "confianza": "baja",
        "ultima_verificacion": "2026-09-08"
      }
    },
    {
      "type": "Feature",
      "geometry": {
        "type": "LineString",
        "coordinates": [
          [
            -62.983655,
            9.3341082
          ],
          [
            -62.983751,
            9.3345432
          ]
        ]
      },
      "properties": {
        "id": "OSM-W1481983508",
        "nombre": "Oleoducto El Furrial - Mantecal",
        "tipo": "ducto",
        "sector": "midstream",
        "fluido": "oil",
        "estado": "desconocido",
        "operadora": "PDVSA",
        "diametro": null,
        "ubicacion": "underground",
        "fuente": "OpenStreetMap contributors (ODbL), consulta Overpass 2026-09-08",
        "confianza": "baja",
        "ultima_verificacion": "2026-09-08"
      }
    },
    {
      "type": "Feature",
      "geometry": {
        "type": "LineString",
        "coordinates": [
          [
            -62.983751,
            9.3345432
          ],
          [
            -62.9851127,
            9.3407092
          ]
        ]
      },
      "properties": {
        "id": "OSM-W1481983509",
        "nombre": "Oleoducto El Furrial - Mantecal",
        "tipo": "ducto",
        "sector": "midstream",
        "fluido": "oil",
        "estado": "desconocido",
        "operadora": "PDVSA",
        "diametro": null,
        "ubicacion": "overground",
        "fuente": "OpenStreetMap contributors (ODbL), consulta Overpass 2026-09-08",
        "confianza": "baja",
        "ultima_verificacion": "2026-09-08"
      }
    },
    {
      "type": "Feature",
      "geometry": {
        "type": "LineString",
        "coordinates": [
          [
            -62.9851127,
            9.3407092
          ],
          [
            -62.9852803,
            9.3415615
          ]
        ]
      },
      "properties": {
        "id": "OSM-W1481983511",
        "nombre": "Oleoducto El Furrial - Mantecal",
        "tipo": "ducto",
        "sector": "midstream",
        "fluido": "oil",
        "estado": "desconocido",
        "operadora": "PDVSA",
        "diametro": null,
        "ubicacion": "overhead",
        "fuente": "OpenStreetMap contributors (ODbL), consulta Overpass 2026-09-08",
        "confianza": "baja",
        "ultima_verificacion": "2026-09-08"
      }
    },
    {
      "type": "Feature",
      "geometry": {
        "type": "LineString",
        "coordinates": [
          [
            -62.9852803,
            9.3415615
          ],
          [
            -62.985684,
            9.3434935
          ],
          [
            -62.9857832,
            9.343864
          ],
          [
            -62.9858851,
            9.344179
          ],
          [
            -62.9860166,
            9.3444675
          ],
          [
            -62.9861373,
            9.3446898
          ],
          [
            -62.9863894,
            9.3450524
          ],
          [
            -62.9865637,
            9.345325
          ],
          [
            -62.9868239,
            9.3456399
          ],
          [
            -62.9870814,
            9.3459072
          ],
          [
            -62.9872987,
            9.3460872
          ],
          [
            -62.9875186,
            9.3462486
          ],
          [
            -62.9878002,
            9.3464206
          ],
          [
            -62.9880416,
            9.3465609
          ],
          [
            -62.9887256,
            9.3468732
          ],
          [
            -62.9907721,
            9.3477148
          ],
          [
            -62.9920837,
            9.3482574
          ]
        ]
      },
      "properties": {
        "id": "OSM-W1481983512",
        "nombre": "Oleoducto El Furrial - Mantecal",
        "tipo": "ducto",
        "sector": "midstream",
        "fluido": "oil",
        "estado": "desconocido",
        "operadora": "PDVSA",
        "diametro": null,
        "ubicacion": "overground",
        "fuente": "OpenStreetMap contributors (ODbL), consulta Overpass 2026-09-08",
        "confianza": "baja",
        "ultima_verificacion": "2026-09-08"
      }
    },
    {
      "type": "Feature",
      "geometry": {
        "type": "LineString",
        "coordinates": [
          [
            -62.9652938,
            9.3079793
          ],
          [
            -62.9670212,
            9.3101127
          ],
          [
            -62.9676756,
            9.3109041
          ],
          [
            -62.9695129,
            9.3131539
          ],
          [
            -62.9708648,
            9.3147897
          ],
          [
            -62.9722944,
            9.3165551
          ],
          [
            -62.9738796,
            9.3184794
          ],
          [
            -62.9740137,
            9.3186382
          ],
          [
            -62.9747218,
            9.3194931
          ],
          [
            -62.9761809,
            9.3212929
          ],
          [
            -62.9775247,
            9.3229207
          ],
          [
            -62.9787317,
            9.3244029
          ],
          [
            -62.9796973,
            9.3255754
          ],
          [
            -62.9810706,
            9.3272773
          ],
          [
            -62.9813656,
            9.3276875
          ],
          [
            -62.9819477,
            9.3284551
          ],
          [
            -62.9820791,
            9.3286456
          ],
          [
            -62.9821247,
            9.3287356
          ],
          [
            -62.9822159,
            9.3289235
          ],
          [
            -62.9827577,
            9.3301887
          ],
          [
            -62.9827778,
            9.3302601
          ],
          [
            -62.9827952,
            9.3303276
          ],
          [
            -62.9830098,
            9.3311865
          ],
          [
            -62.983655,
            9.3341082
          ]
        ]
      },
      "properties": {
        "id": "OSM-W1481983513",
        "nombre": "Oleoducto El Furrial - Mantecal",
        "tipo": "ducto",
        "sector": "midstream",
        "fluido": "oil",
        "estado": "desconocido",
        "operadora": "PDVSA",
        "diametro": null,
        "ubicacion": "overground",
        "fuente": "OpenStreetMap contributors (ODbL), consulta Overpass 2026-09-08",
        "confianza": "baja",
        "ultima_verificacion": "2026-09-08"
      }
    },
    {
      "type": "Feature",
      "geometry": {
        "type": "LineString",
        "coordinates": [
          [
            -63.0597626,
            9.5029741
          ],
          [
            -63.0594072,
            9.5025825
          ],
          [
            -63.0595129,
            9.5024892
          ],
          [
            -63.0598683,
            9.5028807
          ],
          [
            -63.0597626,
            9.5029741
          ]
        ]
      },
      "properties": {
        "id": "OSM-W1481983514",
        "nombre": null,
        "tipo": "ducto",
        "sector": "midstream",
        "fluido": "oil",
        "estado": "desconocido",
        "operadora": "PDVSA",
        "diametro": null,
        "ubicacion": null,
        "fuente": "OpenStreetMap contributors (ODbL), consulta Overpass 2026-09-08",
        "confianza": "baja",
        "ultima_verificacion": "2026-09-08"
      }
    },
    {
      "type": "Feature",
      "geometry": {
        "type": "LineString",
        "coordinates": [
          [
            -63.038215,
            9.4784238
          ],
          [
            -63.0412674,
            9.4818763
          ],
          [
            -63.0431691,
            9.4839954
          ],
          [
            -63.0449528,
            9.4860193
          ],
          [
            -63.0482009,
            9.4896251
          ],
          [
            -63.0506685,
            9.4924346
          ],
          [
            -63.0538014,
            9.4959531
          ],
          [
            -63.0557138,
            9.4980985
          ],
          [
            -63.0567893,
            9.4993049
          ],
          [
            -63.0570227,
            9.4995575
          ]
        ]
      },
      "properties": {
        "id": "OSM-W1481983515",
        "nombre": "Oleoducto El Furrial - Mantecal",
        "tipo": "ducto",
        "sector": "midstream",
        "fluido": "oil",
        "estado": "desconocido",
        "operadora": "PDVSA",
        "diametro": null,
        "ubicacion": "overground",
        "fuente": "OpenStreetMap contributors (ODbL), consulta Overpass 2026-09-08",
        "confianza": "baja",
        "ultima_verificacion": "2026-09-08"
      }
    },
    {
      "type": "Feature",
      "geometry": {
        "type": "LineString",
        "coordinates": [
          [
            -63.0570227,
            9.4995575
          ],
          [
            -63.0576262,
            9.5002704
          ],
          [
            -63.0578542,
            9.5005112
          ],
          [
            -63.0580017,
            9.5006858
          ],
          [
            -63.0581412,
            9.5008551
          ],
          [
            -63.0582592,
            9.5009847
          ],
          [
            -63.0590719,
            9.5020746
          ],
          [
            -63.0593325,
            9.5023999
          ],
          [
            -63.0595672,
            9.5026549
          ]
        ]
      },
      "properties": {
        "id": "OSM-W1481983516",
        "nombre": "Oleoducto El Furrial - Mantecal",
        "tipo": "ducto",
        "sector": "midstream",
        "fluido": "oil",
        "estado": "desconocido",
        "operadora": "PDVSA",
        "diametro": null,
        "ubicacion": "underground",
        "fuente": "OpenStreetMap contributors (ODbL), consulta Overpass 2026-09-08",
        "confianza": "baja",
        "ultima_verificacion": "2026-09-08"
      }
    },
    {
      "type": "Feature",
      "geometry": {
        "type": "LineString",
        "coordinates": [
          [
            -63.4090398,
            9.655483
          ],
          [
            -63.4085006,
            9.6554872
          ],
          [
            -63.4084994,
            9.6553323
          ],
          [
            -63.4090386,
            9.655328
          ],
          [
            -63.4090398,
            9.655483
          ]
        ]
      },
      "properties": {
        "id": "OSM-W1481983517",
        "nombre": null,
        "tipo": "ducto",
        "sector": "midstream",
        "fluido": "oil",
        "estado": "desconocido",
        "operadora": "PDVSA",
        "diametro": null,
        "ubicacion": null,
        "fuente": "OpenStreetMap contributors (ODbL), consulta Overpass 2026-09-08",
        "confianza": "baja",
        "ultima_verificacion": "2026-09-08"
      }
    },
    {
      "type": "Feature",
      "geometry": {
        "type": "LineString",
        "coordinates": [
          [
            -63.0375499,
            9.4776355
          ],
          [
            -63.038215,
            9.4784238
          ]
        ]
      },
      "properties": {
        "id": "OSM-W1481984600",
        "nombre": "Oleoducto El Furrial - Mantecal",
        "tipo": "ducto",
        "sector": "midstream",
        "fluido": "oil",
        "estado": "desconocido",
        "operadora": "PDVSA",
        "diametro": null,
        "ubicacion": "underground",
        "fuente": "OpenStreetMap contributors (ODbL), consulta Overpass 2026-09-08",
        "confianza": "baja",
        "ultima_verificacion": "2026-09-08"
      }
    },
    {
      "type": "Feature",
      "geometry": {
        "type": "LineString",
        "coordinates": [
          [
            -63.0280441,
            9.4638371
          ],
          [
            -63.028138,
            9.4641532
          ]
        ]
      },
      "properties": {
        "id": "OSM-W1481984601",
        "nombre": "Oleoducto El Furrial - Mantecal",
        "tipo": "ducto",
        "sector": "midstream",
        "fluido": "oil",
        "estado": "desconocido",
        "operadora": "PDVSA",
        "diametro": null,
        "ubicacion": "underground",
        "fuente": "OpenStreetMap contributors (ODbL), consulta Overpass 2026-09-08",
        "confianza": "baja",
        "ultima_verificacion": "2026-09-08"
      }
    },
    {
      "type": "Feature",
      "geometry": {
        "type": "LineString",
        "coordinates": [
          [
            -63.028138,
            9.4641532
          ],
          [
            -63.0284746,
            9.4653015
          ],
          [
            -63.0287549,
            9.4661587
          ],
          [
            -63.02883,
            9.4663492
          ],
          [
            -63.0289614,
            9.4666746
          ],
          [
            -63.0295971,
            9.4680027
          ],
          [
            -63.0299699,
            9.4686139
          ],
          [
            -63.0305547,
            9.469561
          ],
          [
            -63.0308712,
            9.4700584
          ],
          [
            -63.0311608,
            9.4704738
          ],
          [
            -63.0313915,
            9.4707701
          ],
          [
            -63.03251,
            9.4720691
          ],
          [
            -63.0347765,
            9.4745692
          ],
          [
            -63.0375499,
            9.4776355
          ]
        ]
      },
      "properties": {
        "id": "OSM-W1481984602",
        "nombre": "Oleoducto El Furrial - Mantecal",
        "tipo": "ducto",
        "sector": "midstream",
        "fluido": "oil",
        "estado": "desconocido",
        "operadora": "PDVSA",
        "diametro": null,
        "ubicacion": "overground",
        "fuente": "OpenStreetMap contributors (ODbL), consulta Overpass 2026-09-08",
        "confianza": "baja",
        "ultima_verificacion": "2026-09-08"
      }
    },
    {
      "type": "Feature",
      "geometry": {
        "type": "LineString",
        "coordinates": [
          [
            -63.0231679,
            9.4436326
          ],
          [
            -63.0236412,
            9.445526
          ]
        ]
      },
      "properties": {
        "id": "OSM-W1481984603",
        "nombre": "Oleoducto El Furrial - Mantecal",
        "tipo": "ducto",
        "sector": "midstream",
        "fluido": "oil",
        "estado": "desconocido",
        "operadora": "PDVSA",
        "diametro": null,
        "ubicacion": "underground",
        "fuente": "OpenStreetMap contributors (ODbL), consulta Overpass 2026-09-08",
        "confianza": "baja",
        "ultima_verificacion": "2026-09-08"
      }
    },
    {
      "type": "Feature",
      "geometry": {
        "type": "LineString",
        "coordinates": [
          [
            -63.0236412,
            9.445526
          ],
          [
            -63.023994,
            9.4469372
          ],
          [
            -63.0245063,
            9.4491968
          ],
          [
            -63.0256945,
            9.4542211
          ],
          [
            -63.0262899,
            9.4565706
          ],
          [
            -63.0280441,
            9.4638371
          ]
        ]
      },
      "properties": {
        "id": "OSM-W1481984604",
        "nombre": "Oleoducto El Furrial - Mantecal",
        "tipo": "ducto",
        "sector": "midstream",
        "fluido": "oil",
        "estado": "desconocido",
        "operadora": "PDVSA",
        "diametro": null,
        "ubicacion": "overground",
        "fuente": "OpenStreetMap contributors (ODbL), consulta Overpass 2026-09-08",
        "confianza": "baja",
        "ultima_verificacion": "2026-09-08"
      }
    },
    {
      "type": "Feature",
      "geometry": {
        "type": "LineString",
        "coordinates": [
          [
            -63.0121172,
            9.3977503
          ],
          [
            -63.0122432,
            9.3983246
          ]
        ]
      },
      "properties": {
        "id": "OSM-W1481984605",
        "nombre": "Oleoducto El Furrial - Mantecal",
        "tipo": "ducto",
        "sector": "midstream",
        "fluido": "oil",
        "estado": "desconocido",
        "operadora": "PDVSA",
        "diametro": null,
        "ubicacion": "underground",
        "fuente": "OpenStreetMap contributors (ODbL), consulta Overpass 2026-09-08",
        "confianza": "baja",
        "ultima_verificacion": "2026-09-08"
      }
    },
    {
      "type": "Feature",
      "geometry": {
        "type": "LineString",
        "coordinates": [
          [
            -63.0103549,
            9.3905049
          ],
          [
            -63.0109423,
            9.3929395
          ],
          [
            -63.0121172,
            9.3977503
          ]
        ]
      },
      "properties": {
        "id": "OSM-W1481984606",
        "nombre": "Oleoducto El Furrial - Mantecal",
        "tipo": "ducto",
        "sector": "midstream",
        "fluido": "oil",
        "estado": "desconocido",
        "operadora": "PDVSA",
        "diametro": null,
        "ubicacion": "overground",
        "fuente": "OpenStreetMap contributors (ODbL), consulta Overpass 2026-09-08",
        "confianza": "baja",
        "ultima_verificacion": "2026-09-08"
      }
    },
    {
      "type": "Feature",
      "geometry": {
        "type": "LineString",
        "coordinates": [
          [
            -63.0102637,
            9.3901133
          ],
          [
            -63.0103549,
            9.3905049
          ]
        ]
      },
      "properties": {
        "id": "OSM-W1481984607",
        "nombre": "Oleoducto El Furrial - Mantecal",
        "tipo": "ducto",
        "sector": "midstream",
        "fluido": "oil",
        "estado": "desconocido",
        "operadora": "PDVSA",
        "diametro": null,
        "ubicacion": "underground",
        "fuente": "OpenStreetMap contributors (ODbL), consulta Overpass 2026-09-08",
        "confianza": "baja",
        "ultima_verificacion": "2026-09-08"
      }
    },
    {
      "type": "Feature",
      "geometry": {
        "type": "LineString",
        "coordinates": [
          [
            -63.0122432,
            9.3983246
          ],
          [
            -63.0126563,
            9.400034
          ],
          [
            -63.0130318,
            9.4016138
          ],
          [
            -63.0134529,
            9.4033894
          ],
          [
            -63.0138606,
            9.4050617
          ],
          [
            -63.0143246,
            9.4069723
          ],
          [
            -63.0147752,
            9.4088537
          ],
          [
            -63.0151936,
            9.4105472
          ],
          [
            -63.0156872,
            9.4125635
          ],
          [
            -63.0160734,
            9.4141776
          ],
          [
            -63.0166045,
            9.4164109
          ],
          [
            -63.0170605,
            9.418324
          ],
          [
            -63.0174977,
            9.4200942
          ],
          [
            -63.0178517,
            9.4215389
          ],
          [
            -63.0181843,
            9.4229228
          ],
          [
            -63.0186161,
            9.4247142
          ],
          [
            -63.0190292,
            9.4264579
          ],
          [
            -63.0195576,
            9.4286461
          ],
          [
            -63.0200109,
            9.4305221
          ],
          [
            -63.0204481,
            9.4323266
          ],
          [
            -63.0208021,
            9.4338216
          ],
          [
            -63.0209792,
            9.4345572
          ],
          [
            -63.0214351,
            9.4364543
          ],
          [
            -63.0222639,
            9.4398331
          ],
          [
            -63.0227602,
            9.4419736
          ],
          [
            -63.0231679,
            9.4436326
          ]
        ]
      },
      "properties": {
        "id": "OSM-W1481984608",
        "nombre": "Oleoducto El Furrial - Mantecal",
        "tipo": "ducto",
        "sector": "midstream",
        "fluido": "oil",
        "estado": "desconocido",
        "operadora": "PDVSA",
        "diametro": null,
        "ubicacion": "overground",
        "fuente": "OpenStreetMap contributors (ODbL), consulta Overpass 2026-09-08",
        "confianza": "baja",
        "ultima_verificacion": "2026-09-08"
      }
    },
    {
      "type": "Feature",
      "geometry": {
        "type": "LineString",
        "coordinates": [
          [
            -63.0087054,
            9.3601112
          ],
          [
            -63.009207,
            9.3609396
          ]
        ]
      },
      "properties": {
        "id": "OSM-W1481984609",
        "nombre": "Oleoducto El Furrial - Mantecal",
        "tipo": "ducto",
        "sector": "midstream",
        "fluido": "oil",
        "estado": "desconocido",
        "operadora": "PDVSA",
        "diametro": null,
        "ubicacion": "underground",
        "fuente": "OpenStreetMap contributors (ODbL), consulta Overpass 2026-09-08",
        "confianza": "baja",
        "ultima_verificacion": "2026-09-08"
      }
    },
    {
      "type": "Feature",
      "geometry": {
        "type": "LineString",
        "coordinates": [
          [
            -63.0073294,
            9.3578908
          ],
          [
            -63.0080938,
            9.3591162
          ],
          [
            -63.0087054,
            9.3601112
          ]
        ]
      },
      "properties": {
        "id": "OSM-W1481984610",
        "nombre": "Oleoducto El Furrial - Mantecal",
        "tipo": "ducto",
        "sector": "midstream",
        "fluido": "oil",
        "estado": "desconocido",
        "operadora": "PDVSA",
        "diametro": null,
        "ubicacion": "overground",
        "fuente": "OpenStreetMap contributors (ODbL), consulta Overpass 2026-09-08",
        "confianza": "baja",
        "ultima_verificacion": "2026-09-08"
      }
    },
    {
      "type": "Feature",
      "geometry": {
        "type": "LineString",
        "coordinates": [
          [
            -63.0061358,
            9.3559602
          ],
          [
            -63.0064711,
            9.3564921
          ],
          [
            -63.0073294,
            9.3578908
          ]
        ]
      },
      "properties": {
        "id": "OSM-W1481984611",
        "nombre": "Oleoducto El Furrial - Mantecal",
        "tipo": "ducto",
        "sector": "midstream",
        "fluido": "oil",
        "estado": "desconocido",
        "operadora": "PDVSA",
        "diametro": null,
        "ubicacion": "underground",
        "fuente": "OpenStreetMap contributors (ODbL), consulta Overpass 2026-09-08",
        "confianza": "baja",
        "ultima_verificacion": "2026-09-08"
      }
    },
    {
      "type": "Feature",
      "geometry": {
        "type": "LineString",
        "coordinates": [
          [
            -62.9929878,
            9.3486449
          ],
          [
            -62.9944977,
            9.3492922
          ],
          [
            -62.9980302,
            9.3507849
          ],
          [
            -63.0010155,
            9.3520658
          ],
          [
            -63.0028313,
            9.3528426
          ],
          [
            -63.0029628,
            9.3529101
          ],
          [
            -63.0031478,
            9.3530106
          ],
          [
            -63.0035797,
            9.3532541
          ],
          [
            -63.004153,
            9.3536564
          ],
          [
            -63.0044393,
            9.3538694
          ],
          [
            -63.0046177,
            9.3540256
          ],
          [
            -63.0049141,
            9.3542929
          ],
          [
            -63.0050536,
            9.3544649
          ],
          [
            -63.0052628,
            9.3547388
          ],
          [
            -63.0053566,
            9.3548513
          ],
          [
            -63.0056892,
            9.3552509
          ],
          [
            -63.0058408,
            9.3554693
          ],
          [
            -63.0061358,
            9.3559602
          ]
        ]
      },
      "properties": {
        "id": "OSM-W1481984612",
        "nombre": "Oleoducto El Furrial - Mantecal",
        "tipo": "ducto",
        "sector": "midstream",
        "fluido": "oil",
        "estado": "desconocido",
        "operadora": "PDVSA",
        "diametro": null,
        "ubicacion": "overground",
        "fuente": "OpenStreetMap contributors (ODbL), consulta Overpass 2026-09-08",
        "confianza": "baja",
        "ultima_verificacion": "2026-09-08"
      }
    },
    {
      "type": "Feature",
      "geometry": {
        "type": "LineString",
        "coordinates": [
          [
            -62.9920837,
            9.3482574
          ],
          [
            -62.9929878,
            9.3486449
          ]
        ]
      },
      "properties": {
        "id": "OSM-W1481984613",
        "nombre": "Oleoducto El Furrial - Mantecal",
        "tipo": "ducto",
        "sector": "midstream",
        "fluido": "oil",
        "estado": "desconocido",
        "operadora": "PDVSA",
        "diametro": null,
        "ubicacion": "underground",
        "fuente": "OpenStreetMap contributors (ODbL), consulta Overpass 2026-09-08",
        "confianza": "baja",
        "ultima_verificacion": "2026-09-08"
      }
    },
    {
      "type": "Feature",
      "geometry": {
        "type": "LineString",
        "coordinates": [
          [
            -62.9329555,
            9.267067
          ],
          [
            -62.9329732,
            9.2674186
          ],
          [
            -62.9330188,
            9.2678633
          ],
          [
            -62.9330993,
            9.2684391
          ],
          [
            -62.9331167,
            9.2685542
          ],
          [
            -62.9331449,
            9.2686482
          ],
          [
            -62.9331838,
            9.2687343
          ],
          [
            -62.9332548,
            9.2688454
          ]
        ]
      },
      "properties": {
        "id": "OSM-W1481987556",
        "nombre": "Oleoducto El Furrial - Mantecal",
        "tipo": "ducto",
        "sector": "midstream",
        "fluido": "oil",
        "estado": "desconocido",
        "operadora": "PDVSA",
        "diametro": null,
        "ubicacion": "underground",
        "fuente": "OpenStreetMap contributors (ODbL), consulta Overpass 2026-09-08",
        "confianza": "baja",
        "ultima_verificacion": "2026-09-08"
      }
    },
    {
      "type": "Feature",
      "geometry": {
        "type": "LineString",
        "coordinates": [
          [
            -62.932045,
            9.2504042
          ],
          [
            -62.9323241,
            9.255506
          ],
          [
            -62.932367,
            9.2563478
          ],
          [
            -62.9324341,
            9.2571394
          ],
          [
            -62.9325467,
            9.2592757
          ],
          [
            -62.9326594,
            9.2610653
          ],
          [
            -62.9326889,
            9.2615418
          ],
          [
            -62.9327291,
            9.2625636
          ],
          [
            -62.9327613,
            9.2629872
          ],
          [
            -62.9328284,
            9.2641255
          ],
          [
            -62.9328874,
            9.2657191
          ],
          [
            -62.9329555,
            9.267067
          ]
        ]
      },
      "properties": {
        "id": "OSM-W1481987557",
        "nombre": "Oleoducto El Furrial - Mantecal",
        "tipo": "ducto",
        "sector": "midstream",
        "fluido": "oil",
        "estado": "desconocido",
        "operadora": "PDVSA",
        "diametro": null,
        "ubicacion": "overground",
        "fuente": "OpenStreetMap contributors (ODbL), consulta Overpass 2026-09-08",
        "confianza": "baja",
        "ultima_verificacion": "2026-09-08"
      }
    },
    {
      "type": "Feature",
      "geometry": {
        "type": "LineString",
        "coordinates": [
          [
            -62.9401474,
            9.2772592
          ],
          [
            -62.9403574,
            9.2775191
          ]
        ]
      },
      "properties": {
        "id": "OSM-W1481987558",
        "nombre": "Oleoducto El Furrial - Mantecal",
        "tipo": "ducto",
        "sector": "midstream",
        "fluido": "oil",
        "estado": "desconocido",
        "operadora": "PDVSA",
        "diametro": null,
        "ubicacion": "underground",
        "fuente": "OpenStreetMap contributors (ODbL), consulta Overpass 2026-09-08",
        "confianza": "baja",
        "ultima_verificacion": "2026-09-08"
      }
    },
    {
      "type": "Feature",
      "geometry": {
        "type": "LineString",
        "coordinates": [
          [
            -62.9332548,
            9.2688454
          ],
          [
            -62.9344806,
            9.2703385
          ],
          [
            -62.9356286,
            9.2717467
          ],
          [
            -62.9379487,
            9.2745977
          ],
          [
            -62.9399711,
            9.277041
          ],
          [
            -62.9401474,
            9.2772592
          ]
        ]
      },
      "properties": {
        "id": "OSM-W1481987559",
        "nombre": "Oleoducto El Furrial - Mantecal",
        "tipo": "ducto",
        "sector": "midstream",
        "fluido": "oil",
        "estado": "desconocido",
        "operadora": "PDVSA",
        "diametro": null,
        "ubicacion": "overground",
        "fuente": "OpenStreetMap contributors (ODbL), consulta Overpass 2026-09-08",
        "confianza": "baja",
        "ultima_verificacion": "2026-09-08"
      }
    },
    {
      "type": "Feature",
      "geometry": {
        "type": "LineString",
        "coordinates": [
          [
            -62.9645053,
            9.3069841
          ],
          [
            -62.9652938,
            9.3079793
          ]
        ]
      },
      "properties": {
        "id": "OSM-W1481987560",
        "nombre": "Oleoducto El Furrial - Mantecal",
        "tipo": "ducto",
        "sector": "midstream",
        "fluido": "oil",
        "estado": "desconocido",
        "operadora": "PDVSA",
        "diametro": null,
        "ubicacion": "underground",
        "fuente": "OpenStreetMap contributors (ODbL), consulta Overpass 2026-09-08",
        "confianza": "baja",
        "ultima_verificacion": "2026-09-08"
      }
    },
    {
      "type": "Feature",
      "geometry": {
        "type": "LineString",
        "coordinates": [
          [
            -62.9403574,
            9.2775191
          ],
          [
            -62.9420847,
            9.2796564
          ],
          [
            -62.9455662,
            9.2838785
          ],
          [
            -62.9483879,
            9.2873329
          ],
          [
            -62.9511398,
            9.2907052
          ],
          [
            -62.9564104,
            9.2971295
          ],
          [
            -62.9572257,
            9.2981459
          ],
          [
            -62.9582638,
            9.2994191
          ],
          [
            -62.9594198,
            9.3008273
          ],
          [
            -62.9613,
            9.3031196
          ],
          [
            -62.9623005,
            9.3043477
          ],
          [
            -62.9637167,
            9.3060709
          ],
          [
            -62.9645053,
            9.3069841
          ]
        ]
      },
      "properties": {
        "id": "OSM-W1481987561",
        "nombre": "Oleoducto El Furrial - Mantecal",
        "tipo": "ducto",
        "sector": "midstream",
        "fluido": "oil",
        "estado": "desconocido",
        "operadora": "PDVSA",
        "diametro": null,
        "ubicacion": "overground",
        "fuente": "OpenStreetMap contributors (ODbL), consulta Overpass 2026-09-08",
        "confianza": "baja",
        "ultima_verificacion": "2026-09-08"
      }
    },
    {
      "type": "Feature",
      "geometry": {
        "type": "LineString",
        "coordinates": [
          [
            -62.9284924,
            9.2238795
          ],
          [
            -62.9285436,
            9.2242295
          ]
        ]
      },
      "properties": {
        "id": "OSM-W1481988239",
        "nombre": "Oleoducto El Furrial - Mantecal",
        "tipo": "ducto",
        "sector": "midstream",
        "fluido": "oil",
        "estado": "desconocido",
        "operadora": "PDVSA",
        "diametro": null,
        "ubicacion": "underground",
        "fuente": "OpenStreetMap contributors (ODbL), consulta Overpass 2026-09-08",
        "confianza": "baja",
        "ultima_verificacion": "2026-09-08"
      }
    },
    {
      "type": "Feature",
      "geometry": {
        "type": "LineString",
        "coordinates": [
          [
            -62.9160297,
            9.1381189
          ],
          [
            -62.9164213,
            9.1407247
          ],
          [
            -62.916652,
            9.1421918
          ],
          [
            -62.9167137,
            9.1426446
          ],
          [
            -62.916998,
            9.1447552
          ],
          [
            -62.9171401,
            9.1456476
          ],
          [
            -62.9173091,
            9.1469134
          ],
          [
            -62.9177275,
            9.1496409
          ],
          [
            -62.9179555,
            9.151333
          ],
          [
            -62.9180226,
            9.1518229
          ],
          [
            -62.9182854,
            9.1536289
          ],
          [
            -62.9185858,
            9.1555964
          ],
          [
            -62.9188809,
            9.1577334
          ],
          [
            -62.9192698,
            9.1603364
          ],
          [
            -62.9195273,
            9.1621741
          ],
          [
            -62.9201925,
            9.1668451
          ],
          [
            -62.9208523,
            9.1713784
          ],
          [
            -62.9213888,
            9.174916
          ],
          [
            -62.9221612,
            9.1804182
          ],
          [
            -62.9229283,
            9.1855921
          ],
          [
            -62.9239637,
            9.1927041
          ],
          [
            -62.9245538,
            9.1967286
          ],
          [
            -62.9249829,
            9.1997735
          ],
          [
            -62.9256696,
            9.2044335
          ],
          [
            -62.9263133,
            9.2089556
          ],
          [
            -62.9269409,
            9.2131813
          ],
          [
            -62.9275954,
            9.2177457
          ],
          [
            -62.9284924,
            9.2238795
          ]
        ]
      },
      "properties": {
        "id": "OSM-W1481988240",
        "nombre": "Oleoducto El Furrial - Mantecal",
        "tipo": "ducto",
        "sector": "midstream",
        "fluido": "oil",
        "estado": "desconocido",
        "operadora": "PDVSA",
        "diametro": null,
        "ubicacion": "overground",
        "fuente": "OpenStreetMap contributors (ODbL), consulta Overpass 2026-09-08",
        "confianza": "baja",
        "ultima_verificacion": "2026-09-08"
      }
    },
    {
      "type": "Feature",
      "geometry": {
        "type": "LineString",
        "coordinates": [
          [
            -62.9320264,
            9.2500631
          ],
          [
            -62.932045,
            9.2504042
          ]
        ]
      },
      "properties": {
        "id": "OSM-W1481988241",
        "nombre": "Oleoducto El Furrial - Mantecal",
        "tipo": "ducto",
        "sector": "midstream",
        "fluido": "oil",
        "estado": "desconocido",
        "operadora": "PDVSA",
        "diametro": null,
        "ubicacion": "underground",
        "fuente": "OpenStreetMap contributors (ODbL), consulta Overpass 2026-09-08",
        "confianza": "baja",
        "ultima_verificacion": "2026-09-08"
      }
    },
    {
      "type": "Feature",
      "geometry": {
        "type": "LineString",
        "coordinates": [
          [
            -62.9285436,
            9.2242295
          ],
          [
            -62.9291564,
            9.2284258
          ],
          [
            -62.9297304,
            9.2324447
          ],
          [
            -62.9305753,
            9.2382161
          ],
          [
            -62.9308476,
            9.2401607
          ],
          [
            -62.9312325,
            9.2427326
          ],
          [
            -62.9315007,
            9.2444508
          ],
          [
            -62.9316536,
            9.2455812
          ],
          [
            -62.931836,
            9.246746
          ],
          [
            -62.931852,
            9.2470187
          ],
          [
            -62.931895,
            9.2478314
          ],
          [
            -62.9320264,
            9.2500631
          ]
        ]
      },
      "properties": {
        "id": "OSM-W1481988242",
        "nombre": "Oleoducto El Furrial - Mantecal",
        "tipo": "ducto",
        "sector": "midstream",
        "fluido": "oil",
        "estado": "desconocido",
        "operadora": "PDVSA",
        "diametro": null,
        "ubicacion": "overground",
        "fuente": "OpenStreetMap contributors (ODbL), consulta Overpass 2026-09-08",
        "confianza": "baja",
        "ultima_verificacion": "2026-09-08"
      }
    },
    {
      "type": "Feature",
      "geometry": {
        "type": "LineString",
        "coordinates": [
          [
            -62.9089674,
            9.0893324
          ],
          [
            -62.9090525,
            9.0899272
          ]
        ]
      },
      "properties": {
        "id": "OSM-W1481991379",
        "nombre": "Oleoducto El Furrial - Mantecal",
        "tipo": "ducto",
        "sector": "midstream",
        "fluido": "oil",
        "estado": "desconocido",
        "operadora": "PDVSA",
        "diametro": null,
        "ubicacion": "underground",
        "fuente": "OpenStreetMap contributors (ODbL), consulta Overpass 2026-09-08",
        "confianza": "baja",
        "ultima_verificacion": "2026-09-08"
      }
    },
    {
      "type": "Feature",
      "geometry": {
        "type": "LineString",
        "coordinates": [
          [
            -62.903147,
            9.0749281
          ],
          [
            -62.9064864,
            9.0810358
          ],
          [
            -62.9079455,
            9.0836896
          ],
          [
            -62.9082298,
            9.0843571
          ],
          [
            -62.9082888,
            9.084561
          ],
          [
            -62.9083344,
            9.0848126
          ],
          [
            -62.908667,
            9.0870136
          ],
          [
            -62.9088146,
            9.0879935
          ],
          [
            -62.9089674,
            9.0893324
          ]
        ]
      },
      "properties": {
        "id": "OSM-W1481991380",
        "nombre": "Oleoducto El Furrial - Mantecal",
        "tipo": "ducto",
        "sector": "midstream",
        "fluido": "oil",
        "estado": "desconocido",
        "operadora": "PDVSA",
        "diametro": null,
        "ubicacion": "overground",
        "fuente": "OpenStreetMap contributors (ODbL), consulta Overpass 2026-09-08",
        "confianza": "baja",
        "ultima_verificacion": "2026-09-08"
      }
    },
    {
      "type": "Feature",
      "geometry": {
        "type": "LineString",
        "coordinates": [
          [
            -62.9026704,
            9.074107
          ],
          [
            -62.903147,
            9.0749281
          ]
        ]
      },
      "properties": {
        "id": "OSM-W1481991382",
        "nombre": "Oleoducto El Furrial - Mantecal",
        "tipo": "ducto",
        "sector": "midstream",
        "fluido": "oil",
        "estado": "desconocido",
        "operadora": "PDVSA",
        "diametro": null,
        "ubicacion": "overhead",
        "fuente": "OpenStreetMap contributors (ODbL), consulta Overpass 2026-09-08",
        "confianza": "baja",
        "ultima_verificacion": "2026-09-08"
      }
    },
    {
      "type": "Feature",
      "geometry": {
        "type": "LineString",
        "coordinates": [
          [
            -62.8432708,
            8.9528742
          ],
          [
            -62.8437589,
            8.954195
          ],
          [
            -62.8437911,
            8.9542665
          ],
          [
            -62.8439105,
            8.9544427
          ],
          [
            -62.8470004,
            8.9590634
          ],
          [
            -62.8545857,
            8.9703924
          ],
          [
            -62.8554922,
            8.9717701
          ],
          [
            -62.8557175,
            8.9721198
          ],
          [
            -62.855857,
            8.9723318
          ],
          [
            -62.8562486,
            8.9731584
          ],
          [
            -62.8619832,
            8.985854
          ],
          [
            -62.8720844,
            9.0082663
          ],
          [
            -62.8749356,
            9.0146109
          ],
          [
            -62.8837547,
            9.0341235
          ],
          [
            -62.8873649,
            9.0421259
          ],
          [
            -62.8896984,
            9.0472752
          ],
          [
            -62.8943253,
            9.0575102
          ],
          [
            -62.8976941,
            9.0649955
          ],
          [
            -62.8997889,
            9.068815
          ],
          [
            -62.9007223,
            9.0705128
          ],
          [
            -62.9015109,
            9.0720225
          ],
          [
            -62.9016262,
            9.0722317
          ],
          [
            -62.9017147,
            9.072441
          ],
          [
            -62.9018272,
            9.0726323
          ],
          [
            -62.9026704,
            9.074107
          ]
        ]
      },
      "properties": {
        "id": "OSM-W1481991383",
        "nombre": "Oleoducto El Furrial - Mantecal",
        "tipo": "ducto",
        "sector": "midstream",
        "fluido": "oil",
        "estado": "desconocido",
        "operadora": "PDVSA",
        "diametro": null,
        "ubicacion": "overground",
        "fuente": "OpenStreetMap contributors (ODbL), consulta Overpass 2026-09-08",
        "confianza": "baja",
        "ultima_verificacion": "2026-09-08"
      }
    },
    {
      "type": "Feature",
      "geometry": {
        "type": "LineString",
        "coordinates": [
          [
            -62.9159743,
            9.1377248
          ],
          [
            -62.9160297,
            9.1381189
          ]
        ]
      },
      "properties": {
        "id": "OSM-W1481991384",
        "nombre": "Oleoducto El Furrial - Mantecal",
        "tipo": "ducto",
        "sector": "midstream",
        "fluido": "oil",
        "estado": "desconocido",
        "operadora": "PDVSA",
        "diametro": null,
        "ubicacion": "underground",
        "fuente": "OpenStreetMap contributors (ODbL), consulta Overpass 2026-09-08",
        "confianza": "baja",
        "ultima_verificacion": "2026-09-08"
      }
    },
    {
      "type": "Feature",
      "geometry": {
        "type": "LineString",
        "coordinates": [
          [
            -62.9090525,
            9.0899272
          ],
          [
            -62.9093483,
            9.0919028
          ],
          [
            -62.9097345,
            9.0945566
          ],
          [
            -62.9097801,
            9.0949009
          ],
          [
            -62.9099786,
            9.0963787
          ],
          [
            -62.9108584,
            9.1024357
          ],
          [
            -62.9114378,
            9.1064243
          ],
          [
            -62.9116577,
            9.1079444
          ],
          [
            -62.912119,
            9.1110589
          ],
          [
            -62.9127199,
            9.115291
          ],
          [
            -62.9133421,
            9.1194489
          ],
          [
            -62.9138786,
            9.1231724
          ],
          [
            -62.9140636,
            9.1244753
          ],
          [
            -62.9144794,
            9.1273487
          ],
          [
            -62.9147825,
            9.1294938
          ],
          [
            -62.9151875,
            9.1323062
          ],
          [
            -62.9155764,
            9.1348935
          ],
          [
            -62.9159743,
            9.1377248
          ]
        ]
      },
      "properties": {
        "id": "OSM-W1481991385",
        "nombre": "Oleoducto El Furrial - Mantecal",
        "tipo": "ducto",
        "sector": "midstream",
        "fluido": "oil",
        "estado": "desconocido",
        "operadora": "PDVSA",
        "diametro": null,
        "ubicacion": "overground",
        "fuente": "OpenStreetMap contributors (ODbL), consulta Overpass 2026-09-08",
        "confianza": "baja",
        "ultima_verificacion": "2026-09-08"
      }
    }
  ]
}