{"type":"FeatureCollection","features":[{"type":"Feature","geometry":{"type":"MultiLineString","coordinates":[[[-73.1801,8.0484],[-73.1788,8.0655],[-73.1824,8.0855],[-73.1908,8.1022],[-73.2242,8.1216],[-73.2399,8.1508],[-73.2503,8.1846],[-73.2545,8.211],[-73.2541,8.2502],[-73.258,8.2679],[-73.2698,8.2832],[-73.3011,8.3015],[-73.312,8.3129],[-73.3099,8.3279],[-73.3034,8.3354],[-73.2975,8.3395],[-73.2926,8.3445],[-73.2895,8.355],[-73.2943,8.4153],[-73.2908,8.4439],[-73.2695,8.4642],[-73.2572,8.4701],[-73.2515,8.4759],[-73.2498,8.4852],[-73.2485,8.5252],[-73.2437,8.5487],[-73.234,8.5699],[-73.2181,8.5873],[-73.1608,8.6192],[-73.1433,8.6328],[-73.1321,8.6483],[-73.1259,8.6548],[-73.1167,8.6589],[-73.1094,8.6707],[-73.0941,8.6796],[-73.0768,8.6841],[-73.0635,8.6829],[-73.0534,8.676],[-73.0446,8.6683],[-73.0348,8.6626],[-73.0217,8.6614],[-73.0113,8.6647],[-73.004,8.6705],[-72.9907,8.6852],[-72.9525,8.7154],[-72.9415,8.7355],[-72.9473,8.7608],[-72.953,8.7661],[-72.9595,8.7687],[-72.9643,8.7723],[-72.9652,8.78],[-72.9624,8.7877],[-72.9587,8.7944],[-72.9565,8.8011],[-72.9579,8.8089],[-72.9605,8.8109],[-72.9695,8.8134],[-72.9728,8.8155],[-72.9757,8.821],[-72.9796,8.8387],[-72.9897,8.8582],[-72.9926,8.8656],[-73.0006,8.8673],[-73.004,8.8846],[-73.0097,8.9036],[-73.0125,8.9222],[-73.0069,8.9384],[-72.9944,8.9481],[-72.9635,8.958],[-72.9497,8.9657],[-72.9445,8.9713],[-72.9362,8.9829],[-72.9306,8.9882],[-72.9058,9.0015],[-72.8986,9.008],[-72.8946,9.0161],[-72.8946,9.0234],[-72.8955,9.0307],[-72.8942,9.0414],[-72.8946,9.0439],[-72.8944,9.046],[-72.8922,9.0476],[-72.8892,9.0472],[-72.8844,9.0454],[-72.8802,9.0433],[-72.8785,9.0416],[-72.8731,9.053],[-72.8672,9.0526],[-72.8601,9.0483],[-72.8512,9.0483],[-72.8348,9.0577],[-72.8205,9.0725],[-72.7931,9.0831],[-72.7914,9.086],[-72.776,9.1036],[-72.7829,9.1036],[-72.774,9.1092],[-72.7674,9.1149],[-72.76,9.1201],[-72.7488,9.1241],[-72.755,9.1104],[-72.6739,9.121],[-72.6594,9.1173],[-72.6393,9.1343],[-72.6321,9.1377],[-72.6214,9.139],[-72.5946,9.1397],[-72.5877,9.1411],[-72.574,9.1473],[-72.5614,9.1411],[-72.5472,9.1307],[-72.529,9.1241],[-72.4872,9.1268],[-72.473,9.1192],[-72.4608,9.0701],[-72.4453,9.0768],[-72.4289,9.0874],[-72.4192,9.0762],[-72.4123,9.0762],[-72.4088,9.0804],[-72.4023,9.0858],[-72.3987,9.0899],[-72.3918,9.0899],[-72.3789,9.085],[-72.3429,9.1074],[-72.3236,9.1036],[-72.3179,9.1126],[-72.3126,9.116],[-72.3076,9.1133],[-72.3031,9.1036],[-72.2963,9.1036],[-72.2819,9.1515],[-72.2682,9.1802],[-72.2516,9.1929],[-72.2372,9.1948],[-72.2202,9.2004],[-72.206,9.2098],[-72.2001,9.223],[-72.1964,9.2413],[-72.1872,9.2476],[-72.1751,9.2502],[-72.1502,9.2644],[-72.1368,9.2654],[-72.1107,9.2606],[-72.1063,9.2584],[-72.0971,9.25],[-72.0902,9.2469],[-72.0828,9.2478],[-72.0704,9.2578],[-72.0629,9.2606],[-72.0579,9.2576],[-72.0554,9.2511],[-72.0517,9.2459],[-72.043,9.2469],[-72.035,9.2511],[-72.0322,9.2544],[-72.0262,9.2811],[-72.0265,9.3055],[-72.022,9.3159],[-72.0133,9.3018],[-72,9.2916],[-71.9874,9.2901],[-71.9809,9.3022],[-71.9742,9.3022],[-71.9678,9.2962],[-71.9594,9.2948],[-71.9499,9.2971],[-71.94,9.3022],[-71.9426,9.2952],[-71.9468,9.2885],[-71.9308,9.2914],[-71.9243,9.2987],[-71.9205,9.3094],[-71.9121,9.3226],[-71.901,9.3314],[-71.846,9.3621],[-71.8404,9.3671],[-71.8319,9.3709],[-71.8267,9.3655],[-71.8223,9.3585],[-71.8165,9.3568],[-71.8064,9.3658],[-71.803,9.3876],[-71.796,9.3978]]]},"properties":{"id":"rio-1017","clase":"rio","nombre":null,"nombre_en":null,"fuente":"Natural Earth 1:10m (dominio publico)","confianza":"media","ultima_verificacion":"2026-09-10"}},{"type":"Feature","geometry":{"type":"MultiLineString","coordinates":[[[-69.2605,10.2475],[-69.2519,10.2369],[-69.2405,10.2269],[-69.2306,10.2161],[-69.2264,10.2031],[-69.2252,10.1813],[-69.2218,10.1595],[-69.2158,10.1383],[-69.2071,10.1183],[-69.1951,10.1001],[-69.1833,10.0923],[-69.1471,10.0891],[-69.1328,10.0862],[-69.1245,10.0804],[-69.1202,10.0711],[-69.1164,10.0441],[-69.1129,10.0352],[-69.0987,10.0185],[-69.0895,9.9993],[-69.085,9.9524],[-69.0773,9.9308],[-69.0627,9.9131],[-69.0289,9.8817],[-69.0151,9.8632],[-68.9903,9.8178],[-68.9814,9.7929],[-68.9803,9.7691],[-68.9924,9.7382],[-68.9925,9.7283],[-68.9883,9.7219],[-68.9752,9.7105],[-68.9725,9.7028],[-68.9683,9.6799],[-68.9495,9.6467],[-68.9405,9.6097],[-68.9185,9.5725],[-68.911,9.5554],[-68.9089,9.527],[-68.9055,9.5091],[-68.8974,9.4934],[-68.9044,9.4687],[-68.899,9.4347],[-68.8851,9.4046],[-68.7818,9.3221],[-68.7715,9.3109],[-68.7615,9.2862],[-68.7486,9.2751],[-68.7017,9.2432],[-68.6299,9.2134],[-68.6173,9.2003],[-68.5831,9.1545],[-68.5718,9.1446],[-68.568,9.1402],[-68.5686,9.1309],[-68.5675,9.1214],[-68.5582,9.1173],[-68.5461,9.1149],[-68.5392,9.1089],[-68.5272,9.0913],[-68.4924,9.0644],[-68.4828,9.0524],[-68.4782,9.0415],[-68.4719,9.0178],[-68.4678,9.0082],[-68.4513,8.9956],[-68.431,8.9951],[-68.3909,9.0052],[-68.3697,9.0027],[-68.351,8.9916],[-68.3356,8.9752],[-68.3241,8.9565],[-68.3206,8.9459],[-68.3159,8.9234],[-68.311,8.9122],[-68.303,8.9035],[-68.2829,8.8863],[-68.2784,8.8774],[-68.2705,8.8748],[-68.2664,8.8697],[-68.2637,8.8632],[-68.2599,8.8566],[-68.2335,8.8275],[-68.2167,8.8019],[-68.1938,8.775],[-68.1842,8.7603],[-68.1805,8.7501],[-68.1791,8.7415],[-68.1769,8.7338],[-68.1706,8.7262],[-68.1657,8.7254],[-68.1557,8.7327],[-68.1501,8.733],[-68.1432,8.7193],[-68.1238,8.7073],[-68.1105,8.6927],[-68.1018,8.6761],[-68.0869,8.6388],[-68.0765,8.6195],[-68.0704,8.6005],[-68.075,8.5828],[-68.0633,8.5787],[-68.0548,8.5696],[-68.0495,8.5577],[-68.0477,8.5452],[-68.0419,8.544],[-68.0052,8.5052],[-68.0001,8.4954],[-67.9958,8.49],[-67.9748,8.4756],[-67.9719,8.4695],[-67.978,8.4564],[-67.9798,8.4489],[-67.9753,8.4456],[-67.9697,8.4447],[-67.9642,8.4424],[-67.96,8.4391],[-67.9582,8.4354],[-67.9563,8.4258],[-67.9513,8.4146],[-67.9447,8.4042],[-67.9378,8.3978],[-67.9302,8.397],[-67.9167,8.4041],[-67.9105,8.4041],[-67.9077,8.4],[-67.9049,8.3873],[-67.9031,8.3836],[-67.8881,8.3727],[-67.8832,8.3699],[-67.8756,8.3697],[-67.8612,8.377],[-67.8559,8.3767],[-67.8509,8.3671],[-67.8541,8.356],[-67.8598,8.3433],[-67.8627,8.3289],[-67.8559,8.3289],[-67.85,8.3345],[-67.8467,8.3338],[-67.8437,8.3308],[-67.8385,8.3289],[-67.8392,8.3262],[-67.8322,8.3206],[-67.8239,8.3157],[-67.8212,8.3153],[-67.8201,8.3086],[-67.8215,8.2914],[-67.8177,8.288],[-67.808,8.2877],[-67.8021,8.2862],[-67.798,8.282],[-67.7938,8.2744],[-67.7917,8.2796],[-67.7894,8.2837],[-67.7877,8.2882],[-67.787,8.2948],[-67.7801,8.2948],[-67.776,8.2875],[-67.7739,8.2789],[-67.772,8.2429],[-67.768,8.239],[-67.7616,8.2399],[-67.7153,8.2402],[-67.7082,8.2369],[-67.693,8.2224],[-67.6877,8.2191],[-67.6776,8.2094],[-67.6658,8.1673],[-67.66,8.1577],[-67.6485,8.1513],[-67.6357,8.1356],[-67.6256,8.1156],[-67.6225,8.0962],[-67.6095,8.0988],[-67.5994,8.0936],[-67.5887,8.0862],[-67.5747,8.0825],[-67.5792,8.0733],[-67.5803,8.0662],[-67.5786,8.0602],[-67.5747,8.0546],[-67.5747,8.0484],[-67.597,8.0545],[-67.5952,8.0472],[-67.5747,8.0273],[-67.5636,7.9951],[-67.5528,7.9846],[-67.5338,7.9932],[-67.5168,7.9813],[-67.5191,7.9715],[-67.5321,7.9641],[-67.5443,7.9587]],[[-67.6293,7.9932],[-67.6115,7.9984],[-67.6055,7.9993],[-67.6017,7.9973],[-67.5952,7.9883],[-67.5914,7.9864],[-67.5683,7.9793],[-67.5463,7.9625],[-67.5443,7.9587]],[[-67.5443,7.9587],[-67.5356,7.9422],[-67.5467,7.9249],[-67.5382,7.9169],[-67.5281,7.9158],[-67.5171,7.9173],[-67.5058,7.9174],[-67.481,7.9058],[-67.4683,7.9038],[-67.4338,7.9038],[-67.4264,7.9055],[-67.4182,7.909],[-67.4083,7.9117],[-67.3959,7.9112],[-67.338,7.889],[-67.3277,7.8802],[-67.321,7.8562],[-67.3047,7.8428],[-67.2668,7.8287],[-67.2517,7.8177],[-67.2409,7.8067],[-67.2266,7.7984],[-67.1776,7.7901],[-67.1588,7.7801],[-67.1398,7.7722],[-67.1154,7.774],[-67.0787,7.7935],[-67.0569,7.7974],[-67.0158,7.7695],[-66.9944,7.7725],[-66.9728,7.7825],[-66.9509,7.7884],[-66.9433,7.7861],[-66.9383,7.7812],[-66.932,7.7763],[-66.8308,7.7604],[-66.8248,7.7615],[-66.8156,7.7661],[-66.8107,7.7672],[-66.803,7.7652],[-66.7921,7.7565],[-66.7864,7.7542],[-66.7649,7.755],[-66.6632,7.7829],[-66.6397,7.785],[-66.6225,7.7809],[-66.6159,7.7845],[-66.5741,7.7952],[-66.5676,7.7956],[-66.5522,7.7938],[-66.5462,7.7952],[-66.5439,7.7999],[-66.5453,7.8055],[-66.5456,7.8111],[-66.54,7.815],[-66.5277,7.8163],[-66.5195,7.8117],[-66.4984,7.7884],[-66.4874,7.7823],[-66.4759,7.7778],[-66.4706,7.7717],[-66.478,7.7604],[-66.4567,7.7462],[-66.4261,7.7332],[-66.3949,7.7278],[-66.3615,7.7412],[-66.3527,7.7357],[-66.3302,7.7035],[-66.3247,7.6876],[-66.3249,7.67],[-66.3305,7.6494]],[[-67.5443,7.9587],[-67.545,7.9584]]]},"properties":{"id":"rio-1018","clase":"rio","nombre":"Cojedes","nombre_en":"Cojedes","fuente":"Natural Earth 1:10m (dominio publico)","confianza":"media","ultima_verificacion":"2026-09-10"}},{"type":"Feature","geometry":{"type":"MultiLineString","coordinates":[[[-64.0511,4.7274],[-64.0812,4.7424],[-64.147,4.7447],[-64.1761,4.7692],[-64.1827,4.7842],[-64.1906,4.816],[-64.1975,4.831],[-64.212,4.8471],[-64.2467,4.8741],[-64.26,4.8915],[-64.2631,4.9016],[-64.2658,4.9179],[-64.2655,4.9334],[-64.2417,4.958],[-64.2353,4.9946],[-64.2328,5.035],[-64.227,5.0641],[-64.2135,5.0795],[-64.1775,5.0994],[-64.1612,5.1116],[-64.1482,5.1328],[-64.1426,5.1571],[-64.1417,5.2078],[-64.1481,5.2254],[-64.1963,5.2795],[-64.2329,5.3465],[-64.2567,5.3786],[-64.2748,5.4188],[-64.2812,5.456],[-64.2884,5.4713],[-64.3055,5.4986],[-64.3115,5.5186],[-64.3129,5.5294],[-64.313,5.5401],[-64.3103,5.5498],[-64.3008,5.5645],[-64.2934,5.5851],[-64.2957,5.5919],[-64.3093,5.5948],[-64.3164,5.5982],[-64.3214,5.605],[-64.3281,5.6101],[-64.3403,5.6085],[-64.3644,5.6201],[-64.371,5.6256],[-64.3726,5.6293],[-64.3739,5.6401],[-64.3744,5.6426],[-64.3791,5.6433],[-64.3905,5.6416],[-64.3949,5.6426],[-64.4087,5.6539],[-64.4168,5.6658],[-64.4191,5.6816],[-64.4154,5.7047],[-64.403,5.735],[-64.3895,5.7592],[-64.3839,5.7852],[-64.3949,5.8207],[-64.4017,5.8145],[-64.4082,5.826],[-64.4222,5.8334],[-64.4364,5.844],[-64.4492,5.8817],[-64.4511,5.8919],[-64.4464,5.8964],[-64.4397,5.9001],[-64.4347,5.909],[-64.4291,5.9306],[-64.4283,5.9537],[-64.4396,5.9939],[-64.4452,6.0389],[-64.4554,6.0825],[-64.457,6.1019],[-64.4538,6.1124],[-64.4481,6.1209],[-64.4433,6.1302],[-64.4427,6.1429],[-64.4669,6.1668],[-64.4721,6.186],[-64.4515,6.2296],[-64.4502,6.2528],[-64.4618,6.2712],[-64.515,6.3108],[-64.5221,6.3157],[-64.5307,6.3189],[-64.54,6.3205],[-64.5492,6.321],[-64.5548,6.3248],[-64.5731,6.3489],[-64.586,6.3577],[-64.6345,6.3831],[-64.6789,6.3548],[-64.7038,6.3472],[-64.7307,6.3558],[-64.758,6.3372],[-64.7649,6.3347],[-64.7772,6.3372],[-64.7812,6.3424],[-64.7833,6.3499],[-64.7894,6.3592],[-64.7967,6.3786],[-64.7932,6.4031],[-64.7785,6.4445],[-64.7717,6.4881],[-64.7733,6.5101],[-64.7822,6.5196],[-64.7964,6.5257],[-64.8101,6.5397],[-64.821,6.5556],[-64.8263,6.5675],[-64.8259,6.585],[-64.8192,6.6031],[-64.8083,6.617],[-64.7784,6.6321],[-64.7779,6.6534],[-64.7857,6.6765],[-64.7928,6.6909],[-64.8185,6.7472],[-64.8297,6.7633],[-64.8304,6.776],[-64.8126,6.8418],[-64.8153,6.8597],[-64.8221,6.8777],[-64.8321,6.8915],[-64.844,6.897],[-64.8529,6.9053],[-64.8665,6.9477],[-64.8747,6.9653],[-64.8819,6.9715],[-64.9006,6.9803],[-64.9088,6.9858],[-64.9327,7.013],[-64.9364,7.0162],[-64.9394,7.0233],[-64.9444,7.0303],[-64.9914,7.0472],[-65.0033,7.0556],[-65.0168,7.0689],[-65.0277,7.0861],[-65.0323,7.1059],[-65.0329,7.1486],[-65.0408,7.1609],[-65.0597,7.1707],[-65.0699,7.173],[-65.0906,7.1747],[-65.1007,7.1776],[-65.1063,7.1826],[-65.1114,7.1896],[-65.1188,7.1959],[-65.1313,7.1987],[-65.1529,7.1962],[-65.1603,7.1988],[-65.1918,7.225],[-65.2063,7.246],[-65.2052,7.2508],[-65.1968,7.2601],[-65.1861,7.2654],[-65.1748,7.2669],[-65.1658,7.271],[-65.1621,7.284],[-65.1693,7.302],[-65.2018,7.332],[-65.2105,7.3489],[-65.2105,7.428],[-65.213,7.4479],[-65.2233,7.4844],[-65.2242,7.5071],[-65.2226,7.5257],[-65.2208,7.5335],[-65.2174,7.5413],[-65.1901,7.5645],[-65.1832,7.5729],[-65.1671,7.5835],[-65.1486,7.5924],[-65.1348,7.5959],[-65.1164,7.5897],[-65.0563,7.5444],[-65.0375,7.5352],[-65.0216,7.5406],[-65.005,7.5521],[-64.9845,7.5611],[-64.9752,7.5598],[-64.9637,7.5563],[-64.9539,7.556],[-64.9462,7.5717],[-64.9376,7.5773],[-64.9274,7.5809],[-64.9191,7.5822],[-64.912,7.5916],[-64.8732,7.666]]]},"properties":{"id":"rio-1019","clase":"rio","nombre":null,"nombre_en":null,"fuente":"Natural Earth 1:10m (dominio publico)","confianza":"media","ultima_verificacion":"2026-09-10"}},{"type":"Feature","geometry":{"type":"MultiLineString","coordinates":[[[-67.2533,0.0594],[-67.2684,0.0467],[-67.2955,0.0372],[-67.3299,0.0393],[-67.3663,0.0433],[-67.406,0.0491],[-67.4221,0.0487],[-67.4407,0.0446],[-67.4595,0.0381],[-67.478,0.0297],[-67.5018,0.0264],[-67.5376,0.0372],[-67.5787,0.0612],[-67.6171,0.0732],[-67.6707,0.0823],[-67.7151,0.0943],[-67.7468,0.1039],[-67.7933,0.1043],[-67.8189,0.0944],[-67.8492,0.1043],[-67.8944,0.1238],[-67.9199,0.1302],[-67.9398,0.1374],[-67.9596,0.1501],[-67.9808,0.1538],[-67.9952,0.1528],[-68.0106,0.1477],[-68.022,0.1324],[-68.0316,0.1067],[-68.04,0.0756],[-68.048,0.0729],[-68.0589,0.0744],[-68.0682,0.0822],[-68.0793,0.0913],[-68.095,0.0955],[-68.1111,0.0943],[-68.121,0.0893],[-68.1285,0.079],[-68.1347,0.062],[-68.1424,0.0467],[-68.1595,0.0396],[-68.1828,0.035],[-68.1968,0.0211],[-68.1997,0.0176],[-68.2129,0.0062],[-68.2303,0.003],[-68.2563,0.0049],[-68.3012,0.0255],[-68.332,0.0359],[-68.3594,0.0409],[-68.4053,0.072],[-68.4314,0.0918],[-68.4401,0.1116],[-68.4388,0.134],[-68.42,0.1558],[-68.4103,0.1684],[-68.4053,0.201],[-68.4053,0.2222],[-68.4118,0.2389],[-68.425,0.2471],[-68.4475,0.2556],[-68.4661,0.2593],[-68.4834,0.2586],[-68.5046,0.2544],[-68.5294,0.2519],[-68.5642,0.2581],[-68.6149,0.281],[-68.6573,0.3028],[-68.6947,0.3256],[-68.7082,0.3388],[-68.7144,0.3513],[-68.7228,0.3956],[-68.7305,0.4108],[-68.7442,0.4171],[-68.7604,0.4171],[-68.7739,0.4064],[-68.81,0.3972],[-68.8568,0.386],[-68.8832,0.3885],[-68.8981,0.4008],[-68.9155,0.422],[-68.9307,0.4304],[-68.9465,0.4319],[-68.9614,0.4244],[-68.9813,0.4171],[-68.9979,0.419],[-69.0101,0.4318],[-69.0173,0.4444],[-69.0204,0.4802],[-69.0334,0.499],[-69.0495,0.5038],[-69.0694,0.4977],[-69.0819,0.4754],[-69.0935,0.4335],[-69.1005,0.4046],[-69.1116,0.3835],[-69.1301,0.3804],[-69.1489,0.3847],[-69.1649,0.4033],[-69.1749,0.4183],[-69.1722,0.4351],[-69.1662,0.4518],[-69.1626,0.4611],[-69.1537,0.4836],[-69.1551,0.5126],[-69.1577,0.5413],[-69.1762,0.5672],[-69.2057,0.5895],[-69.2147,0.6231],[-69.2164,0.6244],[-69.2092,0.6347],[-69.2014,0.6396],[-69.1909,0.6398],[-69.1722,0.6329],[-69.1632,0.6317],[-69.1444,0.6377],[-69.1383,0.6502],[-69.142,0.6683],[-69.1529,0.6907],[-69.1603,0.6975],[-69.182,0.7076],[-69.1901,0.7153],[-69.1931,0.7291],[-69.1859,0.7378],[-69.1754,0.7456],[-69.1686,0.7562],[-69.1686,0.7791],[-69.1783,0.8238],[-69.1761,0.8446],[-69.1701,0.8483],[-69.1606,0.8497],[-69.1531,0.8544],[-69.1532,0.868],[-69.1598,0.8763],[-69.1715,0.8833],[-69.1947,0.8923],[-69.2108,0.9077],[-69.2051,0.9439],[-69.2269,0.9573],[-69.2299,0.9676],[-69.2309,0.9792],[-69.2336,0.9886],[-69.241,0.9958],[-69.258,1.007],[-69.2751,1.0284],[-69.2896,1.0385],[-69.3396,1.0643],[-69.3558,1.0672],[-69.3717,1.0631],[-69.4189,1.0288],[-69.4292,1.0306],[-69.4481,1.0419],[-69.4531,1.0464],[-69.4562,1.0509],[-69.4606,1.0554],[-69.4695,1.0596],[-69.4791,1.0609],[-69.5109,1.0562],[-69.5438,1.0557],[-69.5541,1.057],[-69.5975,1.0721],[-69.6207,1.0729],[-69.7168,1.0587],[-69.7273,1.0611],[-69.7289,1.0831],[-69.7377,1.0886],[-69.7505,1.0906],[-69.7634,1.0913],[-69.7884,1.0844],[-69.8301,1.0574],[-69.853,1.0596],[-69.8552,1.055],[-69.8633,1.0478],[-69.8751,1.0303],[-69.8866,1.0133],[-69.9036,1.003],[-69.9271,0.9874],[-69.957,0.998],[-69.9859,1.0274],[-69.9757,1.0538],[-69.9447,1.0829],[-69.9409,1.1072],[-69.9531,1.1147],[-69.9868,1.1296],[-70.0148,1.1618],[-70.024,1.1904],[-70.0484,1.2091],[-70.0775,1.2276],[-70.108,1.2518],[-70.1321,1.2761],[-70.1549,1.3079],[-70.1916,1.3109],[-70.2318,1.3015],[-70.2525,1.281],[-70.2548,1.2498],[-70.2748,1.2289],[-70.2953,1.223],[-70.3121,1.2078],[-70.331,1.1597],[-70.3518,1.147],[-70.3803,1.1586],[-70.3977,1.1433],[-70.4155,1.14],[-70.4474,1.1358],[-70.4704,1.1022],[-70.5169,1.1172],[-70.5627,1.1499],[-70.5814,1.1668],[-70.6114,1.178],[-70.6534,1.1892],[-70.6953,1.2108],[-70.7317,1.2202],[-70.7767,1.2176],[-70.8048,1.2028],[-70.8234,1.1819],[-70.8074,1.1693],[-70.7672,1.1608],[-70.7502,1.1383],[-70.7355,1.1126],[-70.718,1.0961],[-70.7069,1.0838],[-70.7118,1.0538],[-70.7159,1.0222],[-70.7267,0.998],[-70.7358,0.9746],[-70.7292,0.9483],[-70.724,0.9078],[-70.7478,0.8925],[-70.7858,0.8911],[-70.8061,0.9],[-70.8297,0.9218],[-70.8496,0.9149],[-70.8598,0.8861],[-70.8794,0.8975],[-70.9047,0.9325],[-70.9215,0.9285],[-70.9354,0.9175],[-70.9427,0.8963],[-70.9405,0.8574],[-70.9402,0.8316],[-70.9564,0.8192],[-70.9762,0.8403],[-70.9892,0.8799],[-71.0097,0.8813],[-71.0283,0.8771],[-71.0321,0.9036],[-71.0321,0.9339],[-71.0544,0.9409],[-71.0873,0.9387],[-71.1053,0.9495],[-71.1214,0.9575],[-71.1376,0.9421],[-71.1573,0.929],[-71.1724,0.9446],[-71.1738,0.9575],[-71.1755,0.9738],[-71.1992,0.9896],[-71.227,0.9859],[-71.2622,0.9996]]]},"properties":{"id":"rio-1020","clase":"rio","nombre":"Uaupés","nombre_en":"Uaupés","fuente":"Natural Earth 1:10m (dominio publico)","confianza":"media","ultima_verificacion":"2026-09-10"}},{"type":"Feature","geometry":{"type":"MultiLineString","coordinates":[[[-74.5705,2.138],[-74.5873,2.0913],[-74.5876,2.0697],[-74.5763,2.0472],[-74.5596,2.022],[-74.5116,1.91],[-74.4964,1.8933],[-74.4786,1.8844],[-74.4562,1.8781],[-74.4076,1.8631],[-74.3627,1.8619],[-74.3435,1.8581],[-74.3071,1.8448],[-74.2446,1.8364],[-74.1581,1.8148],[-74.1164,1.799],[-74.07,1.7744],[-74.0492,1.7715],[-73.9903,1.7789],[-73.9742,1.7749],[-73.9632,1.763],[-73.9469,1.7329],[-73.9334,1.7239],[-73.9161,1.7254],[-73.8815,1.7365],[-73.8358,1.7393],[-73.5395,1.6968],[-73.5189,1.6974],[-73.505,1.7033],[-73.4803,1.7225],[-73.4665,1.7277],[-73.4487,1.7257],[-73.3989,1.7106],[-73.3385,1.6821],[-73.2549,1.6696],[-73.2122,1.6541],[-73.1695,1.6271],[-73.1554,1.6205],[-73.1373,1.6176],[-73.0824,1.6246],[-73.0609,1.6228],[-73.0044,1.6075],[-72.9865,1.6065],[-72.9689,1.6081],[-72.9525,1.606],[-72.938,1.5939],[-72.9325,1.5797],[-72.9269,1.5436],[-72.9197,1.5261],[-72.8988,1.4985],[-72.8852,1.4873],[-72.8287,1.4707],[-72.7988,1.4471],[-72.7797,1.4138],[-72.7675,1.3556],[-72.7507,1.3038],[-72.7475,1.2552],[-72.7427,1.2394],[-72.7284,1.2188],[-72.7111,1.2069],[-72.6708,1.191],[-72.6554,1.1813],[-72.6268,1.1564],[-72.5447,1.1036],[-72.5206,1.0961],[-72.4872,1.0914],[-72.4742,1.085],[-72.4282,1.0423],[-72.4177,1.0259],[-72.4136,1.0072],[-72.4116,0.9763],[-72.4084,0.9604],[-72.4031,0.9473],[-72.3914,0.9395],[-72.3763,0.938],[-72.3625,0.9329],[-72.3547,0.9141],[-72.3517,0.8835],[-72.3472,0.8768],[-72.3367,0.8721],[-72.3269,0.8754],[-72.3193,0.8835],[-72.3124,0.8835],[-72.3048,0.8629],[-72.306,0.8478],[-72.3107,0.83],[-72.3116,0.8135],[-72.3018,0.8028],[-72.2735,0.7937],[-72.2642,0.7846],[-72.2457,0.7444],[-72.2383,0.7365],[-72.171,0.7318],[-72.1526,0.7276],[-72.1068,0.7102],[-72.0985,0.7041],[-72.0933,0.6953],[-72.0906,0.6846],[-72.0867,0.675],[-72.0782,0.6691],[-72.0359,0.664],[-72.0198,0.6554],[-72.0087,0.6333],[-72.0025,0.5937],[-71.9952,0.5762],[-71.9792,0.5645],[-71.972,0.5672],[-71.9681,0.5761],[-71.9609,0.5802],[-71.9438,0.5688],[-71.9329,0.5552],[-71.9267,0.5394],[-71.9273,0.5236],[-71.9364,0.51],[-71.9365,0.4866],[-71.9042,0.4608],[-71.8647,0.4363],[-71.8431,0.4172],[-71.8441,0.4029],[-71.8494,0.3851],[-71.8525,0.3681],[-71.8472,0.3555],[-71.8323,0.3548],[-71.8019,0.3765],[-71.7872,0.3732],[-71.7759,0.3557],[-71.7687,0.3379],[-71.7574,0.3236],[-71.734,0.316],[-71.7221,0.3078],[-71.7015,0.2718],[-71.6891,0.2582],[-71.589,0.2108],[-71.5386,0.1776],[-71.5268,0.1783],[-71.5158,0.1844],[-71.4999,0.1895],[-71.4901,0.189],[-71.4726,0.183],[-71.4643,0.1817],[-71.453,0.1834],[-71.4215,0.1916],[-71.4108,0.1893],[-71.3874,0.1743],[-71.353,0.1623],[-71.2995,0.1112],[-71.2847,0.1036],[-71.2685,0.0983],[-71.2518,0.096],[-71.2353,0.0972],[-71.194,0.1154],[-71.174,0.1157],[-71.159,0.0953],[-71.1499,0.0537],[-71.1402,0.0377],[-71.119,0.0281],[-71.0989,0.0217],[-71.0604,0.0028],[-71.0421,-0.0026],[-71.0308,-0.0009],[-71.0094,0.0089],[-70.9967,0.0087],[-70.9842,0.0008],[-70.9717,-0.0129],[-70.942,-0.0558],[-70.9346,-0.071],[-70.9302,-0.0869],[-70.9296,-0.1042],[-70.9344,-0.1221],[-70.9402,-0.1338],[-70.9392,-0.1458],[-70.9007,-0.1938],[-70.8776,-0.2604],[-70.8531,-0.3125],[-70.8475,-0.3213],[-70.839,-0.3246],[-70.8035,-0.3251],[-70.7873,-0.322],[-70.7755,-0.3137],[-70.77,-0.2982],[-70.7606,-0.2807],[-70.741,-0.2793],[-70.7186,-0.287],[-70.7012,-0.2962],[-70.6724,-0.3193],[-70.6612,-0.3246],[-70.6503,-0.3251],[-70.6275,-0.3207],[-70.616,-0.3211],[-70.6018,-0.3293],[-70.582,-0.3539],[-70.5676,-0.3598],[-70.5172,-0.3559],[-70.501,-0.3596],[-70.485,-0.3708],[-70.4697,-0.3879],[-70.4573,-0.4076],[-70.4503,-0.4253],[-70.4506,-0.4417],[-70.453,-0.4567],[-70.4485,-0.4657],[-70.4059,-0.4638],[-70.3536,-0.475],[-70.3345,-0.4719],[-70.3271,-0.4604],[-70.3297,-0.4339],[-70.319,-0.4212],[-70.2988,-0.4105],[-70.2805,-0.4048],[-70.2615,-0.405],[-70.2392,-0.4111],[-70.2163,-0.4235],[-70.2126,-0.435],[-70.2215,-0.447],[-70.2842,-0.5057],[-70.3052,-0.5342],[-70.3038,-0.5568],[-70.2931,-0.5573],[-70.2776,-0.5518],[-70.2604,-0.5506],[-70.2446,-0.5641],[-70.2402,-0.5807],[-70.241,-0.6014],[-70.2464,-0.6397],[-70.2463,-0.6577],[-70.2432,-0.6733],[-70.2328,-0.705],[-70.2348,-0.7202],[-70.2474,-0.7303],[-70.2628,-0.7394],[-70.2732,-0.7521],[-70.2643,-0.7881],[-70.2334,-0.8207],[-70.2128,-0.8525],[-70.2349,-0.8866],[-70.2648,-0.905],[-70.2761,-0.9172],[-70.2799,-0.9338],[-70.2739,-0.9526],[-70.2601,-0.974],[-70.2423,-0.9881],[-70.2241,-0.9847],[-70.1997,-0.9614],[-70.1861,-0.9562],[-70.1794,-0.9694],[-70.1821,-0.9834],[-70.1949,-1.0099],[-70.1962,-1.0231],[-70.1875,-1.0326],[-70.1385,-1.0715],[-70.1193,-1.0765],[-70.0987,-1.0734],[-70.0816,-1.0627],[-70.0725,-1.0441],[-70.0837,-1.0178],[-70.1099,-0.997],[-70.1242,-0.9745],[-70.1,-0.9424],[-70.0836,-0.9336],[-70.0713,-0.9335],[-70.051,-0.9443],[-70.0474,-0.9457],[-70.0433,-0.9468],[-70.0389,-0.9472],[-70.034,-0.947],[-70.0209,-0.9391],[-70.0116,-0.9272],[-70.0017,-0.9206],[-69.9713,-0.9357],[-69.9562,-0.9316],[-69.9409,-0.923],[-69.9255,-0.9167],[-69.9029,-0.916],[-69.8971,-0.9242],[-69.9014,-0.9369],[-69.9091,-0.9496],[-69.9138,-0.9548],[-69.9264,-0.9649],[-69.932,-0.9716],[-69.9335,-0.9775],[-69.9328,-0.9917],[-69.9334,-0.9981],[-69.9475,-1.0292],[-69.9469,-1.043],[-69.9316,-1.0551],[-69.912,-1.0571],[-69.8955,-1.0482],[-69.8804,-1.0356],[-69.8647,-1.0262],[-69.8403,-1.0258],[-69.7953,-1.0439],[-69.7743,-1.0439],[-69.7633,-1.0347],[-69.7553,-1.008],[-69.7471,-0.9972],[-69.7317,-0.9922],[-69.7165,-0.9951],[-69.7027,-1.0033],[-69.662,-1.0399],[-69.6492,-1.0556],[-69.6445,-1.0724],[-69.6485,-1.09],[-69.6552,-1.106],[-69.66,-1.1225],[-69.6582,-1.142],[-69.6507,-1.1606],[-69.6423,-1.1674],[-69.6308,-1.1655],[-69.5793,-1.1357],[-69.5646,-1.1375],[-69.4945,-1.1725],[-69.4801,-1.1742],[-69.4756,-1.1756],[-69.4654,-1.1801],[-69.4592,-1.1869],[-69.4549,-1.1999]]]},"properties":{"id":"rio-1025","clase":"rio","nombre":"Ajajú","nombre_en":"Ajajú","fuente":"Natural Earth 1:10m (dominio publico)","confianza":"media","ultima_verificacion":"2026-09-10"}},{"type":"Feature","geometry":{"type":"MultiLineString","coordinates":[[[-73.7965,8.1502],[-73.7858,8.1614],[-73.7845,8.1708],[-73.7875,8.1804],[-73.7908,8.1978],[-73.7956,8.2068],[-73.7965,8.2129],[-73.7943,8.2181],[-73.7849,8.2263],[-73.7828,8.2296],[-73.7808,8.2403],[-73.7718,8.2606],[-73.7698,8.2709],[-73.7692,8.2977],[-73.7698,8.3011],[-73.766,8.3097],[-73.7575,8.3225],[-73.7555,8.3289],[-73.7586,8.3403],[-73.765,8.3489],[-73.7675,8.3586],[-73.7589,8.373],[-73.7548,8.3887],[-73.7623,8.4593],[-73.7695,8.4822],[-73.7917,8.5222],[-73.7965,8.5449],[-73.7965,8.5794],[-73.8,8.5912],[-73.8176,8.6129],[-73.8245,8.6238],[-73.8297,8.6435],[-73.8312,8.7091],[-73.827,8.7299],[-73.808,8.7667],[-73.8033,8.7883],[-73.8077,8.8165],[-73.8202,8.8355],[-73.8548,8.8668],[-73.8705,8.8876],[-73.8825,8.9141],[-73.885,8.9436],[-73.8722,8.9732],[-73.9002,8.9854],[-73.9842,8.9892],[-74.0162,9.0074],[-74.0106,9.0229],[-74.0193,9.0345],[-74.0333,9.0444],[-74.0435,9.0552],[-74.0606,9.0324],[-74.0909,9.0291],[-74.1251,9.0372],[-74.1534,9.0489],[-74.1416,9.0582],[-74.1552,9.0699],[-74.1971,9.093],[-74.2123,9.1126],[-74.2381,9.1542],[-74.2564,9.1651],[-74.2951,9.1664],[-74.3019,9.1749],[-74.3036,9.2029],[-74.3118,9.2139],[-74.3311,9.224],[-74.3537,9.2312],[-74.3719,9.2333],[-74.3832,9.2295],[-74.3918,9.2239],[-74.4008,9.2213],[-74.4134,9.2264],[-74.419,9.2355],[-74.4264,9.2619],[-74.4309,9.2674],[-74.4632,9.2705],[-74.4789,9.2692],[-74.4954,9.2613],[-74.5019,9.254],[-74.5063,9.2464],[-74.5123,9.2408],[-74.5233,9.2395],[-74.5328,9.2429],[-74.5416,9.2501],[-74.5481,9.26],[-74.5572,9.2921],[-74.5727,9.3086],[-74.6052,9.3301],[-74.6134,9.337],[-74.6201,9.3453],[-74.6247,9.3553],[-74.6263,9.3674],[-74.6294,9.3759],[-74.6366,9.3821],[-74.6531,9.3915],[-74.6583,9.3931],[-74.6714,9.3924],[-74.6772,9.3946],[-74.6812,9.4003],[-74.6861,9.4148],[-74.6909,9.422],[-74.7034,9.4296],[-74.7167,9.43],[-74.7299,9.4256],[-74.7424,9.4182],[-74.7626,9.4448],[-74.7703,9.453],[-74.7999,9.4486],[-74.8059,9.4868],[-74.7908,9.5759],[-74.7792,9.6163],[-74.7815,9.6313],[-74.7939,9.6479],[-74.8201,9.6717],[-74.8286,9.6857],[-74.8318,9.7062],[-74.8276,9.725],[-74.8197,9.7472],[-74.8154,9.7686],[-74.8215,9.7851],[-74.8561,9.8169],[-74.8653,9.8292],[-74.8742,9.8489],[-74.8782,9.8698],[-74.879,9.9154],[-74.8769,9.9374],[-74.8706,9.9506],[-74.86,9.9591],[-74.8248,9.9768],[-74.8124,9.9854],[-74.8062,9.9994],[-74.8045,10.0253],[-74.8077,10.0344],[-74.8148,10.0391],[-74.8217,10.0418],[-74.8249,10.0455],[-74.838,10.0762],[-74.8471,10.0878],[-74.8528,10.093],[-74.8591,10.0973],[-74.8888,10.1032],[-74.8967,10.1069],[-74.9159,10.1197],[-74.9322,10.126],[-74.9436,10.1374],[-74.9479,10.1656],[-74.9447,10.1866],[-74.9311,10.2195],[-74.9244,10.2541],[-74.8646,10.3698],[-74.8485,10.388],[-74.8362,10.4061],[-74.8304,10.4278],[-74.8249,10.4741],[-74.8069,10.5103],[-74.7483,10.5502],[-74.7287,10.5839],[-74.726,10.605],[-74.7287,10.6693],[-74.7219,10.7546],[-74.7228,10.7748],[-74.7245,10.7832],[-74.7411,10.8282],[-74.7424,10.8409],[-74.7383,10.8637],[-74.7302,10.8826],[-74.7248,10.9003],[-74.7287,10.9191],[-74.7388,10.9315],[-74.75,10.9411],[-74.7591,10.9544],[-74.7661,10.9952],[-74.7744,11.01],[-74.797,11.0358],[-74.8378,11.0732],[-74.8559,11.0998],[-74.8591,11.1319]],[[-76.5073,1.9427],[-76.4892,1.9456],[-76.4518,1.9564],[-76.4282,1.9557],[-76.4211,1.9533],[-76.4023,1.9413],[-76.3626,1.9226],[-76.2692,1.9015],[-76.2226,1.8827],[-76.2059,1.8806],[-76.1816,1.8875],[-76.1658,1.9033],[-76.1526,1.9219],[-76.136,1.9374],[-76.1273,1.9409],[-76.0975,1.9483],[-76.0559,1.9664],[-76.0402,1.9783],[-76.0205,2.0108],[-76.0115,2.0208],[-75.9998,2.0274],[-75.909,2.0495],[-75.8651,2.0552],[-75.8573,2.0635],[-75.8514,2.0747],[-75.8392,2.086],[-75.8454,2.086],[-75.7853,2.1221],[-75.7604,2.127],[-75.7545,2.1289],[-75.7036,2.1621],[-75.6889,2.1744],[-75.6797,2.189],[-75.6764,2.2004],[-75.6745,2.2123],[-75.6756,2.2239],[-75.6808,2.2342],[-75.6964,2.2495],[-75.6987,2.2576],[-75.6936,2.27],[-75.6835,2.2836],[-75.6584,2.3061],[-75.586,2.3541],[-75.5669,2.3789],[-75.568,2.4129],[-75.5765,2.4265],[-75.5873,2.4395],[-75.5937,2.4529],[-75.589,2.4677],[-75.5843,2.472],[-75.5791,2.4749],[-75.5676,2.4796],[-75.5611,2.4836],[-75.5568,2.4879],[-75.5487,2.4991],[-75.5096,2.543],[-75.4978,2.5613],[-75.4955,2.5666],[-75.4955,2.5735],[-75.5028,2.5943],[-75.5049,2.6101],[-75.5032,2.6229],[-75.4976,2.6348],[-75.4318,2.7211],[-75.419,2.7322],[-75.4044,2.7407],[-75.375,2.7492],[-75.3653,2.7619],[-75.3258,2.8416],[-75.3147,2.857],[-75.3054,2.8767],[-75.3072,2.8959],[-75.3135,2.9155],[-75.3178,2.9364],[-75.3154,2.9565],[-75.3079,2.9817],[-75.2978,3.0054],[-75.276,3.0378],[-75.2637,3.0729],[-75.2563,3.0872],[-75.2707,3.0974],[-75.2797,3.1182],[-75.2838,3.1421],[-75.2843,3.1617],[-75.2738,3.1901],[-75.2558,3.212],[-75.2423,3.2344],[-75.2451,3.265],[-75.2534,3.2857],[-75.2532,3.295],[-75.2478,3.3072],[-75.2264,3.3419],[-75.2204,3.3555],[-75.2145,3.3653],[-75.1986,3.379],[-75.1913,3.388],[-75.1876,3.4002],[-75.1854,3.4256],[-75.1789,3.4373],[-75.1691,3.4434],[-75.145,3.4518],[-75.1374,3.4598],[-75.1372,3.4711],[-75.1476,3.493],[-75.1457,3.5061],[-75.1375,3.5149],[-75.1156,3.5225],[-75.1065,3.5286],[-75.101,3.5465],[-75.1084,3.5899],[-75.1015,3.6107],[-75.074,3.6352],[-75.0655,3.645],[-75.0372,3.6893],[-75.0333,3.6904],[-75.0207,3.6887],[-75.0162,3.6893],[-75.0145,3.6918],[-75.0114,3.701],[-75.01,3.7036],[-75.0002,3.7097],[-74.9936,3.715],[-74.9899,3.7224],[-74.9851,3.7578],[-74.9547,3.8196],[-74.9525,3.8286],[-74.9521,3.8356],[-74.9506,3.8425],[-74.9447,3.8509],[-74.9332,3.8614],[-74.9294,3.8679],[-74.928,3.8786],[-74.9232,3.8969],[-74.9117,3.9112],[-74.8864,3.9363],[-74.8808,3.9475],[-74.8771,3.9595],[-74.8735,3.9844],[-74.8732,4.0176],[-74.8701,4.0279],[-74.8529,4.0541],[-74.849,4.0648],[-74.8481,4.0746],[-74.8503,4.0934],[-74.85,4.1026],[-74.8478,4.1093],[-74.8379,4.1281],[-74.8355,4.1373],[-74.833,4.1567],[-74.8175,4.2215],[-74.8034,4.2586],[-74.801,4.2725],[-74.8087,4.2792],[-74.8307,4.2774],[-74.8595,4.2707],[-74.8808,4.2691],[-74.8913,4.2796],[-74.8874,4.3094],[-74.8165,4.4662],[-74.8059,4.5045],[-74.8048,4.5447],[-74.8182,4.5874],[-74.8045,4.5914],[-74.8062,4.5977],[-74.8182,4.6079],[-74.8114,4.6204],[-74.7943,4.6407],[-74.7908,4.6523],[-74.7934,4.6597],[-74.7996,4.6624],[-74.8065,4.6646],[-74.8113,4.67],[-74.8127,4.6771],[-74.8121,4.6826],[-74.811,4.6866],[-74.8113,4.6898],[-74.8255,4.7112],[-74.828,4.7221],[-74.8215,4.7346],[-74.8105,4.7415],[-74.7979,4.7455],[-74.7876,4.7508],[-74.7834,4.7618],[-74.7806,4.7724],[-74.7673,4.7869],[-74.7629,4.7997],[-74.7705,4.848],[-74.7709,4.863],[-74.7684,4.8759],[-74.7618,4.8852],[-74.7499,4.8891],[-74.7545,4.8976],[-74.7531,4.9049],[-74.7502,4.9129],[-74.7499,4.9232],[-74.7616,4.9573],[-74.7629,4.9642],[-74.7567,4.9696],[-74.7341,4.9797],[-74.7287,4.9853],[-74.7317,4.9918],[-74.746,5.015],[-74.7499,5.0262],[-74.749,5.0467],[-74.7356,5.1082],[-74.7424,5.2696],[-74.7488,5.2905],[-74.7506,5.3023],[-74.7462,5.3074],[-74.7408,5.3106],[-74.7252,5.3253],[-74.7219,5.3304],[-74.7176,5.3501],[-74.6989,5.3837],[-74.6914,5.4099],[-74.6841,5.4165],[-74.6768,5.4214],[-74.6735,5.4269],[-74.6781,5.449],[-74.6751,5.4558],[-74.6605,5.4583],[-74.6661,5.4737],[-74.6684,5.4923],[-74.6669,5.5107],[-74.6605,5.5259],[-74.6737,5.5299],[-74.6802,5.5396],[-74.6778,5.5494],[-74.6639,5.5538],[-74.6474,5.5566],[-74.6408,5.5628],[-74.6449,5.5698],[-74.6605,5.5743],[-74.6434,5.6172],[-74.6375,5.6442],[-74.6431,5.6563],[-74.6521,5.66],[-74.65,5.6688],[-74.6437,5.6791],[-74.6378,5.6917],[-74.6338,5.6975],[-74.6319,5.7025],[-74.6394,5.7061],[-74.6425,5.7098],[-74.6451,5.7142],[-74.6462,5.7183],[-74.6462,5.7525],[-74.6507,5.7582],[-74.6584,5.7642],[-74.6626,5.7719],[-74.6496,5.7987],[-74.64,5.8617],[-74.6326,5.8759],[-74.6208,5.8918],[-74.6075,5.9047],[-74.595,5.9101],[-74.5909,5.9181],[-74.6061,5.9597],[-74.6052,5.9784],[-74.5997,5.9826],[-74.583,5.9892],[-74.578,5.9927],[-74.5743,6.0015],[-74.5748,6.0087],[-74.5768,6.0154],[-74.578,6.0228],[-74.5762,6.064],[-74.5778,6.0787],[-74.5848,6.0951],[-74.5991,6.1113],[-74.6045,6.121],[-74.6052,6.1361],[-74.6009,6.1495],[-74.5876,6.1727],[-74.5799,6.2159],[-74.5668,6.2411],[-74.5474,6.2626],[-74.4851,6.3066],[-74.4596,6.3334],[-74.4134,6.4042],[-74.4027,6.3993],[-74.3923,6.4025],[-74.384,6.4114],[-74.3793,6.4234],[-74.3807,6.434],[-74.3871,6.4444],[-74.4035,6.4619],[-74.406,6.4753],[-74.4088,6.5671],[-74.4072,6.5749],[-74.3946,6.6038],[-74.393,6.6124],[-74.3866,6.6262],[-74.3708,6.6315],[-74.3309,6.6363],[-74.2928,6.6544],[-74.1087,6.7902],[-74.0955,6.8081],[-74.064,6.8691],[-74.0223,6.9125],[-74.0162,6.9278],[-74.0072,6.9348],[-73.9252,6.9744],[-73.9009,6.9928],[-73.8879,7.0198],[-73.8927,7.0609],[-73.901,7.076],[-73.9123,7.0898],[-73.9225,7.1055],[-73.9268,7.126],[-73.9372,7.2539],[-73.9244,7.3421],[-73.9132,7.3836],[-73.9011,7.4116],[-73.8995,7.4212],[-73.9017,7.4322],[-73.911,7.446],[-73.9132,7.4556],[-73.9133,7.4948],[-73.9076,7.5099],[-73.8521,7.5796],[-73.8483,7.5891],[-73.8353,7.5952],[-73.8306,7.6101],[-73.8312,7.6443],[-73.8291,7.6533],[-73.8252,7.6625],[-73.8234,7.672],[-73.8279,7.6816],[-73.8361,7.6947],[-73.834,7.7029],[-73.8279,7.7108],[-73.8245,7.7228],[-73.8157,7.7795],[-73.817,7.8013],[-73.8292,7.8611],[-73.8343,7.8702],[-73.8437,7.879],[-73.8579,7.9385],[-73.8551,7.9515],[-73.8722,8.0068],[-73.8738,8.0258],[-73.8724,8.0449],[-73.8654,8.0757],[-73.8548,8.1031],[-73.8555,8.1053],[-73.8354,8.115],[-73.8312,8.116],[-73.8227,8.1272],[-73.8163,8.1383],[-73.807,8.1468],[-73.7897,8.1502]]]},"properties":{"id":"rio-126","clase":"rio","nombre":"Magdalena","nombre_en":"Magdalena","fuente":"Natural Earth 1:10m (dominio publico)","confianza":"media","ultima_verificacion":"2026-09-10"}},{"type":"Feature","geometry":{"type":"MultiLineString","coordinates":[[[-63.7803,2.8464],[-63.7681,2.8693],[-63.7666,2.8775],[-63.6839,3.0213],[-63.6778,3.0525],[-63.6891,3.0847],[-63.7134,3.1039],[-63.741,3.1197],[-63.7621,3.1419],[-63.7669,3.1614],[-63.7575,3.2272],[-63.7606,3.2529],[-63.7689,3.2698],[-63.7916,3.2989],[-63.7865,3.309],[-63.7848,3.3399],[-63.7728,3.3736],[-63.7671,3.403],[-63.7591,3.4142],[-63.7538,3.4269],[-63.7575,3.4497],[-63.7665,3.4664],[-63.7875,3.4959],[-63.7916,3.5149],[-63.7862,3.5433],[-63.7727,3.5584],[-63.755,3.5698],[-63.737,3.5869],[-63.734,3.5953],[-63.7321,3.6185],[-63.7301,3.6279],[-63.724,3.6375],[-63.7174,3.6446],[-63.7119,3.6529],[-63.7096,3.6657],[-63.7053,3.6802],[-63.6947,3.6944],[-63.6687,3.7172],[-63.6405,3.7334],[-63.6264,3.7437],[-63.6203,3.7545],[-63.615,3.7591],[-63.603,3.7525],[-63.5831,3.7377],[-63.5721,3.7353],[-63.5677,3.7289],[-63.5651,3.72],[-63.5588,3.7098],[-63.5458,3.7003],[-63.5056,3.6801],[-63.494,3.6763],[-63.4886,3.6719],[-63.4835,3.6623],[-63.4767,3.6527],[-63.4664,3.6483],[-63.4576,3.6463],[-63.4507,3.6413],[-63.4359,3.6279],[-63.4213,3.6205],[-63.4044,3.6164],[-63.3636,3.6142],[-63.3417,3.6092],[-63.3176,3.5917],[-63.2988,3.5943],[-63.2789,3.6069],[-63.2711,3.6227],[-63.2709,3.6657],[-63.2629,3.6758],[-63.244,3.682],[-63.2213,3.6844],[-63.2025,3.6831],[-63.1876,3.6737],[-63.172,3.6555],[-63.1598,3.6348],[-63.1548,3.6179],[-63.1576,3.5962],[-63.1681,3.557],[-63.1678,3.5391],[-63.1562,3.508],[-63.1468,3.4916],[-63.1374,3.4844],[-63.1276,3.4787],[-63.0835,3.4366],[-63.0405,3.416],[-63.0306,3.3985],[-63.0264,3.3885],[-63.0161,3.3733],[-63.0038,3.3595],[-62.9934,3.3535],[-62.9825,3.3504],[-62.9736,3.3428],[-62.9652,3.3338],[-62.9562,3.3262],[-62.9208,3.3132],[-62.8389,3.2579],[-62.7996,3.2476],[-62.7169,3.2419],[-62.6881,3.2306],[-62.6566,3.2381],[-62.6141,3.2333],[-62.5384,3.2101],[-62.5331,3.2073],[-62.5173,3.1965],[-62.5127,3.1957],[-62.5013,3.1974],[-62.4969,3.1965],[-62.4861,3.1859],[-62.4735,3.1617],[-62.4658,3.1514],[-62.4469,3.139],[-62.4293,3.1361],[-62.387,3.1419],[-62.3646,3.1419],[-62.3016,3.1344],[-62.2906,3.1365],[-62.2729,3.1459],[-62.2672,3.1481],[-62.2563,3.1469],[-62.2408,3.1424],[-62.2293,3.1419],[-62.1923,3.1513],[-62.1635,3.1709],[-62.0829,3.2525],[-62.0686,3.2579],[-62.0276,3.2579],[-62.0168,3.256],[-61.9823,3.2442],[-61.9617,3.2428],[-61.9394,3.2452],[-61.9214,3.255],[-61.9051,3.3001],[-61.8839,3.3004],[-61.8389,3.2852],[-61.8255,3.2945],[-61.8053,3.3316],[-61.7874,3.3399],[-61.7086,3.3336],[-61.6876,3.3347],[-61.6498,3.3448],[-61.6298,3.3473],[-61.6021,3.3473],[-61.5953,3.3437],[-61.5745,3.3262],[-61.5646,3.3199],[-61.5453,3.3157],[-61.5179,3.3144],[-61.4933,3.3201],[-61.4827,3.3367],[-61.4796,3.3431],[-61.4715,3.348],[-61.4599,3.3518],[-61.4462,3.3547],[-61.3761,3.3667],[-61.3666,3.3671],[-61.3551,3.3662],[-61.3339,3.3619],[-61.3219,3.3609],[-61.2629,3.4081],[-61.2436,3.4361],[-61.2298,3.4459],[-61.2049,3.4497],[-61.1815,3.4482],[-61.1196,3.4361],[-60.9926,3.4429],[-60.9801,3.4457],[-60.9589,3.459],[-60.9476,3.4633],[-60.9361,3.4636],[-60.9073,3.4566],[-60.8964,3.457],[-60.8694,3.4633],[-60.7114,3.477],[-60.6907,3.4716],[-60.6722,3.4593],[-60.646,3.4361],[-60.6048,3.4173],[-60.5906,3.4037],[-60.5851,3.378],[-60.5833,3.3558],[-60.5745,3.3135],[-60.5705,3.2713],[-60.5714,3.2067],[-60.5671,3.1856],[-60.5564,3.171],[-60.543,3.158],[-60.5305,3.1419],[-60.51,3.0972],[-60.5029,3.0595],[-60.5078,3.0218],[-60.5411,2.9379],[-60.5611,2.9075],[-60.586,2.8809],[-60.6186,2.8532],[-60.6467,2.8231],[-60.7148,2.7098],[-60.7944,2.6088],[-60.8104,2.5721],[-60.8236,2.4838],[-60.8247,2.4007],[-60.819,2.3567],[-60.8196,2.3354],[-60.8284,2.3262],[-60.8419,2.3211],[-60.8785,2.2927],[-60.893,2.2779],[-60.9178,2.2349],[-60.9309,2.2198],[-60.9991,2.1657],[-61.0165,2.1475],[-61.026,2.1303],[-61.0412,2.0819],[-61.0438,2.0618],[-61.0396,2.0494],[-60.9692,1.9677],[-60.9613,1.9557],[-60.9622,1.9355],[-60.9729,1.9173],[-61.0023,1.888],[-61.019,1.8749],[-61.0712,1.8533],[-61.0907,1.8395],[-61.109,1.8223],[-61.1158,1.8121],[-61.1244,1.7894],[-61.1301,1.7813],[-61.1374,1.7668],[-61.1405,1.7474],[-61.145,1.7303],[-61.1641,1.7176],[-61.1887,1.6929],[-61.194,1.6854],[-61.1984,1.6738],[-61.2176,1.6503],[-61.2399,1.5852],[-61.2493,1.5721],[-61.2496,1.5511],[-61.2629,1.4936],[-61.2772,1.3288],[-61.2822,1.3076],[-61.3182,1.2506],[-61.3363,1.2105],[-61.3425,1.1895],[-61.3448,1.1712],[-61.3422,1.1494],[-61.3319,1.1082],[-61.3318,1.0855],[-61.3375,1.0688],[-61.3553,1.0386],[-61.3591,1.0206],[-61.3604,0.9754],[-61.3644,0.9548],[-61.3728,0.9346],[-61.4752,0.7845],[-61.5987,0.6473],[-61.6078,0.629],[-61.6144,0.6065],[-61.6185,0.583],[-61.6198,0.5616],[-61.6241,0.5447],[-61.6354,0.53],[-61.7043,0.4754],[-61.7208,0.4558],[-61.7191,0.4381],[-61.7092,0.4183],[-61.7117,0.3968],[-61.746,0.3275],[-61.7533,0.3077],[-61.7564,0.2873],[-61.7529,0.2276],[-61.7564,0.2084],[-61.7686,0.1776],[-61.7706,0.1675],[-61.7686,0.1583],[-61.7587,0.1329],[-61.7564,0.1228],[-61.756,0.0856],[-61.7599,0.0729],[-61.7706,0.0576],[-61.7921,0.0425],[-61.7974,0.0372],[-61.8039,0.0077],[-61.8082,-0.0004],[-61.8138,-0.0164],[-61.8178,-0.1717],[-61.822,-0.1921],[-61.8409,-0.2349],[-61.8458,-0.2577],[-61.8474,-0.3153],[-61.8509,-0.3392],[-61.8594,-0.3669],[-61.837,-0.3934],[-61.8197,-0.4201],[-61.8103,-0.4512],[-61.8116,-0.5761],[-61.814,-0.5969],[-61.8202,-0.6142],[-61.8697,-0.7027],[-61.8707,-0.7138],[-61.8594,-0.7852],[-61.8643,-0.8036],[-61.8827,-0.8422],[-61.8867,-0.8638],[-61.8788,-0.9228],[-61.8805,-0.9429],[-61.8845,-0.9623],[-61.8867,-0.9872],[-61.8846,-1],[-61.8752,-1.0179],[-61.873,-1.0283],[-61.8712,-1.065],[-61.873,-1.0795],[-61.8788,-1.0998],[-61.8811,-1.1138],[-61.8805,-1.1284],[-61.8559,-1.205],[-61.8526,-1.2339],[-61.8558,-1.2585],[-61.8641,-1.2808],[-61.8925,-1.3366],[-61.897,-1.3544],[-61.8977,-1.368],[-61.8969,-1.3725],[-61.8949,-1.3762]]]},"properties":{"id":"rio-288","clase":"rio","nombre":"Branco","nombre_en":"Branco","fuente":"Natural Earth 1:10m (dominio publico)","confianza":"media","ultima_verificacion":"2026-09-10"}},{"type":"Feature","geometry":{"type":"MultiLineString","coordinates":[[[-73.8722,4.67],[-73.8819,4.6471],[-73.9206,4.5874],[-73.9087,4.5534],[-73.9044,4.4005],[-73.901,4.3807],[-73.8927,4.3624],[-73.8622,4.3273],[-73.8312,4.2585],[-73.818,4.2276],[-73.8046,4.2085],[-73.7872,4.199],[-73.7623,4.1964],[-73.7418,4.199],[-73.7331,4.1975],[-73.7213,4.1902],[-73.7167,4.1833],[-73.7114,4.1715],[-73.7086,4.1604],[-73.7112,4.1555],[-73.7615,4.091],[-73.7698,4.0741],[-73.7606,4.0624],[-73.7406,4.0533],[-73.7171,4.0476],[-73.6192,4.0399],[-73.3173,3.9705],[-73.3009,3.9709],[-73.2686,3.9769],[-73.249,3.9773],[-73.2335,3.9742],[-73.1991,3.9624],[-73.14,3.9495],[-73.1213,3.9421],[-73.1044,3.9295],[-73.1044,3.9363],[-73.0853,3.9359],[-73.0734,3.9338],[-73.0635,3.9295],[-73.062,3.935],[-73.0583,3.9444],[-73.0572,3.95],[-73.0498,3.95],[-73.0429,3.946],[-73.0405,3.9485],[-73.0362,3.9575],[-73.0293,3.9575],[-73.0265,3.9527],[-73.0205,3.948],[-73.0156,3.9432],[-73.0135,3.9532],[-73.0138,3.9643],[-73.0125,3.9759],[-73.0054,3.9876],[-72.9964,3.9945],[-72.9758,4.006],[-72.9673,4.012],[-72.9503,4.0388],[-72.9474,4.0425],[-72.9416,4.0615],[-72.9408,4.0733],[-72.9474,4.0865],[-72.9431,4.0989],[-72.9405,4.1114],[-72.9361,4.1221],[-72.9263,4.1287],[-72.9316,4.1483],[-72.9296,4.1725],[-72.9226,4.1952],[-72.9132,4.2107],[-72.9022,4.2159],[-72.8935,4.2144],[-72.8879,4.2169],[-72.8859,4.2342],[-72.8818,4.2449],[-72.8734,4.2504],[-72.8658,4.2574],[-72.8649,4.2721],[-72.8558,4.2684],[-72.8455,4.2656],[-72.8346,4.2643],[-72.8238,4.2653],[-72.8139,4.2696],[-72.8057,4.2812],[-72.796,4.2858],[-72.7849,4.2779],[-72.7746,4.2747],[-72.7624,4.2783],[-72.7584,4.2838],[-72.7482,4.3131],[-72.7257,4.3006],[-72.7183,4.2982],[-72.7072,4.3001],[-72.7015,4.304],[-72.6881,4.3172],[-72.6798,4.3206],[-72.6703,4.3199],[-72.6321,4.3131],[-72.6247,4.3137],[-72.6204,4.3164],[-72.6175,4.3192],[-72.6147,4.3206],[-72.6077,4.3171],[-72.6018,4.3104],[-72.5956,4.3062],[-72.5877,4.3096],[-72.5654,4.3487],[-72.5597,4.3547],[-72.5487,4.3531],[-72.5338,4.3492],[-72.5209,4.3436],[-72.5154,4.3373],[-72.505,4.3213],[-72.4808,4.3277],[-72.4335,4.3547],[-72.4147,4.3413],[-72.3892,4.3377],[-72.3668,4.3435],[-72.3236,4.4099],[-72.31,4.416],[-72.15,4.4506],[-72.1387,4.4509],[-72.1279,4.447],[-72.0893,4.4226],[-72.0811,4.4083],[-72.07,4.3942],[-72.0499,4.3882],[-72.0123,4.3985],[-71.9738,4.4218],[-71.8976,4.4854],[-71.8196,4.5701],[-71.8096,4.5778],[-71.7992,4.5795],[-71.788,4.579],[-71.7755,4.5799],[-71.6859,4.6076],[-71.6435,4.6284],[-71.5651,4.682],[-71.2746,4.8065],[-71.2153,4.8155],[-71.2069,4.8239],[-71.1579,4.8618],[-71.1304,4.8783],[-71.1134,4.8859],[-71.1002,4.8891],[-71.0875,4.8946],[-71.0487,4.93],[-71.0272,4.9592],[-70.9604,5.1176],[-70.9449,5.1352],[-70.9054,5.1459],[-70.8881,5.1549],[-70.712,5.3073],[-70.6959,5.3136],[-70.6875,5.3233],[-70.6833,5.3711],[-70.6788,5.3894],[-70.6622,5.4045],[-70.619,5.4221],[-70.6002,5.4334],[-70.5801,5.4493],[-70.5137,5.4849],[-70.4489,5.533],[-70.4286,5.5401],[-70.4058,5.5433],[-70.3429,5.5681],[-70.306,5.5748],[-70.2268,5.5789],[-70.1853,5.5873],[-70.1564,5.6004],[-70.1229,5.6209],[-70.0915,5.6452],[-70.0687,5.6693],[-70.0345,5.7215],[-70.0288,5.736],[-69.9867,5.7792],[-69.9696,5.8082],[-69.8988,5.9708],[-69.8763,6.0043],[-69.8461,6.0367],[-69.8172,6.0548],[-69.785,6.0621],[-69.5721,6.0541],[-69.5325,6.0623],[-69.4318,6.1224],[-69.4069,6.1295],[-69.359,6.1518],[-69.3321,6.1565],[-69.3121,6.1463],[-69.2694,6.0976],[-69.2468,6.0808],[-69.1899,6.1128],[-69.1307,6.17],[-69.1092,6.1827],[-69.0809,6.2095],[-69.0619,6.218],[-69.0376,6.2189],[-69.017,6.2141],[-68.9793,6.1975],[-68.9617,6.2025],[-68.9391,6.1973],[-68.9152,6.1888],[-68.8937,6.1844],[-68.8299,6.1879],[-68.8087,6.1844],[-68.7449,6.1651],[-68.7223,6.1627],[-68.7017,6.1581],[-68.6601,6.1389],[-68.6361,6.1361],[-68.6228,6.142],[-68.5964,6.1651],[-68.5855,6.1702],[-68.5233,6.1734],[-68.4498,6.1951],[-68.4281,6.1975],[-68.4075,6.1951],[-68.3419,6.177],[-68.3049,6.1772],[-68.191,6.218],[-68.1473,6.2239],[-68.0198,6.2117],[-67.9787,6.218],[-67.9441,6.2298],[-67.9344,6.2316],[-67.9249,6.2347],[-67.9171,6.2424],[-67.9118,6.2525],[-67.9099,6.2626],[-67.905,6.2753],[-67.8936,6.2784],[-67.8801,6.2781],[-67.8689,6.2801],[-67.8584,6.2886],[-67.84,6.3077],[-67.828,6.3135],[-67.8193,6.3139],[-67.8015,6.3088],[-67.7317,6.3028],[-67.5747,6.2664],[-67.5456,6.2482],[-67.519,6.2227],[-67.4912,6.2018],[-67.4507,6.1981]]]},"properties":{"id":"rio-290","clase":"rio","nombre":"Meta","nombre_en":"Meta","fuente":"Natural Earth 1:10m (dominio publico)","confianza":"media","ultima_verificacion":"2026-09-10"}},{"type":"Feature","geometry":{"type":"MultiLineString","coordinates":[[[-62.9971,7.774],[-62.9936,7.7609],[-62.9792,7.7381],[-62.9551,7.7164],[-62.9376,7.6893],[-62.9271,7.6649],[-62.9088,7.6362],[-62.8923,7.6037],[-62.8758,7.5787],[-62.8456,7.5618],[-62.8241,7.5385],[-62.8126,7.4796],[-62.8081,7.4461],[-62.8026,7.4136],[-62.7939,7.3887],[-62.7897,7.3648],[-62.787,7.3454],[-62.7811,7.326],[-62.7797,7.3015],[-62.7825,7.2814],[-62.8054,7.2283],[-62.8205,7.2047],[-62.84,7.1809],[-62.8554,7.168],[-62.8974,7.1082],[-62.9218,7.0776],[-62.9386,7.041],[-62.9447,7.013],[-62.9438,6.9879],[-62.9419,6.9641],[-62.9446,6.9375],[-62.9376,6.9066],[-62.9189,6.892],[-62.8959,6.8808],[-62.8724,6.8569],[-62.8629,6.8405],[-62.8559,6.8153]]]},"properties":{"id":"rio-416","clase":"rio","nombre":"Caroní","nombre_en":"Caroní","fuente":"Natural Earth 1:10m (dominio publico)","confianza":"media","ultima_verificacion":"2026-09-10"}},{"type":"Feature","geometry":{"type":"MultiLineString","coordinates":[[[-62.9971,7.774],[-63.0224,7.8846],[-63.0245,7.9317],[-63.0128,7.9816],[-62.9894,8.0207],[-62.956,8.053],[-62.8568,8.127],[-62.8426,8.1402],[-62.8221,8.1524],[-62.7749,8.1677],[-62.7569,8.1849],[-62.7544,8.1937],[-62.7529,8.2163],[-62.7507,8.2259],[-62.746,8.232],[-62.7319,8.2452],[-62.729,8.2501],[-62.6918,8.26],[-62.6905,8.2645],[-62.6509,8.3072],[-62.651,8.3161],[-62.6614,8.3289],[-62.6666,8.3328],[-62.677,8.3387],[-62.6818,8.3432],[-62.696,8.376]],[[-60.8114,5.0843],[-60.8143,5.0804],[-60.8161,5.0792],[-60.8196,5.079],[-60.8035,5.0413],[-60.8172,4.9606],[-60.8572,4.8265],[-60.8603,4.7851],[-60.8722,4.7718],[-60.8866,4.765],[-61.0032,4.7311],[-61.047,4.7274],[-61.0726,4.7476],[-61.0915,4.7709],[-61.1034,4.7816],[-61.1256,4.7904],[-61.1354,4.7997],[-61.1407,4.8091],[-61.1369,4.8133],[-61.1299,4.8179],[-61.137,4.8279],[-61.1481,4.8373],[-61.1531,4.8406],[-61.1569,4.8424],[-61.1693,4.8443],[-61.1748,4.8475],[-61.1759,4.8516],[-61.1739,4.8636],[-61.1748,4.868],[-61.1867,4.8841],[-61.1954,4.8924],[-61.2049,4.8959],[-61.2127,4.8978],[-61.2204,4.9029],[-61.2264,4.9105],[-61.2288,4.9198],[-61.234,4.9269],[-61.246,4.929],[-61.2704,4.93],[-61.29,4.9398],[-61.3265,4.9663],[-61.3418,4.9716],[-61.3556,4.9674],[-61.3695,4.9569],[-61.3806,4.9433],[-61.3864,4.93],[-61.3911,4.8586],[-61.3967,4.8475],[-61.4017,4.8439],[-61.4075,4.8372],[-61.4147,4.8331],[-61.4246,4.8376],[-61.4376,4.8467],[-61.4449,4.8458],[-61.4553,4.827],[-61.469,4.7929],[-61.4734,4.7912],[-61.4801,4.7917],[-61.4862,4.7902],[-61.4889,4.7827],[-61.4871,4.7744],[-61.4844,4.7686],[-61.4849,4.763],[-61.525,4.7183],[-61.5443,4.7083],[-61.5714,4.7178],[-61.5802,4.7123],[-61.5893,4.7167],[-61.5979,4.7268],[-61.6055,4.7383],[-61.5985,4.7492],[-61.6033,4.7601],[-61.6198,4.7792],[-61.6197,4.784],[-61.6164,4.8031],[-61.6248,4.8072],[-61.6322,4.8045],[-61.6394,4.8002],[-61.6471,4.7997],[-61.6584,4.8054],[-61.6749,4.819],[-61.6881,4.827],[-61.7217,4.8375],[-61.7369,4.8453],[-61.7434,4.858],[-61.7396,4.8871],[-61.7438,4.8983],[-61.7598,4.9028],[-61.7762,4.8952],[-61.7858,4.8785],[-61.7926,4.8619],[-61.8011,4.8543],[-61.8093,4.85],[-61.8337,4.8313],[-61.8492,4.827],[-61.8658,4.8277],[-61.8746,4.827],[-61.8801,4.8212],[-61.8867,4.8065],[-61.9074,4.8094],[-61.9275,4.7997],[-61.9427,4.784],[-61.9488,4.769],[-61.9513,4.7479],[-61.9545,4.736],[-61.9591,4.7308],[-61.9844,4.7322],[-61.9979,4.7315],[-62.0072,4.7277],[-62.0212,4.7058],[-62.0262,4.6878],[-62.0344,4.6769],[-62.058,4.6762],[-62.1405,4.7041],[-62.1539,4.695],[-62.1661,4.6887],[-62.1817,4.6849],[-62.2054,4.6837],[-62.2224,4.6878],[-62.2455,4.7061],[-62.2641,4.711],[-62.3491,4.711],[-62.3553,4.7202],[-62.3802,4.7792],[-62.4046,4.8098],[-62.4615,4.8667],[-62.4832,4.8959],[-62.5048,4.96],[-62.5139,4.9747],[-62.52,4.9921],[-62.5154,5.0154],[-62.5073,5.0397],[-62.503,5.0598],[-62.5046,5.0694],[-62.5106,5.0889],[-62.5105,5.1008],[-62.506,5.1107],[-62.4928,5.1219],[-62.4852,5.1536],[-62.4652,5.1783],[-62.4621,5.1901],[-62.4683,5.201],[-62.4818,5.2173],[-62.4985,5.232],[-62.5333,5.2465],[-62.5422,5.2657],[-62.5481,5.2885],[-62.5583,5.3074],[-62.5781,5.3185],[-62.6244,5.3269],[-62.6517,5.3424],[-62.6628,5.3458],[-62.69,5.3494],[-62.6998,5.3536],[-62.7057,5.3546],[-62.7134,5.3526],[-62.7238,5.3433],[-62.729,5.3409],[-62.7491,5.3431],[-62.7745,5.3507],[-62.7961,5.3611],[-62.8106,5.3777],[-62.8336,5.3823],[-62.8389,5.3856],[-62.842,5.3863],[-62.86,5.4099],[-62.8656,5.4218],[-62.8734,5.4462],[-62.8798,5.4583],[-62.8881,5.4634],[-62.8973,5.4664],[-62.9015,5.472],[-62.8941,5.4849],[-62.9127,5.5419],[-62.92,5.59],[-62.9176,5.5948],[-62.9042,5.5986],[-62.9024,5.6072],[-62.9077,5.6221],[-62.8951,5.6526],[-62.8941,5.6631],[-62.8976,5.6685],[-62.9047,5.6743],[-62.9115,5.6823],[-62.9146,5.6941],[-62.9062,5.7481],[-62.9077,5.7661],[-62.9189,5.7952],[-62.9204,5.8134],[-62.8993,5.8489],[-62.8562,5.9785],[-62.8531,5.9958],[-62.8551,6.0054],[-62.8641,6.0252],[-62.8661,6.0367],[-62.8661,6.0808],[-62.8728,6.1201],[-62.9375,6.2852],[-62.9456,6.2943],[-62.956,6.3014],[-62.9681,6.3177],[-62.9782,6.336],[-62.9835,6.3489],[-62.9816,6.3679],[-62.9613,6.4041],[-62.9562,6.4271],[-62.9542,6.4481],[-62.9485,6.4628],[-62.9396,6.4741],[-62.8863,6.5181],[-62.8798,6.5302],[-62.8763,6.5464],[-62.8568,6.5911],[-62.8463,6.609],[-62.8287,6.6314],[-62.8221,6.6431],[-62.8196,6.6574],[-62.8238,6.6722],[-62.8422,6.6966],[-62.8463,6.7083],[-62.847,6.7595],[-62.8556,6.8143]]]},"properties":{"id":"rio-416","clase":"rio","nombre":"Caroní","nombre_en":"Caroní","fuente":"Natural Earth 1:10m (dominio publico)","confianza":"media","ultima_verificacion":"2026-09-10"}},{"type":"Feature","geometry":{"type":"MultiLineString","coordinates":[[[-72.1762,7.8867],[-72.205,7.8547],[-72.228,7.8218],[-72.2373,7.8015],[-72.2435,7.7799],[-72.2484,7.7393],[-72.2452,7.6985],[-72.2429,7.6901],[-72.232,7.6674],[-72.224,7.658],[-72.2139,7.6533],[-72.2027,7.6501],[-72.192,7.6451],[-72.1837,7.6367],[-72.1683,7.6053],[-72.1625,7.5991],[-72.1562,7.5953],[-72.149,7.5933],[-72.1325,7.5907],[-72.1156,7.5856],[-72.1014,7.5786],[-72.0895,7.5705],[-72.0534,7.5526],[-72.048,7.5485],[-72.0433,7.5435],[-72.0336,7.5292],[-72.0157,7.5149],[-72.0083,7.5106],[-72.0002,7.5082],[-71.9918,7.5079],[-71.9208,7.5145],[-71.9053,7.5134],[-71.8444,7.4935],[-71.8299,7.4998],[-71.8095,7.4973],[-71.7489,7.4782],[-71.7408,7.4724],[-71.7254,7.4522],[-71.716,7.4424],[-71.7035,7.4383],[-71.6605,7.4321],[-71.6397,7.4323],[-71.6309,7.4417],[-71.6277,7.4533],[-71.6204,7.4508],[-71.6073,7.4383],[-71.5951,7.4405],[-71.5729,7.4503],[-71.5632,7.4525],[-71.5526,7.4504],[-71.533,7.4405],[-71.5211,7.4383],[-71.5089,7.4395],[-71.5033,7.4427],[-71.5,7.4473],[-71.4943,7.4525],[-71.4723,7.4627],[-71.4546,7.4638],[-71.4155,7.4588],[-71.3406,7.46],[-71.3047,7.4564],[-71.2678,7.4451],[-71.249,7.4545],[-71.2269,7.4386],[-71.2057,7.4157],[-71.1893,7.4041],[-71.1663,7.4018],[-71.1561,7.3985],[-71.1448,7.3861],[-71.1295,7.3858],[-71.1033,7.3898],[-71.0615,7.3787],[-71.0201,7.3618],[-70.9813,7.3386],[-70.9469,7.3079],[-70.9303,7.3131],[-70.9125,7.3052],[-70.8937,7.2934],[-70.8743,7.2874],[-70.8566,7.29],[-70.8107,7.3054],[-70.7955,7.3148],[-70.759,7.2997],[-70.713,7.2899],[-70.667,7.2874],[-70.631,7.2943],[-70.6251,7.3003],[-70.6092,7.3225],[-70.6037,7.3284],[-70.591,7.3325],[-70.5829,7.332],[-70.5757,7.3298],[-70.5658,7.3284],[-70.548,7.3337],[-70.5317,7.346],[-70.5074,7.3694],[-70.5006,7.3836],[-70.4952,7.3833],[-70.4876,7.3813],[-70.4814,7.3786],[-70.4801,7.3762],[-70.472,7.3819],[-70.4679,7.3861],[-70.4666,7.393],[-70.4665,7.4073],[-70.4603,7.423],[-70.4449,7.4278],[-70.4248,7.4282],[-70.4044,7.4308],[-70.3685,7.4504],[-70.3406,7.4807],[-70.321,7.5168],[-70.2996,7.5904],[-70.289,7.6037],[-70.271,7.609],[-70.2606,7.6103],[-70.2432,7.6158],[-70.2331,7.6164],[-70.2225,7.6136],[-70.2068,7.6049],[-70.1996,7.6027],[-70.183,7.6057],[-70.1573,7.6149],[-70.1337,7.6293],[-70.1233,7.6474],[-70.1174,7.6663],[-70.1035,7.6902],[-70.0867,7.7107],[-70.0724,7.7194],[-70.0589,7.7241],[-70.014,7.7542],[-69.998,7.7574],[-69.9488,7.7542],[-69.9356,7.7577],[-69.9216,7.7668],[-69.8924,7.7922],[-69.8777,7.8039],[-69.8631,7.8119],[-69.8489,7.8139],[-69.8353,7.8076],[-69.8246,7.8154],[-69.7908,7.8323],[-69.7778,7.8355],[-69.7518,7.8377],[-69.7338,7.8443],[-69.5771,7.951],[-69.4625,8.0583],[-69.4411,8.0716],[-69.4175,8.0723],[-69.3697,8.062],[-69.3314,8.0619],[-69.2127,8.0757],[-69.1888,8.0706],[-69.1534,8.047],[-69.1335,8.0416],[-69.1278,8.0362],[-69.1182,8.0122],[-69.1128,8.0068],[-69.0749,7.9932],[-69.0699,7.9905],[-69.0586,7.9819],[-69.0544,7.9801],[-69.0482,7.9822],[-69.0387,7.991],[-69.0339,7.9932],[-68.9964,7.9932],[-68.9914,7.9956],[-68.9808,7.9995],[-68.9704,7.9993],[-68.9657,7.9898],[-68.9635,7.9803],[-68.9582,7.97],[-68.9452,7.9522],[-68.9444,7.9479],[-68.9462,7.9357],[-68.9452,7.9317],[-68.941,7.9307],[-68.9293,7.9324],[-68.9247,7.9317],[-68.8868,7.9112],[-68.8236,7.9025],[-68.73,7.9158],[-68.7155,7.9212],[-68.7013,7.9337],[-68.6504,7.9658],[-68.634,7.9693],[-68.5718,7.9658],[-68.5492,7.9611],[-68.5105,7.9414],[-68.4852,7.9385],[-68.4614,7.9473],[-68.426,7.9793],[-68.4071,7.9864],[-68.3863,7.9915],[-68.3749,7.9913],[-68.3698,7.9832],[-68.3653,7.9811],[-68.3419,7.9658],[-68.3218,7.9663],[-68.2969,7.9702],[-68.2757,7.9709],[-68.2668,7.9621],[-68.2567,7.9564],[-68.2348,7.9663],[-68.2053,7.9864],[-68.1988,7.9881],[-68.18,7.9905],[-68.1706,7.9932],[-68.159,8.0007],[-68.1498,8.01],[-68.14,8.0178],[-68.1088,8.0247],[-68.0735,8.042],[-68.0545,8.0484],[-67.9546,8.0546],[-67.9302,8.0478],[-67.9072,8.0347],[-67.885,8.0267],[-67.8627,8.0347],[-67.8168,8.0217],[-67.7207,8.0175],[-67.6703,8.0068],[-67.6493,7.9986],[-67.6293,7.9932]]]},"properties":{"id":"rio-432","clase":"rio","nombre":"Apure","nombre_en":"Apure","fuente":"Natural Earth 1:10m (dominio publico)","confianza":"media","ultima_verificacion":"2026-09-10"}},{"type":"Feature","geometry":{"type":"MultiLineString","coordinates":[[[-62.0785,8.1092],[-62.0859,8.0651],[-62.0829,8.0414],[-62.0777,8.0209],[-62.0767,8.0012],[-62.0859,7.9801],[-62.1033,7.9606],[-62.1642,7.9075],[-62.1872,7.8773],[-62.1966,7.8613],[-62.202,7.8492],[-62.2042,7.8272],[-62.2001,7.8025],[-62.1892,7.7824],[-62.1713,7.774],[-62.1554,7.7659],[-62.1436,7.7465],[-62.1269,7.7051],[-62.1234,7.7031],[-62.1168,7.7005],[-62.11,7.6969],[-62.1058,7.6915],[-62.106,7.6859],[-62.1122,7.6769],[-62.1133,7.671],[-62.1058,7.6263],[-62.1032,7.6186],[-62.0968,7.6114],[-62.0822,7.5993],[-62.0768,7.5904],[-62.074,7.5782],[-62.0666,7.5106],[-62.0552,7.4703],[-62.0369,7.4343],[-62.0102,7.4041],[-61.9973,7.3967],[-61.9738,7.3874],[-61.9513,7.3856],[-61.9414,7.4007],[-61.9321,7.4051],[-61.8907,7.4103],[-61.8805,7.4103],[-61.8732,7.3956],[-61.8712,7.3775],[-61.866,7.3622],[-61.8492,7.3557],[-61.7841,7.365],[-61.7632,7.3625],[-61.7218,7.3459],[-61.6984,7.3321],[-61.6881,7.3178],[-61.6847,7.306],[-61.6763,7.2999],[-61.6661,7.2961],[-61.6573,7.2908],[-61.6538,7.2848],[-61.6554,7.2802],[-61.6588,7.2757],[-61.6608,7.27],[-61.6589,7.2639],[-61.6547,7.2593],[-61.6471,7.2533],[-61.6155,7.2139],[-61.6034,7.1936],[-61.5987,7.1676],[-61.5925,7.0643],[-61.596,7.0456],[-61.6046,7.027],[-61.626,6.9926],[-61.6321,6.971],[-61.6326,6.9227],[-61.6396,6.9039],[-61.6291,6.8939],[-61.6181,6.8736],[-61.6092,6.8514],[-61.6055,6.8349],[-61.6066,6.8212],[-61.6105,6.8104],[-61.618,6.8033],[-61.6369,6.7998],[-61.6396,6.7967],[-61.6396,6.7835],[-61.6426,6.7764],[-61.6495,6.774],[-61.6576,6.7729],[-61.6642,6.7701],[-61.6742,6.7569],[-61.6728,6.7491],[-61.6647,6.7442],[-61.654,6.7393],[-61.6081,6.7254],[-61.6021,6.7216],[-61.5906,6.7268],[-61.5766,6.7254],[-61.5416,6.7152],[-61.5378,6.712],[-61.5338,6.7103],[-61.5236,6.712],[-61.5172,6.7154],[-61.5148,6.7196],[-61.5116,6.7232],[-61.5031,6.725],[-61.51,6.725],[-61.495,6.7308],[-61.4828,6.7393],[-61.4587,6.7633],[-61.4554,6.7783],[-61.463,6.7929],[-61.465,6.8039],[-61.4447,6.8083],[-61.384,6.8098],[-61.3531,6.8215],[-61.3387,6.8492],[-61.3306,6.8466],[-61.3112,6.8444],[-61.3039,6.8418],[-61.2966,6.8334],[-61.2899,6.815],[-61.284,6.8083],[-61.2663,6.8048],[-61.2318,6.8142],[-61.2157,6.8083],[-61.2092,6.7977],[-61.2108,6.7884],[-61.2148,6.7805],[-61.2157,6.7735],[-61.2104,6.7643],[-61.2037,6.7575],[-61.1493,6.715],[-61.14,6.7046],[-61.1305,6.716],[-61.1117,6.7197],[-61.0898,6.7176],[-61.0712,6.712],[-61.0619,6.7303],[-61.0408,6.7271],[-61.0194,6.7206],[-61.001,6.7345],[-60.9554,6.7289],[-60.9346,6.732],[-60.9291,6.736],[-60.902,6.7646],[-60.9002,6.7687],[-60.8998,6.7769],[-60.902,6.7862],[-60.9119,6.8002],[-60.9141,6.8113],[-60.9083,6.8154],[-60.8953,6.8143],[-60.8732,6.8083],[-60.8664,6.8035],[-60.8593,6.7967],[-60.8503,6.7901],[-60.8384,6.7866],[-60.829,6.7872],[-60.806,6.7927],[-60.7943,6.794],[-60.7738,6.7885],[-60.7372,6.7649],[-60.7223,6.7598],[-60.701,6.7672],[-60.6849,6.7842],[-60.6565,6.8247],[-60.6403,6.8378],[-60.6214,6.8461],[-60.5494,6.8632],[-60.4217,6.9424],[-60.3949,6.9487],[-60.3654,6.9312],[-60.3561,6.9205],[-60.3396,6.9068],[-60.3197,6.8951],[-60.2781,6.8841],[-60.2631,6.8717],[-60.2469,6.8617],[-60.2214,6.8629],[-60.2112,6.8679],[-60.1912,6.881],[-60.1804,6.8834],[-60.1702,6.8798],[-60.1559,6.866],[-60.1383,6.857],[-60.0985,6.8213],[-60.0888,6.8183],[-60.0575,6.8145],[-60.0474,6.81],[-60.0197,6.794],[-60.01,6.7972],[-59.9974,6.8113],[-59.9918,6.8145],[-59.9817,6.8161],[-59.8905,6.8528],[-59.8688,6.8554],[-59.8273,6.8492],[-59.8167,6.8443],[-59.7945,6.8214],[-59.7838,6.8145],[-59.7734,6.8142],[-59.7535,6.8203],[-59.7423,6.8213],[-59.7319,6.8186],[-59.7159,6.8101],[-59.704,6.8083],[-59.6824,6.8151],[-59.6658,6.8287],[-59.6488,6.8387],[-59.6256,6.8349],[-59.5996,6.8144],[-59.587,6.7875],[-59.5834,6.7552],[-59.5846,6.7183],[-59.581,6.6972],[-59.5697,6.6785],[-59.5529,6.6703],[-59.5126,6.692],[-59.4938,6.6871],[-59.4782,6.6748],[-59.456,6.6506],[-59.4412,6.6396],[-59.4235,6.638],[-59.3451,6.7064],[-59.3314,6.725],[-59.3065,6.7918],[-59.2877,6.8089],[-59.2488,6.8083],[-59.2143,6.7996],[-59.197,6.7926],[-59.1224,6.7394],[-59.1048,6.732],[-59.0602,6.7297],[-59.0388,6.7259],[-59.0297,6.7152],[-59.024,6.6918],[-59.0111,6.6866],[-58.997,6.6826],[-58.9881,6.6636],[-58.9879,6.6529],[-58.9901,6.6457],[-58.9929,6.6392],[-58.9966,6.6251],[-58.9993,6.6207],[-59.0016,6.6157],[-59.0018,6.609],[-58.9991,6.6036],[-58.9901,6.5946],[-58.9881,6.5916],[-58.9806,6.5828],[-58.9335,6.5544],[-58.8956,6.5179],[-58.8819,6.5128],[-58.8695,6.5063],[-58.8523,6.4912],[-58.837,6.4741],[-58.8237,6.4509],[-58.7899,6.4199],[-58.7758,6.4104],[-58.7536,6.4023],[-58.7298,6.3983],[-58.6778,6.3968]]]},"properties":{"id":"rio-512","clase":"rio","nombre":"Cuyuni","nombre_en":"Cuyuni","fuente":"Natural Earth 1:10m (dominio publico)","confianza":"media","ultima_verificacion":"2026-09-10"}},{"type":"Feature","geometry":{"type":"MultiLineString","coordinates":[[[-58.7929,1.3084],[-58.774,1.3373],[-58.7773,1.3628],[-58.7893,1.3866],[-58.8047,1.4425],[-58.8038,1.4561],[-58.7978,1.467],[-58.7893,1.472],[-58.7612,1.4777],[-58.7545,1.4774],[-58.748,1.4781],[-58.7411,1.4827],[-58.7363,1.4915],[-58.7377,1.499],[-58.7407,1.5054],[-58.7411,1.5107],[-58.7359,1.5223],[-58.7306,1.531],[-58.7218,1.5328],[-58.7063,1.5237],[-58.6947,1.5443],[-58.6887,1.5523],[-58.6796,1.5585],[-58.6702,1.5591],[-58.644,1.5582],[-58.6387,1.5619],[-58.6345,1.5734],[-58.6114,1.6206],[-58.6114,1.6438],[-58.6134,1.6625],[-58.6102,1.6798],[-58.5887,1.7047],[-58.5768,1.7277],[-58.5725,1.7343],[-58.5697,1.7374],[-58.5666,1.7403],[-58.5515,1.7491],[-58.5461,1.7534],[-58.5393,1.7625],[-58.5396,1.7675],[-58.5425,1.7717],[-58.5431,1.7782],[-58.5273,1.8629],[-58.522,1.9427],[-58.5232,1.9476],[-58.5284,1.9505],[-58.5288,1.9557],[-58.5265,1.962],[-58.523,1.9622],[-58.5192,1.961],[-58.5157,1.9632],[-58.498,1.9923],[-58.4059,2.0929],[-58.4059,2.086],[-58.3981,2.1048],[-58.3989,2.1244],[-58.4059,2.158],[-58.4033,2.1727],[-58.3962,2.1905],[-58.3852,2.2067],[-58.3712,2.2164],[-58.3709,2.2005],[-58.3661,2.1932],[-58.359,2.194],[-58.3512,2.2027],[-58.348,2.2142],[-58.3445,2.2574],[-58.3383,2.2484],[-58.337,2.2443],[-58.3286,2.2543],[-58.3165,2.2847],[-58.3096,2.2947],[-58.2892,2.3126],[-58.2793,2.3286],[-58.2792,2.3427],[-58.2893,2.3554],[-58.3103,2.3672],[-58.3138,2.3397],[-58.3269,2.3299],[-58.3419,2.3353],[-58.3512,2.3536],[-58.3503,2.3679],[-58.3392,2.394],[-58.337,2.4082],[-58.3402,2.4235],[-58.3468,2.4374],[-58.3649,2.4634],[-58.3472,2.4681],[-58.3119,2.4693],[-58.296,2.4771],[-58.287,2.49],[-58.284,2.5054],[-58.2824,2.5454],[-58.2703,2.605],[-58.2654,2.6691],[-58.2572,2.6903],[-58.2414,2.703],[-58.2244,2.6998],[-58.2054,2.7201],[-58.1881,2.7457],[-58.1759,2.7582],[-58.1678,2.763],[-58.1656,2.7744],[-58.1678,2.7879],[-58.1726,2.7993],[-58.183,2.8117],[-58.1926,2.8153],[-58.2024,2.8159],[-58.2141,2.8191],[-58.2141,2.8265],[-58.2091,2.8475],[-58.2067,2.8532],[-58.2012,2.856],[-58.1854,2.8581],[-58.1793,2.8607],[-58.1716,2.8719],[-58.1689,2.8856],[-58.1696,2.9005],[-58.1726,2.9153],[-58.178,2.9261],[-58.1846,2.9314],[-58.1885,2.9374],[-58.1861,2.95],[-58.1805,2.9586],[-58.1738,2.9615],[-58.1666,2.9636],[-58.1595,2.9699],[-58.1506,2.9875],[-58.1493,3.003],[-58.1547,3.0174],[-58.1595,3.032],[-58.1732,3.0457],[-58.182,3.0565],[-58.1938,3.0635],[-58.2172,3.0661],[-58.2824,3.1139],[-58.3057,3.1361],[-58.3006,3.1486],[-58.2847,3.1619],[-58.2755,3.1859],[-58.2746,3.2094],[-58.2714,3.2255],[-58.2551,3.2579],[-58.2504,3.2713],[-58.2427,3.3115],[-58.2445,3.3199],[-58.2346,3.3572],[-58.2362,3.3702],[-58.2406,3.3756],[-58.2472,3.3794],[-58.2551,3.3876],[-58.2668,3.4188],[-58.2923,3.5726],[-58.296,3.5806],[-58.3022,3.5853],[-58.3204,3.5932],[-58.3271,3.5974],[-58.3325,3.6119],[-58.3289,3.652],[-58.3301,3.6688],[-58.3835,3.7167],[-58.4039,3.7454],[-58.382,3.7582],[-58.3758,3.766],[-58.3606,3.8046],[-58.3575,3.8196],[-58.3616,3.8389],[-58.381,3.8738],[-58.3854,3.8917],[-58.3896,3.901],[-58.4079,3.9167],[-58.4121,3.9258],[-58.4137,3.9362],[-58.4258,3.9642],[-58.4381,4.0103],[-58.4469,4.0257],[-58.4438,4.0279],[-58.4426,4.0282],[-58.4416,4.0289],[-58.4394,4.0319],[-58.4605,4.0394],[-58.4761,4.0277],[-58.4984,4.0262],[-58.5224,4.0314],[-58.5431,4.0394],[-58.5524,4.0338],[-58.5636,4.031],[-58.5749,4.0325],[-58.5841,4.0394],[-58.5889,4.0521],[-58.5823,4.0591],[-58.5705,4.064],[-58.5598,4.0707],[-58.4946,4.1287],[-58.4796,4.1498],[-58.4715,4.1683],[-58.468,4.1865],[-58.4674,4.207],[-58.472,4.2286],[-58.4914,4.2684],[-58.4946,4.2926],[-58.4886,4.3093],[-58.4656,4.3336],[-58.4605,4.3441],[-58.4674,4.4291],[-58.4769,4.4742],[-58.4859,4.4958],[-58.4984,4.5049],[-58.5021,4.5089],[-58.5288,4.5291],[-58.5344,4.5346],[-58.5704,4.5465],[-58.5865,4.5637],[-58.6185,4.6117],[-58.6287,4.6216],[-58.6481,4.6323],[-58.6722,4.657],[-58.7063,4.7041],[-58.7207,4.7466],[-58.7352,4.7622],[-58.7808,4.7488],[-58.7944,4.7658],[-58.8197,4.908],[-58.8441,4.9716],[-58.8461,5.0127],[-58.8219,5.157],[-58.8207,5.2291],[-58.827,5.2447],[-58.8384,5.256],[-58.8851,5.3267],[-58.8806,5.3338],[-58.8798,5.3417],[-58.88,5.351],[-58.8789,5.3621],[-58.8754,5.3718],[-58.8664,5.3882],[-58.8591,5.4086],[-58.8449,5.4149],[-58.8038,5.4167],[-58.7172,5.4303],[-58.6931,5.4376],[-58.6758,5.4554],[-58.6529,5.4992],[-58.6348,5.5404],[-58.6229,5.5811],[-58.6173,5.6234],[-58.6183,5.6922],[-58.6114,5.7562],[-58.6154,5.8194],[-58.6114,5.8419],[-58.5865,5.895],[-58.5734,5.9136],[-58.5704,5.9374],[-58.5704,6.0194],[-58.5732,6.0299],[-58.5841,6.0541],[-58.5846,6.0748],[-58.5704,6.2084],[-58.5733,6.218],[-58.579,6.2269],[-58.583,6.2351],[-58.5806,6.2425],[-58.5757,6.2495],[-58.5725,6.2579],[-58.5709,6.2672],[-58.5704,6.2763],[-58.5738,6.2936],[-58.5977,6.3415],[-58.5999,6.3609],[-58.6,6.4054],[-58.6022,6.4166]]]},"properties":{"id":"rio-519","clase":"rio","nombre":"Essequibo","nombre_en":"Essequibo","fuente":"Natural Earth 1:10m (dominio publico)","confianza":"media","ultima_verificacion":"2026-09-10"}},{"type":"Feature","geometry":{"type":"MultiLineString","coordinates":[[[-74.4072,3.7315],[-74.383,3.7362],[-74.3489,3.7654],[-74.3278,3.7725],[-74.3065,3.7761],[-74.2651,3.7906],[-74.2421,3.7923],[-74.1875,3.7616],[-74.1787,3.7544],[-74.1186,3.7377],[-74.095,3.7278],[-74.078,3.7232],[-74.0631,3.7268],[-74.0466,3.7411],[-74.0333,3.7615],[-74.0237,3.7822],[-74.0113,3.8004],[-73.9896,3.8134],[-73.9503,3.8153],[-73.906,3.8023],[-73.8639,3.7812],[-73.8312,3.7582],[-73.8057,3.7269],[-73.7912,3.6905],[-73.7591,3.5667],[-73.7555,3.5217],[-73.7493,3.5096],[-73.7346,3.5017],[-73.7015,3.4907],[-73.6903,3.4835],[-73.6765,3.472],[-73.6649,3.4587],[-73.66,3.4463],[-73.6528,3.4367],[-73.6047,3.4156],[-73.5821,3.3968],[-73.5688,3.3902],[-73.5062,3.3843],[-73.4942,3.3781],[-73.4023,3.2984],[-73.3517,3.2223],[-73.3412,3.2163],[-73.3259,3.2136],[-73.3088,3.2066],[-73.2934,3.1978],[-73.2826,3.189],[-73.2482,3.1415],[-73.2454,3.1313],[-73.2505,3.1227],[-73.2506,3.1125],[-73.2464,3.1039],[-73.2384,3.1002],[-73.2372,3.096],[-73.2396,3.0748],[-73.2416,3.0661],[-73.2526,3.0436],[-73.2552,3.032],[-73.2529,3.0335],[-73.2485,3.0319],[-73.244,3.0284],[-73.2416,3.0245],[-73.2421,3.0186],[-73.2477,3.0078],[-73.249,3.0009],[-73.2447,2.9844],[-73.2255,2.9571],[-73.2211,2.9364],[-73.2283,2.9003],[-73.2246,2.8948],[-73.187,2.888],[-73.1666,2.8782],[-73.1467,2.8636],[-73.135,2.8459],[-73.1392,2.8265],[-73.1289,2.8349],[-73.1193,2.8389],[-73.1127,2.8348],[-73.1119,2.8191],[-73.0956,2.8242],[-73.08,2.827],[-73.07,2.8345],[-73.0702,2.8532],[-73.0576,2.837],[-73.043,2.8246],[-73.0268,2.8214],[-73.0089,2.8328],[-72.9989,2.823],[-72.9905,2.824],[-72.9809,2.8295],[-72.9673,2.8328],[-72.9538,2.8336],[-72.9474,2.8328],[-72.9441,2.8302],[-72.9414,2.8255],[-72.9373,2.8211],[-72.93,2.8191],[-72.9121,2.8113],[-72.892,2.7955],[-72.871,2.7831],[-72.8506,2.7856],[-72.8664,2.7963],[-72.8449,2.8001],[-72.8126,2.7957],[-72.796,2.7822],[-72.7897,2.7272],[-72.7843,2.7119],[-72.7733,2.7031],[-72.7653,2.6951],[-72.7686,2.6819],[-72.755,2.6819],[-72.7572,2.6774],[-72.7624,2.6621],[-72.7482,2.6621],[-72.7482,2.6546],[-72.7589,2.6383],[-72.7563,2.5904],[-72.7624,2.5721]],[[-72.7624,2.5659],[-72.7373,2.5595],[-72.7239,2.5753],[-72.715,2.5966],[-72.7035,2.6074],[-72.6705,2.6139],[-72.6577,2.6078],[-72.6516,2.574],[-72.6483,2.5664],[-72.6422,2.5628],[-72.6321,2.5659],[-72.6246,2.6074],[-72.6102,2.6204],[-72.6005,2.6147],[-72.5843,2.5863],[-72.5911,2.5863],[-72.5879,2.5839],[-72.5768,2.5795],[-72.5768,2.6081],[-72.5736,2.6293],[-72.5616,2.6411],[-72.5359,2.6415],[-72.5359,2.6484],[-72.5414,2.6512],[-72.5482,2.6556],[-72.5539,2.6608],[-72.5563,2.6655],[-72.5538,2.6754],[-72.5473,2.6752],[-72.5387,2.671],[-72.5297,2.6689],[-72.5189,2.668],[-72.5128,2.6652],[-72.5074,2.6651],[-72.484,2.6839],[-72.475,2.6879],[-72.4401,2.6903],[-72.422,2.6942],[-72.406,2.7035],[-72.3666,2.7381],[-72.3489,2.7395],[-72.3099,2.7167],[-72.3036,2.7374],[-72.2952,2.7508],[-72.2838,2.7523],[-72.269,2.7371],[-72.2567,2.7031],[-72.2524,2.6976],[-72.2484,2.7167],[-72.2485,2.7374],[-72.2506,2.748],[-72.2479,2.7548],[-72.2342,2.7645],[-72.2211,2.7716],[-72.2081,2.7751],[-72.1944,2.7734],[-72.1796,2.7645],[-72.168,2.7499],[-72.1525,2.7198],[-72.1387,2.7098],[-72.0831,2.7022],[-72.0697,2.703],[-72.0476,2.7231],[-72.0237,2.7902],[-72.0015,2.8123],[-71.9929,2.7999],[-71.9805,2.7991],[-71.9665,2.8032],[-71.953,2.8054],[-71.9475,2.8072],[-71.944,2.8107],[-71.94,2.8116],[-71.9325,2.8054],[-71.9313,2.7984],[-71.9339,2.7893],[-71.9377,2.7816],[-71.94,2.7788],[-71.9211,2.767],[-71.8998,2.7741],[-71.8636,2.7993],[-71.836,2.8053],[-71.8114,2.803],[-71.7687,2.7918],[-71.7203,2.7918],[-71.6947,2.7877],[-71.6719,2.7788],[-71.6678,2.7916],[-71.6452,2.8265],[-71.6305,2.8101],[-71.625,2.7946],[-71.6167,2.7832],[-71.5937,2.7788],[-71.5734,2.7792],[-71.5552,2.7818],[-71.5398,2.7879],[-71.5279,2.7993],[-71.5145,2.789],[-71.5039,2.7828],[-71.4909,2.7796],[-71.4569,2.7772],[-71.4112,2.7687],[-71.3988,2.7645],[-71.3945,2.7505],[-71.3934,2.7321],[-71.3872,2.7222],[-71.3677,2.7337],[-71.3487,2.7395],[-71.3135,2.725],[-71.2952,2.7371],[-71.2906,2.7298],[-71.2858,2.7259],[-71.2806,2.7225],[-71.2746,2.7167],[-71.2596,2.7257],[-71.2496,2.7247],[-71.241,2.7197],[-71.2163,2.7138],[-71.1859,2.6962],[-71.1579,2.6905],[-71.1033,2.689],[-71.0953,2.6869],[-71.0828,2.6819],[-71.0719,2.6809],[-71.0605,2.6812],[-71.0502,2.6837],[-71.0419,2.6894],[-71.0373,2.7011],[-71.0425,2.7236],[-71.0384,2.7337],[-71.0281,2.7385],[-71.0179,2.7349],[-71.0102,2.7257],[-71.0029,2.6984],[-70.9936,2.6989],[-70.9844,2.7057],[-70.9804,2.7098],[-70.975,2.7137],[-70.972,2.7217],[-70.9662,2.7241],[-70.9595,2.7237],[-70.9548,2.7212],[-70.9509,2.7183],[-70.9246,2.7097],[-70.9154,2.7102],[-70.9115,2.7204],[-70.9072,2.7288],[-70.897,2.734],[-70.8847,2.7364],[-70.8743,2.7371],[-70.8635,2.7423],[-70.8558,2.7543],[-70.8496,2.7681],[-70.8433,2.7788],[-70.8235,2.7913],[-70.8009,2.8005],[-70.7822,2.8132],[-70.7743,2.8365],[-70.7681,2.8775],[-70.7641,2.8897],[-70.7549,2.8959],[-70.7454,2.9006],[-70.7402,2.9085],[-70.7423,2.9204],[-70.7506,2.9247],[-70.7607,2.9279],[-70.7681,2.9364],[-70.7695,2.9485],[-70.7667,2.9594],[-70.7627,2.9698],[-70.7606,2.9805],[-70.7538,2.9959],[-70.7376,3.0119],[-70.7194,3.025],[-70.7014,3.0348],[-70.6898,3.0438],[-70.6856,3.0457],[-70.6796,3.0433],[-70.6693,3.0338],[-70.6651,3.032],[-70.6493,3.0337],[-70.6502,3.0378],[-70.6514,3.0491],[-70.6498,3.062],[-70.645,3.0646],[-70.6373,3.0645],[-70.6273,3.0695],[-70.6245,3.0795],[-70.6304,3.0916],[-70.6453,3.1139],[-70.6475,3.1251],[-70.6453,3.1927],[-70.6381,3.2091],[-70.6216,3.2271],[-70.59,3.2517],[-70.5716,3.2611],[-70.5488,3.269],[-70.5294,3.2691],[-70.5211,3.2548],[-70.5148,3.233],[-70.5002,3.2324],[-70.484,3.2421],[-70.4499,3.2735],[-70.4349,3.2818],[-70.3894,3.2882],[-70.381,3.2972],[-70.3837,3.3123],[-70.4044,3.3814],[-70.3891,3.3981],[-70.3758,3.4009],[-70.3649,3.3939],[-70.3566,3.3814],[-70.3541,3.3734],[-70.3529,3.3594],[-70.3505,3.3535],[-70.3468,3.3484],[-70.3395,3.3406],[-70.3325,3.3385],[-70.3293,3.3504],[-70.3295,3.3845],[-70.3248,3.397],[-70.3126,3.4019],[-70.3087,3.3997],[-70.3026,3.3948],[-70.2943,3.3899],[-70.2843,3.3876],[-70.2769,3.3897],[-70.2572,3.399],[-70.2468,3.4019],[-70.2414,3.4003],[-70.2357,3.3966],[-70.2287,3.3937],[-70.2195,3.3951],[-70.2154,3.4003],[-70.2092,3.4178],[-70.2058,3.4224],[-70.1938,3.4193],[-70.1794,3.4101],[-70.1636,3.4046],[-70.1351,3.4169],[-70.0795,3.4156],[-70.0687,3.4246],[-70.06,3.4685],[-70.055,3.4844],[-70.0769,3.5149],[-70.0829,3.5254],[-70.0631,3.53],[-70.0356,3.5311],[-70.011,3.5286],[-70.0004,3.5217],[-69.996,3.5153],[-69.9857,3.51],[-69.9733,3.5063],[-69.9631,3.505],[-69.9359,3.5449],[-69.9264,3.5559],[-69.9136,3.5635],[-69.8942,3.5664],[-69.886,3.5619],[-69.8782,3.5518],[-69.8723,3.5413],[-69.87,3.5357],[-69.8668,3.5306],[-69.8597,3.5396],[-69.8496,3.5589],[-69.8334,3.561],[-69.7642,3.5589],[-69.7396,3.5628],[-69.7222,3.5686],[-69.7059,3.5681],[-69.685,3.5528],[-69.6688,3.5372],[-69.6582,3.5323],[-69.6526,3.5421],[-69.6489,3.5947],[-69.642,3.6044],[-69.6293,3.6046],[-69.5966,3.5965],[-69.5621,3.5834],[-69.5516,3.5806],[-69.5214,3.5476],[-69.502,3.5347],[-69.4839,3.5665],[-69.4631,3.5587],[-69.4318,3.5323],[-69.4079,3.5232],[-69.3905,3.5267],[-69.3729,3.5364],[-69.3492,3.5459],[-69.3288,3.5478],[-69.2705,3.5391],[-69.2548,3.5487],[-69.2542,3.5909],[-69.2434,3.6005],[-69.2263,3.5949],[-69.213,3.5681],[-69.1984,3.5589],[-69.1786,3.5594],[-69.1597,3.5619],[-69.1466,3.5562],[-69.1444,3.5323],[-69.137,3.5323],[-69.1358,3.5572],[-69.1381,3.5898],[-69.1327,3.6175],[-69.109,3.6279],[-69.1036,3.6231],[-69.0987,3.6146],[-69.0904,3.6093],[-69.0749,3.6142],[-69.0663,3.6229],[-69.0526,3.6457],[-69.0408,3.6551],[-69.0282,3.6501],[-68.9626,3.6409],[-68.9502,3.649],[-68.9517,3.6888],[-68.9452,3.7036],[-68.9379,3.7073],[-68.9322,3.7081],[-68.9264,3.7067],[-68.9185,3.7036],[-68.917,3.701],[-68.9171,3.6969],[-68.9162,3.6926],[-68.911,3.6893],[-68.9075,3.6885],[-68.8937,3.6893],[-68.8595,3.7067],[-68.8485,3.7097],[-68.8393,3.7034],[-68.8279,3.6893],[-68.8046,3.6901],[-68.8057,3.7075],[-68.8103,3.7279],[-68.7978,3.7377],[-68.7876,3.7368],[-68.7679,3.7325],[-68.7568,3.7315],[-68.7444,3.7362],[-68.7409,3.7474],[-68.7411,3.7609],[-68.7397,3.7725],[-68.7297,3.7852],[-68.6981,3.8148],[-68.6914,3.8234],[-68.6883,3.8297],[-68.6809,3.8327],[-68.6473,3.8358],[-68.643,3.8405],[-68.6415,3.8472],[-68.6361,3.8544],[-68.6168,3.868],[-68.5815,3.8465],[-68.5673,3.8472],[-68.5616,3.8714],[-68.5695,3.8812],[-68.585,3.8934],[-68.5956,3.9073],[-68.5889,3.9221],[-68.569,3.9265],[-68.5216,3.9151],[-68.5033,3.919],[-68.4923,3.9368],[-68.4894,3.9547],[-68.4806,3.9676],[-68.4517,3.9705],[-68.4176,3.9642],[-68.3732,3.9642],[-68.3515,3.9685],[-68.3562,3.9795],[-68.3686,3.9948],[-68.3698,4.012],[-68.3556,4.0198],[-68.3337,4.0189],[-68.2904,4.012],[-68.2681,4.0026],[-68.2619,3.9813],[-68.2606,3.958],[-68.2525,3.9432],[-68.2125,3.9646],[-68.1882,3.9732],[-68.1774,3.9608],[-68.1807,3.9505],[-68.1866,3.9402],[-68.1896,3.9305],[-68.1836,3.9221],[-68.1695,3.9197],[-68.1567,3.9276],[-68.1334,3.9537],[-68.1256,3.9647],[-68.1146,3.9901],[-68.1057,4.0015],[-68.0929,4.0054],[-68.0828,3.9962],[-68.0682,3.9705],[-68.0488,3.9558],[-68.0355,3.9617],[-68.0135,3.9984],[-68.0084,3.9835],[-68.0066,3.9486],[-67.9993,3.9363],[-67.9877,3.9348],[-67.9745,3.9414],[-67.9509,3.9575],[-67.9141,3.9376],[-67.8771,3.9227],[-67.8386,3.9243],[-67.7972,3.9537],[-67.7493,4.0215],[-67.7355,4.0319],[-67.7178,4.0395],[-67.7148,4.0567],[-67.7213,4.0751],[-67.7323,4.0865]]]},"properties":{"id":"rio-521","clase":"rio","nombre":"Guainía","nombre_en":"Guainía","fuente":"Natural Earth 1:10m (dominio publico)","confianza":"media","ultima_verificacion":"2026-09-10"}},{"type":"Feature","geometry":{"type":"MultiLineString","coordinates":[[[-66.9462,9.8084],[-66.9564,9.81],[-66.9715,9.8105],[-66.9864,9.8119],[-67.0013,9.8217],[-67.0184,9.8309],[-67.0373,9.8353],[-67.0528,9.8421],[-67.0758,9.8478],[-67.0916,9.8499],[-67.0981,9.8539],[-67.1027,9.8633],[-67.1006,9.8726],[-67.1001,9.8807],[-67.1006,9.886]],[[-67.4023,8.9614],[-67.4023,8.9615],[-67.3923,8.9744],[-67.3861,8.9912],[-67.3787,9.0396],[-67.3601,9.0881],[-67.3631,9.111],[-67.37,9.1265],[-67.3823,9.1446],[-67.3928,9.1581]]]},"properties":{"id":"rio-644","clase":"rio","nombre":"Guárico","nombre_en":"Guárico","fuente":"Natural Earth 1:10m (dominio publico)","confianza":"media","ultima_verificacion":"2026-09-10"}},{"type":"Feature","geometry":{"type":"MultiLineString","coordinates":[[[-67.3358,10.06],[-67.3339,10.0762],[-67.3385,10.0833],[-67.3437,10.0875],[-67.3512,10.0893],[-67.3588,10.0895],[-67.3696,10.0912],[-67.3769,10.0908],[-67.3832,10.0895],[-67.3937,10.0858],[-67.4159,10.0845],[-67.4223,10.0834],[-67.4278,10.0817],[-67.4595,10.0653],[-67.4672,10.0591],[-67.4767,10.0478],[-67.4792,10.0435],[-67.4811,10.0386],[-67.4816,10.0333],[-67.4803,10.0285],[-67.4779,10.0244],[-67.4748,10.0211],[-67.4715,10.0191],[-67.4553,10.0117],[-67.4489,10.0056],[-67.4448,10.0001],[-67.434,9.9917],[-67.3612,9.9366],[-67.3407,9.9263],[-67.3127,9.9312],[-67.2857,9.9313],[-67.2812,9.9289],[-67.2773,9.9244],[-67.2742,9.9188],[-67.2689,9.9121],[-67.264,9.9111],[-67.2594,9.9119],[-67.2552,9.9141],[-67.239,9.918],[-67.2255,9.9237],[-67.212,9.9243],[-67.172,9.9183],[-67.129,9.911],[-67.114,9.9052],[-67.1101,9.901],[-67.1006,9.886]],[[-66.9459,9.8084],[-66.9241,9.8032],[-66.921,9.7996],[-66.9184,9.7939],[-66.9174,9.7855],[-66.9147,9.7754],[-66.905,9.7571],[-66.8967,9.7474],[-66.8739,9.7294],[-66.8689,9.7226],[-66.8674,9.7167],[-66.8679,9.7093],[-66.8671,9.6993],[-66.8577,9.6684],[-66.8566,9.6602],[-66.858,9.6396],[-66.8552,9.6103],[-66.856,9.6045],[-66.8573,9.599],[-66.8765,9.5617],[-66.8873,9.546],[-66.8948,9.539],[-66.8991,9.5365],[-66.904,9.5345],[-66.9336,9.5301],[-66.9545,9.5235],[-66.9806,9.5093],[-66.984,9.5056],[-66.9864,9.5008],[-66.9925,9.4829],[-66.9982,9.4716],[-67.0042,9.4519],[-67.0204,9.4153],[-67.0257,9.4067],[-67.031,9.401],[-67.0458,9.3952],[-67.0499,9.3929],[-67.0531,9.3902],[-67.0572,9.3853],[-67.072,9.3605],[-67.0775,9.3538],[-67.0827,9.3489],[-67.1021,9.3408],[-67.113,9.3386],[-67.119,9.339],[-67.124,9.3407],[-67.1329,9.3458],[-67.1378,9.3478],[-67.1431,9.3487],[-67.1485,9.3483],[-67.1579,9.3443],[-67.1633,9.343],[-67.1756,9.3416],[-67.1855,9.3378],[-67.191,9.3365],[-67.1968,9.3356],[-67.2093,9.3365],[-67.2203,9.3396],[-67.2296,9.3439],[-67.2345,9.3456],[-67.2405,9.3457],[-67.2474,9.3437],[-67.2551,9.3404],[-67.2723,9.3266],[-67.2784,9.3243],[-67.2884,9.3243],[-67.3402,9.2927],[-67.3517,9.2815],[-67.3568,9.2777],[-67.3693,9.2722],[-67.3729,9.2681],[-67.3746,9.2628],[-67.3729,9.2519],[-67.373,9.2446],[-67.3751,9.2356],[-67.3946,9.1992],[-67.3978,9.1883],[-67.3995,9.1762],[-67.3996,9.1715],[-67.3928,9.1581]],[[-67.4023,8.9614],[-67.4366,8.9415],[-67.4527,8.9278],[-67.4564,8.9216],[-67.4582,8.9136],[-67.4565,8.9088],[-67.4532,8.9057],[-67.4513,8.9011],[-67.4509,8.8939],[-67.4545,8.8759],[-67.455,8.8659],[-67.4538,8.8586],[-67.4488,8.8501],[-67.4471,8.845],[-67.4453,8.8333],[-67.4414,8.8201],[-67.4396,8.8087],[-67.4381,8.7728],[-67.4362,8.7647],[-67.4317,8.7576],[-67.43,8.754],[-67.4283,8.7481],[-67.4292,8.7432],[-67.4319,8.7378],[-67.4297,8.6821],[-67.4315,8.6695],[-67.4341,8.6612],[-67.447,8.6463],[-67.4825,8.6197],[-67.4991,8.6033],[-67.5058,8.5935],[-67.508,8.5857],[-67.5091,8.5716],[-67.5128,8.5672],[-67.519,8.5618],[-67.5203,8.557],[-67.5161,8.5425],[-67.5157,8.5259],[-67.5196,8.5125],[-67.5197,8.5047],[-67.519,8.5011],[-67.5146,8.4947],[-67.5101,8.4844],[-67.5082,8.4766],[-67.5055,8.4724],[-67.4989,8.4684],[-67.4955,8.4654],[-67.4929,8.4599],[-67.4934,8.4551],[-67.4959,8.4521],[-67.5002,8.4493],[-67.5041,8.4458],[-67.5104,8.4373],[-67.5115,8.4309],[-67.5107,8.4254],[-67.5078,8.4215],[-67.5047,8.4185],[-67.4918,8.4096],[-67.4884,8.4062],[-67.486,8.4018],[-67.4833,8.3909],[-67.4813,8.3861],[-67.478,8.3826],[-67.4697,8.3769],[-67.4663,8.3734],[-67.4639,8.369],[-67.46,8.3592],[-67.4571,8.3557],[-67.453,8.3538],[-67.4388,8.3555],[-67.4353,8.3555],[-67.4329,8.3531],[-67.4298,8.3526],[-67.4225,8.3546],[-67.4184,8.3534],[-67.4039,8.3471],[-67.4001,8.3428],[-67.4003,8.3386],[-67.4035,8.3348],[-67.4079,8.3313],[-67.4133,8.3168],[-67.425,8.2971],[-67.4261,8.2903],[-67.4259,8.2842],[-67.4241,8.2792],[-67.4185,8.2696],[-67.4161,8.2637],[-67.4172,8.2593],[-67.4209,8.2569],[-67.425,8.2533],[-67.4245,8.2501],[-67.4221,8.2464],[-67.4177,8.2373],[-67.4145,8.2333],[-67.4101,8.2305],[-67.4057,8.2249],[-67.4051,8.2184],[-67.4061,8.2082],[-67.4078,8.2017],[-67.4103,8.1963],[-67.4552,8.1423],[-67.459,8.1358],[-67.4632,8.124],[-67.4639,8.1162],[-67.4586,8.0706],[-67.4609,8.0571],[-67.4603,8.0414],[-67.4566,8.0316],[-67.4517,8.0096],[-67.4483,7.9998],[-67.4455,7.9945],[-67.4246,7.968],[-67.4049,7.9523],[-67.3977,7.9397],[-67.4006,7.9112]]]},"properties":{"id":"rio-644","clase":"rio","nombre":"Guárico","nombre_en":"Guárico","fuente":"Natural Earth 1:10m (dominio publico)","confianza":"media","ultima_verificacion":"2026-09-10"}},{"type":"Feature","geometry":{"type":"MultiLineString","coordinates":[[[-62.3257,9.7205],[-62.3238,9.7022],[-62.3368,9.6866],[-62.3546,9.6719],[-62.3672,9.6559],[-62.3739,9.6255],[-62.3788,9.6156],[-62.4196,9.5735],[-62.4404,9.541],[-62.4463,9.5253],[-62.4437,9.5092],[-62.431,9.4968],[-62.4133,9.4876],[-62.3961,9.4813],[-62.3923,9.4591],[-62.3911,9.4373],[-62.387,9.4172],[-62.3745,9.3995],[-62.3299,9.3706],[-62.3207,9.3572],[-62.319,9.3464],[-62.3209,9.3221],[-62.3177,9.274],[-62.3151,9.2651],[-62.3005,9.2538],[-62.2595,9.2423],[-62.2447,9.2307],[-62.2411,9.2219],[-62.2335,9.1822],[-62.2266,9.1651],[-62.2215,9.1566],[-62.2055,9.1412],[-62.1877,9.1364],[-62.1682,9.1349],[-62.1471,9.1295],[-62.13,9.1197],[-62.0843,9.0853],[-62.0754,9.0812],[-62.0682,9.0788],[-62.062,9.075],[-62.0563,9.0668],[-62.0526,9.0552],[-62.0532,9.0453],[-62.0614,9.0255],[-62.0821,8.9883],[-62.088,8.9681],[-62.0843,8.9448],[-62.0722,8.9227],[-62.0639,8.9121],[-62.0557,8.9051],[-62.0443,8.9012],[-62.0204,8.8993],[-62.0088,8.8954],[-62.0077,8.8862],[-62.0058,8.8795],[-62.0052,8.8728],[-62.0077,8.8637],[-62.0128,8.8551],[-62.0587,8.8082],[-62.0644,8.7991],[-62.067,8.7906],[-62.0692,8.7482],[-62.0753,8.7343],[-62.0875,8.725],[-62.1235,8.7095],[-62.1353,8.6976],[-62.1418,8.682],[-62.1374,8.673]],[[-62.0443,9.0552],[-62.036,9.0621],[-62.0102,9.0762],[-62.0201,9.0955],[-61.9842,9.1182],[-61.9374,9.1414],[-61.9141,9.1616],[-61.9109,9.1681],[-61.9037,9.1735],[-61.8957,9.1773],[-61.8901,9.1787],[-61.8839,9.1837],[-61.8808,9.1954],[-61.8799,9.2196],[-61.8862,9.2645],[-61.8861,9.2906],[-61.8765,9.3022],[-61.8645,9.3104],[-61.8547,9.3292],[-61.8481,9.3509],[-61.8436,9.3894],[-61.8376,9.408],[-61.8185,9.4462],[-61.7703,9.5112],[-61.7632,9.5315],[-61.761,9.5488],[-61.7427,9.6032]],[[-61.1059,8.9453],[-61.1279,8.9402],[-61.1525,8.9377],[-61.1727,8.9299],[-61.1861,8.8979],[-61.1987,8.8848],[-61.2144,8.8758],[-61.2288,8.8776],[-61.2902,8.8428],[-61.3523,8.795],[-61.3901,8.7805],[-61.4001,8.7746],[-61.4149,8.7581],[-61.4243,8.7514],[-61.4416,8.7466],[-61.4588,8.7462],[-61.4686,8.747],[-61.4768,8.7425],[-61.5057,8.701],[-61.5066,8.6954],[-61.5029,8.6886],[-61.5036,8.682],[-61.5067,8.676],[-61.51,8.6716],[-61.5509,8.6442],[-61.5628,8.6387],[-61.5857,8.6309],[-61.5987,8.6238]],[[-61.6504,8.6033],[-61.6609,8.6075],[-61.7812,8.6198],[-61.835,8.6175],[-61.8601,8.6118],[-61.8835,8.6001],[-61.9062,8.5855],[-61.93,8.5748],[-61.9569,8.575],[-61.969,8.5792],[-61.9802,8.5849],[-61.9901,8.5922],[-61.998,8.6011],[-62.0093,8.6195],[-62.0167,8.6256],[-62.0724,8.6413],[-62.1176,8.669],[-62.1273,8.6724],[-62.1374,8.673]],[[-63.4359,2.3741],[-63.4549,2.3721],[-63.5142,2.3786],[-63.5292,2.3737],[-63.546,2.3625],[-63.5595,2.3499],[-63.5651,2.3411],[-63.5718,2.333],[-63.6037,2.3172],[-63.6141,2.3098],[-63.6329,2.3231],[-63.655,2.3167],[-63.6779,2.3033],[-63.6995,2.2961],[-63.7087,2.2918],[-63.7109,2.273],[-63.7196,2.2687],[-63.7266,2.2674],[-63.7454,2.2595],[-63.7506,2.2557],[-63.7543,2.2459],[-63.7532,2.2371],[-63.7508,2.2289],[-63.7506,2.2203],[-63.7543,2.2127],[-63.759,2.208],[-63.7632,2.2019],[-63.7649,2.1903],[-63.7704,2.1769],[-63.7841,2.1658],[-63.8018,2.1576],[-63.8196,2.1527],[-63.8417,2.1513],[-63.9049,2.1589],[-63.9908,2.1527],[-64.0122,2.1485],[-64.0215,2.1483],[-64.0319,2.1527],[-64.0373,2.1605],[-64.0421,2.172],[-64.0495,2.1823],[-64.0842,2.1925],[-64.1266,2.2191],[-64.1479,2.2278],[-64.1617,2.2281],[-64.2031,2.2241],[-64.2098,2.234],[-64.2424,2.2451],[-64.2672,2.2591],[-64.2822,2.2591],[-64.2961,2.2564],[-64.3055,2.2557],[-64.3209,2.2649],[-64.3336,2.277],[-64.3459,2.2853],[-64.3602,2.283],[-64.3637,2.2877],[-64.3675,2.2915],[-64.3712,2.2961],[-64.3744,2.3029],[-64.3806,2.3029],[-64.4062,2.2901],[-64.4222,2.285],[-64.4396,2.283],[-64.4569,2.2789],[-64.4765,2.2604],[-64.4905,2.2557],[-64.5085,2.2604],[-64.5165,2.272],[-64.5209,2.2838],[-64.5284,2.2893],[-64.7493,2.3792],[-64.7789,2.3874],[-64.8065,2.3815],[-64.8151,2.3953],[-64.8358,2.398],[-64.8597,2.3981],[-64.8778,2.4045],[-64.89,2.4139],[-64.9074,2.4239],[-64.9263,2.4321],[-64.943,2.4361],[-65.0218,2.4361],[-65.0428,2.4537],[-65.0466,2.4597],[-65.0503,2.4727],[-65.0592,2.4785],[-65.0802,2.484],[-65.1158,2.5092],[-65.1359,2.5203],[-65.1587,2.5249],[-65.1931,2.5218],[-65.2038,2.5289],[-65.2099,2.5516],[-65.2091,2.5717],[-65.1916,2.6516],[-65.1822,2.6686],[-65.1748,2.6866],[-65.1757,2.7098],[-65.1842,2.7224],[-65.1981,2.7345],[-65.211,2.7488],[-65.2167,2.7679],[-65.2133,2.7752],[-65.2074,2.7788],[-65.2052,2.7839],[-65.2133,2.7955],[-65.223,2.8048],[-65.2285,2.8087],[-65.2325,2.8138],[-65.2504,2.8632],[-65.2598,2.8762],[-65.2855,2.8843],[-65.3,2.8985],[-65.3098,2.9016],[-65.3249,2.9038],[-65.3323,2.909],[-65.338,2.9156],[-65.3477,2.9221],[-65.3575,2.9232],[-65.3634,2.9199],[-65.3684,2.9195],[-65.375,2.929],[-65.3768,2.9396],[-65.3744,2.9636],[-65.3784,2.9737],[-65.4432,3.0457],[-65.4481,3.0555],[-65.4569,3.0872],[-65.4626,3.0992],[-65.4667,3.1048],[-65.4808,3.1173],[-65.4897,3.122],[-65.5118,3.1255],[-65.5224,3.1313],[-65.538,3.1483],[-65.5455,3.1525],[-65.5599,3.1549],[-65.5736,3.1536],[-65.5983,3.1442],[-65.6114,3.1419],[-65.6258,3.144],[-65.6692,3.1617],[-65.6899,3.1507],[-65.7178,3.145],[-65.7722,3.1419],[-65.8034,3.142],[-65.829,3.1463],[-65.8519,3.1568],[-65.8752,3.1754],[-65.883,3.1636],[-65.8953,3.1529],[-65.9103,3.1449],[-65.9264,3.1419],[-65.9482,3.1463],[-65.9816,3.1656],[-65.9988,3.1691],[-66.0248,3.1506],[-66.0232,3.1114],[-66.0144,3.0667],[-66.0186,3.032],[-66.0482,3.0135],[-66.0852,3.0164],[-66.1558,3.0382],[-66.3277,3.0382],[-66.3702,3.0562],[-66.4271,3.1228],[-66.4643,3.1481],[-66.4745,3.1502],[-66.4956,3.1517],[-66.5052,3.1549],[-66.5149,3.1638],[-66.5366,3.1907],[-66.5431,3.1965],[-66.5507,3.2077],[-66.5599,3.279],[-66.5937,3.3582],[-66.6081,3.3721],[-66.6431,3.3951],[-66.6659,3.4142],[-66.6852,3.4392],[-66.7514,3.5581],[-66.7723,3.5842],[-66.8006,3.6063],[-66.9014,3.6525],[-66.9274,3.6698],[-66.9722,3.7109],[-66.9947,3.7392],[-67.0125,3.7717],[-67.0198,3.806],[-67.0183,3.8299],[-67.0133,3.8523],[-67.0037,3.8729],[-66.9888,3.8917],[-66.9853,3.9107],[-67.0003,3.9313],[-67.0223,3.9486],[-67.0397,3.9575],[-67.0626,3.9584],[-67.1169,3.9465],[-67.2023,3.9429],[-67.2287,3.9469],[-67.2526,3.9575],[-67.2634,3.9544],[-67.3792,3.9432],[-67.3953,3.9454],[-67.4495,3.9627],[-67.4594,3.9752],[-67.4676,3.9907],[-67.4785,4.0046],[-67.5056,4.017],[-67.5404,4.0208],[-67.6055,4.0189],[-67.6384,4.0279],[-67.7012,4.0712],[-67.7323,4.0865],[-67.741,4.1189],[-67.7597,4.1387],[-67.7785,4.1541],[-67.787,4.1732],[-67.7915,4.2044],[-67.8002,4.2354],[-67.8057,4.2686],[-67.8006,4.3062],[-67.7827,4.3391],[-67.7801,4.3509],[-67.7834,4.364],[-67.7974,4.386],[-67.8006,4.399],[-67.7991,4.407],[-67.7934,4.421],[-67.7938,4.4291],[-67.7978,4.4351],[-67.8102,4.4395],[-67.8143,4.4434],[-67.8226,4.4785],[-67.8298,4.4916],[-67.8484,4.5049],[-67.8484,4.4981],[-67.8573,4.5043],[-67.8658,4.5122],[-67.8725,4.5218],[-67.8757,4.5328],[-67.8741,4.5467],[-67.8684,4.5533],[-67.8614,4.5582],[-67.8559,4.5664],[-67.8545,4.576],[-67.8559,4.6079],[-67.8496,4.6343],[-67.8464,4.6899],[-67.8414,4.7117],[-67.8314,4.7277],[-67.8236,4.7438],[-67.8213,4.7878],[-67.8143,4.8065],[-67.8194,4.8159],[-67.8179,4.8216],[-67.8146,4.8284],[-67.8143,4.8406],[-67.8169,4.8475],[-67.826,4.8651],[-67.828,4.8717],[-67.8271,4.895],[-67.8204,4.9335],[-67.8074,4.9725],[-67.8057,4.9914],[-67.8075,5.0359],[-67.8053,5.041],[-67.8006,5.046],[-67.796,5.0529],[-67.7938,5.0635],[-67.7976,5.0703],[-67.8155,5.0911],[-67.8218,5.1008],[-67.8253,5.1107],[-67.8274,5.1206],[-67.8283,5.1309],[-67.828,5.1424],[-67.8253,5.1545],[-67.8163,5.178],[-67.8143,5.1867],[-67.8155,5.2105],[-67.8193,5.228],[-67.8258,5.243],[-67.8348,5.259],[-67.8445,5.2974],[-67.8353,5.3395],[-67.8105,5.379],[-67.7733,5.4099],[-67.7687,5.4107],[-67.7574,5.409],[-67.7529,5.4099],[-67.7474,5.4144],[-67.7377,5.426],[-67.7323,5.4303],[-67.7029,5.4415],[-67.6945,5.4474],[-67.676,5.4674],[-67.6652,5.475],[-67.6532,5.4781],[-67.6478,5.4835],[-67.6368,5.5197],[-67.6307,5.527],[-67.6237,5.5336],[-67.6178,5.5418],[-67.6151,5.5538],[-67.6184,5.5587],[-67.6334,5.5733],[-67.6368,5.5777],[-67.6384,5.5974],[-67.6498,5.6563],[-67.6499,5.7021],[-67.6419,5.745],[-67.6258,5.7847],[-67.602,5.8207],[-67.5423,5.8769],[-67.5331,5.8928],[-67.486,5.9443],[-67.4717,5.953],[-67.4355,5.9683],[-67.4232,5.9784],[-67.4193,5.9955],[-67.4217,6.0185],[-67.4293,6.0386],[-67.455,6.0569],[-67.4919,6.1146],[-67.4922,6.1531],[-67.4877,6.1669],[-67.4769,6.1786],[-67.4352,6.2099],[-67.4215,6.2328],[-67.4125,6.2405],[-67.3994,6.245],[-67.3883,6.2452],[-67.3668,6.2421],[-67.356,6.2432],[-67.337,6.2542],[-67.3225,6.2724],[-67.2974,6.3233],[-67.2889,6.3519],[-67.2825,6.3621],[-67.2751,6.3675],[-67.2555,6.3741],[-67.2457,6.3793],[-67.2226,6.4007],[-67.2141,6.4068],[-67.1703,6.4293],[-67.1526,6.4427],[-67.1379,6.4586],[-67.1312,6.4755],[-67.1332,6.4869],[-67.1446,6.5074],[-67.1485,6.5183],[-67.1489,6.5285],[-67.1286,6.6382],[-67.1035,6.7014],[-67.0868,6.7235],[-67.0668,6.7385],[-67.0497,6.7552],[-67.0419,6.7825],[-67.043,6.822],[-67.0489,6.8419],[-67.062,6.8514],[-67.0533,6.8727],[-67.042,6.8927],[-67.0345,6.913],[-67.0373,6.9352],[-67.0436,6.9468],[-67.0591,6.9683],[-67.0655,6.9798],[-67.0817,7.0231],[-67.09,7.0656],[-67.0743,7.0938],[-66.9953,7.1568],[-66.9532,7.1624],[-66.9313,7.1697],[-66.9214,7.1771],[-66.9039,7.1946],[-66.8937,7.202],[-66.8829,7.2064],[-66.86,7.2124],[-66.8489,7.2166],[-66.7948,7.2589],[-66.7718,7.2674],[-66.7338,7.2709],[-66.7218,7.275],[-66.7139,7.2806],[-66.7006,7.2951],[-66.693,7.3013],[-66.6737,7.3084],[-66.634,7.3135],[-66.6147,7.3229],[-66.5958,7.3395],[-66.5346,7.4274],[-66.5297,7.4385],[-66.5243,7.4572],[-66.5207,7.4657],[-66.5145,7.4739],[-66.4891,7.4935],[-66.4823,7.5018],[-66.4665,7.5335],[-66.4522,7.5528],[-66.4406,7.5804],[-66.4274,7.5984],[-66.4098,7.6146],[-66.3708,7.6397],[-66.3439,7.6485],[-66.318,7.6483],[-66.2648,7.6377],[-66.2364,7.6361],[-66.2158,7.6412],[-66.1756,7.6673],[-66.131,7.6838],[-66.0819,7.6835],[-65.984,7.6695],[-65.9598,7.6715],[-65.9396,7.6791],[-65.8341,7.7571],[-65.7871,7.8226],[-65.7686,7.841],[-65.7467,7.8546],[-65.6483,7.8998],[-65.598,7.9097],[-65.543,7.8998],[-65.4733,7.8666],[-65.4469,7.8614],[-65.4198,7.8614],[-65.3065,7.8757],[-65.2782,7.8742],[-65.2509,7.8675],[-65.1925,7.8458],[-65.1331,7.841],[-65.1038,7.8343],[-65.0479,7.8062],[-64.9962,7.7706],[-64.9354,7.7155],[-64.9086,7.7037],[-64.8863,7.6771],[-64.8732,7.666],[-64.8574,7.6597],[-64.8386,7.6602],[-64.8203,7.6665],[-64.7608,7.7029],[-64.7042,7.7264],[-64.6519,7.7646],[-64.6372,7.7717],[-64.6205,7.7743],[-64.5691,7.7652],[-64.5511,7.7652],[-64.5233,7.7736],[-64.4956,7.7907],[-64.4783,7.8146],[-64.4817,7.8435],[-64.5016,7.8638],[-64.5262,7.8789],[-64.5463,7.8966],[-64.5526,7.9252],[-64.5426,7.9713],[-64.5372,7.9839],[-64.5238,7.9962],[-64.5063,7.9991],[-64.4502,7.9905],[-64.4339,7.9917],[-64.3525,8.0089],[-64.3391,8.017],[-64.3311,8.0283],[-64.321,8.054],[-64.3131,8.0654],[-64.3001,8.0746],[-64.2834,8.0814],[-64.2659,8.0843],[-64.2502,8.0817],[-64.2318,8.0714],[-64.167,8.0103],[-64.1556,8.002],[-64.1439,7.9966],[-64.1387,7.9744],[-64.1257,7.9658],[-64.108,7.9671],[-64.089,7.9749],[-64.066,7.9812],[-64.0453,7.9786],[-64.0026,7.9676],[-63.9813,7.9674],[-63.9709,7.9694],[-63.9611,7.9736],[-63.9534,7.9798],[-63.9408,7.9949],[-63.9332,8.0013],[-63.9216,8.0065],[-63.8967,8.0127],[-63.8855,8.0181],[-63.8769,8.0274],[-63.8721,8.0385],[-63.8685,8.0504],[-63.84,8.1104],[-63.8288,8.1234],[-63.8121,8.1309],[-63.7958,8.1286],[-63.779,8.1231],[-63.7609,8.1212],[-63.7448,8.125],[-63.7295,8.1322],[-63.7006,8.1501],[-63.683,8.1581],[-63.6678,8.1597],[-63.6522,8.1567],[-63.6338,8.151],[-63.6134,8.1478],[-63.548,8.1517],[-63.4918,8.1456],[-63.4737,8.1502],[-63.4592,8.1596],[-63.4474,8.1715],[-63.4284,8.1988],[-63.4159,8.213],[-63.4001,8.2219],[-63.3826,8.2247],[-63.3309,8.2138],[-63.3106,8.2255],[-63.2717,8.2709],[-63.2497,8.2855],[-63.2257,8.2974],[-63.1747,8.3134],[-63.126,8.3199],[-63.0759,8.3204],[-62.977,8.3094],[-62.9618,8.2844],[-62.9365,8.2702],[-62.9071,8.2669],[-62.8793,8.274],[-62.8457,8.2939],[-62.836,8.3024],[-62.8282,8.3125],[-62.8159,8.3346],[-62.8082,8.3446],[-62.7848,8.3657],[-62.7707,8.3752],[-62.7579,8.3797],[-62.745,8.3793],[-62.7212,8.3752],[-62.7079,8.3763],[-62.6968,8.3799],[-62.6777,8.39],[-62.5939,8.4508],[-62.5654,8.4822],[-62.5547,8.4911],[-62.5423,8.4977],[-62.53,8.4997],[-62.5267,8.5134],[-62.5155,8.5194],[-62.5006,8.52],[-62.4623,8.5111],[-62.4505,8.5106],[-62.436,8.5137],[-62.3782,8.5389],[-62.3665,8.5456],[-62.3561,8.5542],[-62.3468,8.565],[-62.3435,8.5704],[-62.3421,8.5744],[-62.3401,8.5782],[-62.3351,8.5831],[-62.3297,8.5865],[-62.3234,8.5893],[-62.3105,8.593],[-62.2553,8.5941],[-62.2091,8.6055],[-62.1865,8.6157],[-62.1722,8.629],[-62.1639,8.6511],[-62.1583,8.6612],[-62.1479,8.6696],[-62.1374,8.673]]]},"properties":{"id":"rio-75","clase":"rio","nombre":"Orinoco","nombre_en":"Orinoco","fuente":"Natural Earth 1:10m (dominio publico)","confianza":"media","ultima_verificacion":"2026-09-10"}},{"type":"Feature","geometry":{"type":"MultiLineString","coordinates":[[[-70.3362,2.0581],[-70.3208,2.0621],[-70.2954,2.0624],[-70.2716,2.0598],[-70.2611,2.055],[-70.2523,2.0623],[-70.1684,2.1002],[-70.1496,2.1048],[-70.127,2.1065],[-70.1037,2.1019],[-70.0623,2.0826],[-70.0413,2.0799],[-69.9784,2.1088],[-69.9669,2.1099],[-69.9552,2.108],[-69.8979,2.1345],[-69.8774,2.139],[-69.8611,2.1336],[-69.845,2.1252],[-69.8256,2.1208],[-69.8024,2.1212],[-69.7842,2.1236],[-69.7687,2.1297],[-69.7533,2.1413],[-69.7203,2.1758],[-69.7025,2.1861],[-69.6751,2.1897],[-69.6339,2.1897],[-69.6211,2.1875],[-69.6002,2.1777],[-69.5888,2.1754],[-69.5206,2.2059],[-69.511,2.2147],[-69.4009,2.2685],[-69.3803,2.2717],[-69.3697,2.2747],[-69.3492,2.2884],[-69.339,2.2915],[-69.3165,2.2901],[-69.255,2.2786],[-69.2158,2.2779],[-69.2095,2.2747],[-69.1923,2.2606],[-69.1816,2.2574],[-69.1699,2.2564],[-69.137,2.2499],[-69.0931,2.2508],[-69.0712,2.2488],[-69.0619,2.2406],[-68.993,2.2089],[-68.9487,2.2056],[-68.8649,2.2247],[-68.8216,2.2232],[-68.783,2.2166],[-68.7497,2.2164],[-68.7351,2.225],[-68.7174,2.2451],[-68.6914,2.2847],[-68.6732,2.3231],[-68.6622,2.3402],[-68.647,2.3567],[-68.6381,2.3626],[-68.6282,2.3657],[-68.606,2.3672],[-68.5998,2.3716],[-68.5832,2.393],[-68.5753,2.4007],[-68.5537,2.4075],[-68.5343,2.4046],[-68.5172,2.3981],[-68.4855,2.391],[-68.4724,2.3822],[-68.4517,2.3598],[-68.4058,2.3244],[-68.3937,2.3188],[-68.3727,2.3145],[-68.3477,2.2957],[-68.3288,2.2915],[-68.3053,2.3001],[-68.2784,2.3376],[-68.2634,2.3461],[-68.2513,2.3564],[-68.2487,2.3798],[-68.2525,2.4224],[-68.2504,2.427],[-68.2412,2.4368],[-68.2388,2.4429],[-68.2403,2.4427],[-68.2433,2.4454],[-68.2458,2.4501],[-68.2463,2.456],[-68.245,2.4816],[-68.2406,2.4929],[-68.2289,2.4976],[-68.2238,2.5018],[-68.1801,2.5514],[-68.1432,2.5795],[-68.1386,2.5865],[-68.1297,2.6052],[-68.1234,2.6143],[-68.0889,2.5909],[-68.0824,2.5795],[-68.0655,2.598],[-68.0573,2.6189],[-68.0547,2.6397],[-68.0545,2.6583],[-68.0502,2.6671],[-68.0314,2.6729],[-68.0272,2.6788],[-68.0233,2.6929],[-68.0139,2.6942],[-68.0024,2.6904],[-67.9924,2.6894],[-67.9719,2.6992],[-67.9495,2.7146],[-67.9315,2.7337],[-67.9169,2.7764],[-67.8992,2.7857],[-67.8769,2.7907],[-67.8559,2.7993],[-67.8559,2.7918],[-67.842,2.8016],[-67.8341,2.8154],[-67.8241,2.8275],[-67.8041,2.8328],[-67.7822,2.8317],[-67.7709,2.8326],[-67.7518,2.8422],[-67.7433,2.8387],[-67.7323,2.8265],[-67.6912,2.8065],[-67.6664,2.8015],[-67.6464,2.8089],[-67.6273,2.8135],[-67.6092,2.7987],[-67.595,2.7762],[-67.5878,2.7582],[-67.5823,2.7132],[-67.5763,2.6912],[-67.5644,2.6819],[-67.5195,2.6812],[-67.501,2.6756],[-67.486,2.6621],[-67.4818,2.6537],[-67.4758,2.6348],[-67.4717,2.6273],[-67.4625,2.6206],[-67.4411,2.6102],[-67.4369,2.6037],[-67.4334,2.5955],[-67.4177,2.576],[-67.4136,2.5721],[-67.4011,2.5684],[-67.394,2.5595],[-67.3888,2.5484],[-67.3823,2.5379],[-67.3728,2.5306],[-67.3506,2.5186],[-67.3413,2.5106],[-67.3365,2.5004],[-67.332,2.4868],[-67.3262,2.4748],[-67.3175,2.4697],[-67.3065,2.4664],[-67.2955,2.4585],[-67.2765,2.4395],[-67.2673,2.4339],[-67.2321,2.4224],[-67.1984,2.4021],[-67.1905,2.3946],[-67.1869,2.3846],[-67.1865,2.3657],[-67.1809,2.3567],[-67.1745,2.3366],[-67.1878,2.3161],[-67.2071,2.2979],[-67.2185,2.2847],[-67.218,2.2662],[-67.2021,2.2281],[-67.1949,2.1971],[-67.1786,2.1546],[-67.17,2.1413],[-67.1549,2.1328],[-67.1368,2.1273],[-67.1217,2.1192],[-67.1154,2.1031],[-67.1119,2.0489],[-67.1154,2.0314],[-67.1197,2.0241],[-67.1359,2.0035],[-67.1334,1.991],[-67.1263,1.9807],[-67.1188,1.9725],[-67.1112,1.9597],[-67.0924,1.9466],[-67.0881,1.939],[-67.0856,1.9281],[-67.0676,1.8942],[-66.9817,1.6661],[-66.9789,1.6445],[-66.9787,1.5999],[-66.9749,1.5801],[-66.9652,1.5585],[-66.9439,1.5233],[-66.9344,1.5018],[-66.9304,1.4797],[-66.9372,1.4387],[-66.9335,1.4248],[-66.9241,1.4145],[-66.9127,1.4053],[-66.9025,1.3946],[-66.8919,1.3747],[-66.8843,1.3501],[-66.8832,1.3262],[-66.9017,1.2891],[-66.8967,1.2654],[-66.8758,1.2227],[-66.8623,1.1991],[-66.8553,1.1778],[-66.8615,1.1299],[-66.8615,1.0892],[-66.8584,1.0769],[-66.8448,1.0555],[-66.8417,1.0479],[-66.8403,1.0006],[-66.844,0.98],[-66.8553,0.9551],[-66.8725,0.9327],[-66.8946,0.9138],[-66.9435,0.8863],[-66.9591,0.8937],[-67.0101,0.9097],[-67.0232,0.9108],[-67.0326,0.9077],[-67.0448,0.9076],[-67.0555,0.9057],[-67.0635,0.8902],[-67.0718,0.8841],[-67.0828,0.8803],[-67.0943,0.8801],[-67.1066,0.8899],[-67.1225,0.9071],[-67.1407,0.9184],[-67.1601,0.9108],[-67.1687,0.9053],[-67.192,0.8966],[-67.201,0.89],[-67.21,0.8782],[-67.2157,0.8682],[-67.2397,0.8096],[-67.243,0.7866],[-67.2304,0.7503],[-67.2381,0.7027],[-67.2389,0.6815],[-67.2313,0.6529],[-67.2321,0.6404],[-67.2349,0.6299],[-67.2434,0.6091],[-67.2451,0.6026],[-67.2475,0.5792],[-67.254,0.5576],[-67.2731,0.5163],[-67.3148,0.4522],[-67.3209,0.4313],[-67.3195,0.4033],[-67.3154,0.3704],[-67.3078,0.3388],[-67.2951,0.3082],[-67.2896,0.2896],[-67.2671,0.1107],[-67.2668,0.0887],[-67.2627,0.0733],[-67.2321,0.0303],[-67.2189,0.0003],[-67.2093,-0.0124],[-67.1942,-0.0175],[-67.1739,-0.0195],[-67.1586,-0.0259],[-67.1466,-0.0368],[-67.1359,-0.0522],[-67.1193,-0.0941],[-67.1081,-0.1127],[-67.0775,-0.1274],[-67.0341,-0.1751],[-67.015,-0.1872],[-66.9916,-0.1932],[-66.9677,-0.1909],[-66.9472,-0.1789],[-66.9245,-0.1591],[-66.9076,-0.1525],[-66.8909,-0.1566],[-66.7583,-0.2211],[-66.6151,-0.332],[-66.5513,-0.3647],[-66.516,-0.3765],[-66.465,-0.383],[-66.4165,-0.3949],[-66.3835,-0.3937],[-66.3728,-0.3949],[-66.3533,-0.4008],[-66.3433,-0.402],[-66.333,-0.3998],[-66.3261,-0.3954],[-66.2873,-0.361],[-66.2687,-0.3395],[-66.2615,-0.3332],[-66.2528,-0.3285],[-66.2407,-0.3255],[-66.2035,-0.3244],[-66.1608,-0.3154],[-66.1363,-0.3144],[-66.038,-0.329],[-65.9883,-0.3268],[-65.9645,-0.3208],[-65.9556,-0.3171],[-65.9475,-0.3122],[-65.9405,-0.306],[-65.9347,-0.2982],[-65.9223,-0.2714],[-65.9157,-0.2638],[-65.8971,-0.2546],[-65.8735,-0.2507],[-65.8497,-0.2525],[-65.8302,-0.2599],[-65.8,-0.2858],[-65.7913,-0.2909],[-65.7726,-0.2974],[-65.7376,-0.3049],[-65.6881,-0.3078],[-65.6217,-0.3008],[-65.5555,-0.2826],[-65.5324,-0.2826],[-65.5093,-0.2879],[-65.4653,-0.305],[-65.3922,-0.3465],[-65.2608,-0.4007],[-65.2431,-0.4077],[-65.2338,-0.4102],[-65.224,-0.4116],[-65.0482,-0.4178],[-65.0239,-0.4263],[-64.9647,-0.4653],[-64.942,-0.4741],[-64.9311,-0.476],[-64.9204,-0.4764],[-64.9098,-0.4748],[-64.8731,-0.4588],[-64.7921,-0.4355],[-64.7669,-0.4344],[-64.7125,-0.4401],[-64.6475,-0.4357],[-64.4305,-0.3669],[-64.2856,-0.3495],[-64.0976,-0.3011],[-64.0594,-0.2966],[-63.7796,-0.3119],[-63.7084,-0.3275],[-63.6437,-0.3596],[-63.405,-0.5463],[-63.3418,-0.5791],[-63.146,-0.6432],[-63.0251,-0.7022],[-62.999,-0.7209],[-62.9756,-0.7421],[-62.936,-0.7922],[-62.8806,-0.8798],[-62.8582,-0.9063],[-62.8297,-0.9315],[-62.432,-1.1455],[-62.2646,-1.2041],[-62.2458,-1.208],[-62.19,-1.2331],[-62.1837,-1.2372],[-62.1787,-1.2414],[-62.1659,-1.2557],[-62.1449,-1.2715],[-61.9695,-1.3622],[-61.9599,-1.3652],[-61.9519,-1.369],[-61.9481,-1.3701],[-61.928,-1.3732],[-61.8809,-1.3892],[-61.8568,-1.3929],[-61.8319,-1.3906],[-61.7784,-1.3765],[-61.7659,-1.377],[-61.7545,-1.3803],[-61.744,-1.3859],[-61.7023,-1.4203],[-61.6902,-1.4273],[-61.6769,-1.4325],[-61.6101,-1.447],[-61.5885,-1.4577],[-61.5712,-1.4736],[-61.5588,-1.4961],[-61.5321,-1.5707],[-61.516,-1.5927],[-61.4634,-1.6485],[-61.4493,-1.6708],[-61.4378,-1.6977],[-61.431,-1.7245],[-61.4291,-1.7523],[-61.4388,-1.8304],[-61.4337,-1.8527],[-61.418,-1.873],[-61.3233,-1.9374],[-61.2212,-2.0252],[-61.2139,-2.0339],[-61.1867,-2.0742],[-61.118,-2.1478],[-61.0589,-2.2539],[-61.0265,-2.4053],[-61.0143,-2.4304],[-60.9497,-2.5131],[-60.7801,-2.6816],[-60.6628,-2.7752],[-60.6466,-2.7933],[-60.6327,-2.8132],[-60.5853,-2.9014],[-60.5712,-2.9223],[-60.5175,-2.9942],[-60.4866,-3.0264],[-60.4508,-3.0492],[-60.4104,-3.0633],[-60.3662,-3.0698],[-60.2491,-3.0666],[-60.2103,-3.0712],[-60.1772,-3.082],[-60.0297,-3.1598],[-60.0097,-3.1667],[-59.9997,-3.169],[-59.9896,-3.1701],[-59.9793,-3.1699],[-59.9692,-3.1684],[-59.9596,-3.1647],[-59.9518,-3.1591],[-59.9372,-3.1455],[-59.9054,-3.127]]]},"properties":{"id":"rio-78","clase":"rio","nombre":"Negro","nombre_en":"Negro","fuente":"Natural Earth 1:10m (dominio publico)","confianza":"media","ultima_verificacion":"2026-09-10"}},{"type":"Feature","geometry":{"type":"MultiLineString","coordinates":[[[-64.701,4.3795],[-64.711,4.4056],[-64.7302,4.4346],[-64.7531,4.461],[-64.7743,4.4797],[-64.7926,4.4898],[-64.9253,4.5238],[-65.0221,4.5354],[-65.0521,4.5449],[-65.0714,4.5613],[-65.0798,4.5828],[-65.085,4.607],[-65.126,4.6983],[-65.1422,4.7137],[-65.1628,4.7207],[-65.2354,4.7252],[-65.2587,4.7313],[-65.3241,4.7606],[-65.3379,4.7716],[-65.3481,4.7859],[-65.3546,4.8049],[-65.3546,4.8209],[-65.3482,4.8295],[-65.3402,4.8369],[-65.3356,4.8494],[-65.3412,4.8769],[-65.4175,4.9837],[-65.4321,4.9965],[-65.4481,5.006],[-65.4645,5.0074],[-65.497,4.9989],[-65.5131,5.0041],[-65.5214,5.0113],[-65.5255,5.0141],[-65.588,5.0408],[-65.6136,5.046],[-65.6691,5.05],[-65.693,5.0489],[-65.7317,5.0421],[-65.7999,5.057],[-65.8231,5.0654],[-65.8356,5.0773],[-65.8559,5.0822],[-65.942,5.0669],[-65.9734,5.0654],[-66.0136,5.0783],[-66.0337,5.0821],[-66.1239,5.0799],[-66.1556,5.0864],[-66.1736,5.0921],[-66.2012,5.1066],[-66.2111,5.1104],[-66.2218,5.1119],[-66.2269,5.1116],[-66.2294,5.1107],[-66.2397,5.1028],[-66.2428,5.1011],[-66.2466,5.1003],[-66.2528,5.0998],[-66.2633,5.0973],[-66.2692,5.092],[-66.2724,5.0841],[-66.2753,5.0737],[-66.2845,5.0708],[-66.2941,5.0714],[-66.3038,5.0731],[-66.3136,5.0734],[-66.3231,5.0715],[-66.3295,5.0679],[-66.3765,5.0109],[-66.3834,4.9932],[-66.3776,4.9728],[-66.361,4.9584],[-66.3498,4.944],[-66.3601,4.9237],[-66.3705,4.9138],[-66.3791,4.9034],[-66.3827,4.8917],[-66.3782,4.8779],[-66.3645,4.8624],[-66.3588,4.8541],[-66.357,4.8438],[-66.3614,4.8345],[-66.378,4.8183],[-66.3807,4.8102],[-66.3756,4.8034],[-66.3663,4.8011],[-66.3473,4.8007],[-66.3177,4.7926],[-66.31,4.7886],[-66.3009,4.7791],[-66.2945,4.7669],[-66.2921,4.7537],[-66.2943,4.7407],[-66.3034,4.723],[-66.302,4.7163],[-66.2912,4.71],[-66.266,4.6995],[-66.2575,4.6906],[-66.2599,4.6783],[-66.2648,4.6738],[-66.277,4.6669],[-66.2825,4.6623],[-66.2868,4.6551],[-66.2872,4.6487],[-66.285,4.634],[-66.2863,4.6251],[-66.2914,4.608],[-66.2922,4.5991],[-66.2906,4.5913],[-66.2814,4.57],[-66.2782,4.5518],[-66.2778,4.5305],[-66.28,4.5094],[-66.2845,4.4915],[-66.2862,4.4515],[-66.2745,4.4131],[-66.2686,4.3767],[-66.288,4.3427],[-66.3594,4.2855],[-66.4686,4.2313],[-66.4984,4.217],[-66.5247,4.1997],[-66.5702,4.1569],[-66.5978,4.1397],[-66.6583,4.1171],[-66.6901,4.1096],[-66.7215,4.1061],[-66.768,4.107],[-66.7843,4.103],[-66.8226,4.0843],[-66.9296,4.0544],[-66.9578,4.0386],[-67.0593,3.9584]]]},"properties":{"id":"rio-853","clase":"rio","nombre":"Ventuari","nombre_en":"Ventuari","fuente":"Natural Earth 1:10m (dominio publico)","confianza":"media","ultima_verificacion":"2026-09-10"}},{"type":"Feature","geometry":{"type":"MultiLineString","coordinates":[[[-67.1279,2.0122],[-67.0458,2.0406],[-67.0341,2.0417],[-67.0024,2.0519],[-66.98,2.0523],[-66.974,2.0484],[-66.9652,2.0383],[-66.9529,2.0172],[-66.9443,1.9971],[-66.9315,1.9821],[-66.9062,1.9762],[-66.8857,1.9788],[-66.8205,1.9973],[-66.799,1.9994],[-66.7355,1.9973],[-66.7195,1.988],[-66.6772,1.929],[-66.635,1.9097],[-66.5953,1.9138],[-66.5622,1.9389],[-66.54,1.983],[-66.5312,2.0487],[-66.5223,2.0581],[-66.4751,2.0562],[-66.4555,2.0637],[-66.4376,2.086],[-66.4312,2.1055],[-66.4291,2.1295],[-66.432,2.1533],[-66.4624,2.215],[-66.474,2.2168],[-66.4875,2.2159],[-66.4984,2.2164],[-66.5207,2.2285],[-66.5325,2.2369],[-66.54,2.2443],[-66.538,2.2501],[-66.5332,2.2593],[-66.5326,2.2679],[-66.5431,2.2717],[-66.5631,2.274],[-66.5773,2.2818],[-66.5838,2.2964],[-66.581,2.3188],[-66.5661,2.3339],[-66.5215,2.3419],[-66.5121,2.3567],[-66.5065,2.383],[-66.4921,2.3867],[-66.4513,2.3741],[-66.4297,2.3775],[-66.4195,2.3896],[-66.4166,2.4085],[-66.4165,2.4324],[-66.4242,2.4505],[-66.4603,2.4768],[-66.4718,2.4976],[-66.464,2.5299],[-66.4339,2.5523],[-66.3128,2.5897],[-66.2688,2.5938],[-66.2605,2.597],[-66.2545,2.6111],[-66.2483,2.6143],[-66.2257,2.6112],[-66.2161,2.6125],[-66.2042,2.6204],[-66.1986,2.6304],[-66.1969,2.6415],[-66.1935,2.6506],[-66.1831,2.6546],[-66.1751,2.652],[-66.1713,2.6449],[-66.1701,2.6349],[-66.1701,2.6238],[-66.166,2.6183],[-66.1566,2.6177],[-66.139,2.6204],[-66.1279,2.626],[-66.1301,2.6388],[-66.1422,2.6621],[-66.1422,2.6705],[-66.1404,2.6761],[-66.136,2.6795],[-66.1285,2.6819],[-66.138,2.6993],[-66.1405,2.715],[-66.1352,2.728],[-66.1217,2.7371],[-66.0953,2.7326],[-66.0707,2.7513],[-66.0477,2.7767],[-66.0261,2.7918],[-66.0021,2.7888],[-65.9819,2.7761],[-65.9598,2.7662],[-65.9298,2.7713],[-65.9153,2.7792],[-65.8975,2.7919],[-65.8823,2.8081],[-65.8752,2.8265],[-65.8868,2.8516],[-65.8916,2.8753],[-65.8984,2.8829],[-65.9075,2.8854],[-65.9169,2.8812],[-65.9503,2.95],[-65.9506,2.9666],[-65.9453,2.9893],[-65.9349,3.0096],[-65.9076,3.0256],[-65.8929,3.0424],[-65.8804,3.0617],[-65.8718,3.0882],[-65.8638,3.0908],[-65.8546,3.0904],[-65.848,3.0935],[-65.8448,3.1034],[-65.8381,3.1505]]]},"properties":{"id":"rio-942","clase":"rio","nombre":"Casiquiare","nombre_en":"Casiquiare","fuente":"Natural Earth 1:10m (dominio publico)","confianza":"media","ultima_verificacion":"2026-09-10"}},{"type":"Feature","geometry":{"type":"Polygon","coordinates":[[[-67.6725,10.241],[-67.6197,10.2013],[-67.609,10.1831],[-67.6113,10.1569],[-67.6168,10.1339],[-67.6216,10.1233],[-67.6265,10.118],[-67.6316,10.1159],[-67.6366,10.1168],[-67.6405,10.1198],[-67.6456,10.1348],[-67.6488,10.138],[-67.6534,10.1395],[-67.6587,10.1389],[-67.6684,10.1357],[-67.6796,10.1333],[-67.6859,10.1327],[-67.6989,10.1333],[-67.7104,10.1357],[-67.7158,10.136],[-67.721,10.1327],[-67.7217,10.1277],[-67.7214,10.1201],[-67.7239,10.1159],[-67.728,10.1133],[-67.7333,10.1115],[-67.7389,10.1109],[-67.7448,10.1109],[-67.7498,10.1127],[-67.7541,10.1153],[-67.7616,10.1218],[-67.7657,10.1245],[-67.771,10.1265],[-67.7831,10.1289],[-67.7921,10.1277],[-67.8029,10.1248],[-67.8384,10.1098],[-67.844,10.1098],[-67.8493,10.1115],[-67.8637,10.1186],[-67.8686,10.1221],[-67.8736,10.1271],[-67.8754,10.1333],[-67.8757,10.1398],[-67.8705,10.1695],[-67.8684,10.1739],[-67.8495,10.2037],[-67.8428,10.211],[-67.8392,10.214],[-67.8347,10.2169],[-67.8246,10.2204],[-67.8027,10.2254],[-67.7923,10.2257],[-67.7887,10.2275],[-67.7813,10.2393],[-67.7647,10.2399],[-67.7539,10.2428],[-67.7494,10.2452],[-67.7416,10.251],[-67.7327,10.2561],[-67.723,10.2602],[-67.7174,10.2614],[-67.7114,10.2616],[-67.7054,10.2614],[-67.7005,10.2596],[-67.6993,10.2561],[-67.7011,10.2522],[-67.7077,10.2478],[-67.7083,10.2437],[-67.7058,10.241],[-67.7002,10.2407],[-67.6948,10.2416],[-67.6896,10.2434],[-67.6843,10.2446],[-67.6798,10.2443],[-67.6725,10.241]]]},"properties":{"id":"lago-Lago de Valencia","clase":"lago","nombre":"Lago de Valencia","nombre_en":"Valencia","embalse":false,"fuente":"Natural Earth 1:10m (dominio publico)","confianza":"media","ultima_verificacion":"2026-09-10"}},{"type":"Feature","geometry":{"type":"Polygon","coordinates":[[[-62.9972,7.5959],[-63.0122,7.5977],[-63.0272,7.5932],[-63.0441,7.5903],[-63.0654,7.5959],[-63.0465,7.5968],[-63.0381,7.5959],[-63.0485,7.6074],[-63.0493,7.6127],[-63.0316,7.628],[-63.0089,7.6433],[-63.0039,7.6474],[-62.9986,7.6503],[-62.9869,7.6512],[-62.9751,7.6536],[-62.9698,7.6604],[-62.9742,7.6692],[-62.9852,7.6721],[-62.9986,7.6736],[-63.0108,7.6777],[-63.0033,7.681],[-62.9939,7.6833],[-62.9729,7.6854],[-62.9743,7.6889],[-62.9804,7.6954],[-62.9905,7.6986],[-63.0039,7.6916],[-63.0048,7.7054],[-63.002,7.7563],[-62.9972,7.774],[-62.9723,7.7531],[-62.9506,7.7404],[-62.9267,7.7345],[-62.8941,7.7331],[-62.9006,7.7251],[-62.9096,7.7192],[-62.9211,7.7151],[-62.935,7.7119],[-62.9086,7.693],[-62.8653,7.6986],[-62.8208,7.7163],[-62.7917,7.7331],[-62.7921,7.7278],[-62.7917,7.7119],[-62.759,7.7351],[-62.7403,7.7448],[-62.7228,7.7466],[-62.726,7.7319],[-62.7221,7.7225],[-62.7118,7.7183],[-62.6954,7.7195],[-62.7025,7.7151],[-62.7075,7.7101],[-62.7159,7.6989],[-62.675,7.6916],[-62.6759,7.6827],[-62.6844,7.6762],[-62.695,7.6724],[-62.7022,7.6709],[-62.721,7.6783],[-62.7381,7.6924],[-62.7577,7.701],[-62.7842,7.6916],[-62.7633,7.6904],[-62.7615,7.6801],[-62.7711,7.6651],[-62.7842,7.6506],[-62.7695,7.6483],[-62.729,7.63],[-62.7402,7.6241],[-62.7499,7.6247],[-62.7603,7.628],[-62.7743,7.63],[-62.7842,7.6271],[-62.7907,7.6197],[-62.7965,7.6106],[-62.8054,7.6027],[-62.8104,7.6127],[-62.8192,7.6168],[-62.8294,7.6153],[-62.8388,7.6088],[-62.8438,7.5988],[-62.8445,7.5876],[-62.841,7.5821],[-62.8326,7.5891],[-62.8258,7.5891],[-62.8173,7.5853],[-62.8055,7.5859],[-62.7971,7.5809],[-62.7979,7.5612],[-62.7917,7.5612],[-62.7917,7.5679],[-62.7845,7.5626],[-62.778,7.5612],[-62.7734,7.565],[-62.7712,7.5753],[-62.7667,7.5753],[-62.7651,7.5744],[-62.7643,7.5679],[-62.757,7.5753],[-62.7589,7.5653],[-62.7611,7.5582],[-62.7651,7.5526],[-62.7712,7.5476],[-62.754,7.5453],[-62.7377,7.5523],[-62.7091,7.5753],[-62.7096,7.5685],[-62.7087,7.5544],[-62.7091,7.5476],[-62.6781,7.5564],[-62.6681,7.5612],[-62.6784,7.5447],[-62.7034,7.5338],[-62.7508,7.5202],[-62.7508,7.5135],[-62.74,7.5141],[-62.7306,7.5129],[-62.7225,7.5108],[-62.7159,7.5073],[-62.724,7.5079],[-62.7311,7.507],[-62.7374,7.5046],[-62.7433,7.4996],[-62.734,7.4949],[-62.7296,7.4914],[-62.7284,7.487],[-62.729,7.4793],[-62.7328,7.4808],[-62.7477,7.4852],[-62.7539,7.4861],[-62.7671,7.4908],[-62.7714,7.4876],[-62.7712,7.4723],[-62.782,7.4714],[-62.7882,7.4508],[-62.7843,7.4252],[-62.7643,7.4104],[-62.757,7.4104],[-62.7686,7.391],[-62.7743,7.3686],[-62.7689,7.3504],[-62.7469,7.3427],[-62.7337,7.3327],[-62.7427,7.3106],[-62.7712,7.2739],[-62.8121,7.2017],[-62.8166,7.187],[-62.8463,7.1508],[-62.855,7.1314],[-62.8612,7.1099],[-62.8648,7.0869],[-62.8662,7.0643],[-62.8729,7.0431],[-62.8881,7.0284],[-62.9044,7.0172],[-62.9146,7.0063],[-62.9172,6.9948],[-62.9161,6.988],[-62.9141,6.9818],[-62.9146,6.9721],[-62.9264,6.9456],[-62.9283,6.9345],[-62.9225,6.9177],[-62.9077,6.9124],[-62.8662,6.91],[-62.8466,6.9015],[-62.8389,6.8882],[-62.8388,6.8456],[-62.8431,6.8196],[-62.8539,6.8143],[-62.8694,6.8217],[-62.8953,6.8423],[-62.9094,6.8582],[-62.9146,6.8629],[-62.9256,6.8656],[-62.9367,6.8656],[-62.9452,6.8685],[-62.9509,6.8853],[-62.9608,6.9035],[-62.963,6.9138],[-62.9612,6.9253],[-62.9583,6.9342],[-62.9577,6.9424],[-62.963,6.9515],[-62.9713,6.9556],[-62.9802,6.9545],[-62.9891,6.9553],[-62.9972,6.9654],[-63.0001,6.9789],[-62.9957,6.9863],[-62.9798,6.9963],[-62.9764,7.0127],[-62.9882,7.0628],[-62.9897,7.0819],[-62.9791,7.0946],[-62.943,7.1111],[-62.935,7.1196],[-62.9303,7.1317],[-62.8737,7.2023],[-62.8604,7.2076],[-62.8463,7.1982],[-62.8285,7.2162],[-62.8155,7.2332],[-62.7917,7.2739],[-62.8011,7.2783],[-62.8052,7.2844],[-62.8041,7.2921],[-62.7979,7.3012],[-62.8033,7.303],[-62.8077,7.3056],[-62.8126,7.3074],[-62.8197,7.308],[-62.8126,7.3157],[-62.807,7.3248],[-62.8042,7.336],[-62.8054,7.3489],[-62.8089,7.3469],[-62.816,7.3448],[-62.8197,7.3427],[-62.8199,7.3533],[-62.8176,7.3613],[-62.8127,7.3666],[-62.8054,7.3692],[-62.85,7.3816],[-62.8662,7.3836],[-62.8528,7.3948],[-62.8353,7.3934],[-62.8216,7.394],[-62.8197,7.4104],[-62.8248,7.4169],[-62.8336,7.4257],[-62.8395,7.4366],[-62.8338,7.4581],[-62.8434,7.4823],[-62.8463,7.4934],[-62.8562,7.4687],[-62.864,7.4781],[-62.8663,7.5038],[-62.86,7.5276],[-62.8944,7.5273],[-62.9097,7.5252],[-62.9208,7.5202],[-62.9271,7.5038],[-62.934,7.4979],[-62.9426,7.4934],[-62.935,7.4861],[-62.9464,7.4764],[-62.9459,7.4575],[-62.9561,7.4452],[-62.9704,7.4602],[-62.9768,7.4734],[-62.9864,7.4826],[-63.0108,7.4861],[-63.0108,7.4934],[-62.9916,7.4996],[-62.9792,7.5143],[-62.976,7.5335],[-62.9835,7.5538],[-62.972,7.5559],[-62.966,7.5606],[-62.9652,7.5673],[-62.9698,7.5753],[-62.9487,7.5753],[-62.9487,7.5818],[-62.9587,7.5809],[-62.9897,7.5753],[-63.0005,7.5812],[-63.0013,7.5876],[-62.998,7.5929],[-62.9972,7.5959]]]},"properties":{"id":"lago-Embalse de Guri","clase":"lago","nombre":"Embalse de Guri","nombre_en":"Guri","embalse":true,"fuente":"Natural Earth 1:10m (dominio publico)","confianza":"media","ultima_verificacion":"2026-09-10"}},{"type":"Feature","geometry":{"type":"Polygon","coordinates":[[[-67.1087,9.8489],[-67.1196,9.856],[-67.1238,9.861],[-67.1237,9.8648],[-67.1141,9.8672],[-67.1106,9.8704],[-67.1078,9.8751],[-67.1052,9.8819],[-67.1018,9.8852],[-67.0993,9.8869],[-67.0959,9.8872],[-67.0916,9.8869],[-67.0873,9.886],[-67.0826,9.886],[-67.0772,9.8881],[-67.0726,9.8881],[-67.07,9.8855],[-67.0694,9.8813],[-67.0717,9.8778],[-67.0762,9.8754],[-67.0869,9.8728],[-67.0909,9.8696],[-67.0931,9.8654],[-67.0934,9.8604],[-67.0916,9.8563],[-67.0875,9.8542],[-67.0701,9.8542],[-67.0526,9.8519],[-67.0472,9.8525],[-67.0347,9.8601],[-67.0304,9.8616],[-67.0255,9.8607],[-67.0211,9.8587],[-67.0096,9.8492],[-67.006,9.8469],[-67.0011,9.8472],[-66.997,9.8492],[-66.9896,9.8551],[-66.9845,9.8554],[-66.9812,9.8528],[-66.979,9.8489],[-66.9768,9.846],[-66.9724,9.8489],[-66.9599,9.859],[-66.9539,9.8616],[-66.9481,9.8616],[-66.9438,9.8595],[-66.9422,9.8554],[-66.943,9.8504],[-66.9459,9.8469],[-66.9536,9.8407],[-66.9606,9.8339],[-66.9664,9.8257],[-66.9665,9.8225],[-66.9642,9.8213],[-66.9453,9.8292],[-66.9375,9.8283],[-66.9353,9.8239],[-66.936,9.8192],[-66.9384,9.8148],[-66.9419,9.8113],[-66.9584,9.8001],[-66.9655,9.7933],[-66.9737,9.788],[-66.9849,9.7783],[-66.9893,9.7759],[-67.0062,9.7718],[-67.0204,9.7659],[-67.0297,9.7933],[-67.0319,9.8107],[-67.0351,9.8136],[-67.0389,9.8133],[-67.0475,9.8086],[-67.0526,9.8071],[-67.06,9.8071],[-67.0675,9.808],[-67.0766,9.8113],[-67.0782,9.8148],[-67.0765,9.8177],[-67.066,9.8222],[-67.062,9.8263],[-67.0604,9.8345],[-67.0628,9.8392],[-67.067,9.8425],[-67.0725,9.8437],[-67.0781,9.8434],[-67.0959,9.8389],[-67.1019,9.8422],[-67.1087,9.8489]]]},"properties":{"id":"lago-Camatague","clase":"lago","nombre":"Camatague","nombre_en":"Camatague","embalse":true,"fuente":"Natural Earth 1:10m (dominio publico)","confianza":"media","ultima_verificacion":"2026-09-10"}},{"type":"Feature","geometry":{"type":"Polygon","coordinates":[[[-67.3092,9.0836],[-67.3065,9.081],[-67.3062,9.0768],[-67.3083,9.073],[-67.3153,9.0662],[-67.318,9.0618],[-67.3224,9.0521],[-67.3256,9.0486],[-67.3295,9.0456],[-67.3387,9.0412],[-67.3411,9.0377],[-67.3409,9.033],[-67.3299,9.0241],[-67.3283,9.0197],[-67.3292,9.015],[-67.3315,9.0109],[-67.3411,8.9976],[-67.3473,8.9921],[-67.3496,8.9882],[-67.3492,8.9723],[-67.3504,8.9667],[-67.3526,8.962],[-67.3558,8.9582],[-67.3602,8.9558],[-67.3654,8.9544],[-67.3832,8.9517],[-67.4011,8.9597],[-67.4076,8.9691],[-67.4293,9.0462],[-67.4294,9.0568],[-67.4278,9.0642],[-67.4244,9.0677],[-67.4187,9.0759],[-67.4147,9.086],[-67.4116,9.1042],[-67.4101,9.1095],[-67.4058,9.1192],[-67.4029,9.123],[-67.3995,9.1251],[-67.3954,9.1222],[-67.3953,9.1166],[-67.3961,9.1069],[-67.3947,9.101],[-67.391,9.0977],[-67.3869,9.0995],[-67.3833,9.1063],[-67.3844,9.1316],[-67.3869,9.1404],[-67.3939,9.1563],[-67.3928,9.1581],[-67.3898,9.1575],[-67.3855,9.1548],[-67.3817,9.1516],[-67.3763,9.1442],[-67.3735,9.1419],[-67.3649,9.1419],[-67.3558,9.1398],[-67.3507,9.1407],[-67.3462,9.1398],[-67.3423,9.1375],[-67.3328,9.1266],[-67.3256,9.1198],[-67.3231,9.1157],[-67.3221,9.1104],[-67.3237,9.0868],[-67.3221,9.0833],[-67.3183,9.083],[-67.314,9.0839],[-67.3092,9.0836]]]},"properties":{"id":"lago-Embalse de Guárico","clase":"lago","nombre":"Embalse de Guárico","nombre_en":"Guárico","embalse":true,"fuente":"Natural Earth 1:10m (dominio publico)","confianza":"media","ultima_verificacion":"2026-09-10"}}]}