{"type":"FeatureCollection","features":[{"type":"Feature","geometry":{"type":"LineString","coordinates":[[-60.021,8.558],[-60.0644,8.5651],[-60.1575,8.6133],[-60.1978,8.6238],[-60.3719,8.6354],[-60.4037,8.6225],[-60.4616,8.5344],[-60.4789,8.5324],[-60.5442,8.548],[-60.6261,8.5555],[-60.6925,8.6047],[-60.9171,8.579],[-60.9566,8.569],[-60.9756,8.576],[-60.9872,8.5649],[-60.9924,8.5122],[-61.0095,8.4951],[-61.0204,8.4688],[-61.0506,8.4661],[-61.0666,8.4563],[-61.0719,8.4033],[-61.0858,8.4156],[-61.0854,8.4487],[-61.078,8.4665],[-61.0402,8.4728],[-61.0239,8.4866],[-61.0266,8.5009],[-61.0951,8.4934],[-61.159,8.4983],[-61.181,8.4934],[-61.2284,8.4606],[-61.2401,8.4321],[-61.284,8.3972],[-61.2953,8.4123],[-61.3318,8.4382],[-61.3491,8.4793],[-61.3591,8.4866],[-61.4147,8.4768],[-61.4342,8.4792],[-61.4465,8.4973],[-61.4708,8.5041],[-61.4997,8.5344],[-61.5373,8.5276],[-61.5519,8.545],[-61.5987,8.5555],[-61.652,8.5858],[-61.6608,8.5964],[-61.659,8.6165],[-61.6452,8.6267],[-61.6055,8.6306],[-61.5669,8.6066],[-61.5231,8.5966],[-61.3485,8.6101],[-61.2772,8.589],[-61.2333,8.5893],[-61.2095,8.609],[-61.1801,8.7358],[-61.1268,8.8145],[-61.112,8.8571],[-61.1177,8.9037],[-61.0997,8.9604],[-61.0785,8.9975],[-61.0719,8.9977],[-61.037,9.0353],[-61.0066,9.0488],[-60.9823,9.1308],[-60.9551,9.165],[-60.9591,9.1825],[-61.0663,9.0951],[-61.0845,9.0594],[-61.112,9.0415],[-61.0854,9.1024],[-61.0668,9.1323],[-61.0242,9.1533],[-60.9687,9.206],[-60.938,9.2161],[-60.9184,9.2385],[-60.8219,9.2728],[-60.8104,9.3159],[-60.7974,9.2947],[-60.7854,9.3135],[-60.7838,9.3386],[-60.7974,9.3847],[-60.8179,9.3947],[-60.8201,9.4062],[-60.8623,9.4561],[-60.9207,9.4903],[-60.9377,9.494],[-60.9613,9.4875],[-60.9706,9.5019],[-60.9687,9.535],[-60.9649,9.5255],[-60.9551,9.5213],[-60.9606,9.5387],[-61.0532,9.5813],[-61.112,9.5833],[-61.1301,9.5725],[-61.1842,9.6041],[-61.2083,9.6038],[-61.192,9.5833],[-61.206,9.5774],[-61.2262,9.601],[-61.2365,9.6322],[-61.3378,9.7121],[-61.4392,9.8184],[-61.5031,9.8396],[-61.4879,9.8233],[-61.458,9.8125],[-61.4514,9.7944],[-61.4271,9.7638],[-61.4223,9.7363],[-61.4757,9.8017],[-61.5829,9.8722],[-61.6367,9.8988],[-61.671,9.8965],[-61.6515,9.8736],[-61.6371,9.8704],[-61.6333,9.8548],[-61.602,9.8367],[-61.5781,9.8088],[-61.5738,9.7946],[-61.5925,9.782],[-61.7901,9.8307],[-61.8282,9.8272],[-61.7974,9.7746],[-61.7632,9.7609],[-61.7533,9.7275],[-61.731,9.694],[-61.7303,9.6389],[-61.7433,9.5964],[-61.7486,9.6801],[-61.7433,9.6994],[-61.7801,9.7592],[-61.7974,9.7609],[-61.8116,9.7062],[-61.8389,9.651],[-61.8458,9.651],[-61.8104,9.7482],[-61.8282,9.7711],[-61.8315,9.7919],[-61.8768,9.8237],[-61.925,9.8796],[-62.0254,9.9574],[-62.1109,9.9977],[-62.1965,10.0197],[-62.2168,10.0039],[-62.2368,9.9669],[-62.2214,9.9518],[-62.2084,9.946],[-62.1356,9.9406],[-62.1195,9.9328],[-62.089,9.8981],[-62.0463,9.8879],[-62.0273,9.8744],[-62.0369,9.8703],[-62.0884,9.8793],[-62.099,9.8837],[-62.1195,9.9215],[-62.1952,9.9328],[-62.1605,9.8502],[-62.1543,9.7261],[-62.1624,9.6823],[-62.1819,9.6489],[-62.2157,9.6379],[-62.1876,9.6627],[-62.1759,9.705],[-62.1787,9.8461],[-62.222,9.9384],[-62.2572,9.9744],[-62.2577,9.9378],[-62.241,9.8749],[-62.243,9.8428],[-62.2705,9.7667],[-62.2908,9.7333],[-62.3187,9.7062],[-62.327,9.7218],[-62.3187,9.7683],[-62.3243,9.7856],[-62.3776,9.8847],[-62.4089,9.924],[-62.4235,9.9323],[-62.4416,9.9328],[-62.4262,9.9675],[-62.4416,10.001],[-62.4419,10.0211],[-62.4696,10.0693],[-62.4949,10.1518],[-62.5176,10.1841],[-62.5799,10.2244],[-62.6022,10.2309],[-62.6195,10.2244],[-62.6266,10.1963],[-62.6059,10.1332],[-62.6068,10.1103],[-62.6185,10.0916],[-62.6636,10.0609],[-62.7167,10.0484],[-62.7397,10.0543],[-62.7643,10.0762],[-62.785,10.0698],[-62.7873,10.0515],[-62.7774,10.0185],[-62.7857,10.002],[-62.8011,9.996],[-62.8098,10.0037],[-62.7979,10.029],[-62.8187,10.0307],[-62.8531,10.0557],[-62.8956,10.044],[-62.9112,10.0523],[-62.9146,10.0836],[-62.9222,10.0827],[-62.9317,10.065],[-62.9262,10.0463],[-62.9325,10.0227],[-62.9208,10.008],[-62.936,10.0082],[-62.953,10.0881],[-62.9718,10.0822],[-62.9822,10.0691],[-63.0176,10.1035],[-62.9893,10.0963],[-62.963,10.1103],[-62.9446,10.1013],[-62.9351,10.0836],[-62.9206,10.0987],[-62.9015,10.1035],[-62.8944,10.0966],[-62.8941,10.0693],[-62.879,10.0662],[-62.8514,10.0804],[-62.8358,10.0727],[-62.8227,10.0421],[-62.8059,10.0495],[-62.792,10.0803],[-62.7775,10.0865],[-62.7433,10.0836],[-62.7126,10.0693],[-62.6566,10.0822],[-62.6307,10.1145],[-62.6266,10.1308],[-62.6435,10.1712],[-62.6614,10.1823],[-62.675,10.2133],[-62.6681,10.2543],[-62.675,10.2934],[-62.729,10.3437],[-62.7364,10.3785],[-62.7645,10.3953],[-62.8016,10.4052],[-62.8798,10.371],[-62.9078,10.3971],[-62.9247,10.4057],[-62.9425,10.4052],[-62.9532,10.3966],[-62.9571,10.3838],[-62.9537,10.3715],[-62.9425,10.3642],[-62.9476,10.3427],[-62.9272,10.3034],[-62.9316,10.2856],[-62.9459,10.2781],[-63.004,10.2754],[-62.9808,10.3002],[-62.9786,10.311],[-62.9971,10.3232],[-62.9562,10.3574],[-62.9706,10.374],[-62.976,10.3983],[-63.004,10.3847],[-62.9952,10.4079],[-62.964,10.4152],[-62.8978,10.412],[-62.8661,10.3915],[-62.8358,10.3983],[-62.8311,10.4068],[-62.8412,10.5118],[-62.857,10.5316],[-62.8941,10.5293],[-62.9251,10.5118],[-62.9803,10.4658],[-63.0108,10.4536],[-63.0108,10.4604],[-62.9454,10.5024],[-62.9233,10.5308],[-62.6623,10.567],[-62.6068,10.5628],[-62.5211,10.543],[-62.4832,10.5491],[-62.4416,10.5355],[-62.3791,10.5451],[-62.3559,10.5324],[-62.335,10.5302],[-62.3136,10.5478],[-62.2527,10.6324],[-62.1745,10.6423],[-62.0889,10.6313],[-62.004,10.6447],[-61.9932,10.6528],[-61.9625,10.6522],[-61.9188,10.6722],[-61.8977,10.6904],[-61.8867,10.6801],[-61.8805,10.6863],[-61.8849,10.7074],[-61.8769,10.7227],[-61.8458,10.741],[-61.8648,10.7448],[-61.8922,10.7404],[-61.9352,10.7211],[-61.9442,10.7318],[-61.9713,10.7231],[-61.9823,10.7347],[-62.0071,10.7199],[-62.0362,10.714],[-62.1024,10.7136],[-62.1542,10.6863],[-62.2021,10.6967],[-62.2739,10.6989],[-62.397,10.7155],[-62.5416,10.741],[-62.6381,10.7426],[-62.683,10.75],[-62.7057,10.762],[-62.8277,10.7233],[-62.9282,10.6994],[-63.0142,10.7211],[-63.0825,10.7155],[-63.0995,10.7211],[-63.1162,10.7082],[-63.1374,10.7068],[-63.1495,10.7109],[-63.1616,10.7347],[-63.2513,10.6806],[-63.2717,10.6879],[-63.2851,10.6727],[-63.3315,10.6854],[-63.3398,10.6727],[-63.3602,10.6801],[-63.354,10.6863],[-63.3602,10.6931],[-63.3743,10.6888],[-63.3876,10.6994],[-63.4049,10.6658],[-63.439,10.6714],[-63.4422,10.6584],[-63.449,10.6584],[-63.4662,10.6676],[-63.5316,10.631],[-63.5533,10.6291],[-63.6532,10.6413],[-63.7569,10.6656],[-63.7997,10.6911],[-63.8121,10.7136],[-63.8196,10.7136],[-63.8284,10.6768],[-63.8468,10.6522],[-63.9151,10.631],[-63.9373,10.6389],[-64.0318,10.6379],[-64.0489,10.6522],[-64.0725,10.6479],[-64.1448,10.6174],[-64.1963,10.6379],[-64.2408,10.6461],[-64.2548,10.6549],[-64.2646,10.6727],[-64.2707,10.6727],[-64.2747,10.6506],[-64.2926,10.6379],[-64.2977,10.6199],[-64.2667,10.5791],[-64.2491,10.5205],[-64.2339,10.515],[-64.2243,10.5204],[-64.2154,10.5438],[-64.1691,10.5703],[-64.0862,10.5671],[-64.0463,10.5896],[-64.0318,10.5901],[-64.0455,10.5703],[-63.9667,10.5814],[-63.9237,10.5603],[-63.8468,10.556],[-63.8232,10.5494],[-63.7297,10.4975],[-63.655,10.4945],[-63.6835,10.4797],[-63.8204,10.4476],[-63.8636,10.4461],[-63.943,10.4604],[-64.0049,10.4479],[-64.0518,10.4479],[-64.1277,10.4776],[-64.1885,10.4776],[-64.2106,10.4393],[-64.2472,10.4199],[-64.3392,10.3907],[-64.3397,10.3642],[-64.3574,10.3387],[-64.3646,10.3383],[-64.3711,10.3822],[-64.3813,10.3862],[-64.4024,10.3785],[-64.4024,10.371],[-64.3806,10.371],[-64.3806,10.3437],[-64.4291,10.3232],[-64.4634,10.3328],[-64.47,10.3232],[-64.4549,10.3134],[-64.4096,10.3047],[-64.3822,10.317],[-64.3767,10.3008],[-64.4402,10.2763],[-64.4684,10.2486],[-64.4905,10.2407],[-64.5315,10.2543],[-64.5522,10.2423],[-64.5594,10.2543],[-64.5799,10.2481],[-64.5724,10.2617],[-64.6314,10.2481],[-64.6686,10.2071],[-64.6576,10.1967],[-64.6676,10.1873],[-64.6852,10.186],[-64.6966,10.1997],[-64.6761,10.2133],[-64.6993,10.2138],[-64.717,10.2276],[-64.7218,10.214],[-64.717,10.1723],[-64.7286,10.1361],[-64.7481,10.1069],[-64.7766,10.0904],[-64.8142,10.0851],[-64.9436,10.0998],[-64.9635,10.0973],[-65.0168,10.0671],[-65.084,10.0475],[-65.1489,10.0584],[-65.167,10.0694],[-65.1757,10.0836],[-65.0802,10.0557],[-65.0802,10.0626],[-65.1286,10.0762],[-65.1695,10.0973],[-65.4591,10.1494],[-65.5804,10.1855],[-65.8685,10.3096],[-65.8473,10.2814],[-65.7473,10.2392],[-65.7176,10.2202],[-65.8021,10.2257],[-65.8275,10.2344],[-65.897,10.288],[-65.923,10.2822],[-65.9442,10.3096],[-65.9299,10.3232],[-65.9101,10.3117],[-65.8821,10.3096],[-65.9529,10.3516],[-65.9709,10.3789],[-66.0875,10.4666],[-66.1222,10.507],[-66.1217,10.543],[-66.1024,10.5408],[-66.0762,10.5489],[-66.0538,10.5624],[-66.0465,10.5765],[-66.1044,10.5844],[-66.1246,10.602],[-66.1906,10.6174],[-66.2518,10.6486],[-66.2759,10.6522],[-66.2952,10.6467],[-66.334,10.6112],[-66.4049,10.6208],[-66.4278,10.6308],[-66.5416,10.6327],[-66.8859,10.6095],[-67.0124,10.6112],[-67.113,10.5855],[-67.17,10.556],[-67.2434,10.5466],[-67.3261,10.55],[-67.5602,10.5283],[-67.645,10.506],[-67.7776,10.496],[-67.8484,10.4741],[-67.8654,10.4522],[-67.8733,10.4765],[-67.8806,10.48],[-67.9412,10.4665],[-68.0065,10.4885],[-68.1295,10.4877],[-68.1711,10.5037],[-68.2096,10.5373],[-68.2423,10.5784],[-68.2871,10.6579],[-68.3183,10.7452],[-68.3319,10.8296],[-68.3266,10.8493],[-68.3114,10.8576],[-68.2662,10.8581],[-68.2498,10.8659],[-68.2388,10.885],[-68.2627,10.9031],[-68.3434,10.9104],[-68.3766,10.9191],[-68.3351,10.9396],[-68.3183,10.936],[-68.2873,10.9128],[-68.2784,10.9255],[-68.3497,11.0718],[-68.3887,11.1282],[-68.3979,11.154],[-68.3903,11.1791],[-68.4033,11.2003],[-68.4108,11.2003],[-68.4176,11.1791],[-68.4835,11.2069],[-68.518,11.2493],[-68.6152,11.3034],[-68.64,11.3222],[-68.6557,11.3479],[-68.6845,11.3616],[-68.7043,11.3581],[-68.7544,11.3741],[-68.796,11.4006],[-68.8444,11.4474],[-68.8632,11.4529],[-69.0199,11.4462],[-69.0619,11.4535],[-69.0902,11.4693],[-69.109,11.4914],[-69.121,11.4899],[-69.1854,11.5156],[-69.2295,11.5156],[-69.2704,11.536],[-69.2909,11.5334],[-69.3767,11.494],[-69.5001,11.5087],[-69.5373,11.4987],[-69.5887,11.463],[-69.6236,11.4678],[-69.6658,11.4977],[-69.7003,11.5402],[-69.7471,11.6323],[-69.8086,11.8036],[-69.8159,11.8464],[-69.8168,11.9324],[-69.8353,12.0152],[-69.9254,12.1596],[-69.9442,12.1745],[-69.9903,12.1848],[-70.0177,12.1989],[-70.0646,12.1815],[-70.1443,12.118],[-70.2058,12.112],[-70.2113,12.1027],[-70.2132,12.0568],[-70.2546,12.0068],[-70.2652,11.9716],[-70.2836,11.9396],[-70.302,11.8581],[-70.2845,11.8573],[-70.2797,11.8301],[-70.2454,11.7794],[-70.2406,11.7619],[-70.2239,11.7884],[-70.208,11.7743],[-70.2058,11.7347],[-70.2331,11.7484],[-70.2195,11.7279],[-70.2195,11.7011],[-70.2124,11.6872],[-70.2331,11.6527],[-70.2299,11.6279],[-70.2118,11.6091],[-70.1865,11.6027],[-70.1383,11.626],[-70.0738,11.6319],[-70.0415,11.6486],[-69.9855,11.6553],[-69.9451,11.6732],[-69.9501,11.6567],[-69.9277,11.6584],[-69.8802,11.6732],[-69.8626,11.6904],[-69.8495,11.6937],[-69.825,11.6752],[-69.8222,11.6937],[-69.816,11.6937],[-69.7914,11.6453],[-69.7692,11.5686],[-69.7608,11.5571],[-69.7648,11.5377],[-69.7436,11.5034],[-69.7471,11.4808],[-69.7892,11.451],[-69.7949,11.4367],[-69.8141,11.4256],[-69.8446,11.4362],[-69.8565,11.4587],[-69.8926,11.4786],[-69.8992,11.4958],[-69.9206,11.4973],[-69.9259,11.5131],[-69.946,11.5198],[-69.9756,11.5029],[-70.0078,11.5156],[-70.0244,11.5141],[-70.0505,11.5211],[-70.1228,11.5591],[-70.1616,11.5685],[-70.0963,11.5311],[-70.1186,11.531],[-70.1199,11.5224],[-70.0539,11.5065],[-70.0559,11.4932],[-70.0413,11.4882],[-70.0487,11.4739],[-70.0359,11.4665],[-70.0365,11.4409],[-70.079,11.4573],[-70.0881,11.434],[-70.0994,11.4295],[-70.1268,11.462],[-70.1545,11.47],[-70.1644,11.4629],[-70.146,11.4544],[-70.1452,11.4289],[-70.159,11.4014],[-70.18,11.3764],[-70.2311,11.3516],[-70.288,11.3571],[-70.3243,11.3328],[-70.4339,11.2876],[-70.4864,11.2951],[-70.5106,11.2864],[-70.5074,11.2617],[-70.4979,11.2793],[-70.4801,11.289],[-70.4961,11.2639],[-70.5139,11.2532],[-70.6298,11.2392],[-70.6641,11.2387],[-70.6856,11.248],[-70.8697,11.1963],[-71.0624,11.0904],[-71.1222,11.0683],[-71.1759,11.0341],[-71.2939,10.9866],[-71.4184,10.98],[-71.4583,10.9749],[-71.5011,10.96],[-71.4477,10.9204],[-71.4125,10.9191],[-71.422,10.9028],[-71.4464,10.8869],[-71.4534,10.8719],[-71.4353,10.8189],[-71.4459,10.7962],[-71.4781,10.8094],[-71.51,10.8126],[-71.5831,10.8092],[-71.5831,10.803],[-71.5731,10.7993],[-71.5314,10.7527],[-71.5279,10.741],[-71.5353,10.6863],[-71.5001,10.628],[-71.5375,10.598],[-71.5416,10.5649],[-71.5265,10.5447],[-71.4663,10.5021],[-71.4628,10.4891],[-71.4751,10.4216],[-71.4693,10.4018],[-71.4226,10.3432],[-71.4144,10.3135],[-71.3844,10.2754],[-71.3639,10.22],[-71.3284,10.2067],[-71.2678,10.1519],[-71.2285,10.0701],[-71.2069,9.9806],[-71.1839,9.9853],[-71.1625,9.9709],[-71.0724,9.8579],[-71.0728,9.8416],[-71.0902,9.8366],[-71.0862,9.812],[-71.0419,9.7609],[-71.0356,9.7441],[-71.0487,9.7199],[-71.0487,9.6728],[-71.0661,9.5895],[-71.0902,9.5554],[-71.0793,9.5025],[-71.0734,9.419],[-71.0561,9.3636],[-71.0624,9.3266],[-71.0728,9.3135],[-71.117,9.2947],[-71.1517,9.2885],[-71.2064,9.2322],[-71.2206,9.1793],[-71.241,9.1557],[-71.2735,9.1351],[-71.3714,9.0933],[-71.5148,9.049],[-71.5577,9.0416],[-71.6459,9.0496],[-71.6861,9.062],[-71.7086,9.0767],[-71.7184,9.0858],[-71.7135,9.0932],[-71.7589,9.1201],[-71.7619,9.1308],[-71.7345,9.165],[-71.7518,9.1907],[-71.7532,9.2043],[-71.7345,9.206],[-71.7494,9.2163],[-71.7447,9.2376],[-71.7545,9.247],[-71.7621,9.2338],[-71.7755,9.2265],[-71.7851,9.2403],[-71.807,9.2255],[-71.8165,9.2333],[-71.7582,9.2834],[-71.7482,9.2748],[-71.74,9.2894],[-71.7358,9.3249],[-71.7482,9.3432],[-71.728,9.3481],[-71.7408,9.3636],[-71.7345,9.3847],[-71.7609,9.3647],[-71.7847,9.3818],[-71.8083,9.4105],[-71.8336,9.4257],[-71.8916,9.4257],[-71.9053,9.3847],[-71.9138,9.4126],[-71.9007,9.4346],[-71.8747,9.4453],[-71.8444,9.4394],[-71.8528,9.4499],[-71.8817,9.463],[-71.9189,9.5002],[-71.9189,9.4803],[-71.9264,9.4803],[-71.9364,9.5002],[-71.9952,9.4592],[-72.0193,9.5029],[-72.0151,9.5213],[-71.9837,9.4975],[-71.9675,9.4982],[-71.9605,9.5179],[-71.9779,9.5559],[-72.0083,9.5759],[-71.9879,9.5895],[-71.9952,9.6038],[-71.9879,9.6101],[-71.9648,9.5511],[-71.9468,9.5412],[-71.9989,9.6547],[-72.0902,9.7546],[-72.1244,9.8261],[-72.1094,9.8561],[-72.0437,9.9296],[-72.0235,9.9854],[-72.0005,10.0253],[-71.9918,10.0675],[-71.9691,10.1057],[-71.953,10.1177],[-71.9129,10.129],[-71.8977,10.1392],[-71.8916,10.1622],[-71.837,10.2344],[-71.779,10.3417],[-71.7545,10.371],[-71.7297,10.3915],[-71.6967,10.4052],[-71.6719,10.4331],[-71.6295,10.454],[-71.6309,10.5185],[-71.6056,10.5819],[-71.6104,10.5976],[-71.6037,10.6198],[-71.6104,10.6379],[-71.595,10.6596],[-71.5763,10.7211],[-71.6183,10.7435],[-71.65,10.7708],[-71.6741,10.8024],[-71.7104,10.8786],[-71.7203,10.9191],[-71.7157,10.9577],[-71.7687,11.0153],[-71.7442,11.036],[-71.6971,11.0256],[-71.6822,11.0167],[-71.6753,11.0036],[-71.6793,10.988],[-71.6247,11.001],[-71.6265,11.015],[-71.6529,11.0412],[-71.7698,11.1064],[-71.796,11.132],[-71.8569,11.217],[-71.9393,11.3808],[-71.9701,11.5114],[-71.9713,11.5548],[-71.9605,11.5913],[-71.9007,11.6213],[-71.6744,11.6847],[-71.5071,11.7098],[-71.4671,11.7216],[-71.41,11.7512],[-71.3782,11.7584],[-71.3714,11.7831],[-71.336,11.7893],[-71.3439,11.8075],[-71.3275,11.85],[-71.3576,11.8508],[-71.4097,11.8123],[-71.4495,11.7955],[-71.9711,11.6619],[-71.9906,11.6491],[-72.0079,11.6246],[-72.2671,11.1549],[-72.2847,11.1505],[-72.3413,11.1621],[-72.417,11.1376],[-72.4815,11.1325],[-72.4993,11.1208],[-72.5075,11.083],[-72.5421,11.0411],[-72.5765,10.9574],[-72.5945,10.933],[-72.6567,10.8852],[-72.683,10.8556],[-72.7061,10.8113],[-72.7544,10.6749],[-72.7814,10.6313],[-72.843,10.5606],[-72.8614,10.5081],[-72.9076,10.4525],[-72.9149,10.4329],[-72.9356,10.1752],[-72.9877,9.9994],[-72.997,9.9007],[-72.9776,9.8381],[-72.9855,9.8122],[-73.0169,9.7486],[-73.0719,9.6641],[-73.1077,9.578],[-73.1784,9.523],[-73.1974,9.4787],[-73.2774,9.3618],[-73.3244,9.2559],[-73.3791,9.2139],[-73.3908,9.1945],[-73.3911,9.1728],[-73.3778,9.1647],[-73.2122,9.1734],[-73.1762,9.1909],[-73.1243,9.2345],[-73.076,9.2543],[-73.0327,9.2946],[-73.0097,9.2954],[-72.9911,9.2517],[-72.9956,9.2354],[-72.9801,9.2165],[-72.9732,9.1284],[-72.9553,9.104],[-72.9364,9.0992],[-72.874,9.1334],[-72.8341,9.1336],[-72.8267,9.1417],[-72.791,9.1139],[-72.7856,9.1024],[-72.8,9.0794],[-72.7831,9.0599],[-72.6754,8.6515],[-72.6554,8.6179],[-72.4563,8.4039],[-72.4151,8.3824],[-72.3935,8.3554],[-72.384,8.3218],[-72.396,8.2566],[-72.3905,8.2343],[-72.3573,8.1721],[-72.3358,8.1039],[-72.3338,8.0655],[-72.3501,8.0426],[-72.4071,8.0438],[-72.4301,7.9905],[-72.4567,7.9649],[-72.4878,7.9492],[-72.4912,7.9375],[-72.4586,7.8935],[-72.4518,7.8328],[-72.4742,7.7542],[-72.4833,7.6494],[-72.4634,7.5708],[-72.482,7.508],[-72.4787,7.4845],[-72.4513,7.4402],[-72.4146,7.4138],[-72.3218,7.39],[-72.2397,7.3913],[-72.2062,7.3819],[-72.164,7.3289],[-72.1742,7.2796],[-72.1641,7.2208],[-72.0983,7.0868],[-72.081,7.0666],[-71.9938,7.0129],[-71.8482,6.9839],[-71.8326,6.9864],[-71.7996,7.0092],[-71.7715,7.0111],[-71.774,7.0289],[-71.698,7.035],[-71.6696,7.0277],[-71.6735,7.0442],[-71.667,7.0515],[-71.6204,7.0521],[-71.5947,7.0301],[-71.5584,7.0412],[-71.5486,7.0283],[-71.5288,7.0271],[-71.5099,7.0346],[-71.4876,7.0289],[-71.4677,7.0124],[-71.4139,7.031],[-71.3494,7.0195],[-71.2925,7.0258],[-71.2835,7.0188],[-71.2755,6.9844],[-71.262,6.9787],[-71.2132,6.9775],[-71.184,6.9626],[-71.1663,6.9681],[-71.136,6.9921],[-71.0655,6.9845],[-71.0113,6.9909],[-70.9613,7.0094],[-70.9188,7.0395],[-70.8955,7.0685],[-70.733,7.0993],[-70.7033,7.0999],[-70.6826,7.0846],[-70.6393,7.0735],[-70.5786,7.0858],[-70.5107,7.0097],[-70.4517,7.0077],[-70.4378,6.993],[-70.3191,6.9383],[-70.2876,6.9369],[-70.2313,6.9685],[-70.195,6.9776],[-70.1578,6.9795],[-70.1292,6.9725],[-70.0966,6.9444],[-69.4436,6.1222],[-69.4061,6.1293],[-69.3582,6.1516],[-69.3314,6.1564],[-69.3113,6.1462],[-69.2686,6.0975],[-69.2461,6.0807],[-69.1892,6.1126],[-69.13,6.1699],[-69.0611,6.2178],[-69.0369,6.2188],[-68.9786,6.1973],[-68.9609,6.2024],[-68.8929,6.1843],[-68.8079,6.1843],[-68.6353,6.1359],[-68.5847,6.17],[-68.5225,6.1733],[-68.449,6.195],[-68.4067,6.1949],[-68.3411,6.1768],[-68.3042,6.177],[-68.1903,6.2178],[-68.1465,6.2238],[-68.019,6.2116],[-67.978,6.2178],[-67.9241,6.2346],[-67.9043,6.2751],[-67.8681,6.2799],[-67.8272,6.3134],[-67.731,6.3027],[-67.574,6.2662],[-67.4905,6.2016],[-67.45,6.1979],[-67.487,6.1668],[-67.4912,6.1145],[-67.4543,6.0568],[-67.4286,6.0385],[-67.4186,5.9953],[-67.4225,5.9782],[-67.4852,5.9441],[-67.5416,5.8767],[-67.6012,5.8206],[-67.6251,5.7845],[-67.6412,5.7448],[-67.6491,5.702],[-67.6491,5.6561],[-67.636,5.5776],[-67.6143,5.5537],[-67.617,5.5416],[-67.636,5.5195],[-67.6525,5.478],[-67.6753,5.4672],[-67.7021,5.4414],[-67.7316,5.4301],[-67.7521,5.4097],[-67.7726,5.4097],[-67.8098,5.3788],[-67.8346,5.3393],[-67.8437,5.2972],[-67.8186,5.2278],[-67.8135,5.1866],[-67.8272,5.1421],[-67.8266,5.1204],[-67.821,5.1006],[-67.7931,5.0633],[-67.8067,5.0357],[-67.8067,4.9723],[-67.8264,4.8948],[-67.8272,4.8715],[-67.8135,4.8405],[-67.8229,4.7436],[-67.8456,4.6897],[-67.8552,4.5662],[-67.8734,4.5465],[-67.8751,4.5326],[-67.8566,4.5042],[-67.8477,4.4979],[-67.8477,4.5047],[-67.8291,4.4914],[-67.8135,4.4433],[-67.7931,4.429],[-67.7999,4.3989],[-67.7794,4.3508],[-67.7999,4.3061],[-67.8049,4.2685],[-67.7862,4.173],[-67.7777,4.1539],[-67.7402,4.1187],[-67.7316,4.0864],[-67.7206,4.075],[-67.7141,4.0565],[-67.717,4.0393],[-67.7016,4.012],[-67.6939,3.9286],[-67.6444,3.8346],[-67.6318,3.7619],[-67.6141,3.7406],[-67.5948,3.7309],[-67.5374,3.7355],[-67.4998,3.7179],[-67.4714,3.6801],[-67.4039,3.5045],[-67.3901,3.4851],[-67.3378,3.4601],[-67.3046,3.4257],[-67.3095,3.3839],[-67.3958,3.2666],[-67.4081,3.2573],[-67.4522,3.2437],[-67.8386,2.8861],[-67.8553,2.8582],[-67.8559,2.7898],[-67.8233,2.8273],[-67.7702,2.8324],[-67.751,2.8421],[-67.6904,2.8063],[-67.6656,2.8013],[-67.6266,2.8134],[-67.6085,2.7986],[-67.5943,2.7761],[-67.5756,2.6911],[-67.5637,2.6817],[-67.5003,2.6753],[-67.4852,2.6619],[-67.4709,2.6271],[-67.4403,2.61],[-67.417,2.5758],[-67.4004,2.5682],[-67.3815,2.5378],[-67.3406,2.5105],[-67.3254,2.4746],[-67.3057,2.4662],[-67.2666,2.4338],[-67.2314,2.4223],[-67.1897,2.3944],[-67.1738,2.3364],[-67.2177,2.2845],[-67.2173,2.2661],[-67.1778,2.1545],[-67.1693,2.1412],[-67.121,2.1191],[-67.1146,2.103],[-67.1112,2.0488],[-67.1146,2.0313],[-67.1351,2.0033],[-67.1326,1.9908],[-67.0873,1.9388],[-66.9809,1.6659],[-66.9742,1.58],[-66.9336,1.5017],[-66.9327,1.4246],[-66.9017,1.3945],[-66.8835,1.3499],[-66.8825,1.326],[-66.9009,1.289],[-66.8751,1.2225],[-66.4071,0.8021],[-66.3462,0.7594],[-66.2851,0.7458],[-66.2283,0.7628],[-66.2087,0.7631],[-66.1563,0.733],[-66.1344,0.7311],[-66.1111,0.7418],[-66.0792,0.7776],[-66.0575,0.787],[-65.9942,0.7947],[-65.9741,0.807],[-65.8918,0.8956],[-65.7454,0.9742],[-65.701,0.9844],[-65.596,0.9836],[-65.5709,0.9686],[-65.5358,0.9285],[-65.5185,0.8865],[-65.517,0.8628],[-65.5332,0.8163],[-65.5873,0.7391],[-65.5852,0.6915],[-65.5605,0.656],[-65.5427,0.6493],[-65.4978,0.6587],[-65.4512,0.6901],[-65.4139,0.7416],[-65.4096,0.7921],[-65.4,0.8165],[-65.3272,0.9103],[-65.3103,0.9187],[-65.2231,0.9144],[-65.203,0.9238],[-65.179,0.9554],[-65.1684,0.9965],[-65.1602,1.0802],[-65.1368,1.1269],[-65.1005,1.1361],[-65.0596,1.1324],[-65.0225,1.14],[-65.0174,1.163],[-64.9665,1.2006],[-64.8974,1.2197],[-64.8393,1.2708],[-64.8214,1.2706],[-64.7713,1.2467],[-64.7309,1.2476],[-64.6042,1.3313],[-64.5512,1.4195],[-64.409,1.5075],[-64.3864,1.5102],[-64.3646,1.4971],[-64.3638,1.4774],[-64.385,1.4364],[-64.3948,1.3922],[-64.3896,1.3693],[-64.3701,1.3587],[-64.3529,1.3658],[-64.3219,1.4244],[-64.3015,1.4467],[-64.2321,1.4971],[-64.1771,1.5511],[-64.1297,1.5781],[-64.093,1.6226],[-64.0725,1.6846],[-64.076,1.7454],[-64.0603,1.8075],[-64.0536,1.8937],[-64.0366,1.9273],[-63.995,1.958],[-63.9583,1.9707],[-63.7832,1.975],[-63.6175,2.1012],[-63.562,2.1264],[-63.5107,2.1246],[-63.4434,2.1372],[-63.4118,2.1494],[-63.4022,2.1705],[-63.4006,2.2046],[-63.3726,2.2668],[-63.3728,2.3491],[-63.3611,2.4],[-63.3649,2.4131],[-63.3848,2.4206],[-63.7041,2.4376],[-63.8313,2.4286],[-63.9518,2.4615],[-64.0108,2.4682],[-64.0325,2.463],[-64.048,2.4713],[-64.0566,2.4885],[-64.0578,2.5104],[-64.0505,2.5347],[-64.0122,2.6038],[-63.9976,2.7149],[-64.0291,2.798],[-64.106,2.9472],[-64.1375,2.9873],[-64.1735,3.0519],[-64.2053,3.0892],[-64.2229,3.124],[-64.2254,3.1656],[-64.2163,3.2514],[-64.2456,3.4189],[-64.2421,3.443],[-64.1979,3.5151],[-64.1957,3.5701],[-64.203,3.5947],[-64.2656,3.6522],[-64.3242,3.7241],[-64.4345,3.7785],[-64.5314,3.8535],[-64.575,3.9142],[-64.6429,3.973],[-64.6629,3.997],[-64.7074,4.083],[-64.7271,4.1408],[-64.7419,4.1572],[-64.8013,4.1885],[-64.813,4.2106],[-64.8129,4.2528],[-64.8051,4.2719],[-64.7916,4.2844],[-64.7459,4.2876],[-64.6999,4.2642],[-64.661,4.2275],[-64.6369,4.1911],[-64.6082,4.1265],[-64.5897,4.1189],[-64.365,4.1519],[-64.2406,4.142],[-64.1467,4.1106],[-64.1251,4.0885],[-64.1081,4.0581],[-64.0638,3.9116],[-64.0377,3.8825],[-63.9964,3.8808],[-63.8751,3.9498],[-63.8311,3.9494],[-63.771,3.9288],[-63.6716,3.9462],[-63.6228,3.9352],[-63.5542,3.8754],[-63.5107,3.8545],[-63.4689,3.8672],[-63.4482,3.9394],[-63.4254,3.9684],[-63.3914,3.9716],[-63.3517,3.9587],[-63.286,3.9208],[-63.2512,3.8866],[-63.1932,3.8067],[-63.1308,3.7621],[-62.9971,3.5991],[-62.9511,3.5702],[-62.8894,3.5608],[-62.872,3.5655],[-62.8223,3.5988],[-62.7964,3.5973],[-62.7863,3.6044],[-62.7496,3.6604],[-62.7399,3.7004],[-62.7404,3.7419],[-62.7702,3.8478],[-62.7851,3.8723],[-62.7888,3.8994],[-62.7663,3.9647],[-62.7707,4.0054],[-62.7662,4.0207],[-62.7444,4.034],[-62.6707,4.0437],[-62.5887,4.0307],[-62.561,4.0378],[-62.5488,4.0775],[-62.5464,4.1139],[-62.537,4.1254],[-62.4837,4.1392],[-62.4699,4.1516],[-62.463,4.1747],[-62.4281,4.1832],[-62.3842,4.1735],[-62.1927,4.0947],[-62.1536,4.0903],[-62.1111,4.1048],[-62.035,4.1599],[-61.9902,4.1664],[-61.9315,4.1464],[-61.9082,4.1462],[-61.8669,4.157],[-61.831,4.1769],[-61.7792,4.2327],[-61.7378,4.2521],[-61.6805,4.2525],[-61.6405,4.2419],[-61.5991,4.2544],[-61.5673,4.2485],[-61.5421,4.263],[-61.5267,4.2855],[-61.5164,4.3748],[-61.5019,4.4019],[-61.4582,4.4191],[-61.3811,4.4177],[-61.3332,4.4239],[-61.3082,4.4333],[-61.293,4.4481],[-61.2958,4.469],[-61.3229,4.5088],[-61.3156,4.5208],[-61.2973,4.5237],[-61.2381,4.5159],[-61.1686,4.4902],[-61.0955,4.5077],[-61.012,4.5183],[-60.9773,4.535],[-60.9478,4.5736],[-60.9311,4.6374],[-60.8958,4.7085],[-60.86,4.7124],[-60.7637,4.7551],[-60.7181,4.7843],[-60.6801,4.8179],[-60.6126,4.9006],[-60.5919,4.9497],[-60.5987,4.9969],[-60.6643,5.1703],[-60.6849,5.1883],[-60.7399,5.2021],[-61.3796,5.9053],[-61.3967,5.9456],[-61.3381,5.9868],[-61.2694,6.1072],[-61.1945,6.1329],[-61.174,6.1716],[-61.1611,6.1829],[-61.1216,6.1867],[-61.1148,6.264],[-61.1291,6.2833],[-61.1467,6.2942],[-61.1609,6.3424],[-61.1548,6.3906],[-61.139,6.4248],[-61.1398,6.4413],[-61.1709,6.5092],[-61.2097,6.541],[-61.212,6.5614],[-61.1902,6.6329],[-61.1707,6.6685],[-61.1298,6.7158],[-61.111,6.7195],[-61.0704,6.7119],[-61.0612,6.7301],[-61.0187,6.7204],[-61.0003,6.7344],[-60.9338,6.7317],[-60.8995,6.7686],[-60.9134,6.8112],[-60.9076,6.8152],[-60.8724,6.8081],[-60.8376,6.7864],[-60.7935,6.7938],[-60.7215,6.7597],[-60.7003,6.7671],[-60.6395,6.8377],[-60.5487,6.8631],[-60.421,6.9422],[-60.3942,6.9485],[-60.3773,6.9385],[-60.3597,7.0049],[-60.3036,7.0541],[-60.2916,7.0883],[-60.2999,7.121],[-60.372,7.1723],[-60.4158,7.1713],[-60.4495,7.1883],[-60.4753,7.1885],[-60.4966,7.1806],[-60.5129,7.1652],[-60.5349,7.1258],[-60.548,7.1255],[-60.6284,7.1911],[-60.6431,7.2209],[-60.6436,7.2507],[-60.6311,7.2777],[-60.6022,7.3065],[-60.6018,7.3301],[-60.629,7.3844],[-60.6532,7.3985],[-60.6606,7.4361],[-60.7007,7.4535],[-60.7238,7.4958],[-60.7306,7.5254],[-60.7165,7.5516],[-60.6711,7.5661],[-60.6317,7.6246],[-60.6013,7.6339],[-60.5999,7.6615],[-60.5845,7.6885],[-60.587,7.7271],[-60.5258,7.8134],[-60.5033,7.8209],[-60.3748,7.8236],[-60.3504,7.8418],[-60.3424,7.8648],[-60.2719,7.9178],[-60.2311,7.9641],[-60.1831,7.9827],[-60.1292,8.0288],[-60.1079,8.0356],[-60.0465,8.0329],[-60.0296,8.0428],[-60.0195,8.0603],[-60.011,8.1004],[-59.9993,8.1154],[-60.0007,8.1529],[-59.9933,8.1685],[-59.9571,8.2001],[-59.8485,8.2277],[-59.8293,8.2451],[-59.8167,8.2672],[-59.8156,8.2878],[-59.8556,8.3521],[-59.9597,8.4682],[-60.021,8.558]]},"properties":{"id":"LIM-VEN","nombre":"Venezuela","tipo":"limite","nivel":"pais","sector":"contexto","estado":"desconocido","fuente":"geoBoundaries gbOpen VEN ADM0 (Natural Earth), CC BY 4.0","confianza":"media","ultima_verificacion":"2026-09-09","notas":"Frontera oriental segun la linea administrada de facto: no incluye la Guayana Esequiba, en disputa. Ver docs/DATA_SOURCES.md seccion 12."}},{"type":"Feature","geometry":{"type":"LineString","coordinates":[[-61.0165,8.6101],[-61.0985,8.6027],[-61.1378,8.5598],[-61.14,8.5517],[-61.1264,8.5344],[-61.1482,8.5439],[-61.1802,8.5696],[-61.2015,8.576],[-61.2276,8.5716],[-61.2461,8.5573],[-61.2704,8.5146],[-61.1264,8.5071],[-61.0416,8.5185],[-61.052,8.5419],[-61.0506,8.5555],[-61.0277,8.5431],[-61.0057,8.5535],[-60.9925,8.5767],[-60.996,8.6027],[-61.0165,8.6101]]},"properties":{"id":"LIM-VEN","nombre":"Venezuela","tipo":"limite","nivel":"pais","sector":"contexto","estado":"desconocido","fuente":"geoBoundaries gbOpen VEN ADM0 (Natural Earth), CC BY 4.0","confianza":"media","ultima_verificacion":"2026-09-09","notas":"Frontera oriental segun la linea administrada de facto: no incluye la Guayana Esequiba, en disputa. Ver docs/DATA_SOURCES.md seccion 12."}},{"type":"Feature","geometry":{"type":"LineString","coordinates":[[-60.9203,9.0285],[-60.9333,9.0187],[-60.9377,8.9906],[-60.9713,8.9633],[-60.9828,8.9302],[-61.0167,8.8803],[-61.0916,8.8224],[-60.9336,8.8839],[-60.865,8.9412],[-60.8508,8.9706],[-60.8657,8.9943],[-60.8384,9.0006],[-60.8755,9.028],[-60.8976,9.0334],[-60.9203,9.0285]]},"properties":{"id":"LIM-VEN","nombre":"Venezuela","tipo":"limite","nivel":"pais","sector":"contexto","estado":"desconocido","fuente":"geoBoundaries gbOpen VEN ADM0 (Natural Earth), CC BY 4.0","confianza":"media","ultima_verificacion":"2026-09-09","notas":"Frontera oriental segun la linea administrada de facto: no incluye la Guayana Esequiba, en disputa. Ver docs/DATA_SOURCES.md seccion 12."}},{"type":"Feature","geometry":{"type":"LineString","coordinates":[[-61.0854,8.8907],[-61.0438,8.9118],[-61.0271,8.9487],[-60.943,9.0258],[-60.9107,9.0415],[-60.8756,9.0436],[-60.8553,9.0696],[-60.852,9.0961],[-60.9064,9.0777],[-60.9308,9.0756],[-60.9469,9.0661],[-61.0023,9.0006],[-61.0693,8.9788],[-61.0966,8.9006],[-61.0854,8.8907]]},"properties":{"id":"LIM-VEN","nombre":"Venezuela","tipo":"limite","nivel":"pais","sector":"contexto","estado":"desconocido","fuente":"geoBoundaries gbOpen VEN ADM0 (Natural Earth), CC BY 4.0","confianza":"media","ultima_verificacion":"2026-09-09","notas":"Frontera oriental segun la linea administrada de facto: no incluye la Guayana Esequiba, en disputa. Ver docs/DATA_SOURCES.md seccion 12."}},{"type":"Feature","geometry":{"type":"LineString","coordinates":[[-60.8732,9.1166],[-60.8732,9.1104],[-60.8475,9.163],[-60.8452,9.1824],[-60.8533,9.194],[-60.9073,9.1855],[-60.9368,9.1646],[-60.9438,9.104],[-60.9613,9.0694],[-60.8897,9.0986],[-60.8732,9.1166]]},"properties":{"id":"LIM-VEN","nombre":"Venezuela","tipo":"limite","nivel":"pais","sector":"contexto","estado":"desconocido","fuente":"geoBoundaries gbOpen VEN ADM0 (Natural Earth), CC BY 4.0","confianza":"media","ultima_verificacion":"2026-09-09","notas":"Frontera oriental segun la linea administrada de facto: no incluye la Guayana Esequiba, en disputa. Ver docs/DATA_SOURCES.md seccion 12."}},{"type":"Feature","geometry":{"type":"LineString","coordinates":[[-60.8179,9.206],[-60.829,9.1877],[-60.8452,9.1166],[-60.8238,9.1223],[-60.7974,9.1718],[-60.7695,9.1892],[-60.7285,9.1929],[-60.7579,9.2304],[-60.7805,9.2287],[-60.8179,9.206]]},"properties":{"id":"LIM-VEN","nombre":"Venezuela","tipo":"limite","nivel":"pais","sector":"contexto","estado":"desconocido","fuente":"geoBoundaries gbOpen VEN ADM0 (Natural Earth), CC BY 4.0","confianza":"media","ultima_verificacion":"2026-09-09","notas":"Frontera oriental segun la linea administrada de facto: no incluye la Guayana Esequiba, en disputa. Ver docs/DATA_SOURCES.md seccion 12."}},{"type":"Feature","geometry":{"type":"LineString","coordinates":[[-63.9766,10.8092],[-63.9989,10.7993],[-64.0045,10.7757],[-63.9828,10.7643],[-63.9561,10.762],[-63.9568,10.7441],[-63.9355,10.7337],[-63.9092,10.7355],[-63.8946,10.7546],[-63.9036,10.7773],[-63.9766,10.8092]]},"properties":{"id":"LIM-VEN","nombre":"Venezuela","tipo":"limite","nivel":"pais","sector":"contexto","estado":"desconocido","fuente":"geoBoundaries gbOpen VEN ADM0 (Natural Earth), CC BY 4.0","confianza":"media","ultima_verificacion":"2026-09-09","notas":"Frontera oriental segun la linea administrada de facto: no incluye la Guayana Esequiba, en disputa. Ver docs/DATA_SOURCES.md seccion 12."}},{"type":"Feature","geometry":{"type":"LineString","coordinates":[[-65.2276,10.9538],[-65.255,10.9565],[-65.3063,10.9765],[-65.3299,10.9776],[-65.3767,10.9661],[-65.4019,10.9484],[-65.4118,10.9248],[-65.3881,10.9055],[-65.3722,10.911],[-65.3166,10.8911],[-65.277,10.8896],[-65.2379,10.8986],[-65.2446,10.885],[-65.2049,10.9044],[-65.202,10.9182],[-65.2167,10.9396],[-65.2082,10.9499],[-65.2276,10.9538]]},"properties":{"id":"LIM-VEN","nombre":"Venezuela","tipo":"limite","nivel":"pais","sector":"contexto","estado":"desconocido","fuente":"geoBoundaries gbOpen VEN ADM0 (Natural Earth), CC BY 4.0","confianza":"media","ultima_verificacion":"2026-09-09","notas":"Frontera oriental segun la linea administrada de facto: no incluye la Guayana Esequiba, en disputa. Ver docs/DATA_SOURCES.md seccion 12."}},{"type":"Feature","geometry":{"type":"LineString","coordinates":[[-63.8468,11.1354],[-63.8774,11.1612],[-63.881,11.1791],[-63.9356,11.1251],[-63.9766,11.1183],[-63.9858,11.1093],[-63.9908,11.0836],[-64.0176,11.0562],[-64.0176,11.0153],[-64.032,10.996],[-64.0491,10.9907],[-64.1107,11.0002],[-64.1475,11.0236],[-64.1816,11.0341],[-64.1883,11.0463],[-64.1888,11.0736],[-64.1983,11.0876],[-64.2201,11.0915],[-64.2714,11.077],[-64.2919,11.0839],[-64.3226,11.0657],[-64.3706,11.0625],[-64.4086,10.9675],[-64.3472,10.9538],[-64.3124,10.9538],[-64.2244,10.9394],[-64.203,10.9444],[-64.1759,10.9675],[-64.1164,10.9286],[-64.0961,10.8909],[-64.0569,10.8871],[-64.0597,10.8576],[-63.9766,10.8911],[-63.9556,10.8944],[-63.8981,10.885],[-63.8717,10.9374],[-63.8429,10.9678],[-63.8196,10.9538],[-63.8196,10.9805],[-63.7877,10.9738],[-63.7934,11.0011],[-63.8258,11.06],[-63.8468,11.1354]]},"properties":{"id":"LIM-VEN","nombre":"Venezuela","tipo":"limite","nivel":"pais","sector":"contexto","estado":"desconocido","fuente":"geoBoundaries gbOpen VEN ADM0 (Natural Earth), CC BY 4.0","confianza":"media","ultima_verificacion":"2026-09-09","notas":"Frontera oriental segun la linea administrada de facto: no incluye la Guayana Esequiba, en disputa. Ver docs/DATA_SOURCES.md seccion 12."}},{"type":"Feature","geometry":{"type":"LineString","coordinates":[[-66.6083,11.7831],[-66.6014,11.8067],[-66.6151,11.824],[-66.632,11.796],[-66.6509,11.7802],[-66.6741,11.776],[-66.7045,11.7831],[-66.6794,11.7665],[-66.6418,11.7615],[-66.6065,11.7672],[-66.5878,11.7831],[-66.6083,11.7831]]},"properties":{"id":"LIM-VEN","nombre":"Venezuela","tipo":"limite","nivel":"pais","sector":"contexto","estado":"desconocido","fuente":"geoBoundaries gbOpen VEN ADM0 (Natural Earth), CC BY 4.0","confianza":"media","ultima_verificacion":"2026-09-09","notas":"Frontera oriental segun la linea administrada de facto: no incluye la Guayana Esequiba, en disputa. Ver docs/DATA_SOURCES.md seccion 12."}},{"type":"Feature","geometry":{"type":"LineString","coordinates":[[-66.1322,11.824],[-66.1943,11.8177],[-66.1745,11.7971],[-66.1431,11.7818],[-66.114,11.7799],[-66.1012,11.7998],[-66.1029,11.8193],[-66.1085,11.8258],[-66.1322,11.824]]},"properties":{"id":"LIM-VEN","nombre":"Venezuela","tipo":"limite","nivel":"pais","sector":"contexto","estado":"desconocido","fuente":"geoBoundaries gbOpen VEN ADM0 (Natural Earth), CC BY 4.0","confianza":"media","ultima_verificacion":"2026-09-09","notas":"Frontera oriental segun la linea administrada de facto: no incluye la Guayana Esequiba, en disputa. Ver docs/DATA_SOURCES.md seccion 12."}},{"type":"Feature","geometry":{"type":"LineString","coordinates":[[-64.6072,11.8991],[-64.6488,11.8513],[-64.6444,11.8407],[-64.6488,11.8303],[-64.6056,11.818],[-64.5629,11.8166],[-64.5528,11.8237],[-64.5568,11.8573],[-64.5629,11.8681],[-64.6072,11.8991]]},"properties":{"id":"LIM-VEN","nombre":"Venezuela","tipo":"limite","nivel":"pais","sector":"contexto","estado":"desconocido","fuente":"geoBoundaries gbOpen VEN ADM0 (Natural Earth), CC BY 4.0","confianza":"media","ultima_verificacion":"2026-09-09","notas":"Frontera oriental segun la linea administrada de facto: no incluye la Guayana Esequiba, en disputa. Ver docs/DATA_SOURCES.md seccion 12."}},{"type":"Feature","geometry":{"type":"LineString","coordinates":[[-66.75,11.7776],[-66.8096,11.753],[-66.8546,11.7514],[-66.8278,11.7462],[-66.7799,11.7585],[-66.728,11.782],[-66.75,11.7776]]},"properties":{"id":"LIM-VEN","nombre":"Venezuela","tipo":"limite","nivel":"pais","sector":"contexto","estado":"desconocido","fuente":"geoBoundaries gbOpen VEN ADM0 (Natural Earth), CC BY 4.0","confianza":"media","ultima_verificacion":"2026-09-09","notas":"Frontera oriental segun la linea administrada de facto: no incluye la Guayana Esequiba, en disputa. Ver docs/DATA_SOURCES.md seccion 12."}},{"type":"Feature","geometry":{"type":"LineString","coordinates":[[-66.7334,11.8699],[-66.8179,11.8711],[-66.7538,11.8624],[-66.7118,11.8679],[-66.7334,11.8699]]},"properties":{"id":"LIM-VEN","nombre":"Venezuela","tipo":"limite","nivel":"pais","sector":"contexto","estado":"desconocido","fuente":"geoBoundaries gbOpen VEN ADM0 (Natural Earth), CC BY 4.0","confianza":"media","ultima_verificacion":"2026-09-09","notas":"Frontera oriental segun la linea administrada de facto: no incluye la Guayana Esequiba, en disputa. Ver docs/DATA_SOURCES.md seccion 12."}},{"type":"Feature","geometry":{"type":"LineString","coordinates":[[-67.658,11.9849],[-67.6671,11.9918],[-67.6749,11.9897],[-67.6659,11.982],[-67.6376,11.98],[-67.658,11.9849]]},"properties":{"id":"LIM-VEN","nombre":"Venezuela","tipo":"limite","nivel":"pais","sector":"contexto","estado":"desconocido","fuente":"geoBoundaries gbOpen VEN ADM0 (Natural Earth), CC BY 4.0","confianza":"media","ultima_verificacion":"2026-09-09","notas":"Frontera oriental segun la linea administrada de facto: no incluye la Guayana Esequiba, en disputa. Ver docs/DATA_SOURCES.md seccion 12."}},{"type":"Feature","geometry":{"type":"LineString","coordinates":[[-61.3903,8.5806],[-61.4158,8.5823],[-61.4388,8.5688],[-61.4762,8.5671],[-61.5358,8.5755],[-61.5401,8.5654],[-61.4686,8.541],[-61.4337,8.5142],[-61.4005,8.5083],[-61.3384,8.51],[-61.3172,8.4755],[-61.2934,8.4569],[-61.2764,8.4502],[-61.2637,8.4561],[-61.2603,8.4864],[-61.3027,8.515],[-61.3053,8.5528],[-61.3146,8.5713],[-61.3699,8.5713],[-61.3903,8.5806]]},"properties":{"id":"LIM-VEN","nombre":"Venezuela","tipo":"limite","nivel":"pais","sector":"contexto","estado":"desconocido","fuente":"geoBoundaries gbOpen VEN ADM0 (Natural Earth), CC BY 4.0","confianza":"media","ultima_verificacion":"2026-09-09","notas":"Frontera oriental segun la linea administrada de facto: no incluye la Guayana Esequiba, en disputa. Ver docs/DATA_SOURCES.md seccion 12."}},{"type":"Feature","geometry":{"type":"LineString","coordinates":[[-60.745,8.7194],[-60.7603,8.7177],[-60.8098,8.6421],[-60.8081,8.6329],[-60.7716,8.6311],[-60.7571,8.6378],[-60.6942,8.6428],[-60.6508,8.6343],[-60.6177,8.6367],[-60.6048,8.6712],[-60.6116,8.6838],[-60.666,8.6864],[-60.6788,8.6932],[-60.6872,8.71],[-60.6872,8.7302],[-60.6718,8.7595],[-60.6761,8.7629],[-60.7272,8.7218],[-60.745,8.7194]]},"properties":{"id":"LIM-VEN","nombre":"Venezuela","tipo":"limite","nivel":"pais","sector":"contexto","estado":"desconocido","fuente":"geoBoundaries gbOpen VEN ADM0 (Natural Earth), CC BY 4.0","confianza":"media","ultima_verificacion":"2026-09-09","notas":"Frontera oriental segun la linea administrada de facto: no incluye la Guayana Esequiba, en disputa. Ver docs/DATA_SOURCES.md seccion 12."}},{"type":"Feature","geometry":{"type":"LineString","coordinates":[[-60.9514,8.8278],[-60.997,8.8211],[-61.06,8.7982],[-61.1264,8.7565],[-61.1671,8.6994],[-61.1768,8.6038],[-61.1699,8.5953],[-61.1526,8.5962],[-61.0939,8.6337],[-61.0034,8.6397],[-60.9689,8.6294],[-60.9207,8.6395],[-60.8466,8.6377],[-60.8069,8.6726],[-60.7697,8.7415],[-60.7482,8.7602],[-60.724,8.7627],[-60.686,8.789],[-60.711,8.824],[-60.7178,8.8529],[-60.7376,8.8666],[-60.7281,8.8785],[-60.7324,8.8921],[-60.7781,8.8701],[-60.8617,8.8702],[-60.8833,8.8405],[-60.9514,8.8278]]},"properties":{"id":"LIM-VEN","nombre":"Venezuela","tipo":"limite","nivel":"pais","sector":"contexto","estado":"desconocido","fuente":"geoBoundaries gbOpen VEN ADM0 (Natural Earth), CC BY 4.0","confianza":"media","ultima_verificacion":"2026-09-09","notas":"Frontera oriental segun la linea administrada de facto: no incluye la Guayana Esequiba, en disputa. Ver docs/DATA_SOURCES.md seccion 12."}},{"type":"Feature","geometry":{"type":"LineString","coordinates":[[-62.3311,9.9206],[-62.3434,9.9242],[-62.3488,9.9137],[-62.3494,9.8723],[-62.3386,9.8457],[-62.3258,9.8442],[-62.3164,9.8856],[-62.3311,9.9206]]},"properties":{"id":"LIM-VEN","nombre":"Venezuela","tipo":"limite","nivel":"pais","sector":"contexto","estado":"desconocido","fuente":"geoBoundaries gbOpen VEN ADM0 (Natural Earth), CC BY 4.0","confianza":"media","ultima_verificacion":"2026-09-09","notas":"Frontera oriental segun la linea administrada de facto: no incluye la Guayana Esequiba, en disputa. Ver docs/DATA_SOURCES.md seccion 12."}},{"type":"Feature","geometry":{"type":"LineString","coordinates":[[-62.4033,10.0063],[-62.4269,10.0492],[-62.4362,10.0466],[-62.4276,10.0004],[-62.4205,9.9827],[-62.4089,9.9726],[-62.3961,9.9781],[-62.3911,9.9934],[-62.4033,10.0063]]},"properties":{"id":"LIM-VEN","nombre":"Venezuela","tipo":"limite","nivel":"pais","sector":"contexto","estado":"desconocido","fuente":"geoBoundaries gbOpen VEN ADM0 (Natural Earth), CC BY 4.0","confianza":"media","ultima_verificacion":"2026-09-09","notas":"Frontera oriental segun la linea administrada de facto: no incluye la Guayana Esequiba, en disputa. Ver docs/DATA_SOURCES.md seccion 12."}},{"type":"Feature","geometry":{"type":"LineString","coordinates":[[-62.2408,10.0515],[-62.2676,10.0449],[-62.2864,10.0244],[-62.2986,9.9966],[-62.298,9.9837],[-62.2579,9.9943],[-62.2353,10.0139],[-62.2306,10.0281],[-62.2408,10.0515]]},"properties":{"id":"LIM-VEN","nombre":"Venezuela","tipo":"limite","nivel":"pais","sector":"contexto","estado":"desconocido","fuente":"geoBoundaries gbOpen VEN ADM0 (Natural Earth), CC BY 4.0","confianza":"media","ultima_verificacion":"2026-09-09","notas":"Frontera oriental segun la linea administrada de facto: no incluye la Guayana Esequiba, en disputa. Ver docs/DATA_SOURCES.md seccion 12."}},{"type":"Feature","geometry":{"type":"LineString","coordinates":[[-62.6652,10.3664],[-62.7811,10.4929],[-62.7916,10.4661],[-62.7876,10.4301],[-62.7697,10.4116],[-62.7103,10.372],[-62.6695,10.3311],[-62.6656,10.31],[-62.6598,10.31],[-62.6494,10.3449],[-62.6652,10.3664]]},"properties":{"id":"LIM-VEN","nombre":"Venezuela","tipo":"limite","nivel":"pais","sector":"contexto","estado":"desconocido","fuente":"geoBoundaries gbOpen VEN ADM0 (Natural Earth), CC BY 4.0","confianza":"media","ultima_verificacion":"2026-09-09","notas":"Frontera oriental segun la linea administrada de facto: no incluye la Guayana Esequiba, en disputa. Ver docs/DATA_SOURCES.md seccion 12."}},{"type":"Feature","geometry":{"type":"LineString","coordinates":[[-64.1686,10.8279],[-64.2034,10.8273],[-64.2183,10.821],[-64.2209,10.8065],[-64.2018,10.7971],[-64.1748,10.7992],[-64.1559,10.812],[-64.1595,10.8249],[-64.1686,10.8279]]},"properties":{"id":"LIM-VEN","nombre":"Venezuela","tipo":"limite","nivel":"pais","sector":"contexto","estado":"desconocido","fuente":"geoBoundaries gbOpen VEN ADM0 (Natural Earth), CC BY 4.0","confianza":"media","ultima_verificacion":"2026-09-09","notas":"Frontera oriental segun la linea administrada de facto: no incluye la Guayana Esequiba, en disputa. Ver docs/DATA_SOURCES.md seccion 12."}},{"type":"Feature","geometry":{"type":"LineString","coordinates":[[-64.6923,4.211],[-64.647,4.2143],[-64.6466,4.2341],[-64.6218,4.2918],[-64.6355,4.3378],[-64.6591,4.3602],[-64.6965,4.4162],[-64.678,4.4511],[-64.606,4.4575],[-64.595,4.526],[-64.6025,4.5646],[-64.5493,4.637],[-64.563,4.6781],[-64.6015,4.6879],[-64.6437,4.6604],[-64.6958,4.6516],[-64.7182,4.6727],[-64.7443,4.6677],[-64.7727,4.6365],[-64.7888,4.5966],[-64.8495,4.5703],[-64.9029,4.5851],[-64.9627,4.6771],[-65.015,4.7056],[-65.0611,4.7727],[-65.1034,4.8211],[-65.1247,4.8659],[-65.1263,4.9619],[-65.0871,5.0304],[-65.1264,5.0302],[-65.1336,5.044],[-65.141,5.077],[-65.1324,5.1101],[-65.1341,5.1333],[-65.1536,5.1765],[-65.1689,5.1845],[-65.2219,5.143],[-65.2825,5.2675],[-65.2689,5.2937],[-65.2205,5.3001],[-65.1772,5.3314],[-65.1258,5.3473],[-65.1081,5.3654],[-65.1065,5.3746],[-65.1065,5.3832],[-65.1414,5.4062],[-65.1553,5.4444],[-65.1442,5.4946],[-65.1493,5.5382],[-65.1942,5.5704],[-65.2242,5.6263],[-65.2417,5.64],[-65.2529,5.6623],[-65.2097,5.7223],[-65.2056,5.7513],[-65.222,5.7637],[-65.2844,5.7684],[-65.3446,5.74],[-65.3559,5.7131],[-65.3639,5.7096],[-65.3863,5.7098],[-65.3916,5.7325],[-65.3763,5.7365],[-65.397,5.7396],[-65.4403,5.7325],[-65.4751,5.7085],[-65.4972,5.6793],[-65.505,5.6815],[-65.5133,5.6967],[-65.5213,5.6948],[-65.5314,5.6778],[-65.5489,5.6875],[-65.564,5.7305],[-65.5905,5.7752],[-65.6011,5.8121],[-65.6031,5.8258],[-65.5945,5.8547],[-65.632,5.885],[-65.6331,5.8923],[-65.6111,5.9243],[-65.5983,5.9712],[-65.603,6.0014],[-65.5618,6.0907],[-65.576,6.1397],[-65.5957,6.1504],[-65.6217,6.1543],[-65.6485,6.1325],[-65.7195,6.1108],[-65.7763,6.1174],[-65.8344,6.0981],[-65.8453,6.0732],[-65.8575,5.9976],[-65.8991,5.9483],[-65.9131,5.908],[-65.9352,5.8905],[-65.9492,5.8578],[-65.9849,5.838],[-65.9864,5.8048],[-66.0075,5.7976],[-66.0286,5.7785],[-66.0343,5.7197],[-66.063,5.7174],[-66.2903,5.7754],[-66.3115,5.7851],[-66.3421,5.8224],[-66.4048,5.7687],[-66.451,5.7875],[-66.483,5.7873],[-66.4828,5.7786],[-66.5331,5.7629],[-66.5851,5.7352],[-66.636,5.7436],[-66.7022,5.718],[-66.8566,5.6837],[-66.9144,5.6569],[-66.9153,5.667],[-66.9247,5.6715],[-66.9367,5.692],[-66.9581,5.6691],[-66.9432,5.6462],[-66.999,5.6355],[-67.0415,5.6787],[-67.0604,5.7171],[-67.0963,5.7342],[-67.1016,5.749],[-67.1292,5.7494],[-67.1291,5.7235],[-67.1366,5.7267],[-67.1619,5.715],[-67.1762,5.7161],[-67.1779,5.7103],[-67.1971,5.7042],[-67.2079,5.7071],[-67.2155,5.7259],[-67.2076,5.7962],[-67.1846,5.861],[-67.1869,5.8847],[-67.1597,5.8979],[-67.1343,5.9826],[-67.1308,6.0149],[-67.1198,6.0299],[-67.1261,6.0497],[-67.1737,6.1078],[-67.1891,6.1186],[-67.2247,6.1223],[-67.2525,6.1082],[-67.2732,6.109],[-67.277,6.116],[-67.2837,6.1144],[-67.3083,6.1487],[-67.3442,6.149],[-67.3691,6.1253],[-67.3989,6.1295],[-67.4084,6.1382],[-67.407,6.1548],[-67.4175,6.1692],[-67.4284,6.1725],[-67.44,6.1974],[-67.4559,6.1914],[-67.486,6.1635],[-67.4937,6.1399],[-67.492,6.1237],[-67.4599,6.0632],[-67.4276,6.0384],[-67.4278,6.0264],[-67.4124,6.0115],[-67.41,5.9948],[-67.4166,5.984],[-67.463,5.9588],[-67.478,5.9368],[-67.5322,5.9045],[-67.5633,5.8593],[-67.5974,5.8278],[-67.6194,5.7482],[-67.6311,5.7323],[-67.638,5.6747],[-67.6202,5.5663],[-67.5989,5.5441],[-67.6049,5.5255],[-67.619,5.5126],[-67.6249,5.4762],[-67.6809,5.4279],[-67.7074,5.4193],[-67.7268,5.397],[-67.7999,5.3585],[-67.8495,5.304],[-67.8493,5.2739],[-67.8239,5.251],[-67.8308,5.224],[-67.8244,5.1961],[-67.8379,5.1779],[-67.8543,5.1352],[-67.8221,5.0839],[-67.8219,5.0659],[-67.8059,5.054],[-67.8197,5.0288],[-67.8233,4.9771],[-67.8387,4.9435],[-67.8357,4.8816],[-67.8233,4.8399],[-67.8264,4.7675],[-67.8178,4.7072],[-67.8449,4.6451],[-67.8461,4.5938],[-67.8393,4.5575],[-67.8552,4.539],[-67.8572,4.5247],[-67.8398,4.5054],[-67.8176,4.4965],[-67.7992,4.4798],[-67.7918,4.467],[-67.7978,4.4371],[-67.7732,4.419],[-67.7815,4.3924],[-67.7616,4.3493],[-67.7638,4.3411],[-67.791,4.34],[-67.804,4.3273],[-67.8057,4.3152],[-67.7913,4.2766],[-67.797,4.2297],[-67.7766,4.2042],[-67.7684,4.1623],[-67.742,4.1392],[-67.7332,4.1229],[-67.7185,4.0627],[-67.7016,4.0342],[-67.6915,3.9326],[-67.6812,3.913],[-67.6629,3.8971],[-67.6502,3.8689],[-67.645,3.8151],[-67.6344,3.7856],[-67.6227,3.7779],[-67.6068,3.7521],[-67.5446,3.7554],[-67.5191,3.7752],[-67.5013,3.7674],[-67.4866,3.7427],[-67.4792,3.7048],[-67.466,3.6847],[-67.448,3.6765],[-67.453,3.6551],[-67.4389,3.6432],[-67.4488,3.6115],[-67.4441,3.5852],[-67.4332,3.5779],[-67.4307,3.5622],[-67.412,3.5389],[-67.4015,3.48],[-67.3946,3.4716],[-67.3698,3.467],[-67.3392,3.451],[-67.3108,3.3779],[-67.325,3.3639],[-67.3364,3.3317],[-67.3816,3.2926],[-67.3812,3.2484],[-67.4349,3.2485],[-67.8628,2.8649],[-67.8641,2.7895],[-67.838,2.7933],[-67.8256,2.8234],[-67.8109,2.8322],[-67.7826,2.8267],[-67.7399,2.8378],[-67.7356,2.8169],[-67.6583,2.7966],[-67.6379,2.8103],[-67.617,2.8132],[-67.5862,2.7791],[-67.5843,2.7439],[-67.5638,2.7261],[-67.5692,2.6761],[-67.5619,2.6558],[-67.5543,2.6536],[-67.5389,2.6683],[-67.5232,2.6734],[-67.4867,2.667],[-67.4676,2.6194],[-67.4498,2.6187],[-67.4147,2.5833],[-67.3921,2.5736],[-67.3833,2.544],[-67.3425,2.5225],[-67.3345,2.4957],[-67.3031,2.4612],[-67.2971,2.4419],[-67.2766,2.4297],[-67.2592,2.4283],[-67.2162,2.3924],[-67.1861,2.3405],[-67.2164,2.3053],[-67.214,2.2807],[-67.2214,2.2525],[-67.2025,2.2233],[-67.1907,2.1775],[-67.1616,2.1328],[-67.1476,2.1256],[-67.1217,2.137],[-67.108,2.1193],[-67.097,2.0524],[-67.1145,2.0215],[-67.123,1.9769],[-67.1139,1.9749],[-67.1036,1.9583],[-67.0738,1.9365],[-67.0653,1.9206],[-67.0469,1.8597],[-67.0354,1.8455],[-67.0377,1.809],[-67.0324,1.7847],[-67.0145,1.7588],[-67.013,1.7409],[-66.9896,1.6906],[-66.9706,1.6805],[-66.9624,1.6686],[-66.9587,1.6228],[-66.9629,1.5906],[-66.9423,1.5752],[-66.9208,1.531],[-66.9082,1.4819],[-66.9092,1.4182],[-66.9016,1.4091],[-66.8748,1.3981],[-66.8561,1.3697],[-66.8472,1.3227],[-66.8502,1.3147],[-66.8765,1.3005],[-66.8812,1.2866],[-66.8759,1.2635],[-66.8558,1.2434],[-66.8416,1.2062],[-66.3211,0.7342],[-66.2132,0.7654],[-66.1535,0.7366],[-66.1221,0.7368],[-66.066,0.7878],[-65.9885,0.7878],[-65.9599,0.7968],[-65.941,0.8216],[-65.9276,0.8548],[-65.8958,0.8714],[-65.8821,0.9191],[-65.8083,0.9347],[-65.7635,0.9526],[-65.7401,0.9811],[-65.7235,0.9889],[-65.6733,0.9804],[-65.6535,0.9903],[-65.6272,0.9761],[-65.6119,0.994],[-65.5558,0.9712],[-65.5051,0.848],[-65.507,0.8204],[-65.58,0.7319],[-65.5912,0.7009],[-65.5885,0.6809],[-65.5626,0.6458],[-65.5458,0.6346],[-65.5206,0.6522],[-65.4468,0.6678],[-65.432,0.6816],[-65.4012,0.7502],[-65.4064,0.8101],[-65.3934,0.8314],[-65.3579,0.8633],[-65.3244,0.9122],[-65.299,0.9206],[-65.2699,0.9197],[-65.2395,0.9016],[-65.2247,0.9078],[-65.1984,0.9022],[-65.1836,0.9155],[-65.1657,0.978],[-65.1608,1.0739],[-65.1385,1.1136],[-65.1023,1.1315],[-65.0669,1.1112],[-65.0617,1.0942],[-65.0435,1.0823],[-65.0144,1.0896],[-65.0155,1.1337],[-64.9993,1.1502],[-64.9759,1.164],[-64.9599,1.1878],[-64.911,1.2153],[-64.8774,1.2107],[-64.8667,1.219],[-64.8398,1.2729],[-64.8211,1.2834],[-64.7995,1.2839],[-64.7852,1.2769],[-64.7871,1.2349],[-64.7779,1.2195],[-64.7552,1.2071],[-64.7383,1.2071],[-64.7215,1.2181],[-64.7062,1.2608],[-64.6416,1.2844],[-64.5842,1.3249],[-64.5574,1.3912],[-64.5385,1.4004],[-64.5135,1.4373],[-64.4611,1.4519],[-64.3873,1.5076],[-64.3594,1.5062],[-64.3469,1.5004],[-64.341,1.4882],[-64.3687,1.4254],[-64.3915,1.4096],[-64.3983,1.3924],[-64.3943,1.377],[-64.3548,1.3585],[-64.3403,1.3429],[-64.3296,1.3452],[-64.3123,1.4129],[-64.303,1.4349],[-64.2843,1.4546],[-64.1957,1.5045],[-64.1758,1.5412],[-64.0993,1.5705],[-64.0719,1.6134],[-64.0601,1.6804],[-64.0614,1.7674],[-64.0518,1.8081],[-64.0569,1.8522],[-64.0463,1.8859],[-64.0448,1.9197],[-63.994,1.9655],[-63.9666,1.9767],[-63.879,1.9767],[-63.8638,1.9733],[-63.8416,1.9562],[-63.8019,1.9789],[-63.7562,1.9765],[-63.7017,2.0271],[-63.6585,2.0098],[-63.6525,2.0394],[-63.6281,2.0529],[-63.6082,2.0921],[-63.5576,2.1147],[-63.4937,2.107],[-63.4642,2.1299],[-63.4028,2.1235],[-63.3903,2.1365],[-63.3905,2.188],[-63.3695,2.2118],[-63.361,2.2345],[-63.356,2.2963],[-63.3724,2.3458],[-63.3523,2.3763],[-63.3495,2.3919],[-63.3729,2.3995],[-63.4343,2.3997],[-63.4711,2.415],[-63.5356,2.4099],[-63.606,2.436],[-63.6595,2.4446],[-63.6784,2.4396],[-63.7087,2.4167],[-63.8246,2.3991],[-63.9155,2.4377],[-63.953,2.4605],[-64.0024,2.4553],[-64.0231,2.4645],[-64.0453,2.4954],[-64.0322,2.5503],[-64.0015,2.5934],[-63.9841,2.631],[-63.9933,2.6791],[-63.9933,2.7549],[-64.0025,2.7807],[-64.0504,2.8244],[-64.0695,2.852],[-64.0793,2.912],[-64.1131,2.9433],[-64.1443,3.0199],[-64.1648,3.0489],[-64.2195,3.0929],[-64.2274,3.117],[-64.2274,3.1334],[-64.2076,3.1862],[-64.2078,3.2039],[-64.2163,3.2719],[-64.2296,3.322],[-64.228,3.3793],[-64.2382,3.417],[-64.1944,3.4955],[-64.1804,3.5476],[-64.2296,3.6275],[-64.2685,3.6604],[-64.2789,3.6857],[-64.293,3.7],[-64.3637,3.7463],[-64.438,3.7804],[-64.4781,3.7899],[-64.5058,3.8233],[-64.5479,3.8534],[-64.5737,3.9151],[-64.6079,3.942],[-64.6219,3.9713],[-64.626,3.9968],[-64.636,4.0022],[-64.6614,3.9983],[-64.6671,4.0074],[-64.6927,4.0185],[-64.694,4.0304],[-64.6792,4.0353],[-64.6753,4.044],[-64.6845,4.0669],[-64.6893,4.0667],[-64.6929,4.0516],[-64.7169,4.0419],[-64.7488,4.0545],[-64.7624,4.0822],[-64.7489,4.1043],[-64.7491,4.1156],[-64.7337,4.1323],[-64.7549,4.1391],[-64.7947,4.1683],[-64.7844,4.2312],[-64.7724,4.239],[-64.8056,4.2767],[-64.8059,4.2863],[-64.7913,4.3074],[-64.7258,4.2641],[-64.7023,4.2365],[-64.6923,4.211]]},"properties":{"id":"LIM-VE-Z","nombre":"Amazonas","tipo":"limite","nivel":"estado","sector":"contexto","estado":"desconocido","fuente":"geoBoundaries gbOpen VEN ADM1 (OCHA Venezuela / Instituto Nacional de Estadistica), CC BY 4.0","confianza":"media","ultima_verificacion":"2026-09-09"}},{"type":"Feature","geometry":{"type":"LineString","coordinates":[[-64.9324,10.1557],[-64.943,10.1528],[-64.934,10.1517],[-64.9291,10.1437],[-64.9119,10.1464],[-64.9324,10.1557]]},"properties":{"id":"LIM-VE-B","nombre":"Anzoátegui","tipo":"limite","nivel":"estado","sector":"contexto","estado":"desconocido","fuente":"geoBoundaries gbOpen VEN ADM1 (OCHA Venezuela / Instituto Nacional de Estadistica), CC BY 4.0","confianza":"media","ultima_verificacion":"2026-09-09"}},{"type":"Feature","geometry":{"type":"LineString","coordinates":[[-64.9637,10.1686],[-64.9772,10.1647],[-64.9404,10.1625],[-64.9637,10.1686]]},"properties":{"id":"LIM-VE-B","nombre":"Anzoátegui","tipo":"limite","nivel":"estado","sector":"contexto","estado":"desconocido","fuente":"geoBoundaries gbOpen VEN ADM1 (OCHA Venezuela / Instituto Nacional de Estadistica), CC BY 4.0","confianza":"media","ultima_verificacion":"2026-09-09"}},{"type":"Feature","geometry":{"type":"LineString","coordinates":[[-64.5307,10.2533],[-64.5277,10.2452],[-64.5409,10.2372],[-64.5475,10.2536],[-64.5568,10.2505],[-64.5574,10.2429],[-64.5775,10.2374],[-64.5833,10.2433],[-64.5809,10.2564],[-64.5923,10.2546],[-64.5887,10.2425],[-64.6044,10.246],[-64.5984,10.251],[-64.601,10.2572],[-64.6239,10.2545],[-64.6286,10.2503],[-64.6076,10.2485],[-64.6346,10.2397],[-64.6333,10.2289],[-64.6433,10.2157],[-64.6765,10.203],[-64.7066,10.2066],[-64.7071,10.2249],[-64.7135,10.2051],[-64.699,10.2023],[-64.6963,10.1942],[-64.7006,10.1792],[-64.7119,10.1696],[-64.7083,10.1562],[-64.7173,10.1308],[-64.7612,10.1003],[-64.821,10.0853],[-64.8848,10.0852],[-64.9492,10.0983],[-64.9923,10.0774],[-65.0525,10.0609],[-65.0734,10.0617],[-65.1208,10.0713],[-65.1934,10.098],[-65.4314,10.1405],[-65.4286,10.1305],[-65.439,10.124],[-65.4392,10.1165],[-65.4515,10.1149],[-65.4536,10.0924],[-65.4919,10.0801],[-65.4865,10.0744],[-65.4887,10.0677],[-65.4965,10.072],[-65.4951,10.063],[-65.5057,10.0669],[-65.5102,10.0583],[-65.5289,10.0536],[-65.5432,10.0217],[-65.5531,10.0154],[-65.5545,10.0021],[-65.5856,10.0083],[-65.6039,10.002],[-65.6022,9.9789],[-65.6072,9.9709],[-65.627,9.9681],[-65.6366,9.9504],[-65.6661,9.9535],[-65.6724,9.9689],[-65.6916,9.9796],[-65.7082,9.9762],[-65.7177,9.9621],[-65.7131,9.9146],[-65.7235,9.89],[-65.7167,9.8642],[-65.7063,9.8586],[-65.7055,9.8426],[-65.713,9.8373],[-65.6878,9.8028],[-65.6781,9.799],[-65.6707,9.7736],[-65.6979,9.6873],[-65.6476,9.6328],[-65.647,9.56],[-65.5016,9.5584],[-65.4302,9.6543],[-65.4103,9.6228],[-65.4048,9.5959],[-65.3837,9.5829],[-65.3635,9.5569],[-65.3445,9.5479],[-65.3164,9.5181],[-65.3092,9.5136],[-65.2594,9.5148],[-65.246,9.5107],[-65.2397,9.4994],[-65.2241,9.5012],[-65.2208,9.489],[-65.2143,9.4869],[-65.2128,9.469],[-65.2019,9.4755],[-65.2112,9.4656],[-65.2039,9.4638],[-65.2119,9.4602],[-65.2035,9.4581],[-65.2016,9.4368],[-65.2141,9.4374],[-65.2081,9.4329],[-65.2131,9.4253],[-65.2258,9.4278],[-65.2384,9.4115],[-65.23,9.403],[-65.2396,9.3964],[-65.2512,9.4016],[-65.2491,9.3888],[-65.2585,9.3947],[-65.2726,9.379],[-65.2849,9.3826],[-65.2895,9.3716],[-65.2983,9.3773],[-65.309,9.371],[-65.2977,9.3678],[-65.2875,9.3518],[-65.303,9.3537],[-65.3139,9.3464],[-65.2981,9.341],[-65.2935,9.3301],[-65.2789,9.3293],[-65.2763,9.3101],[-65.2712,9.3091],[-65.2747,9.304],[-65.2617,9.2948],[-65.2729,9.2845],[-65.2634,9.2677],[-65.2551,9.2646],[-65.2572,9.26],[-65.2489,9.2648],[-65.2388,9.2611],[-65.2378,9.2335],[-65.218,9.2357],[-65.2217,9.2261],[-65.2169,9.2283],[-65.2007,9.2096],[-65.206,9.2081],[-65.2058,9.1947],[-65.1927,9.1848],[-65.1962,9.1793],[-65.1911,9.1813],[-65.1907,9.1748],[-65.1877,9.1792],[-65.1887,9.1713],[-65.1559,9.1643],[-65.1435,9.173],[-65.1408,9.1662],[-65.1396,9.1714],[-65.1372,9.1663],[-65.1169,9.1705],[-65.1119,9.1657],[-65.1025,9.173],[-65.0876,9.1718],[-65.0845,9.1629],[-65.0753,9.1607],[-65.0771,9.1539],[-65.0712,9.155],[-65.0726,9.149],[-65.0703,9.1529],[-65.0457,9.134],[-65.0301,9.1351],[-65.0207,9.12],[-64.985,9.1151],[-64.9685,9.094],[-64.9713,9.0762],[-64.9607,9.0721],[-64.9612,9.062],[-64.9551,9.0578],[-64.9457,9.0591],[-64.9465,9.0453],[-64.9412,9.0459],[-64.9574,9.0098],[-64.9443,9.0114],[-64.9338,8.9884],[-64.9233,8.9883],[-64.924,8.9831],[-64.9079,8.9866],[-64.8967,8.9717],[-64.8899,8.9733],[-64.8752,8.9403],[-64.8602,8.9395],[-64.8441,8.9243],[-64.8196,8.9135],[-64.7765,8.8682],[-64.7811,8.8582],[-64.7744,8.8375],[-64.7806,8.8134],[-64.8503,8.6965],[-64.895,8.7142],[-64.9185,8.7469],[-64.9377,8.7429],[-64.9814,8.7506],[-65.0202,8.7384],[-65.0527,8.7467],[-65.0642,8.7608],[-65.0758,8.7592],[-65.08,8.7645],[-65.1073,8.7478],[-65.1217,8.7444],[-65.1332,8.7489],[-65.1505,8.7345],[-65.1502,8.7201],[-65.1715,8.703],[-65.1685,8.6766],[-65.1608,8.6732],[-65.1723,8.6518],[-65.1636,8.6268],[-65.1471,8.6094],[-65.1534,8.6034],[-65.1462,8.5992],[-65.1506,8.5885],[-65.1443,8.5746],[-65.1504,8.5707],[-65.1469,8.5582],[-65.1539,8.5529],[-65.1476,8.5472],[-65.1573,8.543],[-65.151,8.5337],[-65.1615,8.5282],[-65.1581,8.5135],[-65.1819,8.4784],[-65.1759,8.4676],[-65.1838,8.4541],[-65.178,8.4551],[-65.178,8.4483],[-65.188,8.4401],[-65.1794,8.4336],[-65.1863,8.4329],[-65.1956,8.4214],[-65.1952,8.4117],[-65.2004,8.4117],[-65.2045,8.3944],[-65.1963,8.3901],[-65.2061,8.379],[-65.2032,8.3692],[-65.2105,8.3654],[-65.2133,8.3698],[-65.217,8.357],[-65.2262,8.3576],[-65.2261,8.3434],[-65.2366,8.3316],[-65.2482,8.3275],[-65.2557,8.3324],[-65.2675,8.3142],[-65.2714,8.316],[-65.2746,8.311],[-65.2681,8.298],[-65.2784,8.2993],[-65.2854,8.2803],[-65.2802,8.2769],[-65.2885,8.2763],[-65.2979,8.2667],[-65.2981,8.2571],[-65.3109,8.2496],[-65.3094,8.2339],[-65.3281,8.2327],[-65.325,8.2221],[-65.3354,8.2248],[-65.3327,8.2194],[-65.3444,8.2142],[-65.3415,8.2081],[-65.3517,8.2092],[-65.3461,8.2014],[-65.3531,8.1997],[-65.3591,8.2072],[-65.366,8.2011],[-65.3632,8.1898],[-65.3771,8.1841],[-65.3657,8.1772],[-65.3768,8.1685],[-65.3885,8.1718],[-65.3758,8.1575],[-65.3911,8.1299],[-65.4,8.1259],[-65.3982,8.1168],[-65.421,8.1059],[-65.4491,8.0521],[-65.4798,8.044],[-65.4775,8.03],[-65.4897,8.0257],[-65.4826,8.0097],[-65.4974,7.99],[-65.4879,7.9656],[-65.4991,7.9627],[-65.5041,7.9389],[-65.4954,7.9192],[-65.4827,7.9176],[-65.4714,7.9242],[-65.4733,7.9188],[-65.4611,7.9165],[-65.42,7.9157],[-65.3875,7.8947],[-65.3713,7.8739],[-65.3668,7.8565],[-65.3107,7.8517],[-65.2828,7.8323],[-65.2466,7.8322],[-65.1899,7.8204],[-65.0923,7.7839],[-65.0192,7.7678],[-65.0011,7.7563],[-64.9949,7.7325],[-64.9648,7.7063],[-64.9093,7.6727],[-64.8637,7.6585],[-64.7844,7.6742],[-64.7482,7.69],[-64.6756,7.7426],[-64.6339,7.7571],[-64.5938,7.7646],[-64.5483,7.7609],[-64.5098,7.7689],[-64.4962,7.7845],[-64.4631,7.8046],[-64.4536,7.8283],[-64.4654,7.8382],[-64.5022,7.8575],[-64.5727,7.8815],[-64.5797,7.9112],[-64.5618,7.9713],[-64.5456,7.989],[-64.4677,8.0315],[-64.4423,8.0302],[-64.4048,7.9966],[-64.3721,8.0058],[-64.3617,8.0137],[-64.3374,8.0658],[-64.3184,8.084],[-64.2986,8.0926],[-64.2449,8.0935],[-64.23,8.0849],[-64.2128,8.0599],[-64.1593,8.0084],[-64.1128,7.9969],[-64.0817,7.9638],[-64.0709,7.9659],[-64.0541,7.9504],[-64.0257,7.9425],[-64.0005,7.9433],[-63.9838,7.9583],[-63.9317,7.9761],[-63.9212,7.9966],[-63.8904,8.026],[-63.8786,8.0538],[-63.8559,8.076],[-63.8242,8.1342],[-63.7386,8.1397],[-63.7118,8.1465],[-63.6776,8.1689],[-63.6542,8.1613],[-63.6375,8.1674],[-63.5813,8.1483],[-63.5068,8.1669],[-63.4763,8.1606],[-63.4615,8.1734],[-63.4317,8.1793],[-63.386,8.2271],[-63.3445,8.2378],[-63.3336,8.2348],[-63.2908,8.262],[-63.2775,8.262],[-63.2564,8.2918],[-63.2304,8.3058],[-63.1838,8.316],[-62.9838,8.3181],[-62.9486,8.3106],[-62.9296,8.2929],[-62.9004,8.2811],[-62.8851,8.2829],[-62.8429,8.2993],[-62.8175,8.3219],[-62.7671,8.39],[-62.7524,8.3949],[-62.7281,8.3841],[-62.6798,8.3824],[-62.7001,8.4112],[-62.7212,8.423],[-62.7272,8.4514],[-62.7148,8.4715],[-62.7286,8.4751],[-62.7257,8.4787],[-63.0013,8.5473],[-63.0392,8.5987],[-63.0462,8.7034],[-63.0253,8.7495],[-63.0033,8.7518],[-63.002,8.7743],[-63.2118,8.7616],[-63.2287,8.7722],[-63.2501,8.7622],[-63.2779,8.7598],[-63.3145,8.7833],[-63.3419,8.7654],[-63.3646,8.9478],[-63.3811,8.9657],[-63.3806,8.9773],[-63.3875,8.9764],[-63.3873,8.9885],[-63.3978,8.99],[-63.3944,8.9966],[-63.4022,9.0039],[-63.4073,8.9974],[-63.4178,9.0084],[-63.4278,9.0045],[-63.4303,9.0142],[-63.4422,9.004],[-63.4525,9.0256],[-63.4592,9.0122],[-63.4676,9.0246],[-63.4744,9.018],[-63.4755,9.0319],[-63.49,9.0349],[-63.4816,9.0481],[-63.484,9.0572],[-63.4932,9.0601],[-63.4903,9.0562],[-63.5014,9.0482],[-63.5121,9.0641],[-63.5091,9.0715],[-63.5173,9.0752],[-63.5158,9.0697],[-63.5264,9.0658],[-63.5228,9.0753],[-63.5343,9.0772],[-63.5425,9.092],[-63.5461,9.086],[-63.5675,9.0933],[-63.5665,9.1039],[-63.587,9.1057],[-63.5871,9.0994],[-63.5926,9.1038],[-63.5993,9.0975],[-63.6086,9.1178],[-63.602,9.1211],[-63.6085,9.1356],[-63.606,9.1459],[-63.6249,9.1542],[-63.6347,9.149],[-63.6515,9.1591],[-63.6804,9.1578],[-63.6767,9.1644],[-63.6874,9.1624],[-63.696,9.1826],[-63.7251,9.201],[-63.7316,9.1957],[-63.744,9.2],[-63.7485,9.214],[-63.7615,9.223],[-63.7813,9.2264],[-63.7913,9.2172],[-63.8071,9.2165],[-63.8272,9.2288],[-63.8374,9.2284],[-63.861,9.213],[-63.8864,9.2077],[-63.9103,9.1896],[-63.9185,9.2583],[-63.9383,9.2859],[-63.9569,9.299],[-63.9717,9.339],[-63.9726,9.4146],[-63.8253,9.5435],[-63.936,9.6869],[-63.9604,9.7409],[-63.9604,9.7728],[-63.946,9.7885],[-63.9447,9.799],[-63.9544,9.8234],[-63.936,9.8446],[-63.9109,9.8489],[-63.9569,9.8964],[-63.9768,9.8998],[-63.9882,9.9211],[-63.9851,9.9391],[-64.0044,9.9305],[-64.0149,9.9375],[-64.0377,9.9302],[-64.0469,9.9786],[-64.0627,10.0055],[-64.0564,10.0279],[-64.0612,10.0519],[-64.0494,10.053],[-64.0167,10.0399],[-63.9572,10.0554],[-63.96,10.1011],[-64.0379,10.1195],[-64.0482,10.1149],[-64.053,10.0989],[-64.0606,10.0961],[-64.0861,10.0977],[-64.1781,10.0685],[-64.2525,10.0612],[-64.2721,10.0627],[-64.2731,10.079],[-64.2933,10.0957],[-64.3205,10.0927],[-64.3324,10.082],[-64.351,10.0796],[-64.3523,10.085],[-64.3678,10.0866],[-64.3654,10.097],[-64.3843,10.0982],[-64.3927,10.1069],[-64.3847,10.1143],[-64.396,10.1159],[-64.3992,10.1337],[-64.4205,10.1377],[-64.4437,10.1264],[-64.4422,10.1887],[-64.4875,10.1961],[-64.497,10.2137],[-64.5142,10.2188],[-64.5126,10.2362],[-64.5307,10.2533]]},"properties":{"id":"LIM-VE-B","nombre":"Anzoátegui","tipo":"limite","nivel":"estado","sector":"contexto","estado":"desconocido","fuente":"geoBoundaries gbOpen VEN ADM1 (OCHA Venezuela / Instituto Nacional de Estadistica), CC BY 4.0","confianza":"media","ultima_verificacion":"2026-09-09"}},{"type":"Feature","geometry":{"type":"LineString","coordinates":[[-64.7447,10.2631],[-64.7466,10.2692],[-64.7521,10.2649],[-64.7447,10.2631]]},"properties":{"id":"LIM-VE-B","nombre":"Anzoátegui","tipo":"limite","nivel":"estado","sector":"contexto","estado":"desconocido","fuente":"geoBoundaries gbOpen VEN ADM1 (OCHA Venezuela / Instituto Nacional de Estadistica), CC BY 4.0","confianza":"media","ultima_verificacion":"2026-09-09"}},{"type":"Feature","geometry":{"type":"LineString","coordinates":[[-64.5439,10.2708],[-64.5513,10.2734],[-64.5535,10.2637],[-64.5431,10.2561],[-64.5389,10.2678],[-64.5439,10.2708]]},"properties":{"id":"LIM-VE-B","nombre":"Anzoátegui","tipo":"limite","nivel":"estado","sector":"contexto","estado":"desconocido","fuente":"geoBoundaries gbOpen VEN ADM1 (OCHA Venezuela / Instituto Nacional de Estadistica), CC BY 4.0","confianza":"media","ultima_verificacion":"2026-09-09"}},{"type":"Feature","geometry":{"type":"LineString","coordinates":[[-64.6149,10.2742],[-64.6354,10.2712],[-64.6398,10.2686],[-64.6343,10.2659],[-64.6365,10.2606],[-64.6434,10.2573],[-64.6356,10.2567],[-64.6315,10.2668],[-64.6149,10.2742]]},"properties":{"id":"LIM-VE-B","nombre":"Anzoátegui","tipo":"limite","nivel":"estado","sector":"contexto","estado":"desconocido","fuente":"geoBoundaries gbOpen VEN ADM1 (OCHA Venezuela / Instituto Nacional de Estadistica), CC BY 4.0","confianza":"media","ultima_verificacion":"2026-09-09"}},{"type":"Feature","geometry":{"type":"LineString","coordinates":[[-64.5971,10.2935],[-64.6087,10.2921],[-64.6016,10.2875],[-64.5866,10.2913],[-64.5971,10.2935]]},"properties":{"id":"LIM-VE-B","nombre":"Anzoátegui","tipo":"limite","nivel":"estado","sector":"contexto","estado":"desconocido","fuente":"geoBoundaries gbOpen VEN ADM1 (OCHA Venezuela / Instituto Nacional de Estadistica), CC BY 4.0","confianza":"media","ultima_verificacion":"2026-09-09"}},{"type":"Feature","geometry":{"type":"LineString","coordinates":[[-64.675,10.2964],[-64.6792,10.3037],[-64.683,10.2994],[-64.6797,10.2893],[-64.675,10.2964]]},"properties":{"id":"LIM-VE-B","nombre":"Anzoátegui","tipo":"limite","nivel":"estado","sector":"contexto","estado":"desconocido","fuente":"geoBoundaries gbOpen VEN ADM1 (OCHA Venezuela / Instituto Nacional de Estadistica), CC BY 4.0","confianza":"media","ultima_verificacion":"2026-09-09"}},{"type":"Feature","geometry":{"type":"LineString","coordinates":[[-64.6329,10.3018],[-64.6658,10.3021],[-64.6645,10.2927],[-64.6752,10.2853],[-64.6603,10.287],[-64.659,10.2924],[-64.6434,10.2843],[-64.6261,10.2849],[-64.6278,10.2791],[-64.6116,10.2798],[-64.6092,10.2854],[-64.6281,10.289],[-64.6218,10.2957],[-64.6329,10.3018]]},"properties":{"id":"LIM-VE-B","nombre":"Anzoátegui","tipo":"limite","nivel":"estado","sector":"contexto","estado":"desconocido","fuente":"geoBoundaries gbOpen VEN ADM1 (OCHA Venezuela / Instituto Nacional de Estadistica), CC BY 4.0","confianza":"media","ultima_verificacion":"2026-09-09"}},{"type":"Feature","geometry":{"type":"LineString","coordinates":[[-64.7297,10.3081],[-64.7431,10.3118],[-64.7576,10.2879],[-64.763,10.2902],[-64.7435,10.271],[-64.7347,10.2787],[-64.7297,10.3081]]},"properties":{"id":"LIM-VE-B","nombre":"Anzoátegui","tipo":"limite","nivel":"estado","sector":"contexto","estado":"desconocido","fuente":"geoBoundaries gbOpen VEN ADM1 (OCHA Venezuela / Instituto Nacional de Estadistica), CC BY 4.0","confianza":"media","ultima_verificacion":"2026-09-09"}},{"type":"Feature","geometry":{"type":"LineString","coordinates":[[-67.44,6.1974],[-67.4147,6.2445],[-67.3239,6.2779],[-67.2789,6.3489],[-67.2094,6.4159],[-67.173,6.4407],[-67.1544,6.4674],[-67.12,6.5958],[-67.1174,6.6346],[-67.0978,6.6732],[-67.0958,6.7062],[-67.0771,6.7317],[-67.0463,6.7472],[-67.0339,6.7657],[-67.0351,6.8211],[-67.0157,6.8996],[-67.042,6.9611],[-67.0667,6.9967],[-67.0738,7.0262],[-67.0701,7.0866],[-67.0549,7.1116],[-66.9925,7.1811],[-66.9726,7.1891],[-66.9384,7.1883],[-66.9131,7.1747],[-66.8894,7.1706],[-66.8542,7.2027],[-66.8204,7.253],[-66.8012,7.268],[-66.7648,7.2717],[-66.659,7.3044],[-66.622,7.306],[-66.5684,7.3367],[-66.5469,7.3767],[-66.5512,7.3866],[-66.5043,7.4368],[-66.5034,7.4662],[-66.5086,7.4735],[-66.4704,7.5223],[-66.456,7.5674],[-66.4077,7.6042],[-66.3713,7.6159],[-66.3301,7.6468],[-66.3361,7.6701],[-66.3284,7.6866],[-66.339,7.6901],[-66.3579,7.7247],[-66.4052,7.7107],[-66.4839,7.7321],[-66.4867,7.7376],[-66.4772,7.7482],[-66.4766,7.76],[-66.5121,7.7786],[-66.5293,7.8134],[-66.5516,7.8026],[-66.544,7.7861],[-66.553,7.774],[-66.5527,7.7835],[-66.5664,7.7778],[-66.5816,7.7807],[-66.6069,7.7632],[-66.6187,7.7642],[-66.6284,7.7739],[-66.6391,7.7614],[-66.6562,7.7677],[-66.6652,7.7542],[-66.6619,7.7453],[-66.6518,7.7509],[-66.6499,7.7449],[-66.6561,7.7409],[-66.6483,7.7286],[-66.6358,7.7304],[-66.6506,7.6991],[-66.6645,7.6937],[-66.6643,7.7022],[-66.6705,7.705],[-66.6845,7.6979],[-66.6789,7.7141],[-66.6847,7.7213],[-66.6906,7.7025],[-66.7157,7.6899],[-66.7193,7.6955],[-66.7273,7.6936],[-66.7248,7.6867],[-66.7444,7.698],[-66.7749,7.7012],[-66.7775,7.7101],[-66.7836,7.7069],[-66.7892,7.712],[-66.7899,7.703],[-66.8158,7.7315],[-66.8469,7.7357],[-66.8524,7.7217],[-66.8838,7.7276],[-66.8897,7.7464],[-66.9102,7.755],[-66.9376,7.7416],[-66.9652,7.7521],[-66.9699,7.7486],[-66.9679,7.7596],[-66.9754,7.7642],[-67.0056,7.7688],[-67.0082,7.7582],[-67.0494,7.7888],[-67.0933,7.7758],[-67.097,7.7649],[-67.1588,7.76],[-67.156,7.78],[-67.209,7.7734],[-67.2209,7.7785],[-67.2265,7.7942],[-67.2403,7.8054],[-67.2459,7.8004],[-67.2426,7.8088],[-67.256,7.8187],[-67.2588,7.8309],[-67.2764,7.8311],[-67.2859,7.8244],[-67.299,7.8317],[-67.3023,7.8259],[-67.3084,7.8378],[-67.325,7.8475],[-67.3299,7.8677],[-67.3195,7.8813],[-67.3372,7.8872],[-67.3366,7.8927],[-67.3488,7.8802],[-67.3524,7.8826],[-67.3468,7.8899],[-67.3547,7.8935],[-67.36,7.8814],[-67.3663,7.8878],[-67.364,7.8941],[-67.3959,7.914],[-67.3969,7.9085],[-67.415,7.909],[-67.4213,7.8946],[-67.4355,7.8856],[-67.4648,7.9015],[-67.4982,7.9026],[-67.5062,7.924],[-67.5159,7.9196],[-67.5111,7.9191],[-67.5129,7.9129],[-67.519,7.9149],[-67.5302,7.9403],[-67.5603,7.9485],[-67.5968,7.9856],[-67.6511,7.9597],[-67.6436,7.9353],[-67.6649,7.93],[-67.6628,7.9437],[-67.6859,7.942],[-67.6898,7.9212],[-67.7181,7.9098],[-67.7332,7.9179],[-67.7608,7.9047],[-67.7796,7.9089],[-67.794,7.9235],[-67.8037,7.9128],[-67.8289,7.9233],[-67.8444,7.9121],[-67.8567,7.9115],[-67.8709,7.8922],[-67.8859,7.9035],[-67.9101,7.8998],[-67.9133,7.9065],[-67.9358,7.9033],[-67.9478,7.9095],[-67.9703,7.8933],[-67.9872,7.9008],[-68.0094,7.8955],[-68.0253,7.8811],[-68.0437,7.8739],[-68.0485,7.8773],[-68.0627,7.8679],[-68.1244,7.9035],[-68.1442,7.8977],[-68.1662,7.9058],[-68.2024,7.9027],[-68.2165,7.8953],[-68.2225,7.9113],[-68.2403,7.9025],[-68.2488,7.9126],[-68.2641,7.9147],[-68.2691,7.924],[-68.2781,7.9099],[-68.2906,7.9222],[-68.3075,7.904],[-68.3245,7.8967],[-68.3277,7.8843],[-68.3482,7.8806],[-68.385,7.9072],[-68.3852,7.9219],[-68.398,7.9207],[-68.4144,7.9295],[-68.4253,7.9266],[-68.444,7.9379],[-68.4713,7.9273],[-68.506,7.9284],[-68.5175,7.9458],[-68.5395,7.9452],[-68.5635,7.9564],[-68.5839,7.9549],[-68.618,7.9631],[-68.6408,7.9587],[-68.6488,7.9382],[-68.6947,7.9242],[-68.7181,7.9042],[-68.7657,7.9069],[-68.7883,7.8913],[-68.8514,7.9018],[-68.8794,7.8965],[-68.8952,7.9133],[-68.9291,7.9167],[-68.9398,7.9283],[-68.934,7.9526],[-68.9568,7.9679],[-68.9599,7.9903],[-68.9749,8.0055],[-68.9986,7.9938],[-69.0328,8.0011],[-69.0383,7.9791],[-69.0457,7.9728],[-69.0838,7.9995],[-69.115,7.991],[-69.1213,7.9979],[-69.1242,8.0267],[-69.1411,8.0452],[-69.1631,8.0449],[-69.1762,8.0557],[-69.2105,8.0667],[-69.246,8.0582],[-69.2566,8.0648],[-69.3032,8.051],[-69.3566,8.0553],[-69.3751,8.0496],[-69.4214,8.0684],[-69.4431,8.0593],[-69.4922,8.0025],[-69.5215,7.9986],[-69.5364,7.9904],[-69.5452,7.9632],[-69.5595,7.9507],[-69.5649,7.9329],[-69.5954,7.9306],[-69.6061,7.9049],[-69.6304,7.8974],[-69.6825,7.8644],[-69.7279,7.8239],[-69.7536,7.8236],[-69.7905,7.8127],[-69.8173,7.7907],[-69.8432,7.8063],[-69.8971,7.7954],[-69.9083,7.7752],[-69.952,7.7339],[-69.9683,7.751],[-69.9902,7.7433],[-70.0308,7.7466],[-70.0661,7.7231],[-70.0898,7.7217],[-70.0991,7.709],[-70.1115,7.7054],[-70.1185,7.6899],[-70.1458,7.6825],[-70.1561,7.6635],[-70.1519,7.6464],[-70.1693,7.6157],[-70.1964,7.613],[-70.2135,7.5903],[-70.2592,7.6146],[-70.2747,7.6076],[-70.2991,7.6086],[-70.3084,7.5986],[-70.3225,7.6008],[-70.3274,7.5876],[-70.3224,7.5735],[-70.3437,7.5627],[-70.3585,7.5276],[-70.3587,7.4887],[-70.3757,7.4746],[-70.3821,7.4556],[-70.396,7.4428],[-70.415,7.4393],[-70.4407,7.4214],[-70.4774,7.4217],[-70.5109,7.4107],[-70.5156,7.4039],[-70.5095,7.3744],[-70.5166,7.3672],[-70.5286,7.376],[-70.5471,7.3742],[-70.5567,7.3561],[-70.6105,7.3241],[-70.6444,7.3324],[-70.661,7.3223],[-70.6809,7.3201],[-70.694,7.2943],[-70.714,7.2953],[-70.7321,7.306],[-70.7363,7.2947],[-70.7457,7.3001],[-70.7488,7.2864],[-70.7549,7.2963],[-70.7705,7.3034],[-70.7872,7.298],[-70.8092,7.3152],[-70.8308,7.3189],[-70.8427,7.3132],[-70.8392,7.3195],[-70.8745,7.3337],[-70.8835,7.3304],[-70.8757,7.329],[-70.8778,7.3221],[-70.9045,7.3105],[-70.9164,7.3159],[-70.9334,7.3077],[-70.9617,7.3085],[-70.9678,7.3238],[-70.9863,7.3262],[-70.9979,7.3402],[-71.0162,7.3411],[-71.0148,7.3329],[-71.0322,7.3486],[-71.0389,7.3455],[-71.0412,7.3522],[-71.0651,7.348],[-71.0874,7.3685],[-71.0971,7.3659],[-71.1035,7.3711],[-71.11,7.3633],[-71.1189,7.3684],[-71.1282,7.3633],[-71.1609,7.3679],[-71.1772,7.3773],[-71.1784,7.3886],[-71.1903,7.3925],[-71.1985,7.3858],[-71.2028,7.3983],[-71.2186,7.4084],[-71.2157,7.4219],[-71.2414,7.4176],[-71.2435,7.4263],[-71.2524,7.4301],[-71.2727,7.4298],[-71.2785,7.4237],[-71.2787,7.4334],[-71.2884,7.4316],[-71.3066,7.4452],[-71.3204,7.4392],[-71.3316,7.4472],[-71.3489,7.4456],[-71.353,7.4359],[-71.371,7.437],[-71.3951,7.4512],[-71.4046,7.4442],[-71.4109,7.4502],[-71.4123,7.4433],[-71.4257,7.4426],[-71.4554,7.4629],[-71.4544,7.4534],[-71.4671,7.4606],[-71.4696,7.4491],[-71.4805,7.4529],[-71.5022,7.4269],[-71.5183,7.4199],[-71.5347,7.4208],[-71.5406,7.4276],[-71.552,7.4211],[-71.5735,7.4333],[-71.599,7.4177],[-71.6254,7.4415],[-71.6506,7.422],[-71.6813,7.4174],[-71.7125,7.4236],[-71.7314,7.4364],[-71.7481,7.451],[-71.7449,7.4665],[-71.7591,7.469],[-71.7649,7.4783],[-71.7732,7.4671],[-71.8125,7.487],[-71.8235,7.4832],[-71.8374,7.489],[-71.8522,7.4826],[-71.8484,7.4696],[-71.8539,7.4646],[-71.8538,7.4468],[-71.8751,7.4167],[-71.9372,7.3951],[-71.9942,7.363],[-72.036,7.3628],[-72.0586,7.3695],[-72.0761,7.3943],[-72.1033,7.4034],[-72.1289,7.395],[-72.1348,7.3874],[-72.1662,7.3827],[-72.1708,7.4009],[-72.2221,7.434],[-72.2636,7.4232],[-72.3207,7.4351],[-72.3281,7.4259],[-72.34,7.4286],[-72.3474,7.4182],[-72.3653,7.4219],[-72.4135,7.4066],[-72.4138,7.4007],[-72.3493,7.3949],[-72.3255,7.376],[-72.2998,7.3907],[-72.2565,7.3784],[-72.2413,7.3908],[-72.2221,7.3949],[-72.1959,7.3852],[-72.1755,7.3496],[-72.1539,7.3282],[-72.1707,7.2902],[-72.1678,7.2715],[-72.1744,7.2576],[-72.0477,7.0383],[-72.0096,7.0334],[-71.9388,7.0062],[-71.9166,7.0171],[-71.835,7.0257],[-71.8219,7.0371],[-71.8258,7.0556],[-71.8119,7.0624],[-71.7462,7.0657],[-71.7177,7.0539],[-71.7152,7.0354],[-71.705,7.0325],[-71.691,7.0378],[-71.6617,7.0336],[-71.6404,7.0535],[-71.6167,7.0426],[-71.5877,7.0552],[-71.5835,7.0476],[-71.5929,7.0292],[-71.587,7.0164],[-71.5713,7.0274],[-71.5403,7.0347],[-71.512,7.0216],[-71.4985,7.0363],[-71.486,7.0165],[-71.4782,7.0151],[-71.4692,7.0235],[-71.4722,7.0355],[-71.4652,7.0422],[-71.4589,7.0383],[-71.455,7.0098],[-71.4495,7.0117],[-71.4493,7.0275],[-71.4369,7.0242],[-71.4244,7.0389],[-71.3917,7.0359],[-71.379,7.018],[-71.3698,7.0154],[-71.334,7.0169],[-71.2983,7.0291],[-71.2832,7.0245],[-71.2645,7.0321],[-71.2586,7.0191],[-71.2409,7.0118],[-71.2279,7.0274],[-71.2122,7.019],[-71.2003,7.0252],[-71.1915,7.019],[-71.13,7.0327],[-71.1232,7.0131],[-71.1031,7.0069],[-71.1098,7.0021],[-71.1151,7.0067],[-71.1117,6.9899],[-71.0773,6.9808],[-71.0414,6.9821],[-71.022,6.974],[-70.9954,6.9831],[-70.9698,7.0164],[-70.9402,7.0123],[-70.9216,7.0237],[-70.9276,7.0452],[-70.919,7.0526],[-70.9077,7.0413],[-70.8863,7.0644],[-70.8724,7.064],[-70.863,7.0549],[-70.8491,7.057],[-70.8522,7.0631],[-70.8455,7.0698],[-70.8567,7.0696],[-70.8533,7.0777],[-70.8368,7.0785],[-70.8226,7.0699],[-70.8184,7.0794],[-70.7968,7.0832],[-70.7774,7.0767],[-70.7622,7.0973],[-70.736,7.0887],[-70.697,7.094],[-70.6872,7.1044],[-70.6744,7.0868],[-70.6465,7.0781],[-70.6415,7.0687],[-70.6245,7.0705],[-70.6065,7.0637],[-70.586,7.0684],[-70.5843,7.0761],[-70.571,7.0808],[-70.5563,7.0793],[-70.5354,7.0546],[-70.5416,7.0487],[-70.5322,7.046],[-70.5388,7.0407],[-70.5281,7.0418],[-70.5112,7.0275],[-70.5146,7.0207],[-70.5023,7.0057],[-70.4905,7.009],[-70.467,7.0007],[-70.4554,7.0119],[-70.4504,7.0073],[-70.4552,7.0038],[-70.4394,7.0079],[-70.4369,7.0012],[-70.4311,7.0073],[-70.4167,6.9809],[-70.4041,6.9882],[-70.3974,6.9816],[-70.3873,6.9856],[-70.3721,6.9809],[-70.3608,6.9562],[-70.3523,6.9566],[-70.3545,6.952],[-70.3224,6.9346],[-70.2655,6.9412],[-70.2243,6.9747],[-70.1728,6.9764],[-70.149,6.9843],[-70.1337,6.9751],[-70.1178,6.9794],[-69.4276,6.1073],[-69.4043,6.1256],[-69.3844,6.1255],[-69.3447,6.1444],[-69.3293,6.132],[-69.3073,6.089],[-69.2375,6.0799],[-69.2173,6.102],[-69.212,6.1179],[-69.1777,6.1473],[-69.1503,6.1509],[-69.1237,6.1909],[-69.1018,6.1941],[-69.089,6.21],[-69.0462,6.2217],[-69.0313,6.2172],[-69.0142,6.1929],[-68.9733,6.1962],[-68.9344,6.177],[-68.8822,6.1674],[-68.8296,6.1799],[-68.8093,6.1704],[-68.7927,6.1474],[-68.7518,6.1569],[-68.7065,6.1521],[-68.6957,6.1473],[-68.6869,6.132],[-68.6448,6.1292],[-68.5885,6.1663],[-68.5767,6.1669],[-68.542,6.149],[-68.5227,6.1593],[-68.5101,6.1791],[-68.4486,6.1877],[-68.4272,6.1821],[-68.3736,6.1859],[-68.3284,6.164],[-68.307,6.163],[-68.2846,6.1728],[-68.2574,6.197],[-68.1868,6.2102],[-68.1419,6.2287],[-68.1205,6.2255],[-68.0979,6.2319],[-68.0777,6.2271],[-68.0432,6.1989],[-68.0275,6.1961],[-68.0016,6.2082],[-67.9783,6.2081],[-67.9298,6.2364],[-67.9029,6.2669],[-67.8608,6.2949],[-67.8457,6.312],[-67.8103,6.3243],[-67.7974,6.3209],[-67.7618,6.2914],[-67.7188,6.3005],[-67.6996,6.2937],[-67.6253,6.2914],[-67.5864,6.2624],[-67.5472,6.2662],[-67.5115,6.2339],[-67.4698,6.2083],[-67.4559,6.1914],[-67.44,6.1974]]},"properties":{"id":"LIM-VE-C","nombre":"Apure","tipo":"limite","nivel":"estado","sector":"contexto","estado":"desconocido","fuente":"geoBoundaries gbOpen VEN ADM1 (OCHA Venezuela / Instituto Nacional de Estadistica), CC BY 4.0","confianza":"media","ultima_verificacion":"2026-09-09"}},{"type":"Feature","geometry":{"type":"LineString","coordinates":[[-67.4004,10.5298],[-67.4199,10.5348],[-67.4601,10.531],[-67.4713,10.5365],[-67.5138,10.5217],[-67.5333,10.5264],[-67.5436,10.5196],[-67.5551,10.5222],[-67.5832,10.5078],[-67.6043,10.5127],[-67.6252,10.5015],[-67.6892,10.4972],[-67.7107,10.5033],[-67.7396,10.4926],[-67.7431,10.4992],[-67.7526,10.4987],[-67.7636,10.4946],[-67.7643,10.4885],[-67.8016,10.488],[-67.805,10.4704],[-67.8108,10.4677],[-67.8095,10.4797],[-67.8232,10.4854],[-67.8383,10.4746],[-67.8446,10.4524],[-67.836,10.4412],[-67.8392,10.4374],[-67.8566,10.4455],[-67.8563,10.4781],[-67.8727,10.4596],[-67.879,10.4469],[-67.8818,10.3724],[-67.8392,10.3479],[-67.8323,10.337],[-67.8106,10.329],[-67.7985,10.3278],[-67.7662,10.3499],[-67.734,10.3427],[-67.7131,10.3309],[-67.6908,10.3417],[-67.6742,10.335],[-67.6531,10.3039],[-67.6515,10.2825],[-67.6633,10.2796],[-67.6663,10.2639],[-67.6801,10.2514],[-67.6725,10.2433],[-67.6712,10.2538],[-67.6575,10.2341],[-67.6097,10.2105],[-67.6021,10.1776],[-67.613,10.115],[-67.625,10.1097],[-67.6347,10.1129],[-67.6472,10.1351],[-67.641,10.1425],[-67.6531,10.143],[-67.6504,10.1367],[-67.6609,10.1328],[-67.6601,10.0913],[-67.6765,10.0782],[-67.6802,10.0672],[-67.6913,10.0641],[-67.6838,10.0394],[-67.6969,10.0212],[-67.6841,10.0192],[-67.6781,10.0263],[-67.6711,10.0234],[-67.6735,10.0303],[-67.6662,10.0287],[-67.6438,10.0132],[-67.6239,10.0138],[-67.6107,9.9951],[-67.5863,9.9961],[-67.5734,10.0038],[-67.5656,9.994],[-67.5449,9.9986],[-67.5346,9.9547],[-67.5247,9.9505],[-67.506,9.9559],[-67.492,9.9684],[-67.4776,9.9664],[-67.4656,9.9797],[-67.4483,9.9775],[-67.4307,9.994],[-67.386,9.9689],[-67.3762,9.9546],[-67.3643,9.9504],[-67.3641,9.9421],[-67.3556,9.943],[-67.3345,9.9262],[-67.3106,9.9395],[-67.2731,9.9349],[-67.2745,9.9152],[-67.265,9.9063],[-67.2555,9.9168],[-67.231,9.9227],[-67.2162,9.9347],[-67.1632,9.9295],[-67.1616,9.913],[-67.1695,9.9064],[-67.1584,9.8909],[-67.1586,9.87],[-67.1479,9.8617],[-67.1501,9.8409],[-67.14,9.8301],[-67.113,9.8285],[-67.1068,9.8201],[-67.1149,9.8033],[-67.1056,9.7869],[-67.0816,9.7857],[-67.0703,9.7938],[-67.055,9.7875],[-67.0401,9.7915],[-67.0274,9.7622],[-66.9921,9.753],[-66.9815,9.7589],[-66.9729,9.7522],[-66.9584,9.7213],[-66.9635,9.6939],[-66.9466,9.6935],[-66.9377,9.685],[-66.9154,9.6856],[-66.9007,9.6768],[-66.8769,9.679],[-66.8462,9.6591],[-66.854,9.6428],[-66.8396,9.6181],[-66.8615,9.5947],[-66.8795,9.5516],[-66.8983,9.5358],[-66.9034,9.5437],[-66.9369,9.534],[-66.9451,9.5426],[-66.9506,9.5371],[-66.9474,9.5317],[-66.9605,9.5203],[-66.9683,9.5227],[-66.9679,9.5141],[-66.9839,9.509],[-66.9756,9.4942],[-66.9911,9.4712],[-66.9972,9.4682],[-66.9987,9.4738],[-67.0027,9.4685],[-67.0004,9.4517],[-67.0047,9.4452],[-67.0098,9.4494],[-67.0094,9.4405],[-67.0156,9.4375],[-67.0087,9.4349],[-67.014,9.4156],[-66.9995,9.4123],[-66.9828,9.4364],[-66.8933,9.3373],[-66.841,9.3413],[-66.816,9.3142],[-66.7834,9.2981],[-66.7681,9.2965],[-66.7561,9.303],[-66.707,9.2518],[-66.6852,9.2615],[-66.6792,9.2762],[-66.6577,9.2896],[-66.6465,9.3053],[-66.6342,9.3442],[-66.6201,9.3508],[-66.6201,9.3563],[-66.6085,9.3569],[-66.6071,9.3755],[-66.595,9.3802],[-66.5958,9.3882],[-66.5833,9.4053],[-66.587,9.4109],[-66.5751,9.4257],[-66.5768,9.4363],[-66.5681,9.4377],[-66.5758,9.4412],[-66.5567,9.4893],[-66.5595,9.5006],[-66.5655,9.499],[-66.5752,9.51],[-66.5814,9.5216],[-66.578,9.5263],[-66.5864,9.5357],[-66.5669,9.549],[-66.5747,9.5588],[-66.5679,9.5799],[-66.5611,9.5826],[-66.5655,9.591],[-66.5544,9.5956],[-66.5584,9.6053],[-66.5461,9.613],[-66.5536,9.6203],[-66.5494,9.6366],[-66.5558,9.6557],[-66.5729,9.6666],[-66.5739,9.6774],[-66.6099,9.7086],[-66.6332,9.7133],[-66.6214,9.7318],[-66.6273,9.7368],[-66.6276,9.7521],[-66.6188,9.7566],[-66.6251,9.7663],[-66.6214,9.7798],[-66.6107,9.774],[-66.6,9.7834],[-66.6027,9.8003],[-66.5853,9.8068],[-66.5976,9.818],[-66.5745,9.8405],[-66.595,9.8483],[-66.6021,9.8661],[-66.6012,9.8862],[-66.5951,9.8916],[-66.6075,9.9249],[-66.6028,9.9473],[-66.6103,9.9544],[-66.6113,9.9718],[-66.6447,9.9679],[-66.6616,9.9806],[-66.6818,9.9756],[-66.7214,9.9921],[-66.7421,9.9883],[-66.7476,9.9985],[-66.7674,10.0016],[-66.7777,10.0169],[-66.7912,10.0121],[-66.8129,10.0151],[-66.8286,10.0267],[-66.8412,10.0142],[-66.8728,9.9994],[-66.9043,10.0213],[-66.933,10.0106],[-66.9251,10.0262],[-66.9386,10.0394],[-66.9586,10.0394],[-66.9693,10.0695],[-66.9981,10.069],[-67.0046,10.0605],[-67.0338,10.0674],[-67.0566,10.056],[-67.0816,10.0765],[-67.1099,10.089],[-67.1047,10.1033],[-67.1398,10.156],[-67.1126,10.1823],[-67.1168,10.2109],[-67.0971,10.2379],[-67.1198,10.2646],[-67.1523,10.2887],[-67.1833,10.2988],[-67.1883,10.3253],[-67.1636,10.3317],[-67.166,10.3449],[-67.1921,10.3578],[-67.2202,10.4104],[-67.2507,10.4269],[-67.2814,10.4207],[-67.2927,10.4244],[-67.333,10.4058],[-67.3477,10.3876],[-67.3478,10.3996],[-67.362,10.4128],[-67.364,10.4441],[-67.3771,10.4519],[-67.3837,10.4814],[-67.3934,10.4861],[-67.3915,10.4951],[-67.4129,10.5119],[-67.4004,10.5298]]},"properties":{"id":"LIM-VE-D","nombre":"Aragua","tipo":"limite","nivel":"estado","sector":"contexto","estado":"desconocido","fuente":"geoBoundaries gbOpen VEN ADM1 (OCHA Venezuela / Instituto Nacional de Estadistica), CC BY 4.0","confianza":"media","ultima_verificacion":"2026-09-09"}},{"type":"Feature","geometry":{"type":"LineString","coordinates":[[-67.5355,7.9443],[-67.5032,7.9521],[-67.5024,7.9602],[-67.5129,7.9733],[-67.5286,7.9782],[-67.537,7.9713],[-67.547,7.9764],[-67.5572,7.9665],[-67.5529,7.9811],[-67.5718,7.9911],[-67.5604,8.0089],[-67.5723,8.0087],[-67.5783,8.0236],[-67.5866,8.0183],[-67.587,8.0257],[-67.5944,8.0285],[-67.5887,8.035],[-67.6044,8.04],[-67.5981,8.05],[-67.5854,8.0424],[-67.5747,8.0444],[-67.5872,8.0553],[-67.5774,8.0646],[-67.5764,8.0767],[-67.5843,8.0886],[-67.604,8.0931],[-67.6095,8.1009],[-67.6143,8.0877],[-67.6294,8.0895],[-67.6182,8.0938],[-67.6171,8.1002],[-67.6312,8.1252],[-67.6631,8.1366],[-67.6641,8.1488],[-67.6742,8.1512],[-67.6669,8.1808],[-67.6779,8.1878],[-67.6807,8.2015],[-67.6972,8.2043],[-67.7076,8.2286],[-67.7497,8.232],[-67.7574,8.2205],[-67.7696,8.2183],[-67.7888,8.2712],[-67.7957,8.2538],[-67.8109,8.2616],[-67.8295,8.2583],[-67.8294,8.2835],[-67.8348,8.2899],[-67.8422,8.2881],[-67.8435,8.309],[-67.8589,8.3184],[-67.861,8.3085],[-67.8799,8.3015],[-67.8778,8.3108],[-67.8526,8.3345],[-67.8548,8.3502],[-67.862,8.3506],[-67.8708,8.3378],[-67.8736,8.3439],[-67.8871,8.3466],[-67.9019,8.366],[-67.9008,8.3795],[-67.9386,8.3739],[-67.9386,8.3869],[-67.9635,8.411],[-67.9573,8.4193],[-67.9903,8.4387],[-67.989,8.4452],[-67.9713,8.4539],[-67.9733,8.4687],[-68.002,8.4672],[-68.0076,8.4743],[-68.0011,8.4882],[-68.0174,8.4921],[-68.0245,8.5345],[-68.0506,8.5382],[-68.0496,8.5619],[-68.0564,8.5634],[-68.053,8.5779],[-68.0673,8.5717],[-68.08,8.5831],[-68.0887,8.5774],[-68.0864,8.5887],[-68.1009,8.5866],[-68.0981,8.5927],[-68.108,8.5931],[-68.1043,8.602],[-68.114,8.6053],[-68.1187,8.5952],[-68.1266,8.603],[-68.1355,8.5963],[-68.1462,8.6019],[-68.1444,8.5974],[-68.1576,8.5978],[-68.1602,8.6042],[-68.1926,8.6048],[-68.199,8.5997],[-68.2058,8.6046],[-68.2329,8.5891],[-68.262,8.6041],[-68.2635,8.5947],[-68.2828,8.5871],[-68.2998,8.5929],[-68.3099,8.6098],[-68.3238,8.6071],[-68.3283,8.5927],[-68.348,8.6064],[-68.362,8.603],[-68.3797,8.6139],[-68.3861,8.6052],[-68.4162,8.6005],[-68.4207,8.5941],[-68.4408,8.6068],[-68.4522,8.6027],[-68.4673,8.6092],[-68.4729,8.5976],[-68.5282,8.6017],[-68.532,8.5981],[-68.5124,8.5686],[-68.5136,8.5621],[-68.7417,8.3316],[-68.7883,8.3168],[-68.7948,8.265],[-68.8257,8.2198],[-68.8473,8.1618],[-68.832,8.1073],[-68.8229,8.1059],[-68.8193,8.0983],[-68.8266,8.0927],[-68.8372,8.0913],[-68.8426,8.0982],[-68.8545,8.0926],[-68.8611,8.1044],[-68.8684,8.1086],[-68.8731,8.1033],[-68.8692,8.1146],[-68.8814,8.1155],[-68.8846,8.1357],[-68.8927,8.1394],[-68.8915,8.1503],[-68.919,8.1527],[-68.9263,8.1717],[-68.9552,8.1849],[-68.9699,8.2382],[-68.9805,8.235],[-68.9975,8.2493],[-69.0064,8.2484],[-69.0066,8.2565],[-69.0362,8.272],[-69.0335,8.2764],[-69.0434,8.2847],[-69.0704,8.2899],[-69.071,8.2989],[-69.0842,8.2997],[-69.087,8.2914],[-69.101,8.2907],[-69.091,8.3001],[-69.093,8.3138],[-69.1017,8.3196],[-69.0992,8.3256],[-69.1267,8.3407],[-69.1436,8.3668],[-69.133,8.4026],[-69.1404,8.4048],[-69.1147,8.412],[-69.1106,8.434],[-69.1272,8.435],[-69.1382,8.4486],[-69.1474,8.4422],[-69.1664,8.4432],[-69.1776,8.4593],[-69.176,8.4711],[-69.1907,8.4795],[-69.1902,8.5174],[-69.1973,8.5341],[-69.2114,8.5363],[-69.2175,8.5567],[-69.2371,8.5583],[-69.2532,8.5902],[-69.2609,8.5863],[-69.2733,8.6027],[-69.2858,8.6051],[-69.2856,8.6362],[-69.296,8.6364],[-69.3036,8.6442],[-69.3161,8.6335],[-69.3573,8.6391],[-69.377,8.6257],[-69.4278,8.6649],[-69.4877,8.6674],[-69.5248,8.6831],[-69.5227,8.6901],[-69.5315,8.6818],[-69.5313,8.7021],[-69.543,8.6916],[-69.5559,8.6985],[-69.563,8.6957],[-69.5605,8.7157],[-69.5751,8.7196],[-69.5807,8.7279],[-69.6204,8.7332],[-69.6342,8.7287],[-69.6371,8.7345],[-69.6501,8.725],[-69.6526,8.713],[-69.6648,8.7208],[-69.6615,8.7064],[-69.6757,8.7186],[-69.6932,8.7081],[-69.709,8.7157],[-69.7197,8.7132],[-69.7222,8.7242],[-69.7329,8.7191],[-69.7456,8.7351],[-69.7641,8.7331],[-69.7615,8.746],[-69.7722,8.7391],[-69.7946,8.7399],[-69.8075,8.7494],[-69.8247,8.7429],[-69.8478,8.7519],[-69.8491,8.7608],[-69.8538,8.7558],[-69.8718,8.7603],[-69.8726,8.7724],[-69.8878,8.7652],[-69.8851,8.7868],[-69.8917,8.786],[-69.8924,8.7729],[-69.9042,8.7732],[-69.9105,8.7843],[-69.9328,8.7915],[-69.9248,8.8044],[-69.938,8.7996],[-69.9551,8.812],[-69.9515,8.8197],[-69.9599,8.8316],[-69.9704,8.8223],[-69.9813,8.8332],[-69.9848,8.8267],[-69.9986,8.8293],[-70.0341,8.8801],[-70.0349,8.8897],[-70.0441,8.8936],[-70.0495,8.9215],[-70.0598,8.9298],[-70.1105,8.945],[-70.121,8.9505],[-70.1319,8.9739],[-70.1537,8.9742],[-70.169,8.9827],[-70.1886,9.0187],[-70.1866,9.0383],[-70.2025,9.0543],[-70.2148,9.053],[-70.2338,9.0615],[-70.2558,9.0388],[-70.2756,9.0303],[-70.3406,9.0581],[-70.3812,9.0583],[-70.399,9.0496],[-70.399,9.0415],[-70.4203,9.0251],[-70.4634,9.0114],[-70.4813,9.012],[-70.5048,8.9972],[-70.5239,8.9711],[-70.5523,8.9521],[-70.547,8.9355],[-70.5752,8.9077],[-70.578,8.8747],[-70.568,8.8573],[-70.5838,8.8427],[-70.6072,8.8447],[-70.6121,8.8352],[-70.6419,8.8442],[-70.6594,8.8307],[-70.6627,8.8151],[-70.6827,8.8015],[-70.7059,8.7657],[-70.7342,8.7487],[-70.7562,8.7257],[-70.7449,8.7039],[-70.7267,8.6988],[-70.707,8.6742],[-70.7177,8.6412],[-70.7308,8.6239],[-70.7765,8.6069],[-70.7925,8.6078],[-70.8086,8.5968],[-70.83,8.5979],[-70.8505,8.5856],[-70.8415,8.5447],[-70.8456,8.5179],[-70.8307,8.4923],[-70.8387,8.4777],[-70.8387,8.4573],[-70.8459,8.4498],[-70.8337,8.4351],[-70.844,8.4311],[-70.8734,8.3842],[-70.8955,8.3779],[-70.9074,8.3593],[-70.9087,8.2676],[-70.9602,8.2429],[-70.9751,8.267],[-70.9949,8.2649],[-71.0144,8.244],[-71.0301,8.2434],[-71.0238,8.2332],[-71.0269,8.224],[-71.0094,8.1989],[-71.0127,8.183],[-71.0429,8.1532],[-71.045,8.116],[-71.0748,8.0791],[-71.0892,8.0704],[-71.0944,8.0739],[-71.0952,8.0592],[-71.1095,8.0371],[-71.1256,8.0391],[-71.1357,8.0226],[-71.1676,8.012],[-71.1687,7.9968],[-71.1789,7.9956],[-71.2274,7.9578],[-71.235,7.9581],[-71.2321,7.9429],[-71.2372,7.9475],[-71.2526,7.925],[-71.2669,7.9183],[-71.2669,7.9063],[-71.2704,7.9106],[-71.2823,7.905],[-71.289,7.914],[-71.294,7.8959],[-71.3059,7.8846],[-71.3213,7.8857],[-71.3557,7.8525],[-71.3749,7.8472],[-71.3857,7.8251],[-71.4337,7.7925],[-71.4394,7.7942],[-71.4601,7.7755],[-71.4593,7.763],[-71.4689,7.7518],[-71.4636,7.7432],[-71.4655,7.7255],[-71.4426,7.6958],[-71.4596,7.6872],[-71.4636,7.6755],[-71.4746,7.6789],[-71.4777,7.6672],[-71.4845,7.6701],[-71.4846,7.6633],[-71.4987,7.6602],[-71.5025,7.6497],[-71.4895,7.6469],[-71.501,7.634],[-71.4923,7.6281],[-71.5013,7.6245],[-71.4984,7.6163],[-71.5052,7.6048],[-71.4941,7.5967],[-71.4941,7.6081],[-71.4774,7.6153],[-71.4794,7.6027],[-71.4646,7.5929],[-71.4363,7.5915],[-71.4423,7.5795],[-71.4163,7.5768],[-71.4219,7.5639],[-71.4178,7.5585],[-71.4319,7.5637],[-71.4359,7.5592],[-71.4186,7.5499],[-71.4113,7.5561],[-71.4103,7.5493],[-71.4025,7.5532],[-71.3943,7.5395],[-71.3989,7.5352],[-71.4057,7.5397],[-71.4073,7.5318],[-71.3993,7.53],[-71.3979,7.5208],[-71.3912,7.5266],[-71.3862,7.5204],[-71.3764,7.5249],[-71.3683,7.5101],[-71.3753,7.499],[-71.3338,7.5131],[-71.3335,7.4981],[-71.3217,7.4971],[-71.3178,7.4897],[-71.3372,7.4758],[-71.3659,7.4749],[-71.3769,7.4813],[-71.3924,7.4767],[-71.3981,7.4828],[-71.4016,7.4776],[-71.4147,7.4836],[-71.4157,7.4927],[-71.432,7.5055],[-71.447,7.5089],[-71.4674,7.4968],[-71.4881,7.4984],[-71.5298,7.5234],[-71.5558,7.514],[-71.5726,7.5271],[-71.5818,7.511],[-71.5926,7.5136],[-71.5982,7.5269],[-71.6047,7.5156],[-71.6135,7.5226],[-71.6275,7.5204],[-71.6384,7.5296],[-71.647,7.5203],[-71.6508,7.5306],[-71.6913,7.5476],[-71.6978,7.5389],[-71.7205,7.5454],[-71.7246,7.53],[-71.7338,7.5373],[-71.753,7.5346],[-71.767,7.5459],[-71.7704,7.5386],[-71.7655,7.5293],[-71.7832,7.5249],[-71.7899,7.5283],[-71.7846,7.5384],[-71.7974,7.5359],[-71.807,7.544],[-71.8058,7.5317],[-71.8381,7.5325],[-71.8414,7.5197],[-71.8551,7.5255],[-71.8593,7.5096],[-71.8833,7.5045],[-71.8752,7.4989],[-71.8697,7.5036],[-71.8547,7.4921],[-71.8487,7.501],[-71.8406,7.4888],[-71.8235,7.4832],[-71.8125,7.487],[-71.7763,7.4677],[-71.7649,7.4783],[-71.7591,7.469],[-71.7449,7.4665],[-71.7481,7.451],[-71.7314,7.4364],[-71.7125,7.4236],[-71.6813,7.4174],[-71.6506,7.422],[-71.6254,7.4415],[-71.599,7.4177],[-71.5735,7.4333],[-71.552,7.4211],[-71.5406,7.4276],[-71.5347,7.4208],[-71.5183,7.4199],[-71.5022,7.4269],[-71.4805,7.4529],[-71.4696,7.4491],[-71.4671,7.4606],[-71.4544,7.4534],[-71.4554,7.4629],[-71.4257,7.4426],[-71.4123,7.4433],[-71.4109,7.4502],[-71.4046,7.4442],[-71.3951,7.4512],[-71.371,7.437],[-71.353,7.4359],[-71.3489,7.4456],[-71.3316,7.4472],[-71.3204,7.4392],[-71.3066,7.4452],[-71.2884,7.4316],[-71.2787,7.4334],[-71.2785,7.4237],[-71.2727,7.4298],[-71.2524,7.4301],[-71.2435,7.4263],[-71.2414,7.4176],[-71.2157,7.4219],[-71.2186,7.4084],[-71.2028,7.3983],[-71.1985,7.3858],[-71.1903,7.3925],[-71.1784,7.3886],[-71.1772,7.3773],[-71.1609,7.3679],[-71.1282,7.3633],[-71.1189,7.3684],[-71.11,7.3633],[-71.1035,7.3711],[-71.0971,7.3659],[-71.0874,7.3685],[-71.0651,7.348],[-71.0412,7.3522],[-71.0389,7.3455],[-71.0322,7.3486],[-71.0148,7.3329],[-71.0162,7.3411],[-70.9979,7.3402],[-70.9863,7.3262],[-70.9678,7.3238],[-70.9617,7.3085],[-70.9334,7.3077],[-70.9164,7.3159],[-70.9045,7.3105],[-70.8778,7.3221],[-70.8757,7.329],[-70.8835,7.3304],[-70.8745,7.3337],[-70.8392,7.3195],[-70.8427,7.3132],[-70.8308,7.3189],[-70.8092,7.3152],[-70.7872,7.298],[-70.7705,7.3034],[-70.7549,7.2963],[-70.7488,7.2864],[-70.7457,7.3001],[-70.7363,7.2947],[-70.7321,7.306],[-70.714,7.2953],[-70.694,7.2943],[-70.683,7.3191],[-70.661,7.3223],[-70.6444,7.3324],[-70.6105,7.3241],[-70.5567,7.3561],[-70.5471,7.3742],[-70.5286,7.376],[-70.5212,7.3672],[-70.5136,7.3697],[-70.5091,7.3815],[-70.5156,7.4039],[-70.5109,7.4107],[-70.4774,7.4217],[-70.4407,7.4214],[-70.415,7.4393],[-70.3967,7.4423],[-70.3821,7.4556],[-70.3757,7.4746],[-70.3592,7.4877],[-70.3585,7.5276],[-70.3437,7.5627],[-70.3224,7.5735],[-70.3274,7.5876],[-70.3225,7.6008],[-70.3084,7.5986],[-70.2991,7.6086],[-70.2747,7.6076],[-70.2592,7.6146],[-70.2135,7.5903],[-70.1964,7.613],[-70.1693,7.6157],[-70.1519,7.6464],[-70.1561,7.6635],[-70.1458,7.6825],[-70.1185,7.6899],[-70.1115,7.7054],[-70.0991,7.709],[-70.0898,7.7217],[-70.0661,7.7231],[-70.0308,7.7466],[-69.9902,7.7433],[-69.9683,7.751],[-69.952,7.7339],[-69.9083,7.7752],[-69.8971,7.7954],[-69.8432,7.8063],[-69.8173,7.7907],[-69.7905,7.8127],[-69.7536,7.8236],[-69.7279,7.8239],[-69.6825,7.8644],[-69.6304,7.8974],[-69.6061,7.9049],[-69.5954,7.9306],[-69.5649,7.9329],[-69.5595,7.9507],[-69.5452,7.9632],[-69.5364,7.9904],[-69.5215,7.9986],[-69.4922,8.0025],[-69.4721,8.0313],[-69.4346,8.066],[-69.405,8.0657],[-69.3751,8.0496],[-69.3566,8.0553],[-69.3032,8.051],[-69.2566,8.0648],[-69.246,8.0582],[-69.2105,8.0667],[-69.1762,8.0557],[-69.1631,8.0449],[-69.1411,8.0452],[-69.1242,8.0267],[-69.1213,7.9979],[-69.115,7.991],[-69.0838,7.9995],[-69.0457,7.9728],[-69.0383,7.9791],[-69.0328,8.0011],[-68.9986,7.9938],[-68.9749,8.0055],[-68.9599,7.9903],[-68.9568,7.9679],[-68.934,7.9526],[-68.9378,7.9249],[-68.9257,7.9156],[-68.8952,7.9133],[-68.8794,7.8965],[-68.8514,7.9018],[-68.7883,7.8913],[-68.7657,7.9069],[-68.7262,7.9018],[-68.6947,7.9242],[-68.6488,7.9382],[-68.6408,7.9587],[-68.618,7.9631],[-68.5839,7.9549],[-68.5635,7.9564],[-68.5395,7.9452],[-68.5175,7.9458],[-68.506,7.9284],[-68.4713,7.9273],[-68.444,7.9379],[-68.4253,7.9266],[-68.4144,7.9295],[-68.398,7.9207],[-68.3852,7.9219],[-68.385,7.9072],[-68.3482,7.8806],[-68.3277,7.8843],[-68.3245,7.8967],[-68.3075,7.904],[-68.2906,7.9222],[-68.2781,7.9099],[-68.2691,7.924],[-68.2641,7.9147],[-68.2488,7.9126],[-68.2403,7.9025],[-68.2225,7.9113],[-68.2165,7.8953],[-68.2024,7.9027],[-68.1662,7.9058],[-68.1442,7.8977],[-68.1244,7.9035],[-68.0658,7.8677],[-68.0253,7.8811],[-68.0051,7.8967],[-67.9872,7.9008],[-67.9703,7.8933],[-67.9478,7.9095],[-67.9358,7.9033],[-67.9133,7.9065],[-67.9101,7.8998],[-67.8859,7.9035],[-67.8709,7.8922],[-67.8567,7.9115],[-67.8444,7.9121],[-67.8289,7.9233],[-67.8037,7.9128],[-67.794,7.9235],[-67.7796,7.9089],[-67.7608,7.9047],[-67.7332,7.9179],[-67.7181,7.9098],[-67.6898,7.9212],[-67.6859,7.942],[-67.6628,7.9437],[-67.6649,7.93],[-67.6436,7.9353],[-67.6514,7.9593],[-67.6208,7.9701],[-67.6006,7.9854],[-67.5564,7.9459],[-67.5355,7.9443]]},"properties":{"id":"LIM-VE-E","nombre":"Barinas","tipo":"limite","nivel":"estado","sector":"contexto","estado":"desconocido","fuente":"geoBoundaries gbOpen VEN ADM1 (OCHA Venezuela / Instituto Nacional de Estadistica), CC BY 4.0","confianza":"media","ultima_verificacion":"2026-09-09"}},{"type":"Feature","geometry":{"type":"LineString","coordinates":[[-64.6923,4.211],[-64.651,4.1538],[-64.6416,4.1191],[-64.5934,4.0979],[-64.5545,4.1009],[-64.4951,4.126],[-64.4733,4.1279],[-64.4679,4.1516],[-64.4591,4.1441],[-64.4138,4.1417],[-64.4057,4.1208],[-64.3679,4.1363],[-64.3302,4.1256],[-64.3015,4.1096],[-64.3108,4.0907],[-64.2904,4.0806],[-64.2827,4.0922],[-64.2654,4.0985],[-64.277,4.1135],[-64.2683,4.1303],[-64.234,4.1149],[-64.2192,4.1159],[-64.204,4.1038],[-64.175,4.0945],[-64.1606,4.0941],[-64.1354,4.1085],[-64.1261,4.0978],[-64.1216,4.0681],[-64.0977,4.0523],[-64.0985,4.0409],[-64.0837,4.0166],[-64.0504,3.9984],[-64.0556,3.9705],[-64.0443,3.9256],[-64.0337,3.8992],[-64.0096,3.866],[-63.9729,3.8687],[-63.9425,3.8861],[-63.908,3.9205],[-63.864,3.936],[-63.8493,3.9542],[-63.8244,3.9624],[-63.7924,3.9336],[-63.7705,3.9257],[-63.69,3.9354],[-63.6176,3.9628],[-63.6078,3.9612],[-63.5846,3.9386],[-63.5231,3.8617],[-63.485,3.8475],[-63.4479,3.8674],[-63.4274,3.9042],[-63.4179,3.9455],[-63.4049,3.9648],[-63.3704,3.9667],[-63.3399,3.9558],[-63.2614,3.9177],[-63.227,3.9077],[-63.2105,3.8904],[-63.2002,3.8299],[-63.1005,3.7425],[-63.0774,3.7059],[-63.0481,3.687],[-63.0152,3.6501],[-63.0003,3.6109],[-62.9802,3.5802],[-62.9292,3.5522],[-62.8874,3.5505],[-62.8589,3.5595],[-62.8502,3.5859],[-62.8417,3.5934],[-62.7855,3.5995],[-62.7747,3.6074],[-62.7537,3.6357],[-62.73,3.6932],[-62.7387,3.7776],[-62.7658,3.8192],[-62.7574,3.8636],[-62.7762,3.8815],[-62.7816,3.9053],[-62.7767,3.9268],[-62.7514,3.9589],[-62.7487,3.9773],[-62.7654,3.9982],[-62.7434,4.0363],[-62.7003,4.0334],[-62.649,4.0434],[-62.618,4.0403],[-62.575,4.0176],[-62.5564,4.0196],[-62.5538,4.0383],[-62.5393,4.0496],[-62.5517,4.0981],[-62.511,4.1306],[-62.4868,4.129],[-62.4613,4.1495],[-62.4624,4.1696],[-62.4436,4.1805],[-62.4119,4.1782],[-62.3694,4.1644],[-62.3339,4.1385],[-62.3148,4.1331],[-62.2482,4.127],[-62.1868,4.0863],[-62.145,4.0771],[-62.1288,4.0779],[-62.1164,4.0868],[-62.1002,4.1122],[-62.0718,4.1173],[-62.0589,4.1559],[-62.0351,4.1478],[-61.9885,4.1685],[-61.9423,4.1295],[-61.9204,4.1384],[-61.9138,4.1498],[-61.8681,4.1523],[-61.8565,4.166],[-61.8355,4.1566],[-61.8137,4.1766],[-61.7906,4.2182],[-61.7573,4.2449],[-61.7199,4.2407],[-61.7203,4.2542],[-61.6689,4.254],[-61.6467,4.2347],[-61.6262,4.2495],[-61.5784,4.2428],[-61.5389,4.2618],[-61.518,4.2837],[-61.5094,4.304],[-61.5152,4.3623],[-61.5028,4.3935],[-61.4873,4.4121],[-61.4427,4.4251],[-61.4049,4.4261],[-61.3488,4.4086],[-61.3237,4.4219],[-61.303,4.4464],[-61.2765,4.4557],[-61.2758,4.4635],[-61.325,4.5057],[-61.3139,4.5259],[-61.2503,4.5278],[-61.1856,4.5106],[-61.1482,4.4767],[-61.1286,4.4841],[-61.1117,4.5039],[-61.0755,4.5065],[-61.0617,4.516],[-61.049,4.5166],[-61.0083,4.5082],[-60.9875,4.5185],[-60.9637,4.5577],[-60.9393,4.569],[-60.9343,4.5775],[-60.9312,4.5985],[-60.9468,4.6355],[-60.9224,4.6523],[-60.9159,4.6915],[-60.9069,4.7011],[-60.8872,4.7072],[-60.8396,4.7132],[-60.8058,4.7376],[-60.744,4.7561],[-60.7132,4.7928],[-60.6887,4.8093],[-60.671,4.8399],[-60.6389,4.8664],[-60.6108,4.9176],[-60.5845,4.9374],[-60.5843,4.9545],[-60.6093,5.0182],[-60.6314,5.0479],[-60.6434,5.1006],[-60.6537,5.1126],[-60.6556,5.1364],[-60.6815,5.1855],[-60.7314,5.1991],[-61.3879,5.9376],[-61.3896,5.9527],[-61.3528,5.9693],[-61.3527,5.9824],[-61.3429,5.99],[-61.3368,6.0151],[-61.3284,6.0187],[-61.3157,6.0398],[-61.2762,6.0702],[-61.2632,6.0982],[-61.2319,6.099],[-61.2171,6.1121],[-61.2002,6.1022],[-61.1895,6.1163],[-61.1775,6.1149],[-61.1673,6.1423],[-61.1687,6.1722],[-61.1614,6.1811],[-61.1153,6.1784],[-61.1036,6.1884],[-61.1208,6.2168],[-61.1152,6.2506],[-61.1038,6.2681],[-61.1365,6.2848],[-61.1646,6.3282],[-61.1462,6.3538],[-61.1431,6.3806],[-61.1475,6.3875],[-61.1398,6.3879],[-61.1362,6.4098],[-61.1303,6.4081],[-61.1305,6.4466],[-61.1587,6.4773],[-61.15,6.5046],[-61.155,6.5281],[-61.1894,6.5381],[-61.1955,6.5267],[-61.2094,6.5305],[-61.2012,6.5509],[-61.2099,6.5578],[-61.2159,6.5794],[-61.2091,6.5815],[-61.2092,6.5934],[-61.1971,6.5963],[-61.1878,6.629],[-61.1725,6.6373],[-61.1693,6.6459],[-61.1757,6.6576],[-61.1672,6.6725],[-61.1377,6.6903],[-61.1328,6.7106],[-61.1164,6.7186],[-61.0765,6.7047],[-61.0602,6.7263],[-61.008,6.7214],[-60.9872,6.7284],[-60.9692,6.7157],[-60.9394,6.7149],[-60.9057,6.7468],[-60.8879,6.7523],[-60.8859,6.7664],[-60.9042,6.7756],[-60.9088,6.7905],[-60.9062,6.8101],[-60.898,6.8164],[-60.8881,6.8162],[-60.8573,6.7916],[-60.8264,6.786],[-60.8004,6.794],[-60.744,6.7637],[-60.6991,6.7544],[-60.6492,6.825],[-60.5988,6.837],[-60.5845,6.849],[-60.5358,6.8535],[-60.5195,6.8771],[-60.4925,6.8783],[-60.4786,6.8861],[-60.4387,6.9328],[-60.4275,6.9382],[-60.3911,6.9453],[-60.3667,6.9267],[-60.354,6.9497],[-60.3467,7.0098],[-60.3313,7.0162],[-60.3234,7.0398],[-60.2921,7.0474],[-60.276,7.087],[-60.2776,7.1266],[-60.3155,7.154],[-60.3335,7.1569],[-60.342,7.1798],[-60.3642,7.1878],[-60.3912,7.1768],[-60.4042,7.1781],[-60.4252,7.2025],[-60.4489,7.2101],[-60.4725,7.1893],[-60.493,7.1868],[-60.514,7.1428],[-60.5324,7.1286],[-60.5853,7.1867],[-60.5893,7.2016],[-60.6138,7.2119],[-60.6277,7.2656],[-60.6093,7.2825],[-60.5982,7.3077],[-60.5859,7.3141],[-60.5877,7.3406],[-60.6035,7.3885],[-60.6336,7.424],[-60.6383,7.4486],[-60.6744,7.4706],[-60.6915,7.4744],[-60.7095,7.5452],[-60.6901,7.5623],[-60.6881,7.5755],[-60.6743,7.5702],[-60.6474,7.5722],[-60.6187,7.6461],[-60.6129,7.6496],[-60.5896,7.6428],[-60.5901,7.6801],[-60.5802,7.688],[-60.5687,7.7138],[-60.5807,7.7318],[-60.5698,7.7445],[-60.5657,7.7654],[-60.5475,7.7811],[-60.5364,7.8018],[-60.5391,7.8171],[-60.5293,7.8261],[-60.503,7.8357],[-60.4496,7.8424],[-60.4061,7.8301],[-60.3827,7.8369],[-60.3679,7.8326],[-60.3609,7.8173],[-60.3298,7.8438],[-60.3149,7.8682],[-60.3009,7.8695],[-60.272,7.8931],[-60.3226,7.881],[-60.6673,7.8385],[-60.8356,7.8795],[-60.8385,7.8379],[-60.8993,7.7549],[-60.9738,7.7534],[-61.243,7.903],[-61.2888,7.9788],[-61.4023,7.9319],[-61.4338,7.9082],[-61.444,7.8647],[-61.4723,7.844],[-61.4507,7.8158],[-61.4627,7.7988],[-61.4902,7.8104],[-61.5397,7.8566],[-61.5556,7.8496],[-61.5623,7.877],[-61.5722,7.8817],[-61.5843,7.9029],[-61.612,7.9108],[-61.6166,7.9246],[-61.6388,7.9461],[-61.6553,7.9461],[-61.6595,7.973],[-61.6501,8.0032],[-61.6611,8.0589],[-61.6877,8.07],[-61.6993,8.0838],[-61.6984,8.1048],[-61.7077,8.1345],[-61.7274,8.1471],[-61.7431,8.1768],[-61.7609,8.1915],[-61.7604,8.2047],[-61.774,8.2086],[-61.7901,8.2332],[-61.789,8.2445],[-61.7972,8.2561],[-61.7878,8.2831],[-61.7202,8.2978],[-61.7066,8.3121],[-61.7012,8.3296],[-61.685,8.342],[-61.6825,8.3615],[-61.6885,8.3768],[-61.6992,8.3831],[-61.7018,8.4096],[-61.7104,8.4212],[-61.7004,8.4434],[-62.3096,8.282],[-62.3725,8.3197],[-62.4041,8.3243],[-62.5017,8.3868],[-62.6116,8.441],[-62.6309,8.4173],[-62.6793,8.3825],[-62.7281,8.3841],[-62.7524,8.3949],[-62.7671,8.39],[-62.8175,8.3219],[-62.8429,8.2993],[-62.8851,8.2829],[-62.9004,8.2811],[-62.9296,8.2929],[-62.9486,8.3106],[-62.9838,8.3181],[-63.1838,8.316],[-63.2304,8.3058],[-63.2564,8.2918],[-63.2775,8.262],[-63.2908,8.262],[-63.3336,8.2348],[-63.3445,8.2378],[-63.386,8.2271],[-63.4317,8.1793],[-63.4615,8.1734],[-63.4763,8.1606],[-63.5068,8.1669],[-63.5813,8.1483],[-63.6375,8.1674],[-63.6542,8.1613],[-63.6776,8.1689],[-63.7118,8.1465],[-63.7386,8.1397],[-63.8242,8.1342],[-63.8559,8.076],[-63.8786,8.0538],[-63.8904,8.026],[-63.9212,7.9966],[-63.9317,7.9761],[-63.9838,7.9583],[-64.0005,7.9433],[-64.0257,7.9425],[-64.0541,7.9504],[-64.0709,7.9659],[-64.0817,7.9638],[-64.1128,7.9969],[-64.1593,8.0084],[-64.2128,8.0599],[-64.23,8.0849],[-64.2449,8.0935],[-64.2986,8.0926],[-64.3184,8.084],[-64.3374,8.0658],[-64.3617,8.0137],[-64.3721,8.0058],[-64.4048,7.9966],[-64.4423,8.0302],[-64.4677,8.0315],[-64.5456,7.989],[-64.5618,7.9713],[-64.5797,7.9112],[-64.5727,7.8815],[-64.5022,7.8575],[-64.4654,7.8382],[-64.4536,7.8283],[-64.4631,7.8046],[-64.4962,7.7845],[-64.5098,7.7689],[-64.5483,7.7609],[-64.5938,7.7646],[-64.6339,7.7571],[-64.6756,7.7426],[-64.7482,7.69],[-64.7844,7.6742],[-64.8637,7.6585],[-64.9093,7.6727],[-64.9648,7.7063],[-64.9949,7.7325],[-65.0011,7.7563],[-65.0192,7.7678],[-65.0923,7.7839],[-65.1899,7.8204],[-65.2466,7.8322],[-65.2828,7.8323],[-65.3107,7.8517],[-65.3561,7.8591],[-65.4166,7.8561],[-65.5284,7.8885],[-65.6371,7.9011],[-65.7191,7.8471],[-65.761,7.789],[-65.8629,7.6871],[-65.8998,7.6741],[-65.9231,7.6729],[-66.0162,7.6875],[-66.1258,7.6888],[-66.1467,7.6742],[-66.182,7.6631],[-66.2209,7.6313],[-66.2438,7.6233],[-66.2554,7.6234],[-66.2732,7.6427],[-66.3023,7.6546],[-66.3301,7.6468],[-66.3713,7.6159],[-66.4077,7.6042],[-66.456,7.5674],[-66.4704,7.5223],[-66.5086,7.4735],[-66.5034,7.4662],[-66.5043,7.4368],[-66.5512,7.3866],[-66.5469,7.3767],[-66.5583,7.3521],[-66.588,7.3224],[-66.622,7.306],[-66.659,7.3044],[-66.7648,7.2717],[-66.8012,7.268],[-66.8204,7.253],[-66.8542,7.2027],[-66.8894,7.1706],[-66.9131,7.1747],[-66.9384,7.1883],[-66.9726,7.1891],[-67.0066,7.171],[-67.0701,7.0866],[-67.0738,7.0425],[-67.0667,6.9967],[-67.042,6.9611],[-67.0157,6.8996],[-67.0351,6.8211],[-67.0339,6.7657],[-67.0463,6.7472],[-67.0771,6.7317],[-67.0958,6.7062],[-67.0978,6.6732],[-67.1174,6.6346],[-67.12,6.5958],[-67.1544,6.4674],[-67.173,6.4407],[-67.2094,6.4159],[-67.2789,6.3489],[-67.3239,6.2779],[-67.4147,6.2445],[-67.44,6.1974],[-67.4284,6.1725],[-67.4175,6.1692],[-67.407,6.1548],[-67.4084,6.1382],[-67.3996,6.1298],[-67.3691,6.1253],[-67.3442,6.149],[-67.3227,6.1498],[-67.3048,6.147],[-67.2837,6.1144],[-67.277,6.116],[-67.2732,6.109],[-67.2525,6.1082],[-67.2247,6.1223],[-67.1862,6.1178],[-67.1261,6.0497],[-67.1198,6.0299],[-67.1308,6.0149],[-67.1343,5.9826],[-67.1597,5.8979],[-67.1869,5.8847],[-67.1846,5.861],[-67.209,5.7895],[-67.2155,5.7259],[-67.2079,5.7071],[-67.1971,5.7042],[-67.1779,5.7103],[-67.1762,5.7161],[-67.1619,5.715],[-67.1366,5.7267],[-67.1291,5.7235],[-67.1312,5.7481],[-67.1119,5.7529],[-67.1016,5.749],[-67.0963,5.7342],[-67.0604,5.7171],[-67.0415,5.6787],[-66.999,5.6355],[-66.9432,5.6462],[-66.9581,5.6691],[-66.9367,5.692],[-66.9247,5.6715],[-66.9153,5.667],[-66.9144,5.6569],[-66.8566,5.6837],[-66.7022,5.718],[-66.636,5.7436],[-66.5851,5.7352],[-66.5331,5.7629],[-66.4828,5.7786],[-66.483,5.7873],[-66.451,5.7875],[-66.4048,5.7687],[-66.3421,5.8224],[-66.3115,5.7851],[-66.2903,5.7754],[-66.0473,5.7158],[-66.0343,5.7197],[-66.0286,5.7785],[-66.0075,5.7976],[-65.9864,5.8048],[-65.9849,5.838],[-65.9492,5.8578],[-65.9352,5.8905],[-65.9131,5.908],[-65.8991,5.9483],[-65.8575,5.9976],[-65.8453,6.0732],[-65.8344,6.0981],[-65.7763,6.1174],[-65.7195,6.1108],[-65.6485,6.1325],[-65.6217,6.1543],[-65.5957,6.1504],[-65.576,6.1397],[-65.5618,6.0907],[-65.603,6.0014],[-65.5983,5.9712],[-65.6111,5.9243],[-65.6331,5.8923],[-65.632,5.885],[-65.5945,5.8547],[-65.6031,5.8258],[-65.6011,5.8121],[-65.5905,5.7752],[-65.564,5.7305],[-65.5489,5.6875],[-65.5314,5.6778],[-65.5213,5.6948],[-65.5133,5.6967],[-65.505,5.6815],[-65.4972,5.6793],[-65.4751,5.7085],[-65.4403,5.7325],[-65.397,5.7396],[-65.3763,5.7365],[-65.3916,5.7325],[-65.3863,5.7098],[-65.3639,5.7096],[-65.3559,5.7131],[-65.3446,5.74],[-65.2844,5.7684],[-65.222,5.7637],[-65.2056,5.7513],[-65.2097,5.7223],[-65.2529,5.6623],[-65.2417,5.64],[-65.2242,5.6263],[-65.1942,5.5704],[-65.1493,5.5382],[-65.1442,5.4946],[-65.1553,5.4444],[-65.1414,5.4062],[-65.1065,5.3832],[-65.1065,5.3746],[-65.1081,5.3654],[-65.1258,5.3473],[-65.1772,5.3314],[-65.2205,5.3001],[-65.2689,5.2937],[-65.2825,5.2675],[-65.2219,5.143],[-65.1689,5.1845],[-65.1536,5.1765],[-65.1341,5.1333],[-65.1324,5.1101],[-65.141,5.077],[-65.1336,5.044],[-65.1264,5.0302],[-65.0871,5.0304],[-65.1263,4.9619],[-65.1247,4.8659],[-65.1034,4.8211],[-65.0611,4.7727],[-65.015,4.7056],[-64.9627,4.6771],[-64.9029,4.5851],[-64.8495,4.5703],[-64.7888,4.5966],[-64.7727,4.6365],[-64.7443,4.6677],[-64.7182,4.6727],[-64.6958,4.6516],[-64.6437,4.6604],[-64.6015,4.6879],[-64.563,4.6781],[-64.5493,4.637],[-64.6025,4.5646],[-64.595,4.526],[-64.606,4.4575],[-64.678,4.4511],[-64.6965,4.4162],[-64.6591,4.3602],[-64.6355,4.3378],[-64.6218,4.2918],[-64.6466,4.2341],[-64.647,4.2143],[-64.6923,4.211]]},"properties":{"id":"LIM-VE-F","nombre":"Bolívar","tipo":"limite","nivel":"estado","sector":"contexto","estado":"desconocido","fuente":"geoBoundaries gbOpen VEN ADM1 (OCHA Venezuela / Instituto Nacional de Estadistica), CC BY 4.0","confianza":"media","ultima_verificacion":"2026-09-09"}},{"type":"Feature","geometry":{"type":"LineString","coordinates":[[-67.6609,10.1328],[-67.6786,10.1229],[-67.6931,10.1367],[-67.7176,10.1384],[-67.7277,10.1275],[-67.7019,10.1178],[-67.719,10.1149],[-67.7291,10.1011],[-67.7477,10.1068],[-67.7629,10.1235],[-67.8009,10.1218],[-67.8394,10.1049],[-67.8549,10.1092],[-67.8692,10.1236],[-67.8699,10.1312],[-67.8629,10.1357],[-67.8719,10.1432],[-67.8648,10.1518],[-67.8703,10.1573],[-67.8541,10.1805],[-67.8414,10.1875],[-67.8184,10.2245],[-67.7936,10.2299],[-67.7858,10.2242],[-67.7731,10.2437],[-67.7525,10.2407],[-67.7313,10.2607],[-67.6878,10.2607],[-67.6995,10.2508],[-67.7163,10.2496],[-67.6947,10.2442],[-67.6911,10.2366],[-67.6878,10.2442],[-67.6725,10.2433],[-67.6799,10.252],[-67.6663,10.2639],[-67.6633,10.2796],[-67.6521,10.2809],[-67.6511,10.2953],[-67.6718,10.3328],[-67.6829,10.34],[-67.6948,10.3409],[-67.7131,10.3309],[-67.734,10.3427],[-67.7662,10.3499],[-67.7985,10.3278],[-67.8106,10.329],[-67.8323,10.337],[-67.8392,10.3479],[-67.8818,10.3724],[-67.879,10.4469],[-67.8584,10.478],[-67.8752,10.4779],[-67.8837,10.4706],[-67.8871,10.4749],[-67.8939,10.4675],[-67.8992,10.4709],[-67.8984,10.4642],[-67.9005,10.4747],[-67.9229,10.4535],[-67.9326,10.4635],[-67.9316,10.472],[-67.9496,10.461],[-67.9739,10.4859],[-67.9849,10.4904],[-67.9814,10.4861],[-67.9857,10.4844],[-67.996,10.4922],[-68.0092,10.4906],[-68.011,10.4833],[-68.0053,10.4845],[-68.008,10.4892],[-68.002,10.4846],[-67.9947,10.4885],[-67.9833,10.4646],[-67.9936,10.4739],[-68.0018,10.4681],[-67.9979,10.4753],[-68.0053,10.4763],[-68.0003,10.4807],[-68.0212,10.474],[-68.0609,10.4978],[-68.0888,10.4948],[-68.1069,10.48],[-68.1228,10.4884],[-68.1219,10.4945],[-68.1244,10.485],[-68.1367,10.4843],[-68.1558,10.5013],[-68.1603,10.4981],[-68.1729,10.5063],[-68.2424,10.5835],[-68.2577,10.5776],[-68.2653,10.5621],[-68.3047,10.5375],[-68.3164,10.5377],[-68.3356,10.55],[-68.3568,10.5507],[-68.3829,10.5291],[-68.3896,10.4982],[-68.4018,10.4899],[-68.3901,10.4822],[-68.4041,10.4686],[-68.3956,10.4543],[-68.4014,10.4398],[-68.396,10.4023],[-68.3989,10.3652],[-68.3889,10.3394],[-68.3923,10.3324],[-68.3731,10.3067],[-68.3693,10.2806],[-68.355,10.2643],[-68.3793,10.2251],[-68.4111,10.2164],[-68.4132,10.1955],[-68.4278,10.1766],[-68.4121,10.1386],[-68.3971,10.1213],[-68.4007,10.0913],[-68.4071,10.0847],[-68.4029,10.0643],[-68.3779,10.0478],[-68.3883,10.0155],[-68.3719,9.9904],[-68.357,9.9912],[-68.3375,10.006],[-68.3415,10.0273],[-68.3228,10.0346],[-68.313,10.0494],[-68.2917,10.0631],[-68.2928,10.0693],[-68.2642,10.0641],[-68.2349,10.0854],[-68.2206,10.0799],[-68.2,10.0569],[-68.2236,10.0453],[-68.2453,10.0249],[-68.2508,10.008],[-68.2485,9.9805],[-68.2404,9.9651],[-68.215,9.965],[-68.2172,9.9586],[-68.2065,9.9528],[-68.2052,9.9385],[-68.1843,9.9434],[-68.1705,9.938],[-68.166,9.921],[-68.1471,9.9176],[-68.1294,9.8616],[-68.1161,9.8412],[-68.0903,9.8405],[-68.0765,9.8552],[-68.0311,9.8613],[-68.0043,9.8803],[-68.0024,9.8614],[-68.0146,9.8475],[-68.004,9.8306],[-67.9555,9.83],[-67.9185,9.8113],[-67.8751,9.8354],[-67.8306,9.8355],[-67.8054,9.849],[-67.8149,9.8742],[-67.8048,9.9298],[-67.7682,9.9156],[-67.7655,9.907],[-67.736,9.8927],[-67.7309,9.8802],[-67.7124,9.8739],[-67.7103,9.8549],[-67.703,9.8496],[-67.7116,9.8366],[-67.687,9.8226],[-67.6643,9.846],[-67.6433,9.8467],[-67.6298,9.8617],[-67.5998,9.8442],[-67.5921,9.8464],[-67.5855,9.8774],[-67.5747,9.8884],[-67.5766,9.9003],[-67.5686,9.9037],[-67.5491,9.8954],[-67.5443,9.8853],[-67.5173,9.8772],[-67.5449,9.9986],[-67.5656,9.994],[-67.5734,10.0038],[-67.5863,9.9961],[-67.6107,9.9951],[-67.6239,10.0138],[-67.6438,10.0132],[-67.6662,10.0287],[-67.6735,10.0303],[-67.6711,10.0234],[-67.6781,10.0263],[-67.6841,10.0192],[-67.6969,10.0212],[-67.6838,10.0394],[-67.6913,10.0641],[-67.6802,10.0672],[-67.6765,10.0782],[-67.6601,10.0913],[-67.6609,10.1328]]},"properties":{"id":"LIM-VE-G","nombre":"Carabobo","tipo":"limite","nivel":"estado","sector":"contexto","estado":"desconocido","fuente":"geoBoundaries gbOpen VEN ADM1 (OCHA Venezuela / Instituto Nacional de Estadistica), CC BY 4.0","confianza":"media","ultima_verificacion":"2026-09-09"}},{"type":"Feature","geometry":{"type":"LineString","coordinates":[[-68.0245,8.5345],[-68.0109,8.5486],[-68.0143,8.5601],[-68.0008,8.5545],[-68.0034,8.5653],[-67.9971,8.5737],[-68.001,8.5826],[-68.0153,8.5764],[-68.0068,8.5923],[-68.0116,8.5873],[-68.021,8.5931],[-68.0137,8.5961],[-68.0176,8.603],[-68.0106,8.6088],[-68.0192,8.622],[-68.0023,8.6325],[-68.0083,8.638],[-68.0014,8.6534],[-68.0135,8.6591],[-68.0104,8.6713],[-68.0192,8.6851],[-68.009,8.6876],[-68.0028,8.699],[-68.0175,8.7004],[-68.0117,8.7087],[-68.0194,8.7137],[-68.0195,8.7311],[-68.0302,8.7296],[-68.0243,8.7325],[-68.0263,8.7404],[-68.019,8.7406],[-68.0175,8.7337],[-68.0067,8.7435],[-68.0168,8.7467],[-68.0167,8.7584],[-68.0246,8.758],[-68.0266,8.7685],[-68.0214,8.7672],[-68.0057,8.7866],[-67.9934,8.8131],[-67.994,8.8261],[-67.9859,8.8332],[-67.9904,8.8372],[-67.9786,8.8459],[-67.9636,8.879],[-67.9788,8.8866],[-67.977,8.9201],[-67.9595,8.9302],[-67.9307,8.9339],[-67.9191,8.9436],[-67.9046,8.969],[-67.8961,9.0086],[-67.8651,9.052],[-67.8504,9.0934],[-67.8629,9.111],[-67.8566,9.1174],[-67.8598,9.1586],[-67.872,9.1773],[-67.8846,9.2439],[-67.8972,9.2468],[-67.9048,9.2692],[-67.9154,9.2782],[-67.913,9.2829],[-67.9359,9.3004],[-67.9376,9.3157],[-67.9459,9.3192],[-67.9402,9.3375],[-67.9222,9.3535],[-67.9204,9.3975],[-67.9132,9.406],[-67.925,9.4471],[-67.926,9.4546],[-67.9203,9.4542],[-67.9265,9.4816],[-67.9516,9.4957],[-67.9562,9.5139],[-67.9609,9.5143],[-67.9572,9.5305],[-67.9682,9.5299],[-67.9723,9.5405],[-67.9375,9.5521],[-67.9339,9.5547],[-67.9396,9.5603],[-67.9269,9.5622],[-67.9358,9.578],[-67.9382,9.6006],[-67.9261,9.6004],[-67.9173,9.6151],[-67.8918,9.6203],[-67.8828,9.6096],[-67.8743,9.6177],[-67.8642,9.6151],[-67.8362,9.6286],[-67.816,9.6305],[-67.8061,9.6514],[-67.7874,9.6563],[-67.7796,9.6701],[-67.7548,9.6833],[-67.7527,9.7029],[-67.7668,9.7429],[-67.7629,9.7616],[-67.7826,9.7649],[-67.7974,9.7808],[-67.8026,9.8192],[-67.7979,9.8318],[-67.8054,9.849],[-67.8306,9.8355],[-67.8751,9.8354],[-67.9185,9.8113],[-67.9555,9.83],[-68.006,9.8321],[-68.0146,9.8475],[-68.0024,9.8614],[-68.0043,9.8803],[-68.0311,9.8613],[-68.0765,9.8552],[-68.0903,9.8405],[-68.1161,9.8412],[-68.1294,9.8616],[-68.1471,9.9176],[-68.166,9.921],[-68.1705,9.938],[-68.1843,9.9434],[-68.2052,9.9385],[-68.2065,9.9528],[-68.2172,9.9586],[-68.215,9.965],[-68.2404,9.9651],[-68.2478,9.9788],[-68.2508,10.008],[-68.2453,10.0249],[-68.1999,10.0573],[-68.213,10.0741],[-68.2349,10.0854],[-68.2642,10.0641],[-68.2928,10.0693],[-68.2917,10.0631],[-68.313,10.0494],[-68.3228,10.0346],[-68.3415,10.0273],[-68.3359,10.0139],[-68.3422,9.9991],[-68.3613,9.9902],[-68.3689,9.9944],[-68.3944,9.9658],[-68.4051,9.9674],[-68.406,9.9581],[-68.4284,9.9397],[-68.4806,9.9143],[-68.5143,9.8886],[-68.5211,9.8874],[-68.5259,9.8968],[-68.5414,9.8895],[-68.5288,9.9348],[-68.6048,9.9324],[-68.6126,9.9668],[-68.6369,9.9626],[-68.6616,9.9763],[-68.683,9.9555],[-68.7158,9.9412],[-68.7236,9.9043],[-68.7141,9.8943],[-68.7222,9.881],[-68.7412,9.8716],[-68.7754,9.8677],[-68.8023,9.8436],[-68.8274,9.8469],[-68.8587,9.8344],[-68.8773,9.8422],[-68.9059,9.8411],[-68.9194,9.8497],[-68.9371,9.841],[-68.9477,9.8517],[-68.9742,9.8426],[-68.979,9.8384],[-68.9743,9.7864],[-68.9868,9.7857],[-68.9765,9.7659],[-68.9861,9.7602],[-68.9799,9.7352],[-68.9877,9.7308],[-68.9869,9.7202],[-68.975,9.7145],[-68.9703,9.721],[-68.9628,9.6951],[-68.9664,9.6737],[-68.9455,9.6483],[-68.944,9.6522],[-68.9352,9.6257],[-68.9221,9.6166],[-68.9232,9.5981],[-68.9026,9.5643],[-68.9085,9.5368],[-68.8932,9.5164],[-68.8981,9.5089],[-68.8957,9.4915],[-68.9026,9.4843],[-68.8916,9.4644],[-68.8959,9.4374],[-68.8862,9.4227],[-68.8867,9.4051],[-68.8802,9.4041],[-68.8814,9.3985],[-68.8655,9.4086],[-68.8617,9.4015],[-68.8676,9.3907],[-68.8522,9.3723],[-68.8366,9.359],[-68.803,9.3458],[-68.7958,9.3351],[-68.7888,9.336],[-68.7826,9.3164],[-68.7786,9.3201],[-68.7703,9.3076],[-68.7635,9.3102],[-68.761,9.2999],[-68.7789,9.284],[-68.7742,9.278],[-68.7788,9.2747],[-68.7691,9.2714],[-68.768,9.2776],[-68.7609,9.2693],[-68.7477,9.2681],[-68.7433,9.2596],[-68.7285,9.2622],[-68.7209,9.2518],[-68.7051,9.248],[-68.7058,9.2579],[-68.683,9.2323],[-68.6682,9.2304],[-68.6668,9.2217],[-68.6584,9.2316],[-68.6496,9.2292],[-68.6451,9.216],[-68.6386,9.2234],[-68.6286,9.2195],[-68.6639,8.9844],[-68.6568,8.9826],[-68.6581,8.9629],[-68.6337,8.9479],[-68.6214,8.9293],[-68.6158,8.8972],[-68.6041,8.8947],[-68.6044,8.8853],[-68.5952,8.8855],[-68.5982,8.8774],[-68.5856,8.8736],[-68.5842,8.8645],[-68.5758,8.8605],[-68.5785,8.8523],[-68.5505,8.8401],[-68.5609,8.8331],[-68.5801,8.8365],[-68.586,8.8223],[-68.5912,8.8288],[-68.5963,8.8196],[-68.6064,8.8251],[-68.6095,8.8162],[-68.6189,8.8201],[-68.6187,8.8074],[-68.6412,8.7933],[-68.6431,8.7776],[-68.6537,8.7778],[-68.6677,8.7645],[-68.6877,8.7626],[-68.6892,8.7495],[-68.6982,8.7425],[-68.7113,8.7444],[-68.7192,8.7378],[-68.7273,8.7392],[-68.7281,8.7462],[-68.7355,8.7434],[-68.7251,8.7297],[-68.7279,8.7242],[-68.7174,8.7259],[-68.7222,8.7177],[-68.7148,8.7063],[-68.6907,8.6969],[-68.6665,8.7107],[-68.65,8.7054],[-68.648,8.6695],[-68.6345,8.661],[-68.6344,8.6514],[-68.6469,8.6425],[-68.6437,8.6349],[-68.5965,8.627],[-68.5957,8.6347],[-68.583,8.6366],[-68.5769,8.6171],[-68.5602,8.6187],[-68.5347,8.598],[-68.5149,8.604],[-68.5052,8.5982],[-68.4729,8.5976],[-68.4673,8.6092],[-68.4522,8.6027],[-68.4408,8.6068],[-68.4207,8.5941],[-68.4162,8.6005],[-68.3861,8.6052],[-68.3797,8.6139],[-68.362,8.603],[-68.348,8.6064],[-68.3283,8.5927],[-68.3238,8.6071],[-68.3099,8.6098],[-68.2998,8.5929],[-68.2828,8.5871],[-68.2635,8.5947],[-68.262,8.6041],[-68.2329,8.5891],[-68.2058,8.6046],[-68.199,8.5997],[-68.1926,8.6048],[-68.1602,8.6042],[-68.1576,8.5978],[-68.1444,8.5974],[-68.1462,8.6019],[-68.1355,8.5963],[-68.1266,8.603],[-68.1187,8.5952],[-68.114,8.6053],[-68.1043,8.602],[-68.108,8.5931],[-68.0981,8.5927],[-68.1009,8.5866],[-68.0864,8.5887],[-68.0887,8.5774],[-68.08,8.5831],[-68.0673,8.5717],[-68.053,8.5779],[-68.0564,8.5634],[-68.0496,8.5619],[-68.0506,8.5382],[-68.0245,8.5345]]},"properties":{"id":"LIM-VE-H","nombre":"Cojedes","tipo":"limite","nivel":"estado","sector":"contexto","estado":"desconocido","fuente":"geoBoundaries gbOpen VEN ADM1 (OCHA Venezuela / Instituto Nacional de Estadistica), CC BY 4.0","confianza":"media","ultima_verificacion":"2026-09-09"}},{"type":"Feature","geometry":{"type":"LineString","coordinates":[[-60.2725,7.8936],[-60.2625,7.8962],[-60.2384,7.9304],[-60.2303,7.9332],[-60.2359,7.945],[-60.2176,7.9579],[-60.2011,7.9595],[-60.1985,7.9678],[-60.187,7.9616],[-60.1798,7.9719],[-60.1627,7.9737],[-60.1148,8.0278],[-60.0881,8.0327],[-60.0827,8.0243],[-60.0597,8.0162],[-60.0313,8.0372],[-60.0081,8.0717],[-60.0046,8.105],[-59.986,8.1302],[-59.9965,8.1463],[-59.9872,8.1785],[-59.9814,8.1865],[-59.9523,8.1911],[-59.9444,8.2138],[-59.8349,8.2335],[-59.7411,8.2198],[-59.7504,8.2566],[-59.798,8.3014],[-59.8402,8.3205],[-59.8512,8.3315],[-59.9561,8.4619],[-60.0221,8.5304],[-60.034,8.5543],[-60.0442,8.5589],[-60.0429,8.5656],[-60.0578,8.5723],[-60.048,8.5765],[-60.0518,8.5786],[-60.1362,8.5855],[-60.2423,8.6188],[-60.3488,8.6384],[-60.392,8.6326],[-60.4111,8.6184],[-60.4106,8.6054],[-60.4271,8.5862],[-60.3932,8.5686],[-60.3961,8.5564],[-60.4106,8.5648],[-60.4449,8.554],[-60.4495,8.5293],[-60.4609,8.5168],[-60.473,8.5149],[-60.4851,8.5282],[-60.4949,8.519],[-60.5225,8.5371],[-60.5931,8.5495],[-60.5893,8.6094],[-60.5807,8.6134],[-60.581,8.6231],[-60.6292,8.6549],[-60.6682,8.6688],[-60.6807,8.7044],[-60.6464,8.7678],[-60.6817,8.7947],[-60.698,8.8156],[-60.7268,8.8833],[-60.7611,8.9311],[-60.7692,8.9671],[-60.7833,8.9855],[-60.6768,9.0664],[-60.6752,9.085],[-60.6854,9.1184],[-60.6812,9.1385],[-60.7394,9.1972],[-60.7472,9.2207],[-60.77,9.2402],[-60.7623,9.271],[-60.8014,9.35],[-60.8358,9.4036],[-60.9087,9.4648],[-60.9315,9.4773],[-60.9493,9.4773],[-60.9576,9.4686],[-60.9748,9.4755],[-60.9549,9.5153],[-60.993,9.5539],[-61.0445,9.5728],[-61.0596,9.5687],[-61.098,9.573],[-61.0996,9.5665],[-61.1288,9.5659],[-61.1147,9.5617],[-61.1173,9.5584],[-61.1383,9.5591],[-61.1616,9.5666],[-61.1807,9.585],[-61.2174,9.5982],[-61.2245,9.5917],[-61.2104,9.5743],[-61.231,9.5663],[-61.2393,9.5771],[-61.2596,9.5783],[-61.3229,9.6135],[-61.3482,9.6151],[-61.3572,9.6236],[-61.3545,9.634],[-61.376,9.6549],[-61.4076,9.6646],[-61.4436,9.7032],[-61.4597,9.7376],[-61.4835,9.7607],[-61.4941,9.7935],[-61.5286,9.8408],[-61.5606,9.867],[-61.6309,9.8889],[-61.6525,9.8879],[-61.6427,9.8684],[-61.6501,9.8677],[-61.6448,9.8583],[-61.606,9.8465],[-61.6111,9.8429],[-61.6025,9.8358],[-61.6132,9.8397],[-61.6208,9.8333],[-61.6081,9.8243],[-61.5976,9.8252],[-61.5988,9.8186],[-61.5904,9.8126],[-61.5999,9.7802],[-61.6447,9.7769],[-61.7652,9.8224],[-61.8015,9.8282],[-61.8232,9.8167],[-61.8225,9.7889],[-61.8507,9.8003],[-61.9291,9.889],[-61.9906,9.916],[-62.0775,9.9742],[-62.1186,9.9851],[-62.162,10.0091],[-62.1988,10.018],[-62.2221,9.995],[-62.2929,9.994],[-62.3007,9.9577],[-62.2825,9.9382],[-62.2914,9.9335],[-62.3026,9.9083],[-62.3103,9.8298],[-62.3206,9.8131],[-62.2956,9.7769],[-62.2953,9.7388],[-62.3118,9.7288],[-62.319,9.7128],[-62.3249,9.7207],[-62.3391,9.7028],[-62.3599,9.6927],[-62.3506,9.6466],[-62.3709,9.6238],[-62.3869,9.623],[-62.4141,9.5885],[-62.412,9.5819],[-62.4396,9.5447],[-62.4423,9.4917],[-62.4284,9.4812],[-62.3983,9.4769],[-62.4089,9.4081],[-62.349,9.3824],[-62.3231,9.3539],[-62.341,9.3282],[-62.3399,9.3176],[-62.3216,9.2944],[-62.3243,9.2561],[-62.2989,9.2256],[-62.3072,9.2115],[-62.3049,9.1824],[-62.3219,9.1773],[-62.3266,9.1318],[-62.3207,9.1279],[-62.3007,9.1351],[-62.2709,9.1352],[-62.2631,9.1309],[-62.2585,9.1101],[-62.2237,9.0843],[-62.2221,9.059],[-62.1948,9.0652],[-62.1878,9.0852],[-62.1666,9.0881],[-62.1601,9.1061],[-62.1489,9.1025],[-62.1444,9.0621],[-62.1236,9.0483],[-62.1168,9.0483],[-62.1117,9.0677],[-62.1016,9.0768],[-62.0605,9.0588],[-62.0554,9.0395],[-62.0891,8.9776],[-62.0896,8.9611],[-62.0641,8.9176],[-62.0631,8.9007],[-62.0515,8.8805],[-62.039,8.8765],[-62.009,8.8912],[-61.9971,8.8865],[-61.9968,8.8761],[-62.0199,8.8476],[-62.0587,8.8193],[-62.0597,8.7844],[-62.0709,8.7568],[-62.1424,8.7062],[-62.1812,8.6986],[-62.2033,8.6814],[-62.2289,8.6312],[-62.2306,8.6186],[-62.2222,8.6061],[-62.3035,8.5769],[-62.3543,8.5657],[-62.4664,8.5129],[-62.4935,8.5215],[-62.5312,8.4944],[-62.5749,8.4818],[-62.5821,8.4637],[-62.6116,8.441],[-62.5017,8.3868],[-62.4041,8.3243],[-62.3725,8.3197],[-62.3096,8.282],[-61.7004,8.4434],[-61.7104,8.4212],[-61.7018,8.4096],[-61.6992,8.3831],[-61.6885,8.3768],[-61.6825,8.3615],[-61.685,8.342],[-61.7012,8.3296],[-61.7066,8.3121],[-61.7202,8.2978],[-61.7878,8.2831],[-61.7972,8.2561],[-61.789,8.2445],[-61.7901,8.2332],[-61.774,8.2086],[-61.7604,8.2047],[-61.7609,8.1915],[-61.7431,8.1768],[-61.7274,8.1471],[-61.7077,8.1345],[-61.6984,8.1048],[-61.6993,8.0838],[-61.6877,8.07],[-61.6611,8.0589],[-61.6501,8.0032],[-61.6595,7.973],[-61.6553,7.9461],[-61.6388,7.9461],[-61.6166,7.9246],[-61.612,7.9108],[-61.5843,7.9029],[-61.5722,7.8817],[-61.5623,7.877],[-61.5556,7.8496],[-61.5397,7.8566],[-61.4902,7.8104],[-61.4627,7.7988],[-61.4507,7.8158],[-61.4723,7.844],[-61.444,7.8647],[-61.4338,7.9082],[-61.4023,7.9319],[-61.2888,7.9788],[-61.243,7.903],[-60.9738,7.7534],[-60.8993,7.7549],[-60.8385,7.8379],[-60.8356,7.8795],[-60.6673,7.8385],[-60.3226,7.881],[-60.2725,7.8936]]},"properties":{"id":"LIM-VE-Y","nombre":"Delta Amacuro","tipo":"limite","nivel":"estado","sector":"contexto","estado":"desconocido","fuente":"geoBoundaries gbOpen VEN ADM1 (OCHA Venezuela / Instituto Nacional de Estadistica), CC BY 4.0","confianza":"media","ultima_verificacion":"2026-09-09"}},{"type":"Feature","geometry":{"type":"LineString","coordinates":[[-66.8727,10.5461],[-66.8834,10.5419],[-66.9173,10.5527],[-66.9521,10.5435],[-66.9842,10.5593],[-67.0142,10.5625],[-67.0308,10.5498],[-67.0277,10.5327],[-67.0491,10.5281],[-67.053,10.518],[-67.0668,10.5164],[-67.0557,10.5015],[-67.0586,10.4674],[-67.0729,10.4605],[-67.1198,10.4589],[-67.144,10.4496],[-67.1628,10.4368],[-67.1583,10.4255],[-67.1634,10.4141],[-67.0947,10.4061],[-67.0797,10.393],[-67.0454,10.3859],[-67.0318,10.3917],[-67.0146,10.3832],[-66.9989,10.3874],[-66.9503,10.4245],[-66.931,10.4137],[-66.9002,10.4087],[-66.8957,10.412],[-66.9001,10.4272],[-66.8957,10.4516],[-66.881,10.4721],[-66.8833,10.4865],[-66.8804,10.4907],[-66.869,10.4875],[-66.8614,10.5119],[-66.8727,10.5461]]},"properties":{"id":"LIM-VE-A","nombre":"Distrito Capital","tipo":"limite","nivel":"estado","sector":"contexto","estado":"desconocido","fuente":"geoBoundaries gbOpen VEN ADM1 (OCHA Venezuela / Instituto Nacional de Estadistica), CC BY 4.0","confianza":"media","ultima_verificacion":"2026-09-09"}},{"type":"Feature","geometry":{"type":"LineString","coordinates":[[-68.2355,10.5777],[-68.2883,10.6618],[-68.3168,10.7386],[-68.3237,10.7816],[-68.3134,10.7927],[-68.3237,10.8074],[-68.3239,10.8187],[-68.3223,10.8224],[-68.3081,10.8128],[-68.3032,10.8216],[-68.3242,10.8341],[-68.3168,10.8352],[-68.2967,10.8213],[-68.2926,10.8268],[-68.3021,10.8423],[-68.3117,10.8397],[-68.3072,10.8443],[-68.314,10.843],[-68.3256,10.8535],[-68.3152,10.8512],[-68.3136,10.8568],[-68.3045,10.8472],[-68.3077,10.8551],[-68.2924,10.8418],[-68.2859,10.8482],[-68.295,10.8453],[-68.3029,10.8569],[-68.2809,10.8578],[-68.2744,10.8467],[-68.2659,10.8543],[-68.2275,10.8526],[-68.2267,10.8589],[-68.2179,10.8576],[-68.2233,10.8675],[-68.2311,10.8633],[-68.2274,10.8714],[-68.2221,10.8693],[-68.2322,10.8849],[-68.2242,10.8844],[-68.2407,10.8905],[-68.2509,10.9051],[-68.2483,10.9152],[-68.2577,10.9208],[-68.2535,10.8942],[-68.3145,10.9085],[-68.3208,10.9154],[-68.3483,10.9058],[-68.3629,10.9179],[-68.3636,10.931],[-68.318,10.937],[-68.2859,10.9243],[-68.2892,10.9165],[-68.2958,10.917],[-68.2795,10.9038],[-68.2619,10.9074],[-68.2724,10.9128],[-68.2706,10.9351],[-68.3103,10.9873],[-68.3393,11.0605],[-68.3916,11.1443],[-68.3916,11.157],[-68.3796,11.1606],[-68.3942,11.1785],[-68.4106,11.1901],[-68.4084,11.1797],[-68.4155,11.1718],[-68.4488,11.1755],[-68.4951,11.2182],[-68.5315,11.2647],[-68.6022,11.2822],[-68.6649,11.3486],[-68.6894,11.3553],[-68.6933,11.3422],[-68.7199,11.3457],[-68.7923,11.3958],[-68.8303,11.4434],[-68.8419,11.4386],[-68.8591,11.4504],[-68.8838,11.4494],[-68.8912,11.4413],[-68.947,11.4503],[-68.9873,11.4338],[-69.0089,11.4423],[-69.0232,11.4353],[-69.0395,11.442],[-69.0536,11.4398],[-69.1076,11.4932],[-69.1191,11.4846],[-69.1556,11.4924],[-69.1844,11.5112],[-69.2028,11.5033],[-69.2272,11.5091],[-69.2661,11.5348],[-69.2824,11.5349],[-69.2862,11.5272],[-69.3685,11.4826],[-69.4592,11.5011],[-69.5153,11.506],[-69.5585,11.4809],[-69.5747,11.4558],[-69.6005,11.4577],[-69.6281,11.4704],[-69.6884,11.5422],[-69.7188,11.595],[-69.7553,11.6836],[-69.791,11.7863],[-69.8124,11.8824],[-69.8125,11.9202],[-69.8063,11.9379],[-69.7967,11.9396],[-69.8027,11.9473],[-69.8096,11.9449],[-69.8147,11.9544],[-69.8218,11.9986],[-69.8339,12.0107],[-69.8361,12.0291],[-69.8518,12.045],[-69.8548,12.0624],[-69.8678,12.0827],[-69.8756,12.0855],[-69.8727,12.0918],[-69.8825,12.1008],[-69.899,12.1433],[-69.9349,12.1727],[-69.9726,12.1745],[-70.0015,12.1951],[-70.0257,12.1937],[-70.0706,12.1709],[-70.0692,12.1648],[-70.0988,12.148],[-70.1497,12.1041],[-70.2002,12.1018],[-70.2162,12.0909],[-70.2194,12.0804],[-70.2105,12.0744],[-70.2098,12.065],[-70.2568,11.9821],[-70.2572,11.9612],[-70.2831,11.922],[-70.2912,11.9014],[-70.2892,11.8716],[-70.3005,11.8537],[-70.292,11.8612],[-70.2836,11.8584],[-70.2788,11.814],[-70.2732,11.82],[-70.2611,11.8178],[-70.239,11.7568],[-70.2318,11.7625],[-70.2379,11.777],[-70.2302,11.7809],[-70.2147,11.7781],[-70.2054,11.7626],[-70.2124,11.7448],[-70.2019,11.7405],[-70.2041,11.7273],[-70.21,11.7254],[-70.2122,11.7339],[-70.2231,11.7285],[-70.2259,11.7439],[-70.2351,11.738],[-70.2262,11.7307],[-70.2216,11.7139],[-70.2154,11.7185],[-70.2097,11.7072],[-70.2125,11.6984],[-70.2237,11.6964],[-70.2142,11.671],[-70.2363,11.6299],[-70.2254,11.6083],[-70.1852,11.604],[-70.1408,11.6175],[-70.1109,11.6197],[-69.9403,11.6711],[-69.9328,11.6621],[-69.9476,11.6603],[-69.9254,11.6475],[-69.8983,11.6719],[-69.8918,11.6727],[-69.8973,11.6664],[-69.875,11.6677],[-69.8709,11.6622],[-69.8613,11.671],[-69.8663,11.6724],[-69.8599,11.683],[-69.8411,11.6924],[-69.8216,11.6771],[-69.8071,11.6931],[-69.7664,11.6119],[-69.7607,11.59],[-69.7661,11.574],[-69.7505,11.559],[-69.7554,11.5404],[-69.7364,11.5134],[-69.725,11.5114],[-69.7337,11.4963],[-69.7234,11.4903],[-69.7402,11.4811],[-69.7331,11.4784],[-69.7488,11.4684],[-69.745,11.4667],[-69.7858,11.4443],[-69.7851,11.4317],[-69.792,11.426],[-69.8158,11.4195],[-69.8458,11.4225],[-69.8784,11.4355],[-69.8964,11.4537],[-69.8945,11.4794],[-69.8863,11.4941],[-69.8929,11.5082],[-69.912,11.494],[-69.9181,11.4949],[-69.9211,11.5068],[-69.9349,11.4927],[-69.9659,11.4848],[-69.9707,11.4934],[-69.9817,11.4925],[-69.993,11.5146],[-70.0047,11.5183],[-70.0471,11.5111],[-70.1394,11.5664],[-70.1155,11.5496],[-70.119,11.5468],[-70.1118,11.5404],[-70.0809,11.5311],[-70.1174,11.5304],[-70.117,11.5217],[-70.1234,11.5199],[-70.0782,11.5218],[-70.086,11.5121],[-70.068,11.5189],[-70.0799,11.5064],[-70.0708,11.5124],[-70.0448,11.5092],[-70.049,11.4894],[-70.0296,11.4926],[-70.0193,11.4882],[-70.0187,11.4676],[-70.0329,11.4774],[-70.0512,11.4771],[-70.0544,11.4658],[-70.0434,11.4705],[-70.0356,11.4689],[-70.0357,11.46],[-70.0293,11.4616],[-70.0467,11.4365],[-70.0632,11.4541],[-70.0855,11.4492],[-70.0894,11.4476],[-70.0833,11.4408],[-70.0975,11.4247],[-70.1371,11.467],[-70.1652,11.468],[-70.1674,11.4638],[-70.1399,11.4659],[-70.1425,11.4546],[-70.1359,11.4581],[-70.1408,11.4542],[-70.1322,11.4506],[-70.1433,11.45],[-70.1469,11.4346],[-70.1352,11.4411],[-70.149,11.4269],[-70.1428,11.4241],[-70.154,11.4076],[-70.1635,11.4073],[-70.1676,11.3854],[-70.1834,11.3624],[-70.2418,11.3412],[-70.2789,11.3515],[-70.3062,11.3351],[-70.3211,11.3173],[-70.3225,11.3244],[-70.3616,11.3084],[-70.388,11.3048],[-70.4228,11.2799],[-70.4882,11.2849],[-70.5125,11.2665],[-70.5125,11.2423],[-70.5037,11.268],[-70.4867,11.2799],[-70.4975,11.2646],[-70.4813,11.2765],[-70.4857,11.2689],[-70.5146,11.2376],[-70.532,11.2308],[-70.5839,11.2328],[-70.6159,11.2239],[-70.6642,11.2307],[-70.7134,11.2264],[-70.7839,11.2018],[-70.8442,11.1946],[-70.9326,11.1453],[-70.949,11.1303],[-71.0671,11.0722],[-71.074,11.0591],[-71.112,11.0491],[-71.1868,11.0074],[-71.3097,10.9702],[-71.315,10.9635],[-71.2825,10.9666],[-71.2703,10.9751],[-71.2716,10.9567],[-71.2653,10.9457],[-71.221,10.9325],[-71.2169,10.9015],[-71.204,10.8837],[-71.1992,10.8575],[-71.1831,10.8305],[-71.1488,10.8087],[-71.1416,10.8107],[-71.1295,10.7934],[-71.0975,10.7707],[-71.0951,10.7522],[-71.1008,10.7459],[-71.0948,10.7403],[-71.096,10.708],[-71.0885,10.6946],[-71.0965,10.6906],[-71.0967,10.6806],[-71.0873,10.6725],[-71.0806,10.6448],[-71.0868,10.6256],[-71.0751,10.6103],[-71.0544,10.6039],[-71.0477,10.5828],[-71.0383,10.5749],[-71.025,10.5744],[-71.0281,10.5627],[-71.02,10.5452],[-71.017,10.5068],[-71.0011,10.5045],[-70.9983,10.5117],[-70.9861,10.5001],[-70.9713,10.5002],[-70.9712,10.4883],[-70.9573,10.4834],[-70.9526,10.4649],[-70.9032,10.4667],[-70.8782,10.4491],[-70.8631,10.461],[-70.8429,10.4526],[-70.8327,10.4625],[-70.8023,10.4697],[-70.7822,10.4293],[-70.7731,10.4221],[-70.7723,10.4097],[-70.7576,10.3936],[-70.768,10.36],[-70.7607,10.352],[-70.7641,10.3329],[-70.7308,10.3063],[-70.7189,10.3033],[-70.6807,10.3012],[-70.6624,10.3168],[-70.6235,10.33],[-70.5814,10.3228],[-70.5691,10.3271],[-70.5442,10.3651],[-70.5372,10.4117],[-70.5207,10.443],[-70.4935,10.462],[-70.4792,10.4585],[-70.4616,10.4695],[-70.4515,10.4589],[-70.4317,10.4524],[-70.3975,10.4855],[-70.3897,10.511],[-70.3953,10.5244],[-70.3761,10.534],[-70.3705,10.5446],[-70.3428,10.5476],[-70.3426,10.5676],[-70.3246,10.5696],[-70.3188,10.5795],[-70.2755,10.5622],[-70.2534,10.573],[-70.2415,10.5877],[-70.1769,10.6159],[-70.1822,10.6264],[-70.1774,10.6427],[-70.1415,10.663],[-70.1258,10.6596],[-70.1172,10.65],[-70.0857,10.6555],[-70.0806,10.6416],[-70.0585,10.6412],[-70.043,10.6547],[-70.0188,10.6636],[-70.0149,10.6722],[-69.9942,10.6752],[-69.9647,10.6961],[-69.9507,10.7017],[-69.9402,10.6884],[-69.9173,10.6901],[-69.893,10.7049],[-69.8676,10.71],[-69.8671,10.7194],[-69.8559,10.7307],[-69.8405,10.7313],[-69.8187,10.7426],[-69.811,10.7303],[-69.828,10.7173],[-69.8219,10.704],[-69.7921,10.7125],[-69.734,10.7453],[-69.7208,10.7447],[-69.6906,10.7195],[-69.6496,10.7389],[-69.6175,10.7271],[-69.6088,10.7325],[-69.5671,10.7296],[-69.545,10.7431],[-69.5161,10.7419],[-69.5224,10.7169],[-69.5152,10.6898],[-69.5046,10.6946],[-69.4648,10.6898],[-69.4542,10.6996],[-69.4242,10.7],[-69.4042,10.7098],[-69.3826,10.7054],[-69.3797,10.7118],[-69.3578,10.702],[-69.345,10.7057],[-69.3304,10.6962],[-69.3258,10.7029],[-69.3062,10.695],[-69.2997,10.703],[-69.291,10.6972],[-69.2582,10.701],[-69.2489,10.6912],[-69.242,10.6975],[-69.2261,10.6925],[-69.2166,10.7027],[-69.2101,10.6918],[-69.2047,10.6985],[-69.1963,10.6911],[-69.18,10.6963],[-69.1838,10.6887],[-69.1794,10.6867],[-69.1712,10.6954],[-69.1609,10.6844],[-69.1495,10.6913],[-69.1457,10.6831],[-69.1337,10.6896],[-69.133,10.6791],[-69.1268,10.6879],[-69.1031,10.6797],[-69.0917,10.6862],[-69.0838,10.6815],[-69.0844,10.6662],[-69.0788,10.6609],[-69.0572,10.6768],[-69.0519,10.6738],[-69.0532,10.6812],[-69.0322,10.6846],[-69.0332,10.69],[-69.0247,10.6852],[-69.0102,10.6971],[-69.001,10.6921],[-68.9977,10.6979],[-68.9908,10.6935],[-68.9676,10.6975],[-68.9669,10.6907],[-68.9608,10.7009],[-68.9483,10.6964],[-68.943,10.7048],[-68.9434,10.6976],[-68.9355,10.6946],[-68.9034,10.6937],[-68.8913,10.677],[-68.8865,10.6512],[-68.8511,10.6497],[-68.8435,10.6504],[-68.8098,10.6933],[-68.7938,10.6922],[-68.7926,10.703],[-68.773,10.7185],[-68.7789,10.7279],[-68.7429,10.7209],[-68.7141,10.7292],[-68.6934,10.7242],[-68.6794,10.731],[-68.6701,10.7231],[-68.6182,10.7741],[-68.6518,10.6187],[-68.6223,10.6146],[-68.6202,10.606],[-68.6121,10.6085],[-68.6009,10.601],[-68.5885,10.6046],[-68.5828,10.5979],[-68.5649,10.6052],[-68.5483,10.5962],[-68.5317,10.6005],[-68.2487,10.5786],[-68.2424,10.5835],[-68.2355,10.5777]]},"properties":{"id":"LIM-VE-I","nombre":"Falcón","tipo":"limite","nivel":"estado","sector":"contexto","estado":"desconocido","fuente":"geoBoundaries gbOpen VEN ADM1 (OCHA Venezuela / Instituto Nacional de Estadistica), CC BY 4.0","confianza":"media","ultima_verificacion":"2026-09-09"}},{"type":"Feature","geometry":{"type":"LineString","coordinates":[[-65.7177,9.9621],[-65.7452,9.9572],[-65.7469,9.9418],[-65.7561,9.9405],[-65.7595,9.9497],[-65.7697,9.9526],[-65.7732,9.9429],[-65.7919,9.9607],[-65.8075,9.9542],[-65.8347,9.9689],[-65.8917,9.968],[-65.9074,9.95],[-65.9405,9.9455],[-65.9506,9.9351],[-65.9698,9.9424],[-66.0034,9.9388],[-66.0263,9.9511],[-66.0604,9.9567],[-66.063,9.9686],[-66.0878,9.9712],[-66.0992,9.9523],[-66.1216,9.9552],[-66.1463,9.977],[-66.1616,9.9479],[-66.1787,9.9493],[-66.1896,9.9601],[-66.2076,9.951],[-66.2242,9.9692],[-66.2339,9.9693],[-66.2444,9.988],[-66.2901,9.9788],[-66.3173,10.0029],[-66.3357,9.9987],[-66.3399,10.0192],[-66.3857,10.0405],[-66.4311,10.0308],[-66.4341,10.0183],[-66.4458,10.0132],[-66.4816,10.0216],[-66.4915,9.9925],[-66.5412,9.9673],[-66.5842,9.9831],[-66.6129,9.9725],[-66.6103,9.9544],[-66.6029,9.9482],[-66.6047,9.912],[-66.5951,9.8916],[-66.6012,9.8862],[-66.6021,9.8661],[-66.595,9.8483],[-66.5745,9.8405],[-66.5976,9.818],[-66.5853,9.8068],[-66.6027,9.8003],[-66.6,9.7834],[-66.6107,9.774],[-66.6214,9.7798],[-66.6251,9.7663],[-66.6188,9.7566],[-66.6276,9.7521],[-66.6273,9.7368],[-66.6214,9.7318],[-66.6332,9.7133],[-66.6099,9.7086],[-66.5739,9.6774],[-66.5729,9.6666],[-66.5558,9.6557],[-66.5494,9.6366],[-66.5536,9.6203],[-66.5461,9.613],[-66.5584,9.6053],[-66.5544,9.5956],[-66.5655,9.591],[-66.5611,9.5826],[-66.5679,9.5799],[-66.5747,9.5588],[-66.5669,9.549],[-66.5864,9.5357],[-66.578,9.5263],[-66.5814,9.5216],[-66.5752,9.51],[-66.5655,9.499],[-66.5595,9.5006],[-66.5567,9.4893],[-66.5758,9.4412],[-66.5681,9.4377],[-66.5768,9.4363],[-66.5751,9.4257],[-66.587,9.4109],[-66.5838,9.4035],[-66.5962,9.3788],[-66.6071,9.3755],[-66.6085,9.3569],[-66.6201,9.3563],[-66.6201,9.3508],[-66.6342,9.3442],[-66.6352,9.328],[-66.6568,9.2905],[-66.6792,9.2762],[-66.683,9.2629],[-66.707,9.2518],[-66.7561,9.303],[-66.7768,9.2951],[-66.816,9.3142],[-66.8337,9.3288],[-66.837,9.3392],[-66.8514,9.3443],[-66.8605,9.3371],[-66.8933,9.3373],[-66.9828,9.4364],[-66.9995,9.4123],[-67.014,9.4156],[-67.0087,9.4349],[-67.0156,9.4375],[-67.0094,9.4405],[-67.0098,9.4494],[-67.0047,9.4452],[-67.0004,9.4517],[-67.0027,9.4685],[-66.9987,9.4738],[-66.9972,9.4682],[-66.9911,9.4712],[-66.9756,9.4942],[-66.9839,9.509],[-66.9679,9.5141],[-66.9683,9.5227],[-66.9605,9.5203],[-66.9474,9.5317],[-66.9506,9.5371],[-66.9451,9.5426],[-66.9369,9.534],[-66.9034,9.5437],[-66.8983,9.5358],[-66.8795,9.5516],[-66.8615,9.5947],[-66.8396,9.6181],[-66.854,9.6428],[-66.8462,9.6591],[-66.8769,9.679],[-66.9007,9.6768],[-66.9154,9.6856],[-66.9377,9.685],[-66.9466,9.6935],[-66.9635,9.6939],[-66.9584,9.7213],[-66.9729,9.7522],[-66.9815,9.7589],[-66.9921,9.753],[-67.0274,9.7622],[-67.0401,9.7915],[-67.055,9.7875],[-67.0703,9.7938],[-67.0816,9.7857],[-67.1056,9.7869],[-67.1149,9.8033],[-67.1068,9.8201],[-67.113,9.8285],[-67.14,9.8301],[-67.1501,9.8409],[-67.1479,9.8617],[-67.1586,9.87],[-67.1584,9.8909],[-67.1695,9.9064],[-67.1616,9.913],[-67.1632,9.9295],[-67.2162,9.9347],[-67.231,9.9227],[-67.2555,9.9168],[-67.265,9.9063],[-67.2745,9.9152],[-67.2731,9.9349],[-67.3106,9.9395],[-67.3345,9.9262],[-67.3556,9.943],[-67.3641,9.9421],[-67.3643,9.9504],[-67.3762,9.9546],[-67.386,9.9689],[-67.4307,9.994],[-67.4492,9.9771],[-67.4656,9.9797],[-67.4776,9.9664],[-67.492,9.9684],[-67.5228,9.9506],[-67.5346,9.9547],[-67.5173,9.8772],[-67.5443,9.8853],[-67.5491,9.8954],[-67.5686,9.9037],[-67.5766,9.9003],[-67.5747,9.8884],[-67.5855,9.8774],[-67.5921,9.8464],[-67.5998,9.8442],[-67.6298,9.8617],[-67.6433,9.8467],[-67.6643,9.846],[-67.687,9.8226],[-67.7116,9.8366],[-67.703,9.8496],[-67.7103,9.8549],[-67.7124,9.8739],[-67.7309,9.8802],[-67.736,9.8927],[-67.7655,9.907],[-67.7682,9.9156],[-67.8048,9.9298],[-67.8149,9.8742],[-67.7979,9.8318],[-67.8026,9.8192],[-67.7974,9.7808],[-67.7826,9.7649],[-67.7629,9.7616],[-67.7668,9.7429],[-67.7527,9.7029],[-67.7548,9.6833],[-67.7796,9.6701],[-67.7874,9.6563],[-67.8061,9.6514],[-67.816,9.6305],[-67.8362,9.6286],[-67.8642,9.6151],[-67.8743,9.6177],[-67.8828,9.6096],[-67.8918,9.6203],[-67.9173,9.6151],[-67.9261,9.6004],[-67.9382,9.6006],[-67.9358,9.578],[-67.9269,9.5622],[-67.9396,9.5603],[-67.9339,9.5547],[-67.9375,9.5521],[-67.9723,9.5405],[-67.9682,9.5299],[-67.9572,9.5305],[-67.9609,9.5143],[-67.9562,9.5139],[-67.9516,9.4957],[-67.9265,9.4816],[-67.9203,9.4542],[-67.926,9.4546],[-67.925,9.4471],[-67.9132,9.406],[-67.9204,9.3975],[-67.9222,9.3535],[-67.9402,9.3375],[-67.9459,9.3192],[-67.9376,9.3157],[-67.9359,9.3004],[-67.913,9.2829],[-67.9154,9.2782],[-67.9048,9.2692],[-67.8972,9.2468],[-67.8846,9.2439],[-67.872,9.1773],[-67.8598,9.1586],[-67.8566,9.1174],[-67.8629,9.111],[-67.8504,9.0934],[-67.8651,9.052],[-67.8961,9.0086],[-67.9046,8.969],[-67.9191,8.9436],[-67.9307,8.9339],[-67.9595,8.9302],[-67.977,8.9201],[-67.9788,8.8866],[-67.9636,8.879],[-67.9786,8.8459],[-67.9904,8.8372],[-67.9859,8.8332],[-67.994,8.8261],[-67.9934,8.8131],[-68.0057,8.7866],[-68.0214,8.7672],[-68.0266,8.7685],[-68.0246,8.758],[-68.0167,8.7584],[-68.0168,8.7467],[-68.0067,8.7435],[-68.0175,8.7337],[-68.019,8.7406],[-68.0263,8.7404],[-68.0243,8.7325],[-68.0302,8.7296],[-68.0195,8.7311],[-68.0194,8.7137],[-68.0117,8.7087],[-68.0175,8.7004],[-68.0028,8.699],[-68.009,8.6876],[-68.0192,8.6851],[-68.0104,8.6713],[-68.0135,8.6591],[-68.0014,8.6534],[-68.0083,8.638],[-68.0023,8.6325],[-68.0192,8.622],[-68.0106,8.6088],[-68.0176,8.603],[-68.0137,8.5961],[-68.021,8.5931],[-68.0116,8.5873],[-68.0068,8.5923],[-68.0153,8.5764],[-68.001,8.5826],[-67.9971,8.5737],[-68.0034,8.5653],[-68.0008,8.5545],[-68.0143,8.5601],[-68.0109,8.5486],[-68.0245,8.5345],[-68.0174,8.4921],[-68.0011,8.4882],[-68.0076,8.4743],[-67.9988,8.4653],[-67.9733,8.4687],[-67.9713,8.4539],[-67.989,8.4452],[-67.9903,8.4387],[-67.9573,8.4193],[-67.9624,8.4083],[-67.9401,8.3892],[-67.9372,8.3729],[-67.9008,8.3795],[-67.9019,8.366],[-67.8871,8.3466],[-67.8736,8.3439],[-67.8708,8.3378],[-67.862,8.3506],[-67.8548,8.3502],[-67.8526,8.3345],[-67.8804,8.3033],[-67.861,8.3085],[-67.8589,8.3184],[-67.8435,8.309],[-67.8422,8.2881],[-67.8335,8.2891],[-67.8286,8.2805],[-67.8317,8.259],[-67.8187,8.2563],[-67.8109,8.2616],[-67.7957,8.2538],[-67.7888,8.2712],[-67.7696,8.2183],[-67.7574,8.2205],[-67.7497,8.232],[-67.7076,8.2286],[-67.6972,8.2043],[-67.6807,8.2015],[-67.6779,8.1878],[-67.6669,8.1808],[-67.6742,8.1512],[-67.6641,8.1488],[-67.6631,8.1366],[-67.6312,8.1252],[-67.6171,8.1002],[-67.6182,8.0938],[-67.6294,8.0895],[-67.6143,8.0877],[-67.6095,8.1009],[-67.604,8.0931],[-67.5843,8.0886],[-67.5764,8.0767],[-67.5774,8.0646],[-67.5872,8.0553],[-67.5747,8.0444],[-67.5854,8.0424],[-67.5981,8.05],[-67.6044,8.04],[-67.5887,8.035],[-67.5944,8.0285],[-67.587,8.0257],[-67.5866,8.0183],[-67.5783,8.0236],[-67.5723,8.0087],[-67.5604,8.0089],[-67.5718,7.9911],[-67.5529,7.9811],[-67.5572,7.9665],[-67.547,7.9764],[-67.537,7.9713],[-67.5286,7.9782],[-67.5129,7.9733],[-67.5024,7.9602],[-67.5032,7.9521],[-67.5355,7.9443],[-67.5244,7.9339],[-67.519,7.9149],[-67.5129,7.9129],[-67.5111,7.9191],[-67.5159,7.9196],[-67.5074,7.9247],[-67.4982,7.9026],[-67.4648,7.9015],[-67.4355,7.8856],[-67.4213,7.8946],[-67.415,7.909],[-67.3969,7.9085],[-67.3971,7.914],[-67.364,7.8941],[-67.3663,7.8878],[-67.36,7.8814],[-67.3547,7.8935],[-67.3468,7.8899],[-67.3524,7.8826],[-67.3488,7.8802],[-67.3366,7.8927],[-67.3372,7.8872],[-67.3195,7.8813],[-67.3299,7.8677],[-67.325,7.8475],[-67.3084,7.8378],[-67.3023,7.8259],[-67.299,7.8317],[-67.2859,7.8244],[-67.2764,7.8311],[-67.2588,7.8309],[-67.256,7.8187],[-67.2426,7.8088],[-67.2459,7.8004],[-67.2403,7.8054],[-67.2265,7.7942],[-67.2209,7.7785],[-67.209,7.7734],[-67.156,7.78],[-67.1588,7.76],[-67.097,7.7649],[-67.0933,7.7758],[-67.0494,7.7888],[-67.0082,7.7582],[-67.0056,7.7688],[-66.9754,7.7642],[-66.9679,7.7596],[-66.9699,7.7486],[-66.9652,7.7521],[-66.9376,7.7416],[-66.9102,7.755],[-66.8897,7.7464],[-66.8838,7.7276],[-66.8524,7.7217],[-66.8469,7.7357],[-66.8158,7.7315],[-66.7899,7.703],[-66.7892,7.712],[-66.7836,7.7069],[-66.7775,7.7101],[-66.7749,7.7012],[-66.7444,7.698],[-66.7248,7.6867],[-66.7273,7.6936],[-66.7193,7.6955],[-66.7157,7.6899],[-66.6906,7.7025],[-66.6847,7.7213],[-66.6789,7.7141],[-66.6845,7.6979],[-66.6705,7.705],[-66.6643,7.7022],[-66.6645,7.6937],[-66.6506,7.6991],[-66.6358,7.7304],[-66.6483,7.7286],[-66.6561,7.7409],[-66.6499,7.7449],[-66.6518,7.7509],[-66.6619,7.7453],[-66.6652,7.7542],[-66.6562,7.7677],[-66.6391,7.7614],[-66.6284,7.7739],[-66.6187,7.7642],[-66.6069,7.7632],[-66.5816,7.7807],[-66.5664,7.7778],[-66.5527,7.7835],[-66.553,7.774],[-66.544,7.7861],[-66.5516,7.8026],[-66.5293,7.8134],[-66.5121,7.7786],[-66.4766,7.76],[-66.4855,7.7331],[-66.4052,7.7107],[-66.3599,7.7258],[-66.339,7.6901],[-66.3284,7.6866],[-66.3361,7.6701],[-66.3301,7.6468],[-66.3023,7.6546],[-66.2732,7.6427],[-66.2554,7.6234],[-66.2438,7.6233],[-66.2209,7.6313],[-66.182,7.6631],[-66.1467,7.6742],[-66.1258,7.6888],[-66.0162,7.6875],[-65.9231,7.6729],[-65.8998,7.6741],[-65.8629,7.6871],[-65.761,7.789],[-65.7191,7.8471],[-65.6371,7.9011],[-65.5284,7.8885],[-65.4166,7.8561],[-65.3668,7.8565],[-65.3766,7.8819],[-65.4102,7.9106],[-65.4215,7.9164],[-65.4733,7.9188],[-65.4714,7.9242],[-65.4916,7.9169],[-65.5034,7.9299],[-65.4991,7.9627],[-65.4876,7.9671],[-65.495,7.9732],[-65.4908,7.9808],[-65.4974,7.99],[-65.4826,8.0097],[-65.4896,8.0265],[-65.4775,8.03],[-65.4798,8.044],[-65.474,8.0489],[-65.4609,8.0528],[-65.4568,8.0464],[-65.4491,8.0521],[-65.421,8.1059],[-65.3982,8.1168],[-65.4,8.1259],[-65.3911,8.1299],[-65.3758,8.1575],[-65.3885,8.1718],[-65.3768,8.1685],[-65.3657,8.1772],[-65.3771,8.1841],[-65.3632,8.1898],[-65.366,8.2011],[-65.3591,8.2072],[-65.3531,8.1997],[-65.3461,8.2014],[-65.3517,8.2092],[-65.3415,8.2081],[-65.3444,8.2142],[-65.3327,8.2194],[-65.3354,8.2248],[-65.325,8.2221],[-65.3281,8.2327],[-65.3094,8.2339],[-65.3109,8.2496],[-65.2981,8.2571],[-65.2979,8.2667],[-65.2885,8.2763],[-65.2802,8.2769],[-65.2854,8.2803],[-65.2784,8.2993],[-65.2681,8.298],[-65.2746,8.311],[-65.2714,8.316],[-65.2675,8.3142],[-65.2557,8.3324],[-65.2482,8.3275],[-65.2366,8.3316],[-65.2261,8.3434],[-65.2262,8.3576],[-65.217,8.357],[-65.2133,8.3698],[-65.2105,8.3654],[-65.2032,8.3692],[-65.2061,8.379],[-65.1963,8.3901],[-65.2045,8.3944],[-65.2004,8.4117],[-65.1952,8.4117],[-65.1956,8.4214],[-65.1863,8.4329],[-65.1794,8.4336],[-65.188,8.4401],[-65.178,8.4483],[-65.178,8.4551],[-65.1838,8.4541],[-65.1759,8.4676],[-65.1819,8.4784],[-65.1581,8.5135],[-65.1624,8.5247],[-65.1513,8.5318],[-65.1576,8.5421],[-65.1484,8.5448],[-65.1539,8.5529],[-65.1469,8.5582],[-65.1504,8.5707],[-65.1441,8.5766],[-65.1506,8.5885],[-65.1462,8.5992],[-65.1534,8.6034],[-65.1471,8.6094],[-65.1707,8.6434],[-65.1713,8.661],[-65.1608,8.6732],[-65.1685,8.6766],[-65.1715,8.703],[-65.1579,8.7106],[-65.1561,8.7204],[-65.1494,8.7213],[-65.1505,8.7345],[-65.1332,8.7489],[-65.1217,8.7444],[-65.1073,8.7478],[-65.08,8.7645],[-65.0758,8.7592],[-65.0642,8.7608],[-65.0527,8.7467],[-65.0202,8.7384],[-64.9814,8.7506],[-64.9377,8.7429],[-64.9185,8.7469],[-64.895,8.7142],[-64.8503,8.6965],[-64.7806,8.8134],[-64.7744,8.8375],[-64.7811,8.8582],[-64.7767,8.87],[-64.7915,8.8782],[-64.7988,8.8954],[-64.8196,8.9135],[-64.8441,8.9243],[-64.8602,8.9395],[-64.8752,8.9403],[-64.8899,8.9733],[-64.8967,8.9717],[-64.9079,8.9866],[-64.924,8.9831],[-64.9233,8.9883],[-64.9338,8.9884],[-64.9443,9.0114],[-64.9574,9.0098],[-64.9412,9.0459],[-64.9465,9.0453],[-64.9457,9.0591],[-64.9551,9.0578],[-64.9612,9.062],[-64.9607,9.0721],[-64.9713,9.0762],[-64.9685,9.094],[-64.985,9.1151],[-65.0207,9.12],[-65.0301,9.1351],[-65.0457,9.134],[-65.0703,9.1529],[-65.0726,9.149],[-65.0712,9.155],[-65.0771,9.1539],[-65.0753,9.1607],[-65.0845,9.1629],[-65.0876,9.1718],[-65.1025,9.173],[-65.1119,9.1657],[-65.1169,9.1705],[-65.1372,9.1663],[-65.1396,9.1714],[-65.1408,9.1662],[-65.1435,9.173],[-65.1559,9.1643],[-65.1887,9.1713],[-65.1877,9.1792],[-65.1907,9.1748],[-65.1911,9.1813],[-65.1962,9.1793],[-65.1927,9.1848],[-65.2058,9.1947],[-65.206,9.2081],[-65.2007,9.2096],[-65.2169,9.2283],[-65.2217,9.2261],[-65.218,9.2357],[-65.2378,9.2335],[-65.2388,9.2611],[-65.2489,9.2648],[-65.2572,9.26],[-65.2551,9.2646],[-65.2634,9.2677],[-65.2729,9.2845],[-65.2617,9.2948],[-65.2747,9.304],[-65.2712,9.3091],[-65.2763,9.3101],[-65.2789,9.3293],[-65.2935,9.3301],[-65.2981,9.341],[-65.3139,9.3464],[-65.303,9.3537],[-65.2875,9.3518],[-65.2977,9.3678],[-65.309,9.371],[-65.2983,9.3773],[-65.2895,9.3716],[-65.2849,9.3826],[-65.2726,9.379],[-65.2585,9.3947],[-65.2491,9.3888],[-65.2512,9.4016],[-65.2396,9.3964],[-65.23,9.403],[-65.2384,9.4115],[-65.2258,9.4278],[-65.2131,9.4253],[-65.2081,9.4329],[-65.2141,9.4374],[-65.2016,9.4368],[-65.2035,9.4581],[-65.2119,9.4602],[-65.2039,9.4638],[-65.2112,9.4656],[-65.2019,9.4755],[-65.2128,9.469],[-65.2143,9.4869],[-65.2208,9.489],[-65.2241,9.5012],[-65.2397,9.4994],[-65.246,9.5107],[-65.2594,9.5148],[-65.3092,9.5136],[-65.3164,9.5181],[-65.3445,9.5479],[-65.3635,9.5569],[-65.3837,9.5829],[-65.4048,9.5959],[-65.4103,9.6228],[-65.4302,9.6543],[-65.5016,9.5584],[-65.647,9.56],[-65.6476,9.6328],[-65.6979,9.6873],[-65.6707,9.7736],[-65.6781,9.799],[-65.6878,9.8028],[-65.713,9.8373],[-65.7055,9.8426],[-65.7063,9.8586],[-65.7167,9.8642],[-65.7235,9.89],[-65.7131,9.9146],[-65.7177,9.9621]]},"properties":{"id":"LIM-VE-J","nombre":"Guárico","tipo":"limite","nivel":"estado","sector":"contexto","estado":"desconocido","fuente":"geoBoundaries gbOpen VEN ADM1 (OCHA Venezuela / Instituto Nacional de Estadistica), CC BY 4.0","confianza":"media","ultima_verificacion":"2026-09-09"}},{"type":"Feature","geometry":{"type":"LineString","coordinates":[[-67.2202,10.4104],[-67.2179,10.4168],[-67.2095,10.4163],[-67.2104,10.4224],[-67.1628,10.4368],[-67.1224,10.4582],[-67.0729,10.4605],[-67.0586,10.4674],[-67.0557,10.5015],[-67.0668,10.5164],[-67.053,10.518],[-67.0491,10.5281],[-67.0277,10.5327],[-67.0308,10.5498],[-67.0142,10.5625],[-66.9842,10.5593],[-66.9521,10.5435],[-66.9161,10.5527],[-66.8799,10.5416],[-66.8664,10.5508],[-66.8471,10.538],[-66.8228,10.5487],[-66.8011,10.5403],[-66.779,10.5471],[-66.7511,10.5411],[-66.7277,10.5478],[-66.7102,10.5405],[-66.6785,10.5456],[-66.6062,10.5385],[-66.5831,10.5569],[-66.5514,10.5468],[-66.533,10.5535],[-66.5063,10.5485],[-66.496,10.5388],[-66.4722,10.532],[-66.456,10.5408],[-66.4453,10.5299],[-66.4209,10.5426],[-66.3911,10.5351],[-66.3602,10.5406],[-66.3469,10.5256],[-66.3302,10.5232],[-66.3138,10.532],[-66.3219,10.5485],[-66.3097,10.5839],[-66.3098,10.6152],[-66.3135,10.6189],[-66.3492,10.6066],[-66.4148,10.6311],[-66.4394,10.6257],[-66.495,10.6322],[-66.6669,10.6217],[-66.7176,10.625],[-66.7249,10.6188],[-66.7383,10.6252],[-66.7498,10.6157],[-66.8054,10.6098],[-66.8448,10.6215],[-66.8408,10.6165],[-66.8495,10.621],[-66.9075,10.6024],[-66.9512,10.6077],[-66.9347,10.6024],[-66.9446,10.5988],[-66.9799,10.6071],[-66.9881,10.6146],[-67.0025,10.6099],[-67.0171,10.616],[-67.0511,10.5944],[-67.079,10.5903],[-67.0935,10.5794],[-67.142,10.5695],[-67.1637,10.5588],[-67.2076,10.5566],[-67.2142,10.5507],[-67.2371,10.5555],[-67.2446,10.549],[-67.3113,10.5401],[-67.3497,10.5431],[-67.3979,10.5334],[-67.4066,10.5247],[-67.4129,10.5119],[-67.3915,10.4951],[-67.3934,10.4861],[-67.3837,10.4814],[-67.3771,10.4519],[-67.364,10.4441],[-67.362,10.4128],[-67.3478,10.3996],[-67.3477,10.3876],[-67.333,10.4058],[-67.2927,10.4244],[-67.2814,10.4207],[-67.2507,10.4269],[-67.2202,10.4104]]},"properties":{"id":"LIM-VE-X","nombre":"La Guaira","tipo":"limite","nivel":"estado","sector":"contexto","estado":"desconocido","fuente":"geoBoundaries gbOpen VEN ADM1 (OCHA Venezuela / Instituto Nacional de Estadistica), CC BY 4.0","confianza":"media","ultima_verificacion":"2026-09-09"}},{"type":"Feature","geometry":{"type":"LineString","coordinates":[[-68.9742,9.8426],[-68.9733,9.8611],[-68.9488,9.8957],[-68.9466,9.9081],[-68.9603,9.9224],[-68.9538,9.9377],[-68.9609,9.9472],[-68.9561,9.9622],[-68.9617,9.9705],[-68.9636,10.0173],[-69.0859,9.9577],[-69.0886,9.8697],[-69.1246,9.88],[-69.1287,9.8977],[-69.1445,9.9109],[-69.1492,9.9307],[-69.1595,9.943],[-69.1507,9.9799],[-69.1525,10.0225],[-69.1616,10.0413],[-69.1846,10.0363],[-69.1927,10.0401],[-69.2083,10.0876],[-69.1968,10.1309],[-69.1215,10.1368],[-69.1154,10.189],[-69.0995,10.2065],[-69.0909,10.2344],[-69.076,10.2339],[-69.0823,10.2228],[-69.0743,10.2199],[-69.0587,10.2347],[-69.0451,10.2264],[-69.0354,10.2373],[-69.0151,10.2401],[-69.0076,10.2836],[-69.0271,10.3028],[-69.0326,10.4115],[-69.0417,10.4195],[-69.0504,10.4032],[-69.0687,10.4015],[-69.0746,10.4033],[-69.0788,10.4178],[-69.0668,10.4366],[-69.0683,10.4637],[-69.05,10.4816],[-69.0465,10.5071],[-69.0564,10.5082],[-69.0517,10.5184],[-69.0139,10.5294],[-68.9899,10.5547],[-68.9636,10.5518],[-68.9558,10.5408],[-68.9413,10.5405],[-68.9099,10.5602],[-68.8828,10.5991],[-68.8749,10.6496],[-68.8908,10.6543],[-68.8913,10.677],[-68.9034,10.6937],[-68.9355,10.6946],[-68.9434,10.6976],[-68.943,10.7048],[-68.9483,10.6964],[-68.9608,10.7009],[-68.9669,10.6907],[-68.9676,10.6975],[-68.9908,10.6935],[-68.9977,10.6979],[-69.001,10.6921],[-69.0102,10.6971],[-69.0247,10.6852],[-69.0332,10.69],[-69.0322,10.6846],[-69.0532,10.6812],[-69.0519,10.6738],[-69.0572,10.6768],[-69.0788,10.6609],[-69.0844,10.6662],[-69.0838,10.6815],[-69.0917,10.6862],[-69.1031,10.6797],[-69.1268,10.6879],[-69.133,10.6791],[-69.1337,10.6896],[-69.1457,10.6831],[-69.1495,10.6913],[-69.1609,10.6844],[-69.1712,10.6954],[-69.1794,10.6867],[-69.1838,10.6887],[-69.18,10.6963],[-69.1963,10.6911],[-69.2047,10.6985],[-69.2101,10.6918],[-69.2166,10.7027],[-69.2261,10.6925],[-69.242,10.6975],[-69.2489,10.6912],[-69.2582,10.701],[-69.291,10.6972],[-69.2997,10.703],[-69.3062,10.695],[-69.3258,10.7029],[-69.3304,10.6962],[-69.345,10.7057],[-69.3578,10.702],[-69.3797,10.7118],[-69.3826,10.7054],[-69.4042,10.7098],[-69.4242,10.7],[-69.4542,10.6996],[-69.4648,10.6898],[-69.5046,10.6946],[-69.5152,10.6898],[-69.5224,10.7169],[-69.5161,10.7419],[-69.545,10.7431],[-69.5671,10.7296],[-69.6088,10.7325],[-69.6175,10.7271],[-69.6496,10.7389],[-69.6906,10.7195],[-69.7208,10.7447],[-69.734,10.7453],[-69.7921,10.7125],[-69.8219,10.704],[-69.828,10.7173],[-69.811,10.7303],[-69.8187,10.7426],[-69.8405,10.7313],[-69.8559,10.7307],[-69.8671,10.7194],[-69.8676,10.71],[-69.893,10.7049],[-69.9173,10.6901],[-69.9402,10.6884],[-69.9507,10.7017],[-69.9647,10.6961],[-69.9942,10.6752],[-70.0149,10.6722],[-70.0188,10.6636],[-70.043,10.6547],[-70.0585,10.6412],[-70.0806,10.6416],[-70.0857,10.6555],[-70.1172,10.65],[-70.1258,10.6596],[-70.1415,10.663],[-70.1774,10.6427],[-70.1822,10.6264],[-70.1769,10.6159],[-70.2415,10.5877],[-70.2684,10.565],[-70.2785,10.5613],[-70.3056,10.5701],[-70.3153,10.5812],[-70.3246,10.5696],[-70.3426,10.5676],[-70.3428,10.5476],[-70.3705,10.5446],[-70.3761,10.534],[-70.3953,10.5244],[-70.3897,10.511],[-70.3975,10.4855],[-70.4317,10.4524],[-70.4515,10.4589],[-70.4616,10.4695],[-70.4792,10.4585],[-70.4935,10.462],[-70.5207,10.443],[-70.5372,10.4117],[-70.5442,10.3651],[-70.5691,10.3271],[-70.5814,10.3228],[-70.6235,10.33],[-70.6624,10.3168],[-70.6807,10.3012],[-70.692,10.3011],[-70.6959,10.2556],[-70.7087,10.2218],[-70.702,10.2073],[-70.7293,10.1847],[-70.7361,10.1533],[-70.761,10.1336],[-70.7749,10.1331],[-70.7874,10.1212],[-70.8391,10.0982],[-70.843,10.0758],[-70.8615,10.0685],[-70.8826,10.048],[-70.7908,9.919],[-70.7505,9.9159],[-70.738,9.8929],[-70.7062,9.8829],[-70.6921,9.8911],[-70.6949,9.9447],[-70.6828,9.9587],[-70.6834,9.9944],[-70.6401,10.0392],[-70.6117,10.0185],[-70.6065,9.9975],[-70.5953,9.9869],[-70.5875,9.9538],[-70.5563,9.9557],[-70.5441,9.9457],[-70.5397,9.9118],[-70.5062,9.881],[-70.4889,9.89],[-70.4836,9.8843],[-70.4865,9.8744],[-70.4695,9.8657],[-70.4539,9.8785],[-70.434,9.8804],[-70.4169,9.9045],[-70.3951,9.8998],[-70.3653,9.9037],[-70.3247,9.8518],[-70.3284,9.8227],[-70.2806,9.8231],[-70.242,9.7604],[-70.2244,9.8033],[-70.2327,9.8222],[-70.2154,9.8292],[-70.2157,9.8426],[-70.192,9.8241],[-70.1861,9.7989],[-70.1642,9.7888],[-70.143,9.7627],[-70.1273,9.7614],[-70.1044,9.7714],[-70.0782,9.76],[-70.0702,9.7316],[-70.0566,9.7189],[-70.0307,9.7216],[-69.9961,9.6791],[-70.0296,9.6678],[-70.043,9.6733],[-70.0593,9.6679],[-70.0652,9.6766],[-70.0857,9.6765],[-70.0971,9.6639],[-70.1072,9.6335],[-70.1269,9.6113],[-70.1179,9.5819],[-70.1234,9.5599],[-70.112,9.544],[-70.1135,9.5281],[-70.1008,9.5011],[-70.0852,9.498],[-70.0787,9.4882],[-70.0846,9.4344],[-70.0742,9.4274],[-70.044,9.4295],[-70.0349,9.4151],[-69.992,9.4538],[-70.0019,9.4654],[-70.0178,9.4659],[-70.0194,9.4764],[-70.0123,9.4983],[-69.9957,9.5069],[-69.9742,9.5394],[-69.9496,9.5548],[-69.924,9.5445],[-69.87,9.5471],[-69.8516,9.5653],[-69.8396,9.5678],[-69.8264,9.5524],[-69.8339,9.5433],[-69.8335,9.5146],[-69.8552,9.4777],[-69.8777,9.4658],[-69.8938,9.4439],[-69.9017,9.4156],[-69.8983,9.4082],[-69.8718,9.41],[-69.8674,9.4159],[-69.8571,9.405],[-69.8366,9.4018],[-69.8052,9.41],[-69.7859,9.4238],[-69.7547,9.4257],[-69.7487,9.44],[-69.7284,9.4341],[-69.7348,9.4181],[-69.7179,9.4072],[-69.667,9.4016],[-69.6606,9.4072],[-69.6538,9.3992],[-69.6238,9.4627],[-69.6211,9.5565],[-69.6033,9.5443],[-69.601,9.5345],[-69.572,9.5238],[-69.5587,9.5356],[-69.5083,9.5413],[-69.5017,9.5526],[-69.4828,9.5437],[-69.4439,9.5494],[-69.4396,9.5882],[-69.4145,9.5975],[-69.3851,9.5927],[-69.3843,9.6014],[-69.3968,9.6159],[-69.3731,9.6375],[-69.3661,9.6726],[-69.3724,9.6919],[-69.3533,9.6995],[-69.3434,9.7287],[-69.3487,9.753],[-69.3356,9.7647],[-69.3334,9.7777],[-69.3227,9.776],[-69.3125,9.7834],[-69.2839,9.8459],[-69.2665,9.8265],[-69.2777,9.8042],[-69.2764,9.7923],[-69.264,9.7798],[-69.2618,9.7626],[-69.2812,9.7472],[-69.2745,9.7431],[-69.2677,9.7151],[-69.2531,9.7096],[-69.2435,9.6878],[-69.1927,9.6751],[-69.1027,9.6989],[-69.0891,9.7107],[-69.0641,9.712],[-69.0557,9.7205],[-69.0524,9.7421],[-68.9909,9.7661],[-68.9818,9.7815],[-68.9866,9.7861],[-68.9743,9.7864],[-68.979,9.8384],[-68.9742,9.8426]]},"properties":{"id":"LIM-VE-K","nombre":"Lara","tipo":"limite","nivel":"estado","sector":"contexto","estado":"desconocido","fuente":"geoBoundaries gbOpen VEN ADM1 (OCHA Venezuela / Instituto Nacional de Estadistica), CC BY 4.0","confianza":"media","ultima_verificacion":"2026-09-09"}},{"type":"Feature","geometry":{"type":"LineString","coordinates":[[-70.5523,8.9521],[-70.5551,8.9672],[-70.5438,9.0003],[-70.555,9.0083],[-70.577,9.011],[-70.582,9.0274],[-70.6187,9.0129],[-70.6322,8.9984],[-70.6408,8.9982],[-70.643,8.9911],[-70.6732,8.9743],[-70.6872,8.9953],[-70.7046,8.9975],[-70.7113,9.0076],[-70.7058,9.0143],[-70.7228,9.0327],[-70.7302,9.0561],[-70.749,9.0574],[-70.7634,9.049],[-70.7788,9.0589],[-70.784,9.0787],[-70.7891,9.0723],[-70.8008,9.08],[-70.8074,9.0742],[-70.8297,9.0878],[-70.8446,9.0891],[-70.868,9.1515],[-70.8905,9.1545],[-70.8982,9.1936],[-71.0296,9.0863],[-71.0374,9.0989],[-71.0757,9.1181],[-71.0894,9.1492],[-71.1267,9.1549],[-71.1478,9.15],[-71.1708,9.1632],[-71.1725,9.1735],[-71.1861,9.1838],[-71.2196,9.1979],[-71.2242,9.1633],[-71.2121,9.1551],[-71.2,9.129],[-71.1875,9.1178],[-71.1615,9.1165],[-71.1598,9.1097],[-71.1111,9.0819],[-71.0977,9.0574],[-71.0998,9.0436],[-71.3085,8.9023],[-71.3125,8.9113],[-71.3298,8.9207],[-71.3503,8.9151],[-71.3778,8.939],[-71.5365,8.8176],[-71.7017,8.6773],[-71.8651,8.6761],[-71.8918,8.6481],[-71.9123,8.6389],[-71.9151,8.6323],[-71.8966,8.6253],[-71.8894,8.6135],[-71.8418,8.5998],[-71.8233,8.5881],[-71.8006,8.5372],[-71.784,8.5192],[-71.7741,8.4832],[-71.7794,8.4539],[-71.7991,8.4324],[-71.8018,8.4188],[-71.8138,8.4101],[-71.8021,8.3885],[-71.8181,8.3708],[-71.8203,8.3482],[-71.806,8.3326],[-71.8059,8.3243],[-71.8224,8.3116],[-71.8277,8.3135],[-71.8443,8.296],[-71.9079,8.2105],[-71.9124,8.1906],[-71.9025,8.1762],[-71.9036,8.1638],[-71.8973,8.156],[-71.891,8.1628],[-71.8761,8.164],[-71.8764,8.1797],[-71.8566,8.1797],[-71.8499,8.1673],[-71.824,8.1584],[-71.8135,8.1279],[-71.8056,8.1193],[-71.7893,8.1174],[-71.7662,8.0918],[-71.7656,8.0769],[-71.7581,8.0737],[-71.7547,8.0576],[-71.7217,8.0387],[-71.7032,8.041],[-71.7059,8.0281],[-71.6958,8.0266],[-71.6752,8.0059],[-71.6669,8.0051],[-71.6382,8.0389],[-71.6289,8.0388],[-71.6019,8.0574],[-71.5713,8.0393],[-71.5668,8.0249],[-71.5705,8.004],[-71.5494,7.9773],[-71.5356,7.9789],[-71.5118,7.9525],[-71.5101,7.8758],[-71.5186,7.8687],[-71.5197,7.8474],[-71.513,7.8403],[-71.5232,7.8184],[-71.5144,7.7976],[-71.534,7.7532],[-71.5137,7.7323],[-71.5148,7.7198],[-71.4981,7.7063],[-71.4925,7.6622],[-71.4846,7.6633],[-71.4845,7.6701],[-71.4777,7.6672],[-71.4746,7.6789],[-71.4636,7.6755],[-71.4596,7.6872],[-71.4426,7.6958],[-71.4655,7.7255],[-71.4636,7.7432],[-71.4689,7.7518],[-71.454,7.7836],[-71.3857,7.8251],[-71.3749,7.8472],[-71.3557,7.8525],[-71.3213,7.8857],[-71.3059,7.8846],[-71.294,7.8959],[-71.289,7.914],[-71.2823,7.905],[-71.2704,7.9106],[-71.2669,7.9063],[-71.2669,7.9183],[-71.2526,7.925],[-71.2372,7.9475],[-71.2321,7.9429],[-71.235,7.9581],[-71.2274,7.9578],[-71.1789,7.9956],[-71.1687,7.9968],[-71.1676,8.012],[-71.1357,8.0226],[-71.1267,8.0385],[-71.1095,8.0371],[-71.0952,8.0592],[-71.0944,8.0739],[-71.0892,8.0704],[-71.0748,8.0791],[-71.0704,8.0908],[-71.0488,8.1105],[-71.0434,8.1312],[-71.0471,8.1443],[-71.0127,8.183],[-71.0095,8.1976],[-71.0269,8.224],[-71.0238,8.2332],[-71.0301,8.2434],[-71.0144,8.244],[-70.9949,8.2649],[-70.9751,8.267],[-70.9602,8.2429],[-70.9087,8.2676],[-70.9074,8.3593],[-70.8955,8.3779],[-70.8734,8.3842],[-70.844,8.4311],[-70.8337,8.4351],[-70.8459,8.4498],[-70.8387,8.4573],[-70.8387,8.4777],[-70.8307,8.4923],[-70.8456,8.5179],[-70.8415,8.5447],[-70.8505,8.5856],[-70.83,8.5979],[-70.8086,8.5968],[-70.7925,8.6078],[-70.7629,8.6107],[-70.7235,8.6321],[-70.707,8.6742],[-70.7267,8.6988],[-70.7449,8.7039],[-70.7562,8.7257],[-70.7342,8.7487],[-70.7059,8.7657],[-70.6827,8.8015],[-70.6627,8.8151],[-70.6594,8.8307],[-70.6419,8.8442],[-70.6121,8.8352],[-70.6072,8.8447],[-70.5838,8.8427],[-70.568,8.8573],[-70.5775,8.8722],[-70.5786,8.8963],[-70.5604,8.9262],[-70.547,8.9355],[-70.5523,8.9521]]},"properties":{"id":"LIM-VE-L","nombre":"Mérida","tipo":"limite","nivel":"estado","sector":"contexto","estado":"desconocido","fuente":"geoBoundaries gbOpen VEN ADM1 (OCHA Venezuela / Instituto Nacional de Estadistica), CC BY 4.0","confianza":"media","ultima_verificacion":"2026-09-09"}},{"type":"Feature","geometry":{"type":"LineString","coordinates":[[-65.4314,10.1405],[-65.6352,10.1995],[-65.875,10.3024],[-66.0731,10.4515],[-66.0961,10.4797],[-66.0945,10.49],[-66.1018,10.4886],[-66.1101,10.4999],[-66.1158,10.5224],[-66.1072,10.5312],[-66.1149,10.5336],[-66.113,10.5381],[-66.1195,10.5341],[-66.1202,10.5147],[-66.1118,10.5008],[-66.1171,10.5057],[-66.1164,10.4997],[-66.1063,10.4906],[-66.1115,10.4887],[-66.1187,10.5048],[-66.1258,10.505],[-66.1181,10.5077],[-66.1257,10.5132],[-66.1209,10.5119],[-66.1247,10.5242],[-66.127,10.5168],[-66.1199,10.535],[-66.1237,10.5411],[-66.1065,10.5469],[-66.0992,10.5299],[-66.0941,10.5363],[-66.1013,10.5418],[-66.092,10.5452],[-66.0889,10.5353],[-66.0796,10.5454],[-66.0604,10.5516],[-66.0467,10.5694],[-66.0493,10.5802],[-66.0628,10.5881],[-66.0615,10.5795],[-66.076,10.5764],[-66.1299,10.6013],[-66.1733,10.6083],[-66.2359,10.6489],[-66.2775,10.647],[-66.3044,10.6363],[-66.3143,10.622],[-66.3097,10.5839],[-66.3219,10.5485],[-66.3138,10.532],[-66.3302,10.5232],[-66.3469,10.5256],[-66.3602,10.5406],[-66.3911,10.5351],[-66.4209,10.5426],[-66.4453,10.5299],[-66.456,10.5408],[-66.4722,10.532],[-66.496,10.5388],[-66.5063,10.5485],[-66.533,10.5535],[-66.5514,10.5468],[-66.5831,10.5569],[-66.6062,10.5385],[-66.6785,10.5456],[-66.7102,10.5405],[-66.7277,10.5478],[-66.7511,10.5411],[-66.779,10.5471],[-66.8011,10.5403],[-66.8228,10.5487],[-66.8471,10.538],[-66.8664,10.5508],[-66.8727,10.5461],[-66.8719,10.537],[-66.8614,10.5119],[-66.869,10.4875],[-66.8804,10.4907],[-66.8833,10.4865],[-66.881,10.4721],[-66.8957,10.4516],[-66.9001,10.4272],[-66.8957,10.412],[-66.9002,10.4087],[-66.931,10.4137],[-66.9503,10.4245],[-66.9989,10.3874],[-67.0146,10.3832],[-67.0318,10.3917],[-67.0454,10.3859],[-67.0797,10.393],[-67.0947,10.4061],[-67.1634,10.4141],[-67.1583,10.4255],[-67.1628,10.4368],[-67.2205,10.4143],[-67.2182,10.4003],[-67.2051,10.3902],[-67.1921,10.3578],[-67.168,10.3473],[-67.1631,10.3384],[-67.1692,10.3282],[-67.1883,10.3253],[-67.1833,10.2988],[-67.1523,10.2887],[-67.1198,10.2646],[-67.0971,10.2379],[-67.1168,10.2109],[-67.1126,10.1823],[-67.1398,10.156],[-67.1047,10.1033],[-67.1099,10.089],[-67.0816,10.0765],[-67.0566,10.056],[-67.0338,10.0674],[-67.0046,10.0605],[-66.9981,10.069],[-66.9693,10.0695],[-66.9586,10.0394],[-66.9386,10.0394],[-66.9251,10.0262],[-66.933,10.0106],[-66.9043,10.0213],[-66.8758,9.9991],[-66.8561,10.005],[-66.8303,10.0269],[-66.8129,10.0151],[-66.7912,10.0121],[-66.7777,10.0169],[-66.7674,10.0016],[-66.7476,9.9985],[-66.7421,9.9883],[-66.7214,9.9921],[-66.6818,9.9756],[-66.6616,9.9806],[-66.6432,9.9678],[-66.6246,9.9684],[-66.5842,9.9831],[-66.5628,9.979],[-66.5468,9.9665],[-66.4958,9.9888],[-66.4876,9.9963],[-66.4877,10.0132],[-66.4816,10.0216],[-66.4458,10.0132],[-66.4341,10.0183],[-66.4311,10.0308],[-66.3857,10.0405],[-66.3399,10.0192],[-66.3357,9.9987],[-66.3173,10.0029],[-66.2901,9.9788],[-66.2444,9.988],[-66.2339,9.9693],[-66.2242,9.9692],[-66.2076,9.951],[-66.1896,9.9601],[-66.1787,9.9493],[-66.1616,9.9479],[-66.1463,9.977],[-66.1216,9.9552],[-66.0992,9.9523],[-66.0878,9.9712],[-66.063,9.9686],[-66.0604,9.9567],[-66.0263,9.9511],[-66.0034,9.9388],[-65.9698,9.9424],[-65.9506,9.9351],[-65.9405,9.9455],[-65.9074,9.95],[-65.8917,9.968],[-65.844,9.9702],[-65.8075,9.9542],[-65.7919,9.9607],[-65.7732,9.9429],[-65.7697,9.9526],[-65.7485,9.9405],[-65.7452,9.9572],[-65.7204,9.9609],[-65.7082,9.9762],[-65.6938,9.9799],[-65.6724,9.9689],[-65.6661,9.9535],[-65.6376,9.95],[-65.6272,9.9593],[-65.627,9.9681],[-65.6072,9.9709],[-65.5998,9.9897],[-65.6039,10.002],[-65.5856,10.0083],[-65.5545,10.0021],[-65.5531,10.0154],[-65.5432,10.0217],[-65.5289,10.0536],[-65.5102,10.0583],[-65.5057,10.0669],[-65.4951,10.063],[-65.4965,10.072],[-65.4887,10.0677],[-65.4865,10.0744],[-65.4919,10.0801],[-65.4536,10.0924],[-65.4515,10.1149],[-65.4392,10.1165],[-65.439,10.124],[-65.4286,10.1305],[-65.4314,10.1405]]},"properties":{"id":"LIM-VE-M","nombre":"Miranda","tipo":"limite","nivel":"estado","sector":"contexto","estado":"desconocido","fuente":"geoBoundaries gbOpen VEN ADM1 (OCHA Venezuela / Instituto Nacional de Estadistica), CC BY 4.0","confianza":"media","ultima_verificacion":"2026-09-09"}},{"type":"Feature","geometry":{"type":"LineString","coordinates":[[-62.6798,8.3824],[-62.6309,8.4173],[-62.6035,8.4503],[-62.5821,8.4637],[-62.5749,8.4818],[-62.5312,8.4944],[-62.4994,8.5188],[-62.4876,8.522],[-62.4664,8.5129],[-62.3543,8.5657],[-62.3035,8.5769],[-62.2222,8.6061],[-62.2306,8.6186],[-62.2289,8.6312],[-62.2033,8.6814],[-62.1812,8.6986],[-62.1424,8.7062],[-62.0709,8.7568],[-62.0597,8.7844],[-62.0587,8.8193],[-62.0199,8.8476],[-61.9968,8.8761],[-61.9971,8.8865],[-62.009,8.8912],[-62.039,8.8765],[-62.0515,8.8805],[-62.0631,8.9007],[-62.0641,8.9176],[-62.0896,8.9611],[-62.0891,8.9776],[-62.0554,9.0395],[-62.0605,9.0588],[-62.1016,9.0768],[-62.1117,9.0677],[-62.1168,9.0483],[-62.1236,9.0483],[-62.1444,9.0621],[-62.1489,9.1025],[-62.1601,9.1061],[-62.1666,9.0881],[-62.1878,9.0852],[-62.1948,9.0652],[-62.2221,9.059],[-62.2237,9.0843],[-62.2585,9.1101],[-62.2631,9.1309],[-62.2709,9.1352],[-62.3007,9.1351],[-62.3207,9.1279],[-62.3266,9.1318],[-62.3219,9.1773],[-62.3049,9.1824],[-62.3072,9.2115],[-62.2989,9.2256],[-62.3243,9.2561],[-62.3216,9.2944],[-62.3399,9.3176],[-62.341,9.3282],[-62.3231,9.3539],[-62.349,9.3824],[-62.4089,9.4081],[-62.3983,9.4769],[-62.4284,9.4812],[-62.4423,9.4917],[-62.4396,9.5447],[-62.412,9.5819],[-62.4141,9.5885],[-62.3869,9.623],[-62.3709,9.6238],[-62.3506,9.6466],[-62.3599,9.6927],[-62.3391,9.7028],[-62.3249,9.7207],[-62.319,9.7128],[-62.3118,9.7288],[-62.2953,9.7388],[-62.2956,9.7769],[-62.3206,9.8131],[-62.3103,9.8298],[-62.3026,9.9083],[-62.2914,9.9335],[-62.2825,9.9382],[-62.3007,9.9577],[-62.2929,9.994],[-62.4348,9.9973],[-62.4404,10.0217],[-62.4607,10.0526],[-62.4669,10.091],[-62.4976,10.1786],[-62.5392,10.2171],[-62.6,10.2427],[-62.6314,10.2674],[-62.633,10.2012],[-62.6092,10.1191],[-62.611,10.1063],[-62.6565,10.0718],[-62.7048,10.058],[-62.7329,10.0608],[-62.7486,10.0832],[-62.769,10.0818],[-62.7865,10.0629],[-62.7868,10.0349],[-62.8005,10.0327],[-62.8302,10.0401],[-62.8356,10.0678],[-62.8449,10.0766],[-62.8563,10.0737],[-62.858,10.058],[-62.8658,10.0503],[-62.8948,10.0552],[-62.899,10.0611],[-62.8923,10.077],[-62.9002,10.0936],[-62.9188,10.0877],[-62.933,10.0745],[-62.9469,10.093],[-62.9669,10.0931],[-62.9717,10.0729],[-62.9853,10.0689],[-63.0003,10.0893],[-63.045,10.1228],[-63.0445,10.1408],[-63.0567,10.1596],[-63.0548,10.1741],[-63.0653,10.1782],[-63.0658,10.1997],[-63.0824,10.1989],[-63.0898,10.185],[-63.1034,10.1863],[-63.1187,10.2088],[-63.1196,10.2218],[-63.1311,10.2239],[-63.1561,10.1627],[-63.1884,10.144],[-63.1959,10.162],[-63.2121,10.1628],[-63.2235,10.1916],[-63.2553,10.1915],[-63.2565,10.2024],[-63.2871,10.2117],[-63.3357,10.2126],[-63.3546,10.2445],[-63.3883,10.239],[-63.4012,10.2592],[-63.4282,10.2554],[-63.4115,10.288],[-63.446,10.2888],[-63.4591,10.3207],[-63.4773,10.3143],[-63.494,10.2966],[-63.5138,10.2961],[-63.5498,10.2683],[-63.5435,10.2448],[-63.5684,10.2017],[-63.5881,10.1974],[-63.6033,10.217],[-63.6273,10.2146],[-63.642,10.2225],[-63.6581,10.2182],[-63.7556,10.1775],[-63.7687,10.1828],[-63.7742,10.157],[-63.7938,10.1499],[-63.794,10.1388],[-63.8142,10.1043],[-63.8259,10.1109],[-63.8365,10.1058],[-63.8703,10.1064],[-63.9328,10.084],[-63.9449,10.0882],[-63.9593,10.083],[-63.9572,10.0554],[-64.0022,10.0414],[-64.0612,10.0519],[-64.0564,10.0279],[-64.0627,10.0055],[-64.0469,9.9786],[-64.0377,9.9302],[-64.0149,9.9375],[-64.0044,9.9305],[-63.9851,9.9391],[-63.9882,9.9211],[-63.9768,9.8998],[-63.9569,9.8964],[-63.9109,9.8489],[-63.936,9.8446],[-63.9544,9.8234],[-63.9447,9.799],[-63.946,9.7885],[-63.9604,9.7728],[-63.9604,9.7409],[-63.936,9.6869],[-63.8253,9.5435],[-63.9726,9.4146],[-63.9717,9.339],[-63.9569,9.299],[-63.9383,9.2859],[-63.9185,9.2583],[-63.9103,9.1896],[-63.8864,9.2077],[-63.861,9.213],[-63.8374,9.2284],[-63.8272,9.2288],[-63.8071,9.2165],[-63.7913,9.2172],[-63.7813,9.2264],[-63.7615,9.223],[-63.7485,9.214],[-63.744,9.2],[-63.7316,9.1957],[-63.7251,9.201],[-63.696,9.1826],[-63.6874,9.1624],[-63.6767,9.1644],[-63.6804,9.1578],[-63.6515,9.1591],[-63.6347,9.149],[-63.6249,9.1542],[-63.606,9.1459],[-63.6085,9.1356],[-63.602,9.1211],[-63.6086,9.1178],[-63.5993,9.0975],[-63.5926,9.1038],[-63.5871,9.0994],[-63.587,9.1057],[-63.5665,9.1039],[-63.5675,9.0933],[-63.5461,9.086],[-63.5425,9.092],[-63.5343,9.0772],[-63.5228,9.0753],[-63.5264,9.0658],[-63.5158,9.0697],[-63.5173,9.0752],[-63.5091,9.0715],[-63.5121,9.0641],[-63.5014,9.0482],[-63.4903,9.0562],[-63.4932,9.0601],[-63.484,9.0572],[-63.4816,9.0481],[-63.49,9.0349],[-63.4755,9.0319],[-63.4744,9.018],[-63.4676,9.0246],[-63.4592,9.0122],[-63.4525,9.0256],[-63.4422,9.004],[-63.4303,9.0142],[-63.4278,9.0045],[-63.4178,9.0084],[-63.4073,8.9974],[-63.4022,9.0039],[-63.3944,8.9966],[-63.3978,8.99],[-63.3873,8.9885],[-63.3875,8.9764],[-63.3806,8.9773],[-63.3811,8.9657],[-63.3646,8.9478],[-63.3419,8.7654],[-63.3145,8.7833],[-63.2779,8.7598],[-63.2501,8.7622],[-63.2287,8.7722],[-63.2118,8.7616],[-63.002,8.7743],[-63.0033,8.7518],[-63.0253,8.7495],[-63.0462,8.7034],[-63.0392,8.5987],[-63.0013,8.5473],[-62.7257,8.4787],[-62.7286,8.4751],[-62.7148,8.4715],[-62.7272,8.4514],[-62.7212,8.423],[-62.7001,8.4112],[-62.6798,8.3824]]},"properties":{"id":"LIM-VE-N","nombre":"Monagas","tipo":"limite","nivel":"estado","sector":"contexto","estado":"desconocido","fuente":"geoBoundaries gbOpen VEN ADM1 (OCHA Venezuela / Instituto Nacional de Estadistica), CC BY 4.0","confianza":"media","ultima_verificacion":"2026-09-09"}},{"type":"Feature","geometry":{"type":"LineString","coordinates":[[-63.9934,10.8091],[-63.9997,10.8107],[-63.9922,10.7936],[-64.0034,10.7737],[-63.9569,10.7569],[-63.9527,10.7599],[-63.9466,10.7475],[-63.9631,10.7496],[-63.9238,10.7305],[-63.8973,10.7354],[-63.8936,10.7568],[-63.9164,10.7899],[-63.9934,10.8091]]},"properties":{"id":"LIM-VE-O","nombre":"Nueva Esparta","tipo":"limite","nivel":"estado","sector":"contexto","estado":"desconocido","fuente":"geoBoundaries gbOpen VEN ADM1 (OCHA Venezuela / Instituto Nacional de Estadistica), CC BY 4.0","confianza":"media","ultima_verificacion":"2026-09-09"}},{"type":"Feature","geometry":{"type":"LineString","coordinates":[[-64.1537,10.8214],[-64.1605,10.8352],[-64.1691,10.8199],[-64.1898,10.8273],[-64.2157,10.8261],[-64.2304,10.814],[-64.221,10.794],[-64.1875,10.7956],[-64.1562,10.8013],[-64.1456,10.8182],[-64.1537,10.8214]]},"properties":{"id":"LIM-VE-O","nombre":"Nueva Esparta","tipo":"limite","nivel":"estado","sector":"contexto","estado":"desconocido","fuente":"geoBoundaries gbOpen VEN ADM1 (OCHA Venezuela / Instituto Nacional de Estadistica), CC BY 4.0","confianza":"media","ultima_verificacion":"2026-09-09"}},{"type":"Feature","geometry":{"type":"LineString","coordinates":[[-63.8787,11.1776],[-63.8894,11.1731],[-63.8912,11.1588],[-63.9055,11.1537],[-63.9065,11.1439],[-63.9232,11.1256],[-63.9345,11.1259],[-63.9325,11.1187],[-63.9769,11.1099],[-63.9822,11.0976],[-63.9759,11.0948],[-63.9789,11.0858],[-63.973,11.0856],[-63.9728,11.0795],[-63.9938,11.0686],[-64.0124,11.0684],[-64.022,11.0011],[-64.0394,10.9873],[-64.0854,10.9831],[-64.1502,11.0042],[-64.2051,11.0521],[-64.1964,11.0655],[-64.1947,11.0835],[-64.2151,11.086],[-64.2481,11.0676],[-64.2699,11.0627],[-64.2981,11.0718],[-64.2995,11.0651],[-64.3122,11.0647],[-64.3151,11.0584],[-64.3483,11.0498],[-64.3607,11.0531],[-64.3831,11.0435],[-64.3831,11.0306],[-64.376,11.0252],[-64.3825,11.0049],[-64.405,10.9858],[-64.4096,10.9718],[-64.3391,10.9554],[-64.316,10.9568],[-64.2939,10.9447],[-64.2312,10.9417],[-64.2096,10.9345],[-64.1855,10.9487],[-64.1805,10.9646],[-64.1669,10.9777],[-64.168,10.9633],[-64.1631,10.9695],[-64.1651,10.9647],[-64.159,10.965],[-64.1639,10.961],[-64.1473,10.9535],[-64.1437,10.9607],[-64.1292,10.9453],[-64.1467,10.9527],[-64.1391,10.9517],[-64.1177,10.9224],[-64.1098,10.9244],[-64.1158,10.9219],[-64.1117,10.9045],[-64.0925,10.9098],[-64.0913,10.9033],[-64.1042,10.9012],[-64.0959,10.9038],[-64.0989,10.9087],[-64.1107,10.9005],[-64.0742,10.8979],[-64.0594,10.887],[-64.0538,10.871],[-64.0635,10.8606],[-64.0438,10.8682],[-64.0486,10.8726],[-64.039,10.8692],[-64.0505,10.8635],[-64.0261,10.8743],[-64.0081,10.8746],[-63.9891,10.8944],[-63.9751,10.9001],[-63.9794,10.8957],[-63.9435,10.9024],[-63.9524,10.9047],[-63.9425,10.9111],[-63.9564,10.9218],[-63.9458,10.937],[-63.9366,10.9245],[-63.9213,10.9247],[-63.928,10.9172],[-63.9,10.9131],[-63.9168,10.9032],[-63.9359,10.9116],[-63.9403,10.9019],[-63.9329,10.8953],[-63.9384,10.894],[-63.8961,10.8829],[-63.8875,10.8917],[-63.8801,10.9378],[-63.8352,10.9584],[-63.8164,10.9446],[-63.8167,10.9801],[-63.8036,10.9811],[-63.7981,10.9972],[-63.781,10.994],[-63.7764,10.9985],[-63.7998,11.0296],[-63.7938,11.0195],[-63.8001,11.023],[-63.8425,11.1092],[-63.84,11.1266],[-63.8724,11.1563],[-63.8787,11.1776]]},"properties":{"id":"LIM-VE-O","nombre":"Nueva Esparta","tipo":"limite","nivel":"estado","sector":"contexto","estado":"desconocido","fuente":"geoBoundaries gbOpen VEN ADM1 (OCHA Venezuela / Instituto Nacional de Estadistica), CC BY 4.0","confianza":"media","ultima_verificacion":"2026-09-09"}},{"type":"Feature","geometry":{"type":"LineString","coordinates":[[-68.532,8.5981],[-68.5602,8.6187],[-68.5769,8.6171],[-68.583,8.6366],[-68.5957,8.6347],[-68.5965,8.627],[-68.6437,8.6349],[-68.6469,8.6425],[-68.6344,8.6514],[-68.6345,8.661],[-68.648,8.6695],[-68.65,8.7054],[-68.6665,8.7107],[-68.6809,8.7],[-68.6965,8.6984],[-68.7148,8.7063],[-68.7222,8.7177],[-68.7157,8.7244],[-68.7279,8.7242],[-68.7251,8.7297],[-68.7361,8.7402],[-68.7292,8.7466],[-68.7273,8.7392],[-68.7192,8.7378],[-68.7113,8.7444],[-68.6982,8.7425],[-68.6892,8.7495],[-68.6877,8.7626],[-68.6677,8.7645],[-68.6537,8.7778],[-68.6421,8.7783],[-68.6412,8.7933],[-68.6187,8.8074],[-68.6189,8.8201],[-68.6095,8.8162],[-68.6064,8.8251],[-68.5963,8.8196],[-68.5912,8.8288],[-68.586,8.8223],[-68.5801,8.8365],[-68.5609,8.8331],[-68.5505,8.8401],[-68.5785,8.8523],[-68.5758,8.8605],[-68.5842,8.8645],[-68.5856,8.8736],[-68.5982,8.8774],[-68.5952,8.8855],[-68.6044,8.8853],[-68.6041,8.8947],[-68.6158,8.8972],[-68.6214,8.9293],[-68.6337,8.9479],[-68.6581,8.9629],[-68.6568,8.9826],[-68.6639,8.9844],[-68.6286,9.2195],[-68.6386,9.2234],[-68.6451,9.216],[-68.6496,9.2292],[-68.6584,9.2316],[-68.6668,9.2217],[-68.6682,9.2304],[-68.683,9.2323],[-68.7058,9.2579],[-68.7051,9.248],[-68.7209,9.2518],[-68.7285,9.2622],[-68.7433,9.2596],[-68.7477,9.2681],[-68.7609,9.2693],[-68.768,9.2776],[-68.7691,9.2714],[-68.7788,9.2747],[-68.7742,9.278],[-68.7789,9.284],[-68.761,9.2999],[-68.7635,9.3102],[-68.7703,9.3076],[-68.7786,9.3201],[-68.7826,9.3164],[-68.7888,9.336],[-68.7958,9.3351],[-68.803,9.3458],[-68.8366,9.359],[-68.8522,9.3723],[-68.8676,9.3907],[-68.8617,9.4015],[-68.8655,9.4086],[-68.8814,9.3985],[-68.8802,9.4041],[-68.8867,9.4051],[-68.8862,9.4227],[-68.8959,9.4374],[-68.8916,9.4644],[-68.9026,9.4843],[-68.8957,9.4915],[-68.8981,9.5089],[-68.8932,9.5164],[-68.9085,9.5368],[-68.9026,9.5643],[-68.9232,9.5981],[-68.9221,9.6166],[-68.9352,9.6257],[-68.944,9.6522],[-68.9455,9.6483],[-68.9664,9.6737],[-68.9628,9.6951],[-68.9703,9.721],[-68.975,9.7145],[-68.9869,9.7202],[-68.9877,9.7308],[-68.98,9.7335],[-68.9861,9.7602],[-68.9765,9.7659],[-68.9791,9.776],[-68.9842,9.7782],[-68.9909,9.7661],[-69.0524,9.7421],[-69.0557,9.7205],[-69.0641,9.712],[-69.0891,9.7107],[-69.1004,9.6998],[-69.1565,9.6819],[-69.2084,9.6763],[-69.249,9.6913],[-69.2531,9.7096],[-69.2677,9.7151],[-69.2745,9.7431],[-69.2812,9.7472],[-69.2618,9.7626],[-69.264,9.7798],[-69.2764,9.7923],[-69.2777,9.8042],[-69.2665,9.8265],[-69.2839,9.8459],[-69.3125,9.7834],[-69.3227,9.776],[-69.3334,9.7777],[-69.3356,9.7647],[-69.3487,9.753],[-69.3434,9.7287],[-69.3533,9.6995],[-69.3724,9.6919],[-69.3661,9.6726],[-69.3731,9.6375],[-69.3968,9.6159],[-69.3843,9.6014],[-69.3851,9.5927],[-69.4145,9.5975],[-69.4396,9.5882],[-69.4439,9.5494],[-69.4828,9.5437],[-69.5017,9.5526],[-69.5083,9.5413],[-69.5587,9.5356],[-69.572,9.5238],[-69.601,9.5345],[-69.6033,9.5443],[-69.6211,9.5565],[-69.6238,9.4627],[-69.6538,9.3992],[-69.6606,9.4072],[-69.667,9.4016],[-69.7179,9.4072],[-69.7348,9.4181],[-69.7284,9.4341],[-69.7487,9.44],[-69.7547,9.4257],[-69.7859,9.4238],[-69.8052,9.41],[-69.8366,9.4018],[-69.8571,9.405],[-69.8674,9.4159],[-69.8718,9.41],[-69.8983,9.4082],[-69.9017,9.4156],[-69.8938,9.4439],[-69.8777,9.4658],[-69.8552,9.4777],[-69.8335,9.5146],[-69.8339,9.5433],[-69.8264,9.5524],[-69.8355,9.5675],[-69.8516,9.5653],[-69.8737,9.5466],[-69.924,9.5445],[-69.9512,9.5546],[-69.9742,9.5394],[-69.9957,9.5069],[-70.0123,9.4983],[-70.0188,9.4667],[-70.0019,9.4654],[-69.992,9.4538],[-70.0349,9.4151],[-70.036,9.3779],[-70.0798,9.3386],[-70.0906,9.3374],[-70.1146,9.2966],[-70.0916,9.2811],[-70.0721,9.2846],[-70.0633,9.2766],[-70.067,9.2492],[-70.0974,9.2184],[-70.0943,9.2109],[-70.0728,9.2022],[-70.0687,9.1815],[-70.0419,9.1524],[-70.0705,9.1109],[-70.0992,9.0907],[-70.1574,9.0799],[-70.1606,9.0696],[-70.2016,9.0543],[-70.1866,9.0383],[-70.1886,9.0187],[-70.1751,8.9893],[-70.1537,8.9742],[-70.1319,8.9739],[-70.1165,8.948],[-70.0744,8.9375],[-70.0497,8.922],[-70.0441,8.8936],[-70.0349,8.8897],[-70.0341,8.8801],[-69.9986,8.8293],[-69.9848,8.8267],[-69.9813,8.8332],[-69.9704,8.8223],[-69.9599,8.8316],[-69.9515,8.8197],[-69.9551,8.812],[-69.938,8.7996],[-69.9248,8.8044],[-69.9328,8.7915],[-69.9105,8.7843],[-69.9042,8.7732],[-69.8924,8.7729],[-69.8917,8.786],[-69.8851,8.7868],[-69.8878,8.7652],[-69.8726,8.7724],[-69.8718,8.7603],[-69.8538,8.7558],[-69.8491,8.7608],[-69.8478,8.7519],[-69.8247,8.7429],[-69.8075,8.7494],[-69.7946,8.7399],[-69.7722,8.7391],[-69.7615,8.746],[-69.7641,8.7331],[-69.7456,8.7351],[-69.7329,8.7191],[-69.7222,8.7242],[-69.7197,8.7132],[-69.709,8.7157],[-69.6932,8.7081],[-69.6757,8.7186],[-69.6615,8.7064],[-69.6648,8.7208],[-69.6526,8.713],[-69.6501,8.725],[-69.6371,8.7345],[-69.6342,8.7287],[-69.6204,8.7332],[-69.5807,8.7279],[-69.5751,8.7196],[-69.5605,8.7157],[-69.563,8.6957],[-69.5559,8.6985],[-69.543,8.6916],[-69.5313,8.7021],[-69.5315,8.6818],[-69.5227,8.6901],[-69.5248,8.6831],[-69.4877,8.6674],[-69.4278,8.6649],[-69.377,8.6257],[-69.3573,8.6391],[-69.3161,8.6335],[-69.3036,8.6442],[-69.296,8.6364],[-69.2856,8.6362],[-69.2858,8.6051],[-69.2733,8.6027],[-69.2609,8.5863],[-69.2532,8.5902],[-69.2371,8.5583],[-69.2175,8.5567],[-69.2114,8.5363],[-69.1973,8.5341],[-69.1902,8.5174],[-69.1907,8.4795],[-69.176,8.4711],[-69.1776,8.4593],[-69.1664,8.4432],[-69.1474,8.4422],[-69.1382,8.4486],[-69.1272,8.435],[-69.1106,8.434],[-69.1147,8.412],[-69.1404,8.4048],[-69.133,8.4026],[-69.1436,8.3668],[-69.1267,8.3407],[-69.0992,8.3256],[-69.1017,8.3196],[-69.093,8.3138],[-69.091,8.3001],[-69.101,8.2907],[-69.087,8.2914],[-69.0842,8.2997],[-69.071,8.2989],[-69.0704,8.2899],[-69.0434,8.2847],[-69.0335,8.2764],[-69.0362,8.272],[-69.0066,8.2565],[-69.0064,8.2484],[-68.9975,8.2493],[-68.9805,8.235],[-68.9699,8.2382],[-68.9552,8.1849],[-68.9263,8.1717],[-68.919,8.1527],[-68.8915,8.1503],[-68.8927,8.1394],[-68.8846,8.1357],[-68.8814,8.1155],[-68.8684,8.1127],[-68.8731,8.1033],[-68.8684,8.1086],[-68.8506,8.092],[-68.8426,8.0982],[-68.8366,8.0912],[-68.8193,8.0983],[-68.8229,8.1059],[-68.832,8.1073],[-68.8473,8.1618],[-68.8257,8.2198],[-68.7948,8.265],[-68.7883,8.3168],[-68.7417,8.3316],[-68.5136,8.5621],[-68.5124,8.5686],[-68.532,8.5981]]},"properties":{"id":"LIM-VE-P","nombre":"Portuguesa","tipo":"limite","nivel":"estado","sector":"contexto","estado":"desconocido","fuente":"geoBoundaries gbOpen VEN ADM1 (OCHA Venezuela / Instituto Nacional de Estadistica), CC BY 4.0","confianza":"media","ultima_verificacion":"2026-09-09"}},{"type":"Feature","geometry":{"type":"LineString","coordinates":[[-64.4962,10.3631],[-64.5088,10.3472],[-64.4932,10.3581],[-64.4962,10.3631]]},"properties":{"id":"LIM-VE-R","nombre":"Sucre","tipo":"limite","nivel":"estado","sector":"contexto","estado":"desconocido","fuente":"geoBoundaries gbOpen VEN ADM1 (OCHA Venezuela / Instituto Nacional de Estadistica), CC BY 4.0","confianza":"media","ultima_verificacion":"2026-09-09"}},{"type":"Feature","geometry":{"type":"LineString","coordinates":[[-64.4028,10.373],[-64.4025,10.3597],[-64.4136,10.3481],[-64.394,10.3586],[-64.3993,10.3599],[-64.3952,10.37],[-64.4028,10.373]]},"properties":{"id":"LIM-VE-R","nombre":"Sucre","tipo":"limite","nivel":"estado","sector":"contexto","estado":"desconocido","fuente":"geoBoundaries gbOpen VEN ADM1 (OCHA Venezuela / Instituto Nacional de Estadistica), CC BY 4.0","confianza":"media","ultima_verificacion":"2026-09-09"}},{"type":"Feature","geometry":{"type":"LineString","coordinates":[[-64.4544,10.371],[-64.4592,10.3763],[-64.4704,10.3641],[-64.4471,10.3581],[-64.4396,10.3498],[-64.427,10.3506],[-64.442,10.3538],[-64.443,10.3689],[-64.4467,10.3643],[-64.4544,10.371]]},"properties":{"id":"LIM-VE-R","nombre":"Sucre","tipo":"limite","nivel":"estado","sector":"contexto","estado":"desconocido","fuente":"geoBoundaries gbOpen VEN ADM1 (OCHA Venezuela / Instituto Nacional de Estadistica), CC BY 4.0","confianza":"media","ultima_verificacion":"2026-09-09"}},{"type":"Feature","geometry":{"type":"LineString","coordinates":[[-64.4254,10.3817],[-64.4283,10.3729],[-64.4366,10.3717],[-64.4313,10.3567],[-64.4112,10.3661],[-64.4175,10.3679],[-64.4131,10.3777],[-64.4254,10.3817]]},"properties":{"id":"LIM-VE-R","nombre":"Sucre","tipo":"limite","nivel":"estado","sector":"contexto","estado":"desconocido","fuente":"geoBoundaries gbOpen VEN ADM1 (OCHA Venezuela / Instituto Nacional de Estadistica), CC BY 4.0","confianza":"media","ultima_verificacion":"2026-09-09"}},{"type":"Feature","geometry":{"type":"LineString","coordinates":[[-63.9564,10.084],[-63.9449,10.0882],[-63.9328,10.084],[-63.8703,10.1064],[-63.8365,10.1058],[-63.8259,10.1109],[-63.8142,10.1043],[-63.794,10.1388],[-63.7938,10.1499],[-63.7742,10.157],[-63.7687,10.1828],[-63.7556,10.1775],[-63.6581,10.2182],[-63.642,10.2225],[-63.6273,10.2146],[-63.6033,10.217],[-63.5881,10.1974],[-63.5684,10.2017],[-63.5435,10.2448],[-63.5498,10.2683],[-63.5138,10.2961],[-63.494,10.2966],[-63.4773,10.3143],[-63.4591,10.3207],[-63.446,10.2888],[-63.4115,10.288],[-63.4282,10.2554],[-63.4012,10.2592],[-63.3883,10.239],[-63.3546,10.2445],[-63.3357,10.2126],[-63.2871,10.2117],[-63.2565,10.2024],[-63.2553,10.1915],[-63.2235,10.1916],[-63.2121,10.1628],[-63.1959,10.162],[-63.1884,10.144],[-63.1536,10.1657],[-63.1311,10.2239],[-63.1183,10.2214],[-63.113,10.1977],[-63.0988,10.1845],[-63.0874,10.1864],[-63.0802,10.2001],[-63.0671,10.2006],[-63.0653,10.1782],[-63.0548,10.1741],[-63.0567,10.1596],[-63.0445,10.1408],[-63.045,10.1228],[-63.0003,10.0893],[-62.9853,10.0689],[-62.9717,10.0729],[-62.9669,10.0931],[-62.9469,10.093],[-62.933,10.0745],[-62.9188,10.0877],[-62.9002,10.0936],[-62.8923,10.077],[-62.899,10.0611],[-62.8948,10.0552],[-62.8658,10.0503],[-62.858,10.058],[-62.8563,10.0737],[-62.8449,10.0766],[-62.8356,10.0678],[-62.8302,10.0401],[-62.8005,10.0327],[-62.7868,10.0349],[-62.7896,10.0532],[-62.7833,10.0694],[-62.7605,10.0839],[-62.7486,10.0832],[-62.7283,10.0587],[-62.6747,10.0632],[-62.6155,10.1011],[-62.6092,10.1115],[-62.633,10.2012],[-62.6314,10.2674],[-62.6645,10.2969],[-62.6471,10.3309],[-62.6536,10.3562],[-62.7424,10.454],[-62.769,10.5024],[-62.8078,10.4921],[-62.8115,10.4679],[-62.7999,10.4223],[-62.8175,10.3866],[-62.8284,10.3975],[-62.823,10.4159],[-62.8383,10.4747],[-62.8325,10.5076],[-62.839,10.5243],[-62.8553,10.5315],[-62.8516,10.5392],[-62.8178,10.5407],[-62.7869,10.5566],[-62.7565,10.5626],[-62.7479,10.5555],[-62.7107,10.5595],[-62.6777,10.5758],[-62.6559,10.5776],[-62.6324,10.5691],[-62.5781,10.5651],[-62.5265,10.5432],[-62.5014,10.5526],[-62.4867,10.5537],[-62.4789,10.5477],[-62.4687,10.552],[-62.4407,10.5334],[-62.4304,10.5344],[-62.4075,10.5516],[-62.4038,10.5465],[-62.3901,10.5543],[-62.3583,10.5326],[-62.3464,10.5322],[-62.3217,10.5386],[-62.3083,10.5595],[-62.291,10.5676],[-62.2942,10.5746],[-62.2881,10.5665],[-62.2925,10.5743],[-62.2859,10.5913],[-62.2503,10.6347],[-62.1883,10.6332],[-62.162,10.6364],[-62.1544,10.6435],[-62.1452,10.6336],[-62.1334,10.633],[-62.1285,10.6413],[-62.1206,10.6316],[-62.0819,10.6302],[-62.0726,10.6313],[-62.0754,10.6413],[-62.0625,10.6424],[-62.0638,10.6326],[-62.0496,10.6416],[-62.0459,10.6326],[-62.0341,10.6314],[-62.0225,10.6444],[-62.0154,10.6451],[-62.0134,10.6381],[-61.9977,10.6411],[-61.9855,10.6524],[-61.978,10.6422],[-61.955,10.6431],[-61.9336,10.6644],[-61.9272,10.6562],[-61.9024,10.6648],[-61.9101,10.6767],[-61.898,10.6953],[-61.9011,10.6782],[-61.8913,10.6739],[-61.8776,10.7014],[-61.8765,10.7267],[-61.8689,10.7229],[-61.8633,10.7314],[-61.8576,10.7281],[-61.8474,10.7345],[-61.8642,10.7426],[-61.863,10.7491],[-61.8769,10.7296],[-61.917,10.7337],[-61.9197,10.7218],[-61.9315,10.7136],[-61.9633,10.7275],[-61.9603,10.7165],[-61.9781,10.7111],[-61.9805,10.7205],[-62.0009,10.7279],[-61.9996,10.7143],[-62.0142,10.7124],[-62.0185,10.7045],[-62.031,10.7073],[-62.0275,10.7166],[-62.0484,10.7178],[-62.0552,10.7007],[-62.0839,10.7055],[-62.0958,10.6992],[-62.1007,10.709],[-62.1118,10.7003],[-62.1403,10.7044],[-62.1386,10.6987],[-62.1504,10.6939],[-62.1549,10.6843],[-62.1707,10.6828],[-62.1858,10.6858],[-62.2002,10.6996],[-62.2133,10.6956],[-62.2421,10.7001],[-62.252,10.6939],[-62.265,10.7012],[-62.2832,10.6903],[-62.2949,10.7039],[-62.3022,10.6965],[-62.31,10.7074],[-62.3203,10.7046],[-62.3436,10.7129],[-62.3744,10.7107],[-62.3844,10.7177],[-62.4279,10.7176],[-62.4415,10.7245],[-62.4587,10.721],[-62.4673,10.7268],[-62.5189,10.7278],[-62.5249,10.7333],[-62.5507,10.7322],[-62.5729,10.7387],[-62.5849,10.7349],[-62.5955,10.7409],[-62.6716,10.7416],[-62.6923,10.7458],[-62.7121,10.7653],[-62.7467,10.7487],[-62.757,10.737],[-62.8041,10.7287],[-62.8066,10.7214],[-62.8362,10.7117],[-62.8477,10.714],[-62.8736,10.6986],[-62.8929,10.7021],[-62.9024,10.6917],[-62.9666,10.7005],[-62.9878,10.7096],[-63.0027,10.7245],[-63.0151,10.7109],[-63.0334,10.7079],[-63.0522,10.7182],[-63.0739,10.7089],[-63.106,10.7083],[-63.119,10.7006],[-63.1469,10.7081],[-63.1572,10.7197],[-63.1511,10.7268],[-63.1664,10.728],[-63.1595,10.7221],[-63.1618,10.7145],[-63.2284,10.6893],[-63.2319,10.6768],[-63.2451,10.6772],[-63.244,10.6713],[-63.2662,10.6698],[-63.2727,10.6773],[-63.2738,10.6666],[-63.2842,10.663],[-63.3262,10.6843],[-63.3283,10.6697],[-63.3392,10.6689],[-63.3568,10.6772],[-63.3622,10.6899],[-63.372,10.6796],[-63.3871,10.6928],[-63.3968,10.6775],[-63.3996,10.6865],[-63.4029,10.6835],[-63.4074,10.6747],[-63.4037,10.6709],[-63.4126,10.6617],[-63.4347,10.6662],[-63.4334,10.6561],[-63.4412,10.6526],[-63.447,10.6617],[-63.4642,10.6635],[-63.4721,10.6486],[-63.4944,10.6561],[-63.5021,10.6526],[-63.4924,10.6481],[-63.4988,10.6348],[-63.5328,10.6271],[-63.6827,10.6407],[-63.7126,10.6566],[-63.737,10.6527],[-63.7616,10.6584],[-63.8104,10.708],[-63.8154,10.7063],[-63.8156,10.6869],[-63.8248,10.6641],[-63.8021,10.6736],[-63.7929,10.6855],[-63.7857,10.6731],[-63.8068,10.6655],[-63.8133,10.6527],[-63.8182,10.6615],[-63.8264,10.6617],[-63.8257,10.6499],[-63.8278,10.6545],[-63.8402,10.6422],[-63.916,10.6244],[-63.9451,10.6333],[-63.9675,10.6274],[-63.9893,10.6352],[-64.0137,10.6287],[-64.0335,10.6337],[-64.0447,10.6496],[-64.0566,10.6513],[-64.0684,10.6476],[-64.0721,10.6393],[-64.1088,10.6326],[-64.1167,10.6219],[-64.1383,10.6151],[-64.1691,10.6296],[-64.1787,10.6261],[-64.1974,10.642],[-64.24,10.6371],[-64.2623,10.6648],[-64.2695,10.6507],[-64.2965,10.6319],[-64.283,10.5987],[-64.2658,10.5756],[-64.2534,10.5717],[-64.2453,10.5875],[-64.2368,10.5823],[-64.2501,10.564],[-64.2586,10.5715],[-64.2633,10.547],[-64.2315,10.5031],[-64.2148,10.5192],[-64.2125,10.5416],[-64.2026,10.5545],[-64.1324,10.5783],[-64.1224,10.5783],[-64.1239,10.5681],[-64.1131,10.5709],[-64.1186,10.565],[-64.0852,10.5706],[-64.0737,10.5793],[-64.071,10.5727],[-64.0546,10.576],[-64.0628,10.5828],[-64.0496,10.5859],[-64.0495,10.6003],[-64.0458,10.5883],[-64.0429,10.5931],[-64.021,10.5931],[-64.0429,10.5843],[-64.0463,10.5759],[-63.954,10.5796],[-63.9122,10.5537],[-63.8185,10.5494],[-63.7898,10.5267],[-63.7625,10.5222],[-63.743,10.5045],[-63.7386,10.4911],[-63.734,10.4967],[-63.7067,10.4905],[-63.7037,10.4788],[-63.6652,10.4968],[-63.6679,10.4923],[-63.6523,10.4961],[-63.6416,10.4897],[-63.6591,10.4875],[-63.6622,10.4776],[-63.655,10.4804],[-63.6593,10.4761],[-63.6803,10.4682],[-63.7069,10.4681],[-63.7222,10.4613],[-63.7346,10.4659],[-63.7843,10.4439],[-63.798,10.4402],[-63.8138,10.4451],[-63.8226,10.4386],[-63.8423,10.4481],[-63.8552,10.4413],[-63.8916,10.4451],[-63.9062,10.4547],[-63.9149,10.4482],[-63.9416,10.4462],[-63.9411,10.451],[-63.9541,10.4534],[-63.9713,10.4436],[-64.0025,10.4458],[-64.0248,10.4354],[-64.0317,10.4447],[-64.0381,10.4388],[-64.0891,10.4496],[-64.1142,10.4793],[-64.1173,10.4719],[-64.1858,10.4795],[-64.1927,10.4737],[-64.1907,10.4547],[-64.1969,10.4424],[-64.2225,10.4171],[-64.279,10.4137],[-64.2969,10.4027],[-64.2974,10.41],[-64.31,10.4102],[-64.3213,10.399],[-64.3373,10.3985],[-64.3318,10.3994],[-64.339,10.3852],[-64.3281,10.3858],[-64.3362,10.3788],[-64.3451,10.3815],[-64.3372,10.3722],[-64.3366,10.3666],[-64.3414,10.3693],[-64.3447,10.3632],[-64.3367,10.348],[-64.3559,10.3442],[-64.3642,10.334],[-64.3691,10.3374],[-64.3708,10.3473],[-64.3583,10.3518],[-64.3633,10.3553],[-64.3507,10.3612],[-64.3461,10.3722],[-64.3467,10.3891],[-64.3516,10.3854],[-64.3581,10.3935],[-64.3532,10.3965],[-64.3647,10.3981],[-64.3627,10.3932],[-64.3724,10.3834],[-64.3789,10.393],[-64.395,10.3799],[-64.3779,10.3688],[-64.3901,10.3615],[-64.3745,10.3479],[-64.3788,10.3368],[-64.4216,10.3301],[-64.4266,10.3201],[-64.438,10.3181],[-64.4404,10.3272],[-64.4479,10.3238],[-64.4579,10.3354],[-64.4635,10.3322],[-64.4579,10.3161],[-64.4478,10.319],[-64.443,10.3107],[-64.4224,10.319],[-64.4182,10.309],[-64.4155,10.3163],[-64.4076,10.3107],[-64.3994,10.3184],[-64.3925,10.3136],[-64.3736,10.3204],[-64.3646,10.311],[-64.3654,10.302],[-64.3793,10.3068],[-64.3813,10.2981],[-64.4002,10.2908],[-64.4031,10.2835],[-64.4221,10.2868],[-64.4509,10.279],[-64.4442,10.2725],[-64.4472,10.2643],[-64.4834,10.2424],[-64.5307,10.2533],[-64.5126,10.2362],[-64.5142,10.2188],[-64.497,10.2137],[-64.4875,10.1961],[-64.4422,10.1887],[-64.4437,10.1264],[-64.4205,10.1377],[-64.3992,10.1337],[-64.396,10.1159],[-64.3847,10.1143],[-64.3927,10.1069],[-64.3843,10.0982],[-64.3654,10.097],[-64.3678,10.0866],[-64.3523,10.085],[-64.351,10.0796],[-64.3324,10.082],[-64.3205,10.0927],[-64.2933,10.0957],[-64.2731,10.079],[-64.2721,10.0627],[-64.1781,10.0685],[-64.0861,10.0977],[-64.0533,10.0986],[-64.0482,10.1149],[-64.0323,10.1201],[-64.0156,10.1168],[-64.0113,10.1103],[-63.96,10.1011],[-63.9564,10.084]]},"properties":{"id":"LIM-VE-R","nombre":"Sucre","tipo":"limite","nivel":"estado","sector":"contexto","estado":"desconocido","fuente":"geoBoundaries gbOpen VEN ADM1 (OCHA Venezuela / Instituto Nacional de Estadistica), CC BY 4.0","confianza":"media","ultima_verificacion":"2026-09-09"}},{"type":"Feature","geometry":{"type":"LineString","coordinates":[[-71.8406,7.4888],[-71.8487,7.501],[-71.8547,7.4921],[-71.8697,7.5036],[-71.8752,7.4989],[-71.8833,7.5045],[-71.8593,7.5096],[-71.8551,7.5255],[-71.8414,7.5197],[-71.8381,7.5325],[-71.8058,7.5317],[-71.807,7.544],[-71.7974,7.5359],[-71.7846,7.5384],[-71.7899,7.5283],[-71.7832,7.5249],[-71.7655,7.5293],[-71.7704,7.5386],[-71.767,7.5459],[-71.753,7.5346],[-71.7338,7.5373],[-71.7246,7.53],[-71.7205,7.5454],[-71.6978,7.5389],[-71.6913,7.5476],[-71.6508,7.5306],[-71.647,7.5203],[-71.6384,7.5296],[-71.6275,7.5204],[-71.6135,7.5226],[-71.6047,7.5156],[-71.5982,7.5269],[-71.5926,7.5136],[-71.5818,7.511],[-71.5726,7.5271],[-71.5558,7.514],[-71.5298,7.5234],[-71.4881,7.4984],[-71.4674,7.4968],[-71.447,7.5089],[-71.432,7.5055],[-71.4157,7.4927],[-71.4147,7.4836],[-71.4016,7.4776],[-71.3981,7.4828],[-71.3924,7.4767],[-71.3769,7.4813],[-71.3659,7.4749],[-71.3372,7.4758],[-71.3168,7.4913],[-71.3335,7.4981],[-71.3338,7.5131],[-71.3732,7.4972],[-71.3762,7.5015],[-71.3683,7.5101],[-71.3764,7.5249],[-71.3862,7.5204],[-71.3912,7.5266],[-71.3979,7.5208],[-71.3993,7.53],[-71.4073,7.5318],[-71.4057,7.5397],[-71.3989,7.5352],[-71.3943,7.5395],[-71.4025,7.5532],[-71.4103,7.5493],[-71.4113,7.5561],[-71.4186,7.5499],[-71.4359,7.5592],[-71.4319,7.5637],[-71.4178,7.5585],[-71.4219,7.5639],[-71.4163,7.5768],[-71.4423,7.5795],[-71.4363,7.5915],[-71.4646,7.5929],[-71.4794,7.6027],[-71.4774,7.6153],[-71.4941,7.6081],[-71.4941,7.5967],[-71.5052,7.6048],[-71.4984,7.6163],[-71.5013,7.6245],[-71.4923,7.6281],[-71.501,7.634],[-71.4895,7.6469],[-71.5035,7.6515],[-71.4925,7.6622],[-71.4981,7.7063],[-71.5148,7.7198],[-71.5137,7.7323],[-71.534,7.7532],[-71.5144,7.7976],[-71.5232,7.8184],[-71.513,7.8403],[-71.5197,7.8474],[-71.5186,7.8687],[-71.5101,7.8758],[-71.5118,7.9525],[-71.5356,7.9789],[-71.5494,7.9773],[-71.5705,8.004],[-71.5668,8.0249],[-71.5713,8.0393],[-71.6019,8.0574],[-71.6289,8.0388],[-71.6382,8.0389],[-71.6669,8.0051],[-71.6752,8.0059],[-71.6958,8.0266],[-71.7059,8.0281],[-71.7032,8.041],[-71.7217,8.0387],[-71.7547,8.0576],[-71.7581,8.0737],[-71.7656,8.0769],[-71.7662,8.0918],[-71.7893,8.1174],[-71.8056,8.1193],[-71.8135,8.1279],[-71.824,8.1584],[-71.8499,8.1673],[-71.8566,8.1797],[-71.8766,8.1795],[-71.8761,8.164],[-71.891,8.1628],[-71.8984,8.1556],[-71.9026,8.1619],[-71.9025,8.1762],[-71.9124,8.1906],[-71.9079,8.2105],[-71.8443,8.296],[-71.8277,8.3135],[-71.8224,8.3116],[-71.8059,8.3243],[-71.806,8.3326],[-71.8203,8.3482],[-71.8181,8.3708],[-71.8021,8.3885],[-71.8138,8.4101],[-71.8018,8.4188],[-71.7991,8.4324],[-71.7794,8.4539],[-71.7751,8.4927],[-71.784,8.5192],[-71.8006,8.5372],[-71.8233,8.5881],[-71.8418,8.5998],[-71.8894,8.6135],[-71.9099,8.6339],[-71.9239,8.6304],[-71.9335,8.6176],[-71.9592,8.6175],[-71.9649,8.6268],[-71.9572,8.6335],[-71.9765,8.6484],[-71.9842,8.6468],[-71.9875,8.6361],[-71.9822,8.6276],[-71.9846,8.6104],[-71.9733,8.6006],[-71.9847,8.5737],[-71.9853,8.5556],[-71.9721,8.5129],[-72.071,8.429],[-72.2162,8.4219],[-72.3087,8.3757],[-72.3092,8.3911],[-72.3191,8.4045],[-72.3254,8.4594],[-72.3485,8.5006],[-72.3487,8.4818],[-72.3621,8.4736],[-72.3496,8.4633],[-72.3537,8.4367],[-72.3686,8.4311],[-72.3702,8.4231],[-72.3803,8.4306],[-72.3831,8.4181],[-72.393,8.4151],[-72.393,8.4062],[-72.4042,8.4045],[-72.3937,8.3962],[-72.4059,8.3925],[-72.4021,8.3753],[-72.408,8.3603],[-72.3921,8.3573],[-72.3879,8.3453],[-72.3951,8.3433],[-72.3954,8.3258],[-72.38,8.3099],[-72.3802,8.3037],[-72.3863,8.3032],[-72.3845,8.2775],[-72.3937,8.2526],[-72.3806,8.2468],[-72.3864,8.2417],[-72.3688,8.2008],[-72.3741,8.1952],[-72.3622,8.1912],[-72.367,8.1841],[-72.3611,8.1819],[-72.3532,8.1585],[-72.3661,8.1491],[-72.3587,8.1205],[-72.3735,8.1051],[-72.3705,8.0937],[-72.3524,8.0866],[-72.3464,8.0376],[-72.355,8.0274],[-72.3471,8.0164],[-72.3513,8.0044],[-72.3834,8.0345],[-72.416,8.0334],[-72.4116,8.0218],[-72.4218,8.0085],[-72.4187,7.9955],[-72.4247,7.9899],[-72.437,7.9913],[-72.4482,7.9639],[-72.4747,7.9597],[-72.4881,7.9435],[-72.4865,7.9268],[-72.48,7.9305],[-72.4776,7.9214],[-72.4571,7.9112],[-72.4623,7.9074],[-72.4549,7.8957],[-72.458,7.8847],[-72.4446,7.8598],[-72.4506,7.8514],[-72.447,7.827],[-72.4583,7.803],[-72.4684,7.7954],[-72.4737,7.7585],[-72.4701,7.7068],[-72.476,7.6316],[-72.4525,7.5645],[-72.478,7.4986],[-72.4749,7.4868],[-72.4607,7.481],[-72.4471,7.4619],[-72.4425,7.4226],[-72.4286,7.4024],[-72.4138,7.4007],[-72.4074,7.4114],[-72.3926,7.4096],[-72.3653,7.4219],[-72.3474,7.4182],[-72.34,7.4286],[-72.3281,7.4259],[-72.3207,7.4351],[-72.2636,7.4232],[-72.2221,7.434],[-72.1708,7.4009],[-72.1662,7.3827],[-72.1348,7.3874],[-72.1289,7.395],[-72.1033,7.4034],[-72.0761,7.3943],[-72.0586,7.3695],[-72.0165,7.3611],[-71.9802,7.3682],[-71.9372,7.3951],[-71.8751,7.4167],[-71.8538,7.4468],[-71.8539,7.4646],[-71.8484,7.4696],[-71.8522,7.4826],[-71.8406,7.4888]]},"properties":{"id":"LIM-VE-S","nombre":"Táchira","tipo":"limite","nivel":"estado","sector":"contexto","estado":"desconocido","fuente":"geoBoundaries gbOpen VEN ADM1 (OCHA Venezuela / Instituto Nacional de Estadistica), CC BY 4.0","confianza":"media","ultima_verificacion":"2026-09-09"}},{"type":"Feature","geometry":{"type":"LineString","coordinates":[[-70.2021,9.0528],[-70.1606,9.0696],[-70.1574,9.0799],[-70.0992,9.0907],[-70.0705,9.1109],[-70.0419,9.1524],[-70.0687,9.1815],[-70.0728,9.2022],[-70.0943,9.2109],[-70.0974,9.2184],[-70.067,9.2492],[-70.0633,9.2766],[-70.0721,9.2846],[-70.0916,9.2811],[-70.1146,9.2966],[-70.0906,9.3374],[-70.0798,9.3386],[-70.036,9.3779],[-70.0349,9.4151],[-70.044,9.4295],[-70.0742,9.4274],[-70.0846,9.4344],[-70.0787,9.4882],[-70.0852,9.498],[-70.1008,9.5011],[-70.1135,9.5281],[-70.112,9.544],[-70.1234,9.5599],[-70.1179,9.5819],[-70.1269,9.6113],[-70.1072,9.6335],[-70.0971,9.6639],[-70.0857,9.6765],[-70.0652,9.6766],[-70.0593,9.6679],[-70.043,9.6733],[-70.0296,9.6678],[-69.9961,9.6791],[-70.0307,9.7216],[-70.0566,9.7189],[-70.0702,9.7316],[-70.0782,9.76],[-70.1044,9.7714],[-70.1273,9.7614],[-70.143,9.7627],[-70.1642,9.7888],[-70.1861,9.7989],[-70.192,9.8241],[-70.2131,9.8422],[-70.218,9.8409],[-70.2163,9.8281],[-70.2327,9.8222],[-70.2244,9.8033],[-70.242,9.7604],[-70.2806,9.8231],[-70.3284,9.8227],[-70.3247,9.8518],[-70.3653,9.9037],[-70.3951,9.8998],[-70.4169,9.9045],[-70.434,9.8804],[-70.4539,9.8785],[-70.4695,9.8657],[-70.4865,9.8744],[-70.4836,9.8843],[-70.4889,9.89],[-70.5062,9.881],[-70.5172,9.8865],[-70.5397,9.9118],[-70.5441,9.9457],[-70.5563,9.9557],[-70.5875,9.9538],[-70.5953,9.9869],[-70.6065,9.9975],[-70.6117,10.0185],[-70.6425,10.0385],[-70.6824,9.997],[-70.6828,9.9587],[-70.6947,9.9473],[-70.6905,9.8951],[-70.7022,9.8836],[-70.6729,9.8443],[-70.6705,9.8117],[-70.6841,9.8029],[-70.6943,9.7604],[-70.7177,9.7501],[-70.7353,9.7604],[-70.7432,9.7579],[-70.7469,9.7315],[-70.764,9.7015],[-70.7587,9.695],[-70.775,9.6843],[-70.7896,9.6896],[-70.8433,9.5854],[-70.8598,9.5917],[-70.8854,9.5874],[-70.8967,9.5925],[-70.9061,9.5792],[-70.9158,9.5986],[-70.9225,9.5884],[-70.9342,9.5953],[-70.954,9.5904],[-71.0418,9.6041],[-71.0606,9.6168],[-71.0634,9.6125],[-71.0639,9.5872],[-71.0878,9.5419],[-71.0789,9.4961],[-71.092,9.482],[-71.0762,9.489],[-71.0711,9.4773],[-71.0759,9.4079],[-71.0712,9.3668],[-71.0566,9.3625],[-71.0533,9.3548],[-71.0474,9.36],[-71.0156,9.3381],[-70.9851,9.334],[-70.9537,9.3051],[-70.9479,9.2899],[-70.9153,9.2767],[-70.9015,9.2642],[-70.8923,9.228],[-70.9077,9.216],[-70.8985,9.2037],[-70.8927,9.1605],[-70.8899,9.1539],[-70.868,9.1515],[-70.8446,9.0891],[-70.8297,9.0878],[-70.8074,9.0742],[-70.8008,9.08],[-70.7891,9.0723],[-70.784,9.0787],[-70.7788,9.0589],[-70.7634,9.049],[-70.749,9.0574],[-70.7302,9.0561],[-70.7228,9.0327],[-70.7058,9.0143],[-70.7113,9.0076],[-70.7046,8.9975],[-70.6872,8.9953],[-70.6732,8.9743],[-70.643,8.9911],[-70.6408,8.9982],[-70.6322,8.9984],[-70.6187,9.0129],[-70.582,9.0274],[-70.577,9.011],[-70.555,9.0083],[-70.5438,9.0003],[-70.5551,8.9672],[-70.5523,8.9521],[-70.5239,8.9711],[-70.4889,9.0085],[-70.4203,9.0251],[-70.399,9.0415],[-70.399,9.0496],[-70.3812,9.0583],[-70.3406,9.0581],[-70.2756,9.0303],[-70.2558,9.0388],[-70.2338,9.0615],[-70.2021,9.0528]]},"properties":{"id":"LIM-VE-T","nombre":"Trujillo","tipo":"limite","nivel":"estado","sector":"contexto","estado":"desconocido","fuente":"geoBoundaries gbOpen VEN ADM1 (OCHA Venezuela / Instituto Nacional de Estadistica), CC BY 4.0","confianza":"media","ultima_verificacion":"2026-09-09"}},{"type":"Feature","geometry":{"type":"LineString","coordinates":[[-68.2487,10.5786],[-68.5317,10.6005],[-68.5483,10.5962],[-68.5649,10.6052],[-68.5828,10.5979],[-68.5885,10.6046],[-68.6009,10.601],[-68.6121,10.6085],[-68.6202,10.606],[-68.6223,10.6146],[-68.6518,10.6187],[-68.6182,10.7741],[-68.6701,10.7231],[-68.6794,10.731],[-68.6934,10.7242],[-68.7141,10.7292],[-68.7429,10.7209],[-68.7789,10.7279],[-68.773,10.7185],[-68.7926,10.703],[-68.7938,10.6922],[-68.8098,10.6933],[-68.8435,10.6504],[-68.8749,10.6496],[-68.8822,10.6005],[-68.9099,10.5602],[-68.9454,10.5389],[-68.9558,10.5408],[-68.9621,10.5513],[-68.9899,10.5547],[-69.0139,10.5294],[-69.0517,10.5184],[-69.0564,10.5082],[-69.0465,10.5071],[-69.05,10.4816],[-69.0692,10.4616],[-69.0668,10.4366],[-69.0789,10.4116],[-69.0687,10.4015],[-69.0504,10.4032],[-69.0417,10.4195],[-69.0326,10.4115],[-69.0271,10.3028],[-69.0076,10.2836],[-69.0151,10.2401],[-69.0354,10.2373],[-69.0451,10.2264],[-69.0587,10.2347],[-69.0743,10.2199],[-69.0823,10.2228],[-69.076,10.2339],[-69.0909,10.2344],[-69.0995,10.2065],[-69.1154,10.189],[-69.1215,10.1368],[-69.1968,10.1309],[-69.2083,10.0876],[-69.1927,10.0401],[-69.1846,10.0363],[-69.1616,10.0413],[-69.1525,10.0225],[-69.1507,9.9799],[-69.1595,9.943],[-69.1492,9.9307],[-69.1445,9.9109],[-69.1287,9.8977],[-69.1275,9.883],[-69.0886,9.8697],[-69.0859,9.9577],[-68.9636,10.0173],[-68.9617,9.9705],[-68.9561,9.9622],[-68.9609,9.9472],[-68.9538,9.9377],[-68.9603,9.9224],[-68.9466,9.9081],[-68.9488,9.8957],[-68.9733,9.8611],[-68.9725,9.8415],[-68.9477,9.8517],[-68.9371,9.841],[-68.9194,9.8497],[-68.9059,9.8411],[-68.8773,9.8422],[-68.8587,9.8344],[-68.8274,9.8469],[-68.8023,9.8436],[-68.7754,9.8677],[-68.7412,9.8716],[-68.7222,9.881],[-68.7141,9.8943],[-68.7236,9.9043],[-68.7158,9.9412],[-68.683,9.9555],[-68.6616,9.9763],[-68.6369,9.9626],[-68.6126,9.9668],[-68.6048,9.9324],[-68.5288,9.9348],[-68.5389,9.8878],[-68.5259,9.8968],[-68.5211,9.8874],[-68.5047,9.8935],[-68.4806,9.9143],[-68.4284,9.9397],[-68.406,9.9581],[-68.4051,9.9674],[-68.3944,9.9658],[-68.3701,9.988],[-68.3889,10.0182],[-68.3779,10.0478],[-68.4029,10.0643],[-68.4071,10.0847],[-68.4007,10.0913],[-68.3971,10.1213],[-68.4245,10.1616],[-68.4276,10.1786],[-68.4132,10.1955],[-68.4111,10.2164],[-68.3793,10.2251],[-68.355,10.2643],[-68.3693,10.2806],[-68.3731,10.3067],[-68.3924,10.3331],[-68.3888,10.3385],[-68.3986,10.3631],[-68.396,10.4023],[-68.4013,10.4167],[-68.3956,10.4543],[-68.4041,10.4686],[-68.3901,10.4831],[-68.4018,10.4899],[-68.3896,10.4982],[-68.3829,10.5291],[-68.3586,10.55],[-68.3356,10.55],[-68.3058,10.5371],[-68.2653,10.5621],[-68.2577,10.5776],[-68.2487,10.5786]]},"properties":{"id":"LIM-VE-U","nombre":"Yaracuy","tipo":"limite","nivel":"estado","sector":"contexto","estado":"desconocido","fuente":"geoBoundaries gbOpen VEN ADM1 (OCHA Venezuela / Instituto Nacional de Estadistica), CC BY 4.0","confianza":"media","ultima_verificacion":"2026-09-09"}},{"type":"Feature","geometry":{"type":"LineString","coordinates":[[-70.8982,9.1936],[-70.9077,9.216],[-70.8923,9.228],[-70.9015,9.2642],[-70.9153,9.2767],[-70.9479,9.2899],[-70.9537,9.3051],[-70.9851,9.334],[-71.0156,9.3381],[-71.0474,9.36],[-71.0534,9.3545],[-71.0535,9.3302],[-71.0644,9.3111],[-71.1358,9.273],[-71.1864,9.2349],[-71.2196,9.1979],[-71.1861,9.1838],[-71.1725,9.1735],[-71.1708,9.1632],[-71.1478,9.15],[-71.1267,9.1549],[-71.0894,9.1492],[-71.0757,9.1181],[-71.0374,9.0989],[-71.0296,9.0863],[-70.8982,9.1936]]},"properties":{"id":"LIM-VE-V","nombre":"Zulia","tipo":"limite","nivel":"estado","sector":"contexto","estado":"desconocido","fuente":"geoBoundaries gbOpen VEN ADM1 (OCHA Venezuela / Instituto Nacional de Estadistica), CC BY 4.0","confianza":"media","ultima_verificacion":"2026-09-09"}},{"type":"Feature","geometry":{"type":"LineString","coordinates":[[-71.6312,10.8591],[-71.6343,10.8563],[-71.6289,10.8555],[-71.6312,10.8591]]},"properties":{"id":"LIM-VE-V","nombre":"Zulia","tipo":"limite","nivel":"estado","sector":"contexto","estado":"desconocido","fuente":"geoBoundaries gbOpen VEN ADM1 (OCHA Venezuela / Instituto Nacional de Estadistica), CC BY 4.0","confianza":"media","ultima_verificacion":"2026-09-09"}},{"type":"Feature","geometry":{"type":"LineString","coordinates":[[-71.4988,10.936],[-71.5045,10.9441],[-71.5156,10.9416],[-71.5095,10.9348],[-71.4988,10.936]]},"properties":{"id":"LIM-VE-V","nombre":"Zulia","tipo":"limite","nivel":"estado","sector":"contexto","estado":"desconocido","fuente":"geoBoundaries gbOpen VEN ADM1 (OCHA Venezuela / Instituto Nacional de Estadistica), CC BY 4.0","confianza":"media","ultima_verificacion":"2026-09-09"}},{"type":"Feature","geometry":{"type":"LineString","coordinates":[[-71.5985,10.9134],[-71.5884,10.9411],[-71.5924,10.9475],[-71.6043,10.9355],[-71.6009,10.9097],[-71.5985,10.9134]]},"properties":{"id":"LIM-VE-V","nombre":"Zulia","tipo":"limite","nivel":"estado","sector":"contexto","estado":"desconocido","fuente":"geoBoundaries gbOpen VEN ADM1 (OCHA Venezuela / Instituto Nacional de Estadistica), CC BY 4.0","confianza":"media","ultima_verificacion":"2026-09-09"}},{"type":"Feature","geometry":{"type":"LineString","coordinates":[[-71.6476,10.9613],[-71.6822,10.9608],[-71.6587,10.9503],[-71.626,10.9542],[-71.6476,10.9613]]},"properties":{"id":"LIM-VE-V","nombre":"Zulia","tipo":"limite","nivel":"estado","sector":"contexto","estado":"desconocido","fuente":"geoBoundaries gbOpen VEN ADM1 (OCHA Venezuela / Instituto Nacional de Estadistica), CC BY 4.0","confianza":"media","ultima_verificacion":"2026-09-09"}},{"type":"Feature","geometry":{"type":"LineString","coordinates":[[-71.315,10.9635],[-71.3375,10.9612],[-71.4036,10.9704],[-71.5013,10.9503],[-71.4788,10.9486],[-71.4699,10.931],[-71.4385,10.9103],[-71.4362,10.902],[-71.4261,10.901],[-71.4077,10.9146],[-71.4235,10.8856],[-71.4466,10.8773],[-71.4326,10.8221],[-71.4322,10.796],[-71.4533,10.7913],[-71.5136,10.7995],[-71.5727,10.7928],[-71.5867,10.7983],[-71.5922,10.7926],[-71.5931,10.7871],[-71.5661,10.7771],[-71.5634,10.7626],[-71.537,10.7569],[-71.5351,10.7393],[-71.524,10.7229],[-71.531,10.7057],[-71.5223,10.695],[-71.5338,10.6699],[-71.5219,10.6566],[-71.5318,10.6336],[-71.5066,10.6217],[-71.4957,10.6076],[-71.5318,10.589],[-71.5323,10.5599],[-71.5419,10.55],[-71.5249,10.5411],[-71.5053,10.515],[-71.4727,10.5005],[-71.46,10.4876],[-71.4524,10.451],[-71.4794,10.3918],[-71.46,10.3827],[-71.4552,10.3726],[-71.4313,10.3563],[-71.4093,10.3061],[-71.3777,10.2689],[-71.3575,10.213],[-71.341,10.1963],[-71.2927,10.1691],[-71.2675,10.1348],[-71.2386,10.0703],[-71.2367,10.0366],[-71.225,10.0189],[-71.2297,10.0144],[-71.2229,10.0145],[-71.2174,10.0021],[-71.2113,9.9721],[-71.1805,9.9695],[-71.1485,9.9515],[-71.0931,9.8739],[-71.0755,9.823],[-71.0835,9.8211],[-71.084,9.8294],[-71.0895,9.8124],[-71.0508,9.752],[-71.0368,9.7404],[-71.0259,9.7107],[-71.0357,9.7114],[-71.0487,9.6936],[-71.0453,9.6694],[-71.052,9.6346],[-71.0613,9.6201],[-71.0581,9.6129],[-71.0397,9.6036],[-70.954,9.5904],[-70.9342,9.5953],[-70.9225,9.5884],[-70.9158,9.5986],[-70.9061,9.5792],[-70.8967,9.5925],[-70.8854,9.5874],[-70.8598,9.5917],[-70.8433,9.5854],[-70.7896,9.6896],[-70.775,9.6843],[-70.7587,9.695],[-70.764,9.7015],[-70.7469,9.7315],[-70.7432,9.7579],[-70.7353,9.7604],[-70.7177,9.7501],[-70.6943,9.7604],[-70.6871,9.7961],[-70.6676,9.8221],[-70.6828,9.8636],[-70.7001,9.8829],[-70.738,9.8929],[-70.7531,9.917],[-70.7908,9.919],[-70.8822,10.05],[-70.8615,10.0685],[-70.843,10.0758],[-70.8391,10.0982],[-70.7874,10.1212],[-70.7749,10.1331],[-70.761,10.1336],[-70.7361,10.1533],[-70.7293,10.1847],[-70.702,10.2073],[-70.7087,10.2218],[-70.6959,10.2556],[-70.6912,10.3007],[-70.7283,10.3048],[-70.7422,10.3203],[-70.7626,10.3301],[-70.7607,10.352],[-70.768,10.36],[-70.7576,10.3936],[-70.7723,10.4097],[-70.7731,10.4221],[-70.7822,10.4293],[-70.8023,10.4697],[-70.8327,10.4625],[-70.8429,10.4526],[-70.8631,10.461],[-70.8782,10.4491],[-70.9032,10.4667],[-70.9526,10.4649],[-70.9573,10.4834],[-70.9712,10.4883],[-70.9713,10.5002],[-70.9861,10.5001],[-70.9983,10.5117],[-71.0011,10.5045],[-71.017,10.5068],[-71.02,10.5452],[-71.0281,10.5627],[-71.025,10.5744],[-71.0383,10.5749],[-71.0477,10.5828],[-71.0544,10.6039],[-71.0751,10.6103],[-71.0868,10.6256],[-71.0806,10.6448],[-71.0873,10.6725],[-71.0967,10.6806],[-71.0965,10.6906],[-71.0885,10.6946],[-71.096,10.708],[-71.0948,10.7403],[-71.1008,10.7459],[-71.0951,10.7522],[-71.0975,10.7707],[-71.1295,10.7934],[-71.1416,10.8107],[-71.1488,10.8087],[-71.1831,10.8305],[-71.1992,10.8575],[-71.204,10.8837],[-71.2169,10.9015],[-71.221,10.9325],[-71.2653,10.9457],[-71.2716,10.9567],[-71.2703,10.9751],[-71.2825,10.9666],[-71.315,10.9635]]},"properties":{"id":"LIM-VE-V","nombre":"Zulia","tipo":"limite","nivel":"estado","sector":"contexto","estado":"desconocido","fuente":"geoBoundaries gbOpen VEN ADM1 (OCHA Venezuela / Instituto Nacional de Estadistica), CC BY 4.0","confianza":"media","ultima_verificacion":"2026-09-09"}},{"type":"Feature","geometry":{"type":"LineString","coordinates":[[-71.635,10.9797],[-71.6443,10.9811],[-71.6424,10.9742],[-71.6312,10.976],[-71.629,10.9819],[-71.635,10.9797]]},"properties":{"id":"LIM-VE-V","nombre":"Zulia","tipo":"limite","nivel":"estado","sector":"contexto","estado":"desconocido","fuente":"geoBoundaries gbOpen VEN ADM1 (OCHA Venezuela / Instituto Nacional de Estadistica), CC BY 4.0","confianza":"media","ultima_verificacion":"2026-09-09"}},{"type":"Feature","geometry":{"type":"LineString","coordinates":[[-71.6085,10.9798],[-71.6224,10.9911],[-71.6296,10.9679],[-71.6156,10.9664],[-71.6069,10.956],[-71.615,10.9788],[-71.6066,10.9757],[-71.6085,10.9798]]},"properties":{"id":"LIM-VE-V","nombre":"Zulia","tipo":"limite","nivel":"estado","sector":"contexto","estado":"desconocido","fuente":"geoBoundaries gbOpen VEN ADM1 (OCHA Venezuela / Instituto Nacional de Estadistica), CC BY 4.0","confianza":"media","ultima_verificacion":"2026-09-09"}},{"type":"Feature","geometry":{"type":"LineString","coordinates":[[-71.5776,10.9881],[-71.5874,10.9936],[-71.5954,10.9886],[-71.5907,10.9806],[-71.5822,10.9832],[-71.5742,10.9722],[-71.5481,10.9634],[-71.5441,10.9479],[-71.5328,10.9497],[-71.5427,10.971],[-71.5776,10.9881]]},"properties":{"id":"LIM-VE-V","nombre":"Zulia","tipo":"limite","nivel":"estado","sector":"contexto","estado":"desconocido","fuente":"geoBoundaries gbOpen VEN ADM1 (OCHA Venezuela / Instituto Nacional de Estadistica), CC BY 4.0","confianza":"media","ultima_verificacion":"2026-09-09"}},{"type":"Feature","geometry":{"type":"LineString","coordinates":[[-71.2242,9.1633],[-71.2668,9.1293],[-71.2834,9.129],[-71.3553,9.0835],[-71.5246,9.0384],[-71.5916,9.036],[-71.652,9.0439],[-71.6649,9.0573],[-71.651,9.0632],[-71.6572,9.0717],[-71.6684,9.0757],[-71.691,9.0557],[-71.7196,9.0811],[-71.7128,9.0945],[-71.7245,9.0916],[-71.7414,9.099],[-71.752,9.1168],[-71.7562,9.1139],[-71.7511,9.1108],[-71.7587,9.1114],[-71.7597,9.0989],[-71.7592,9.1073],[-71.7636,9.0986],[-71.7597,9.1066],[-71.7659,9.1029],[-71.7617,9.1114],[-71.7703,9.103],[-71.7678,9.1103],[-71.7806,9.106],[-71.7605,9.1138],[-71.7662,9.1165],[-71.7656,9.1207],[-71.7596,9.1164],[-71.7617,9.1225],[-71.7554,9.1258],[-71.7598,9.1524],[-71.7512,9.1475],[-71.7517,9.1302],[-71.7398,9.1496],[-71.738,9.1601],[-71.7586,9.1958],[-71.7506,9.1879],[-71.7584,9.2005],[-71.7518,9.2041],[-71.746,9.2266],[-71.7534,9.2372],[-71.7724,9.2237],[-71.7669,9.2036],[-71.7901,9.2391],[-71.8052,9.221],[-71.8173,9.2236],[-71.8112,9.2351],[-71.8162,9.2413],[-71.7723,9.2564],[-71.775,9.288],[-71.7679,9.2838],[-71.7653,9.2905],[-71.7407,9.2692],[-71.7332,9.2714],[-71.7414,9.2844],[-71.7288,9.2858],[-71.7309,9.3139],[-71.7334,9.3237],[-71.7466,9.3328],[-71.74,9.3448],[-71.7256,9.3376],[-71.7187,9.3419],[-71.7398,9.3536],[-71.7278,9.3616],[-71.7271,9.373],[-71.7142,9.384],[-71.7419,9.3718],[-71.7499,9.3585],[-71.7635,9.3515],[-71.7621,9.3351],[-71.7679,9.3314],[-71.7829,9.3414],[-71.772,9.3425],[-71.7589,9.3562],[-71.773,9.3629],[-71.7999,9.399],[-71.7995,9.3794],[-71.7929,9.3729],[-71.8035,9.371],[-71.8037,9.3661],[-71.7954,9.3654],[-71.8036,9.362],[-71.8001,9.3537],[-71.8113,9.3771],[-71.8074,9.41],[-71.8273,9.4248],[-71.8337,9.4171],[-71.8257,9.4096],[-71.8321,9.4049],[-71.8363,9.4168],[-71.8563,9.4144],[-71.8868,9.4282],[-71.8843,9.4103],[-71.8718,9.4003],[-71.8897,9.4053],[-71.8943,9.387],[-71.9084,9.3865],[-71.913,9.395],[-71.8978,9.4099],[-71.8897,9.4304],[-71.8591,9.437],[-71.85,9.4315],[-71.8381,9.4338],[-71.9049,9.4719],[-71.9011,9.4675],[-71.9201,9.4725],[-71.9375,9.496],[-71.9393,9.4912],[-71.9452,9.4953],[-71.9618,9.4655],[-71.9807,9.457],[-72.0039,9.4606],[-71.9987,9.4417],[-72.0168,9.4786],[-72.0122,9.4851],[-72.0205,9.4939],[-72.0143,9.5151],[-72.0097,9.5124],[-72.012,9.4973],[-72.0063,9.5017],[-72.0065,9.4929],[-71.9984,9.4917],[-71.993,9.499],[-71.9921,9.4897],[-71.9783,9.4795],[-71.9539,9.486],[-71.9495,9.4912],[-71.9576,9.4905],[-71.9588,9.4993],[-71.9487,9.5058],[-71.9602,9.5103],[-71.9653,9.5008],[-71.9673,9.5052],[-71.9733,9.5009],[-72.0015,9.5085],[-71.9996,9.5142],[-71.9886,9.5148],[-71.9828,9.5047],[-71.9678,9.5194],[-71.9612,9.5174],[-71.9807,9.5571],[-71.9777,9.5643],[-71.996,9.5542],[-72.0083,9.5567],[-72.005,9.5758],[-71.9967,9.5808],[-71.9906,9.5727],[-71.9844,9.5791],[-71.9829,9.5872],[-71.9917,9.596],[-71.9793,9.5863],[-71.965,9.5412],[-71.9319,9.5108],[-71.965,9.5555],[-71.967,9.5892],[-71.9874,9.6268],[-72.0903,9.7488],[-72.1344,9.815],[-72.1258,9.8204],[-72.126,9.8366],[-72.1104,9.8366],[-72.1066,9.8496],[-72.0855,9.8643],[-72.0414,9.9307],[-72.008,10.0078],[-71.9909,10.0729],[-71.9551,10.1039],[-71.9348,10.1063],[-71.903,10.1222],[-71.889,10.1525],[-71.865,10.1775],[-71.8577,10.1982],[-71.841,10.2104],[-71.8194,10.2721],[-71.8071,10.2841],[-71.7818,10.337],[-71.7329,10.3805],[-71.7034,10.3951],[-71.6591,10.4321],[-71.6388,10.4399],[-71.6296,10.4371],[-71.6373,10.4709],[-71.6277,10.4799],[-71.6345,10.4947],[-71.6294,10.5099],[-71.6335,10.5142],[-71.6241,10.5371],[-71.6195,10.5369],[-71.6107,10.5699],[-71.6166,10.5967],[-71.6055,10.6089],[-71.6186,10.6345],[-71.6031,10.6367],[-71.59,10.6569],[-71.5867,10.6702],[-71.5983,10.6905],[-71.589,10.7029],[-71.5819,10.7013],[-71.6344,10.7389],[-71.6664,10.7764],[-71.718,10.8898],[-71.7202,10.9236],[-71.7132,10.9381],[-71.7201,10.9536],[-71.7544,10.9922],[-71.7689,10.9919],[-71.7815,10.9999],[-71.7704,11.0018],[-71.7638,11.0143],[-71.7377,11.0183],[-71.6975,10.9981],[-71.6651,10.9967],[-71.6753,10.9772],[-71.6619,10.9758],[-71.6524,10.9809],[-71.6509,10.9893],[-71.6349,10.9801],[-71.6195,10.9937],[-71.6124,10.9834],[-71.6073,10.987],[-71.6621,11.031],[-71.7108,11.0499],[-71.7633,11.0861],[-71.8154,11.1363],[-71.8791,11.223],[-71.9546,11.3817],[-71.9692,11.5048],[-71.9582,11.5806],[-71.9443,11.5973],[-71.8985,11.6054],[-71.8814,11.6204],[-71.8447,11.6275],[-71.8134,11.6439],[-71.7883,11.6442],[-71.7613,11.6576],[-71.723,11.6585],[-71.6317,11.6881],[-71.6147,11.6851],[-71.551,11.6937],[-71.5317,11.703],[-71.4845,11.7076],[-71.4402,11.7199],[-71.4228,11.7447],[-71.4079,11.7414],[-71.3994,11.7495],[-71.3844,11.7499],[-71.3763,11.7704],[-71.3829,11.7704],[-71.3834,11.7758],[-71.376,11.7729],[-71.3394,11.7934],[-71.3447,11.8173],[-71.3321,11.8431],[-71.3577,11.8262],[-71.3522,11.8203],[-71.3732,11.8081],[-71.3784,11.8121],[-71.611,11.7463],[-71.8022,11.68],[-71.9714,11.6463],[-72.2494,11.1402],[-72.3314,11.1443],[-72.3493,11.1514],[-72.3658,11.1394],[-72.4233,11.1258],[-72.4379,11.1153],[-72.4436,11.1277],[-72.4983,11.0851],[-72.4815,11.0594],[-72.505,11.0379],[-72.5088,11.0227],[-72.5261,11.0118],[-72.5185,11.0016],[-72.536,10.9857],[-72.5538,10.9402],[-72.5795,10.911],[-72.6042,10.8972],[-72.6124,10.8827],[-72.6204,10.887],[-72.648,10.8804],[-72.6498,10.8665],[-72.6588,10.8573],[-72.6619,10.8312],[-72.6755,10.8203],[-72.6754,10.8066],[-72.6826,10.7961],[-72.6799,10.764],[-72.7114,10.7521],[-72.7177,10.7391],[-72.7159,10.7061],[-72.7297,10.6963],[-72.7394,10.6529],[-72.7496,10.6519],[-72.7501,10.6341],[-72.7897,10.6041],[-72.7928,10.5885],[-72.8198,10.5702],[-72.826,10.5481],[-72.843,10.5389],[-72.8344,10.5185],[-72.8438,10.5075],[-72.8447,10.4852],[-72.8536,10.4807],[-72.8627,10.4634],[-72.8917,10.451],[-72.9008,10.4361],[-72.8942,10.4114],[-72.8997,10.3989],[-72.8876,10.3941],[-72.8858,10.3846],[-72.8924,10.3638],[-72.9007,10.3615],[-72.9079,10.3443],[-72.9065,10.3232],[-72.8961,10.3111],[-72.907,10.268],[-72.8972,10.2179],[-72.8997,10.2087],[-72.9093,10.2051],[-72.9082,10.1756],[-72.922,10.138],[-72.9115,10.1124],[-72.922,10.1083],[-72.9257,10.0922],[-72.9547,10.066],[-72.959,10.0532],[-72.9529,10.0268],[-72.9632,10.0175],[-72.9612,10.0069],[-72.9842,9.9745],[-72.9806,9.9589],[-72.9992,9.9227],[-72.9934,9.9158],[-72.9815,9.9163],[-72.9887,9.8986],[-72.9772,9.889],[-72.993,9.8764],[-72.9721,9.8681],[-72.9709,9.8547],[-72.9437,9.8452],[-72.9457,9.8375],[-72.9879,9.7941],[-73.0059,9.7412],[-73.017,9.7342],[-73.0551,9.6783],[-73.0581,9.651],[-73.077,9.6204],[-73.0776,9.6109],[-73.0677,9.6068],[-73.0813,9.5857],[-73.0841,9.5574],[-73.137,9.5498],[-73.1767,9.5011],[-73.174,9.4797],[-73.1972,9.4766],[-73.2027,9.4698],[-73.1871,9.4474],[-73.2022,9.4364],[-73.2074,9.4237],[-73.2212,9.4244],[-73.2408,9.4035],[-73.2454,9.3838],[-73.2612,9.3697],[-73.2645,9.3281],[-73.2736,9.3193],[-73.2827,9.3232],[-73.2887,9.3148],[-73.2984,9.2667],[-73.3165,9.2479],[-73.3333,9.2128],[-73.3562,9.2156],[-73.3691,9.1728],[-73.3582,9.1674],[-73.3396,9.1739],[-73.3166,9.1682],[-73.3011,9.1714],[-73.2509,9.1582],[-73.2136,9.1832],[-73.1926,9.1746],[-73.177,9.1766],[-73.1567,9.1921],[-73.1502,9.2007],[-73.1522,9.21],[-73.1366,9.2155],[-73.1301,9.2284],[-73.1049,9.2312],[-73.0889,9.2258],[-73.0812,9.2403],[-73.0728,9.243],[-73.0767,9.2517],[-73.0709,9.2641],[-73.0502,9.2584],[-73.0426,9.262],[-73.0359,9.2815],[-73.0309,9.285],[-73.027,9.2797],[-73.0094,9.2908],[-73.0027,9.2856],[-73.006,9.2759],[-72.9948,9.2723],[-72.995,9.2568],[-72.9845,9.2523],[-72.9878,9.2287],[-72.9962,9.221],[-72.9856,9.2221],[-72.9709,9.2134],[-72.9555,9.1797],[-72.9646,9.1559],[-72.9872,9.1434],[-72.9723,9.1363],[-72.9594,9.1125],[-72.9478,9.1058],[-72.9484,9.0923],[-72.9325,9.083],[-72.9196,9.0934],[-72.8871,9.1036],[-72.8812,9.1323],[-72.8461,9.1308],[-72.8234,9.1219],[-72.8219,9.1415],[-72.8077,9.1289],[-72.8115,9.1199],[-72.7961,9.1213],[-72.7963,9.1035],[-72.7852,9.1152],[-72.7763,9.114],[-72.7754,9.1037],[-72.7661,9.1059],[-72.7653,9.1008],[-72.7757,9.0983],[-72.7629,9.0928],[-72.7731,9.0857],[-72.7608,9.0808],[-72.747,9.0143],[-72.7202,8.9407],[-72.698,8.8064],[-72.6548,8.6143],[-72.6387,8.608],[-72.6355,8.6008],[-72.6288,8.6063],[-72.6259,8.6016],[-72.6323,8.5972],[-72.6171,8.5952],[-72.5757,8.5409],[-72.4283,8.3818],[-72.4093,8.3754],[-72.4133,8.363],[-72.4022,8.3741],[-72.4059,8.3925],[-72.3937,8.3962],[-72.4042,8.4045],[-72.393,8.4062],[-72.393,8.4151],[-72.3831,8.4181],[-72.3803,8.4306],[-72.3702,8.4231],[-72.3686,8.4311],[-72.3537,8.4367],[-72.3496,8.4633],[-72.3621,8.4736],[-72.3487,8.4818],[-72.3485,8.5006],[-72.3254,8.4594],[-72.3191,8.4045],[-72.3092,8.3911],[-72.3087,8.3757],[-72.2162,8.4219],[-72.071,8.429],[-71.9721,8.5129],[-71.9853,8.5556],[-71.9847,8.5737],[-71.9733,8.6006],[-71.9865,8.6174],[-71.9842,8.6468],[-71.9749,8.6485],[-71.9646,8.6358],[-71.9589,8.6365],[-71.9649,8.6268],[-71.9592,8.6175],[-71.9419,8.6159],[-71.9086,8.6426],[-71.8918,8.6481],[-71.8651,8.6761],[-71.7017,8.6773],[-71.5365,8.8176],[-71.3778,8.939],[-71.3503,8.9151],[-71.3298,8.9207],[-71.3125,8.9113],[-71.3085,8.9023],[-71.0998,9.0436],[-71.0977,9.0574],[-71.1111,9.0819],[-71.1598,9.1097],[-71.1615,9.1165],[-71.1895,9.119],[-71.2121,9.1551],[-71.2242,9.1633]]},"properties":{"id":"LIM-VE-V","nombre":"Zulia","tipo":"limite","nivel":"estado","sector":"contexto","estado":"desconocido","fuente":"geoBoundaries gbOpen VEN ADM1 (OCHA Venezuela / Instituto Nacional de Estadistica), CC BY 4.0","confianza":"media","ultima_verificacion":"2026-09-09"}},{"type":"Feature","geometry":{"type":"LineString","coordinates":[[-65.4163,10.9679],[-65.4217,10.971],[-65.4263,10.9656],[-65.4167,10.9624],[-65.4163,10.9679]]},"properties":{"id":"LIM-VE-W","nombre":"Dependencias Federales","tipo":"limite","nivel":"estado","sector":"contexto","estado":"desconocido","fuente":"geoBoundaries gbOpen VEN ADM1 (OCHA Venezuela / Instituto Nacional de Estadistica), CC BY 4.0","confianza":"media","ultima_verificacion":"2026-09-09"}},{"type":"Feature","geometry":{"type":"LineString","coordinates":[[-65.3068,10.9759],[-65.3673,10.9699],[-65.4202,10.9282],[-65.4234,10.9158],[-65.408,10.9188],[-65.3937,10.9106],[-65.3683,10.9104],[-65.3621,10.9019],[-65.304,10.8833],[-65.2554,10.8895],[-65.2455,10.8973],[-65.2322,10.8974],[-65.2477,10.8901],[-65.2029,10.8961],[-65.1984,10.9032],[-65.2056,10.8984],[-65.2088,10.9026],[-65.2023,10.9153],[-65.2235,10.9364],[-65.2231,10.9567],[-65.2283,10.9566],[-65.2297,10.9449],[-65.2497,10.946],[-65.3068,10.9759]]},"properties":{"id":"LIM-VE-W","nombre":"Dependencias Federales","tipo":"limite","nivel":"estado","sector":"contexto","estado":"desconocido","fuente":"geoBoundaries gbOpen VEN ADM1 (OCHA Venezuela / Instituto Nacional de Estadistica), CC BY 4.0","confianza":"media","ultima_verificacion":"2026-09-09"}},{"type":"Feature","geometry":{"type":"LineString","coordinates":[[-65.385,10.9917],[-65.3869,10.9871],[-65.3747,10.984],[-65.385,10.9917]]},"properties":{"id":"LIM-VE-W","nombre":"Dependencias Federales","tipo":"limite","nivel":"estado","sector":"contexto","estado":"desconocido","fuente":"geoBoundaries gbOpen VEN ADM1 (OCHA Venezuela / Instituto Nacional de Estadistica), CC BY 4.0","confianza":"media","ultima_verificacion":"2026-09-09"}},{"type":"Feature","geometry":{"type":"LineString","coordinates":[[-63.7378,11.2005],[-63.7427,11.2001],[-63.7278,11.1871],[-63.7378,11.2005]]},"properties":{"id":"LIM-VE-W","nombre":"Dependencias Federales","tipo":"limite","nivel":"estado","sector":"contexto","estado":"desconocido","fuente":"geoBoundaries gbOpen VEN ADM1 (OCHA Venezuela / Instituto Nacional de Estadistica), CC BY 4.0","confianza":"media","ultima_verificacion":"2026-09-09"}},{"type":"Feature","geometry":{"type":"LineString","coordinates":[[-63.0804,11.365],[-63.0887,11.3749],[-63.0862,11.3653],[-63.0804,11.365]]},"properties":{"id":"LIM-VE-W","nombre":"Dependencias Federales","tipo":"limite","nivel":"estado","sector":"contexto","estado":"desconocido","fuente":"geoBoundaries gbOpen VEN ADM1 (OCHA Venezuela / Instituto Nacional de Estadistica), CC BY 4.0","confianza":"media","ultima_verificacion":"2026-09-09"}},{"type":"Feature","geometry":{"type":"LineString","coordinates":[[-63.106,11.3584],[-63.1174,11.3676],[-63.1155,11.3832],[-63.1423,11.3764],[-63.1135,11.3508],[-63.106,11.3584]]},"properties":{"id":"LIM-VE-W","nombre":"Dependencias Federales","tipo":"limite","nivel":"estado","sector":"contexto","estado":"desconocido","fuente":"geoBoundaries gbOpen VEN ADM1 (OCHA Venezuela / Instituto Nacional de Estadistica), CC BY 4.0","confianza":"media","ultima_verificacion":"2026-09-09"}},{"type":"Feature","geometry":{"type":"LineString","coordinates":[[-64.4,11.7171],[-64.4024,11.7256],[-64.406,11.7189],[-64.4,11.7171]]},"properties":{"id":"LIM-VE-W","nombre":"Dependencias Federales","tipo":"limite","nivel":"estado","sector":"contexto","estado":"desconocido","fuente":"geoBoundaries gbOpen VEN ADM1 (OCHA Venezuela / Instituto Nacional de Estadistica), CC BY 4.0","confianza":"media","ultima_verificacion":"2026-09-09"}},{"type":"Feature","geometry":{"type":"LineString","coordinates":[[-66.7326,11.7778],[-66.804,11.7435],[-66.842,11.7392],[-66.8576,11.7458],[-66.8445,11.7353],[-66.8043,11.742],[-66.7433,11.774],[-66.7222,11.7737],[-66.7326,11.7778]]},"properties":{"id":"LIM-VE-W","nombre":"Dependencias Federales","tipo":"limite","nivel":"estado","sector":"contexto","estado":"desconocido","fuente":"geoBoundaries gbOpen VEN ADM1 (OCHA Venezuela / Instituto Nacional de Estadistica), CC BY 4.0","confianza":"media","ultima_verificacion":"2026-09-09"}},{"type":"Feature","geometry":{"type":"LineString","coordinates":[[-64.4166,11.7833],[-64.4212,11.7883],[-64.4267,11.7842],[-64.4166,11.7833]]},"properties":{"id":"LIM-VE-W","nombre":"Dependencias Federales","tipo":"limite","nivel":"estado","sector":"contexto","estado":"desconocido","fuente":"geoBoundaries gbOpen VEN ADM1 (OCHA Venezuela / Instituto Nacional de Estadistica), CC BY 4.0","confianza":"media","ultima_verificacion":"2026-09-09"}},{"type":"Feature","geometry":{"type":"LineString","coordinates":[[-66.113,11.8238],[-66.2051,11.8119],[-66.1467,11.7693],[-66.1225,11.7684],[-66.0997,11.8056],[-66.1042,11.8204],[-66.113,11.8238]]},"properties":{"id":"LIM-VE-W","nombre":"Dependencias Federales","tipo":"limite","nivel":"estado","sector":"contexto","estado":"desconocido","fuente":"geoBoundaries gbOpen VEN ADM1 (OCHA Venezuela / Instituto Nacional de Estadistica), CC BY 4.0","confianza":"media","ultima_verificacion":"2026-09-09"}},{"type":"Feature","geometry":{"type":"LineString","coordinates":[[-66.9413,11.8197],[-66.949,11.8242],[-66.9396,11.8185],[-66.9305,11.8229],[-66.9413,11.8197]]},"properties":{"id":"LIM-VE-W","nombre":"Dependencias Federales","tipo":"limite","nivel":"estado","sector":"contexto","estado":"desconocido","fuente":"geoBoundaries gbOpen VEN ADM1 (OCHA Venezuela / Instituto Nacional de Estadistica), CC BY 4.0","confianza":"media","ultima_verificacion":"2026-09-09"}},{"type":"Feature","geometry":{"type":"LineString","coordinates":[[-66.6052,11.8265],[-66.6214,11.8218],[-66.6136,11.7987],[-66.6427,11.7637],[-66.6756,11.7571],[-66.7059,11.7669],[-66.6699,11.7523],[-66.6135,11.7588],[-66.5863,11.7702],[-66.5826,11.7756],[-66.5868,11.7716],[-66.5916,11.7766],[-66.5946,11.7695],[-66.6096,11.7671],[-66.6099,11.7772],[-66.6,11.7861],[-66.6052,11.7757],[-66.5982,11.7761],[-66.5965,11.799],[-66.591,11.7953],[-66.5875,11.8075],[-66.5905,11.8177],[-66.5986,11.8156],[-66.5993,11.8025],[-66.6075,11.7936],[-66.6122,11.8186],[-66.6052,11.8265]]},"properties":{"id":"LIM-VE-W","nombre":"Dependencias Federales","tipo":"limite","nivel":"estado","sector":"contexto","estado":"desconocido","fuente":"geoBoundaries gbOpen VEN ADM1 (OCHA Venezuela / Instituto Nacional de Estadistica), CC BY 4.0","confianza":"media","ultima_verificacion":"2026-09-09"}},{"type":"Feature","geometry":{"type":"LineString","coordinates":[[-66.5917,11.8434],[-66.58,11.8109],[-66.5854,11.7811],[-66.5784,11.8106],[-66.5917,11.8434]]},"properties":{"id":"LIM-VE-W","nombre":"Dependencias Federales","tipo":"limite","nivel":"estado","sector":"contexto","estado":"desconocido","fuente":"geoBoundaries gbOpen VEN ADM1 (OCHA Venezuela / Instituto Nacional de Estadistica), CC BY 4.0","confianza":"media","ultima_verificacion":"2026-09-09"}},{"type":"Feature","geometry":{"type":"LineString","coordinates":[[-66.9379,11.852],[-66.9419,11.8497],[-66.933,11.8504],[-66.9379,11.852]]},"properties":{"id":"LIM-VE-W","nombre":"Dependencias Federales","tipo":"limite","nivel":"estado","sector":"contexto","estado":"desconocido","fuente":"geoBoundaries gbOpen VEN ADM1 (OCHA Venezuela / Instituto Nacional de Estadistica), CC BY 4.0","confianza":"media","ultima_verificacion":"2026-09-09"}},{"type":"Feature","geometry":{"type":"LineString","coordinates":[[-66.598,11.8568],[-66.604,11.8562],[-66.6006,11.8507],[-66.598,11.8568]]},"properties":{"id":"LIM-VE-W","nombre":"Dependencias Federales","tipo":"limite","nivel":"estado","sector":"contexto","estado":"desconocido","fuente":"geoBoundaries gbOpen VEN ADM1 (OCHA Venezuela / Instituto Nacional de Estadistica), CC BY 4.0","confianza":"media","ultima_verificacion":"2026-09-09"}},{"type":"Feature","geometry":{"type":"LineString","coordinates":[[-66.7727,11.8586],[-66.7923,11.8516],[-66.7662,11.8569],[-66.7727,11.8586]]},"properties":{"id":"LIM-VE-W","nombre":"Dependencias Federales","tipo":"limite","nivel":"estado","sector":"contexto","estado":"desconocido","fuente":"geoBoundaries gbOpen VEN ADM1 (OCHA Venezuela / Instituto Nacional de Estadistica), CC BY 4.0","confianza":"media","ultima_verificacion":"2026-09-09"}},{"type":"Feature","geometry":{"type":"LineString","coordinates":[[-66.6056,11.8491],[-66.6082,11.8604],[-66.6157,11.8637],[-66.6163,11.8446],[-66.6081,11.8432],[-66.6056,11.8491]]},"properties":{"id":"LIM-VE-W","nombre":"Dependencias Federales","tipo":"limite","nivel":"estado","sector":"contexto","estado":"desconocido","fuente":"geoBoundaries gbOpen VEN ADM1 (OCHA Venezuela / Instituto Nacional de Estadistica), CC BY 4.0","confianza":"media","ultima_verificacion":"2026-09-09"}},{"type":"Feature","geometry":{"type":"LineString","coordinates":[[-66.7115,11.8649],[-66.7708,11.8606],[-66.7507,11.8542],[-66.744,11.8614],[-66.7147,11.8625],[-66.7132,11.8575],[-66.7115,11.8649]]},"properties":{"id":"LIM-VE-W","nombre":"Dependencias Federales","tipo":"limite","nivel":"estado","sector":"contexto","estado":"desconocido","fuente":"geoBoundaries gbOpen VEN ADM1 (OCHA Venezuela / Instituto Nacional de Estadistica), CC BY 4.0","confianza":"media","ultima_verificacion":"2026-09-09"}},{"type":"Feature","geometry":{"type":"LineString","coordinates":[[-66.8176,11.8661],[-66.8218,11.8625],[-66.772,11.861],[-66.8176,11.8661]]},"properties":{"id":"LIM-VE-W","nombre":"Dependencias Federales","tipo":"limite","nivel":"estado","sector":"contexto","estado":"desconocido","fuente":"geoBoundaries gbOpen VEN ADM1 (OCHA Venezuela / Instituto Nacional de Estadistica), CC BY 4.0","confianza":"media","ultima_verificacion":"2026-09-09"}},{"type":"Feature","geometry":{"type":"LineString","coordinates":[[-66.0981,11.8695],[-66.1032,11.868],[-66.1004,11.8585],[-66.092,11.8512],[-66.0983,11.8377],[-66.1061,11.8379],[-66.1126,11.8291],[-66.1024,11.8251],[-66.0903,11.8522],[-66.0921,11.8664],[-66.0981,11.8695]]},"properties":{"id":"LIM-VE-W","nombre":"Dependencias Federales","tipo":"limite","nivel":"estado","sector":"contexto","estado":"desconocido","fuente":"geoBoundaries gbOpen VEN ADM1 (OCHA Venezuela / Instituto Nacional de Estadistica), CC BY 4.0","confianza":"media","ultima_verificacion":"2026-09-09"}},{"type":"Feature","geometry":{"type":"LineString","coordinates":[[-66.8517,11.8719],[-66.8664,11.8677],[-66.8722,11.8583],[-66.8665,11.8559],[-66.8701,11.8624],[-66.8553,11.8704],[-66.8433,11.8674],[-66.8517,11.8719]]},"properties":{"id":"LIM-VE-W","nombre":"Dependencias Federales","tipo":"limite","nivel":"estado","sector":"contexto","estado":"desconocido","fuente":"geoBoundaries gbOpen VEN ADM1 (OCHA Venezuela / Instituto Nacional de Estadistica), CC BY 4.0","confianza":"media","ultima_verificacion":"2026-09-09"}},{"type":"Feature","geometry":{"type":"LineString","coordinates":[[-66.6846,11.8733],[-66.6958,11.873],[-66.6895,11.8678],[-66.6914,11.8582],[-66.6834,11.8626],[-66.6846,11.8733]]},"properties":{"id":"LIM-VE-W","nombre":"Dependencias Federales","tipo":"limite","nivel":"estado","sector":"contexto","estado":"desconocido","fuente":"geoBoundaries gbOpen VEN ADM1 (OCHA Venezuela / Instituto Nacional de Estadistica), CC BY 4.0","confianza":"media","ultima_verificacion":"2026-09-09"}},{"type":"Feature","geometry":{"type":"LineString","coordinates":[[-66.7222,11.8759],[-66.7296,11.8725],[-66.7138,11.8714],[-66.7222,11.8759]]},"properties":{"id":"LIM-VE-W","nombre":"Dependencias Federales","tipo":"limite","nivel":"estado","sector":"contexto","estado":"desconocido","fuente":"geoBoundaries gbOpen VEN ADM1 (OCHA Venezuela / Instituto Nacional de Estadistica), CC BY 4.0","confianza":"media","ultima_verificacion":"2026-09-09"}},{"type":"Feature","geometry":{"type":"LineString","coordinates":[[-66.7993,11.8895],[-66.7913,11.8804],[-66.7708,11.8816],[-66.7735,11.8869],[-66.7993,11.8895]]},"properties":{"id":"LIM-VE-W","nombre":"Dependencias Federales","tipo":"limite","nivel":"estado","sector":"contexto","estado":"desconocido","fuente":"geoBoundaries gbOpen VEN ADM1 (OCHA Venezuela / Instituto Nacional de Estadistica), CC BY 4.0","confianza":"media","ultima_verificacion":"2026-09-09"}},{"type":"Feature","geometry":{"type":"LineString","coordinates":[[-66.6535,11.8939],[-66.6482,11.8801],[-66.6364,11.8828],[-66.6187,11.8645],[-66.6018,11.8577],[-66.6341,11.8887],[-66.6535,11.8939]]},"properties":{"id":"LIM-VE-W","nombre":"Dependencias Federales","tipo":"limite","nivel":"estado","sector":"contexto","estado":"desconocido","fuente":"geoBoundaries gbOpen VEN ADM1 (OCHA Venezuela / Instituto Nacional de Estadistica), CC BY 4.0","confianza":"media","ultima_verificacion":"2026-09-09"}},{"type":"Feature","geometry":{"type":"LineString","coordinates":[[-66.5775,11.8905],[-66.5793,11.8941],[-66.5674,11.8683],[-66.5671,11.8443],[-66.5669,11.8651],[-66.5639,11.8604],[-66.5653,11.8302],[-66.5793,11.779],[-66.5686,11.7992],[-66.5607,11.8541],[-66.5775,11.8905]]},"properties":{"id":"LIM-VE-W","nombre":"Dependencias Federales","tipo":"limite","nivel":"estado","sector":"contexto","estado":"desconocido","fuente":"geoBoundaries gbOpen VEN ADM1 (OCHA Venezuela / Instituto Nacional de Estadistica), CC BY 4.0","confianza":"media","ultima_verificacion":"2026-09-09"}},{"type":"Feature","geometry":{"type":"LineString","coordinates":[[-64.5624,11.816],[-64.5555,11.8357],[-64.569,11.8664],[-64.5966,11.8898],[-64.6169,11.8918],[-64.6328,11.8568],[-64.647,11.8445],[-64.6427,11.8259],[-64.6233,11.8136],[-64.6032,11.8143],[-64.5808,11.8064],[-64.5624,11.816]]},"properties":{"id":"LIM-VE-W","nombre":"Dependencias Federales","tipo":"limite","nivel":"estado","sector":"contexto","estado":"desconocido","fuente":"geoBoundaries gbOpen VEN ADM1 (OCHA Venezuela / Instituto Nacional de Estadistica), CC BY 4.0","confianza":"media","ultima_verificacion":"2026-09-09"}},{"type":"Feature","geometry":{"type":"LineString","coordinates":[[-66.8765,11.8983],[-66.8429,11.884],[-66.8419,11.8889],[-66.8565,11.8978],[-66.8765,11.8983]]},"properties":{"id":"LIM-VE-W","nombre":"Dependencias Federales","tipo":"limite","nivel":"estado","sector":"contexto","estado":"desconocido","fuente":"geoBoundaries gbOpen VEN ADM1 (OCHA Venezuela / Instituto Nacional de Estadistica), CC BY 4.0","confianza":"media","ultima_verificacion":"2026-09-09"}},{"type":"Feature","geometry":{"type":"LineString","coordinates":[[-66.6332,11.9379],[-66.6446,11.9285],[-66.6254,11.935],[-66.6332,11.9379]]},"properties":{"id":"LIM-VE-W","nombre":"Dependencias Federales","tipo":"limite","nivel":"estado","sector":"contexto","estado":"desconocido","fuente":"geoBoundaries gbOpen VEN ADM1 (OCHA Venezuela / Instituto Nacional de Estadistica), CC BY 4.0","confianza":"media","ultima_verificacion":"2026-09-09"}},{"type":"Feature","geometry":{"type":"LineString","coordinates":[[-66.6602,11.934],[-66.6638,11.9402],[-66.6535,11.9291],[-66.6534,11.9362],[-66.6602,11.934]]},"properties":{"id":"LIM-VE-W","nombre":"Dependencias Federales","tipo":"limite","nivel":"estado","sector":"contexto","estado":"desconocido","fuente":"geoBoundaries gbOpen VEN ADM1 (OCHA Venezuela / Instituto Nacional de Estadistica), CC BY 4.0","confianza":"media","ultima_verificacion":"2026-09-09"}},{"type":"Feature","geometry":{"type":"LineString","coordinates":[[-66.6196,11.954],[-66.6366,11.9569],[-66.635,11.9447],[-66.6322,11.953],[-66.6171,11.9449],[-66.5962,11.9177],[-66.6009,11.9142],[-66.5923,11.9118],[-66.6196,11.954]]},"properties":{"id":"LIM-VE-W","nombre":"Dependencias Federales","tipo":"limite","nivel":"estado","sector":"contexto","estado":"desconocido","fuente":"geoBoundaries gbOpen VEN ADM1 (OCHA Venezuela / Instituto Nacional de Estadistica), CC BY 4.0","confianza":"media","ultima_verificacion":"2026-09-09"}},{"type":"Feature","geometry":{"type":"LineString","coordinates":[[-66.6919,11.9573],[-66.6962,11.9583],[-66.674,11.9443],[-66.6635,11.9504],[-66.6919,11.9573]]},"properties":{"id":"LIM-VE-W","nombre":"Dependencias Federales","tipo":"limite","nivel":"estado","sector":"contexto","estado":"desconocido","fuente":"geoBoundaries gbOpen VEN ADM1 (OCHA Venezuela / Instituto Nacional de Estadistica), CC BY 4.0","confianza":"media","ultima_verificacion":"2026-09-09"}},{"type":"Feature","geometry":{"type":"LineString","coordinates":[[-66.6462,11.9664],[-66.6531,11.9692],[-66.6564,11.9542],[-66.6462,11.9664]]},"properties":{"id":"LIM-VE-W","nombre":"Dependencias Federales","tipo":"limite","nivel":"estado","sector":"contexto","estado":"desconocido","fuente":"geoBoundaries gbOpen VEN ADM1 (OCHA Venezuela / Instituto Nacional de Estadistica), CC BY 4.0","confianza":"media","ultima_verificacion":"2026-09-09"}},{"type":"Feature","geometry":{"type":"LineString","coordinates":[[-70.9007,12.3618],[-70.9042,12.3689],[-70.908,12.3627],[-70.9007,12.3618]]},"properties":{"id":"LIM-VE-W","nombre":"Dependencias Federales","tipo":"limite","nivel":"estado","sector":"contexto","estado":"desconocido","fuente":"geoBoundaries gbOpen VEN ADM1 (OCHA Venezuela / Instituto Nacional de Estadistica), CC BY 4.0","confianza":"media","ultima_verificacion":"2026-09-09"}}]}