{"type": "FeatureCollection", "features": [{"type": "Feature", "geometry": {"type": "Polygon", "coordinates": [[[-67.34, 7.88], [-67.26, 7.88], [-67.26, 7.96], [-67.34, 7.96], [-67.34, 7.88]]]}, "properties": {"id": "DEMO--67.3400-7.8800", "tipo": "demo", "sector": "demo", "estado": "desconocido", "score": 0.4385, "demo": true, "porosidad_pct": 26.4, "espesor_arena_neta_ft": 175.4, "fuente": "Modelo DEMO sobre datos sinteticos. Distribuciones de la tabla 1 del USGS FS 2009-3028; etiqueta y reparto espacial inventados. NO es un dato observado.", "confianza": "baja", "ultima_verificacion": "2026-09-09"}}, {"type": "Feature", "geometry": {"type": "Polygon", "coordinates": [[[-67.26, 7.88], [-67.18, 7.88], [-67.18, 7.96], [-67.26, 7.96], [-67.26, 7.88]]]}, "properties": {"id": "DEMO--67.2600-7.8800", "tipo": "demo", "sector": "demo", "estado": "desconocido", "score": 0.292, "demo": true, "porosidad_pct": 27.1, "espesor_arena_neta_ft": 130.9, "fuente": "Modelo DEMO sobre datos sinteticos. Distribuciones de la tabla 1 del USGS FS 2009-3028; etiqueta y reparto espacial inventados. NO es un dato observado.", "confianza": "baja", "ultima_verificacion": "2026-09-09"}}, {"type": "Feature", "geometry": {"type": "Polygon", "coordinates": [[[-67.18, 7.88], [-67.10000000000001, 7.88], [-67.10000000000001, 7.96], [-67.18, 7.96], [-67.18, 7.88]]]}, "properties": {"id": "DEMO--67.1800-7.8800", "tipo": "demo", "sector": "demo", "estado": "desconocido", "score": 0.2602, "demo": true, "porosidad_pct": 26.6, "espesor_arena_neta_ft": 67.7, "fuente": "Modelo DEMO sobre datos sinteticos. Distribuciones de la tabla 1 del USGS FS 2009-3028; etiqueta y reparto espacial inventados. NO es un dato observado.", "confianza": "baja", "ultima_verificacion": "2026-09-09"}}, {"type": "Feature", "geometry": {"type": "Polygon", "coordinates": [[[-67.1, 7.88], [-67.02, 7.88], [-67.02, 7.96], [-67.1, 7.96], [-67.1, 7.88]]]}, "properties": {"id": "DEMO--67.1000-7.8800", "tipo": "demo", "sector": "demo", "estado": "desconocido", "score": 0.4401, "demo": true, "porosidad_pct": 32.4, "espesor_arena_neta_ft": 48.1, "fuente": "Modelo DEMO sobre datos sinteticos. Distribuciones de la tabla 1 del USGS FS 2009-3028; etiqueta y reparto espacial inventados. NO es un dato observado.", "confianza": "baja", "ultima_verificacion": "2026-09-09"}}, {"type": "Feature", "geometry": {"type": "Polygon", "coordinates": [[[-67.02, 7.88], [-66.94, 7.88], [-66.94, 7.96], [-67.02, 7.96], [-67.02, 7.88]]]}, "properties": {"id": "DEMO--67.0200-7.8800", "tipo": "demo", "sector": "demo", "estado": "desconocido", "score": 0.3486, "demo": true, "porosidad_pct": 29.2, "espesor_arena_neta_ft": 135.6, "fuente": "Modelo DEMO sobre datos sinteticos. Distribuciones de la tabla 1 del USGS FS 2009-3028; etiqueta y reparto espacial inventados. NO es un dato observado.", "confianza": "baja", "ultima_verificacion": "2026-09-09"}}, {"type": "Feature", "geometry": {"type": "Polygon", "coordinates": [[[-66.94, 7.88], [-66.86, 7.88], [-66.86, 7.96], [-66.94, 7.96], [-66.94, 7.88]]]}, "properties": {"id": "DEMO--66.9400-7.8800", "tipo": "demo", "sector": "demo", "estado": "desconocido", "score": 0.8478, "demo": true, "porosidad_pct": 30.9, "espesor_arena_neta_ft": 128.0, "fuente": "Modelo DEMO sobre datos sinteticos. Distribuciones de la tabla 1 del USGS FS 2009-3028; etiqueta y reparto espacial inventados. NO es un dato observado.", "confianza": "baja", "ultima_verificacion": "2026-09-09"}}, {"type": "Feature", "geometry": {"type": "Polygon", "coordinates": [[[-66.86, 7.88], [-66.78, 7.88], [-66.78, 7.96], [-66.86, 7.96], [-66.86, 7.88]]]}, "properties": {"id": "DEMO--66.8600-7.8800", "tipo": "demo", "sector": "demo", "estado": "desconocido", "score": 0.2244, "demo": true, "porosidad_pct": 28.6, "espesor_arena_neta_ft": 128.9, "fuente": "Modelo DEMO sobre datos sinteticos. Distribuciones de la tabla 1 del USGS FS 2009-3028; etiqueta y reparto espacial inventados. NO es un dato observado.", "confianza": "baja", "ultima_verificacion": "2026-09-09"}}, {"type": "Feature", "geometry": {"type": "Polygon", "coordinates": [[[-66.78, 7.88], [-66.7, 7.88], [-66.7, 7.96], [-66.78, 7.96], [-66.78, 7.88]]]}, "properties": {"id": "DEMO--66.7800-7.8800", "tipo": "demo", "sector": "demo", "estado": "desconocido", "score": 0.5168, "demo": true, "porosidad_pct": 28.8, "espesor_arena_neta_ft": 103.2, "fuente": "Modelo DEMO sobre datos sinteticos. Distribuciones de la tabla 1 del USGS FS 2009-3028; etiqueta y reparto espacial inventados. NO es un dato observado.", "confianza": "baja", "ultima_verificacion": "2026-09-09"}}, {"type": "Feature", "geometry": {"type": "Polygon", "coordinates": [[[-66.7, 7.88], [-66.62, 7.88], [-66.62, 7.96], [-66.7, 7.96], [-66.7, 7.88]]]}, "properties": {"id": "DEMO--66.7000-7.8800", "tipo": "demo", "sector": "demo", "estado": "desconocido", "score": 0.4288, "demo": true, "porosidad_pct": 32.4, "espesor_arena_neta_ft": 74.0, "fuente": "Modelo DEMO sobre datos sinteticos. Distribuciones de la tabla 1 del USGS FS 2009-3028; etiqueta y reparto espacial inventados. NO es un dato observado.", "confianza": "baja", "ultima_verificacion": "2026-09-09"}}, {"type": "Feature", "geometry": {"type": "Polygon", "coordinates": [[[-66.62, 7.88], [-66.54, 7.88], [-66.54, 7.96], [-66.62, 7.96], [-66.62, 7.88]]]}, "properties": {"id": "DEMO--66.6200-7.8800", "tipo": "demo", "sector": "demo", "estado": "desconocido", "score": 0.8691, "demo": true, "porosidad_pct": 27.8, "espesor_arena_neta_ft": 181.5, "fuente": "Modelo DEMO sobre datos sinteticos. Distribuciones de la tabla 1 del USGS FS 2009-3028; etiqueta y reparto espacial inventados. NO es un dato observado.", "confianza": "baja", "ultima_verificacion": "2026-09-09"}}, {"type": "Feature", "geometry": {"type": "Polygon", "coordinates": [[[-66.54, 7.88], [-66.46000000000001, 7.88], [-66.46000000000001, 7.96], [-66.54, 7.96], [-66.54, 7.88]]]}, "properties": {"id": "DEMO--66.5400-7.8800", "tipo": "demo", "sector": "demo", "estado": "desconocido", "score": 0.6041, "demo": true, "porosidad_pct": 29.1, "espesor_arena_neta_ft": 118.9, "fuente": "Modelo DEMO sobre datos sinteticos. Distribuciones de la tabla 1 del USGS FS 2009-3028; etiqueta y reparto espacial inventados. NO es un dato observado.", "confianza": "baja", "ultima_verificacion": "2026-09-09"}}, {"type": "Feature", "geometry": {"type": "Polygon", "coordinates": [[[-66.46, 7.88], [-66.38, 7.88], [-66.38, 7.96], [-66.46, 7.96], [-66.46, 7.88]]]}, "properties": {"id": "DEMO--66.4600-7.8800", "tipo": "demo", "sector": "demo", "estado": "desconocido", "score": 0.9446, "demo": true, "porosidad_pct": 34.3, "espesor_arena_neta_ft": 147.2, "fuente": "Modelo DEMO sobre datos sinteticos. Distribuciones de la tabla 1 del USGS FS 2009-3028; etiqueta y reparto espacial inventados. NO es un dato observado.", "confianza": "baja", "ultima_verificacion": "2026-09-09"}}, {"type": "Feature", "geometry": {"type": "Polygon", "coordinates": [[[-66.38, 7.88], [-66.3, 7.88], [-66.3, 7.96], [-66.38, 7.96], [-66.38, 7.88]]]}, "properties": {"id": "DEMO--66.3800-7.8800", "tipo": "demo", "sector": "demo", "estado": "desconocido", "score": 0.8213, "demo": true, "porosidad_pct": 29.1, "espesor_arena_neta_ft": 159.4, "fuente": "Modelo DEMO sobre datos sinteticos. Distribuciones de la tabla 1 del USGS FS 2009-3028; etiqueta y reparto espacial inventados. NO es un dato observado.", "confianza": "baja", "ultima_verificacion": "2026-09-09"}}, {"type": "Feature", "geometry": {"type": "Polygon", "coordinates": [[[-66.3, 7.88], [-66.22, 7.88], [-66.22, 7.96], [-66.3, 7.96], [-66.3, 7.88]]]}, "properties": {"id": "DEMO--66.3000-7.8800", "tipo": "demo", "sector": "demo", "estado": "desconocido", "score": 0.7364, "demo": true, "porosidad_pct": 28.8, "espesor_arena_neta_ft": 150.3, "fuente": "Modelo DEMO sobre datos sinteticos. Distribuciones de la tabla 1 del USGS FS 2009-3028; etiqueta y reparto espacial inventados. NO es un dato observado.", "confianza": "baja", "ultima_verificacion": "2026-09-09"}}, {"type": "Feature", "geometry": {"type": "Polygon", "coordinates": [[[-66.22, 7.88], [-66.14, 7.88], [-66.14, 7.96], [-66.22, 7.96], [-66.22, 7.88]]]}, "properties": {"id": "DEMO--66.2200-7.8800", "tipo": "demo", "sector": "demo", "estado": "desconocido", "score": 0.3337, "demo": true, "porosidad_pct": 29.5, "espesor_arena_neta_ft": 88.1, "fuente": "Modelo DEMO sobre datos sinteticos. Distribuciones de la tabla 1 del USGS FS 2009-3028; etiqueta y reparto espacial inventados. NO es un dato observado.", "confianza": "baja", "ultima_verificacion": "2026-09-09"}}, {"type": "Feature", "geometry": {"type": "Polygon", "coordinates": [[[-66.14, 7.88], [-66.06, 7.88], [-66.06, 7.96], [-66.14, 7.96], [-66.14, 7.88]]]}, "properties": {"id": "DEMO--66.1400-7.8800", "tipo": "demo", "sector": "demo", "estado": "desconocido", "score": 0.8276, "demo": true, "porosidad_pct": 34.0, "espesor_arena_neta_ft": 171.5, "fuente": "Modelo DEMO sobre datos sinteticos. Distribuciones de la tabla 1 del USGS FS 2009-3028; etiqueta y reparto espacial inventados. NO es un dato observado.", "confianza": "baja", "ultima_verificacion": "2026-09-09"}}, {"type": "Feature", "geometry": {"type": "Polygon", "coordinates": [[[-66.06, 7.88], [-65.98, 7.88], [-65.98, 7.96], [-66.06, 7.96], [-66.06, 7.88]]]}, "properties": {"id": "DEMO--66.0600-7.8800", "tipo": "demo", "sector": "demo", "estado": "desconocido", "score": 0.6076, "demo": true, "porosidad_pct": 29.4, "espesor_arena_neta_ft": 114.8, "fuente": "Modelo DEMO sobre datos sinteticos. Distribuciones de la tabla 1 del USGS FS 2009-3028; etiqueta y reparto espacial inventados. NO es un dato observado.", "confianza": "baja", "ultima_verificacion": "2026-09-09"}}, {"type": "Feature", "geometry": {"type": "Polygon", "coordinates": [[[-65.98, 7.88], [-65.9, 7.88], [-65.9, 7.96], [-65.98, 7.96], [-65.98, 7.88]]]}, "properties": {"id": "DEMO--65.9800-7.8800", "tipo": "demo", "sector": "demo", "estado": "desconocido", "score": 0.4228, "demo": true, "porosidad_pct": 28.6, "espesor_arena_neta_ft": 137.0, "fuente": "Modelo DEMO sobre datos sinteticos. Distribuciones de la tabla 1 del USGS FS 2009-3028; etiqueta y reparto espacial inventados. NO es un dato observado.", "confianza": "baja", "ultima_verificacion": "2026-09-09"}}, {"type": "Feature", "geometry": {"type": "Polygon", "coordinates": [[[-65.9, 7.88], [-65.82000000000001, 7.88], [-65.82000000000001, 7.96], [-65.9, 7.96], [-65.9, 7.88]]]}, "properties": {"id": "DEMO--65.9000-7.8800", "tipo": "demo", "sector": "demo", "estado": "desconocido", "score": 0.7819, "demo": true, "porosidad_pct": 32.2, "espesor_arena_neta_ft": 153.1, "fuente": "Modelo DEMO sobre datos sinteticos. Distribuciones de la tabla 1 del USGS FS 2009-3028; etiqueta y reparto espacial inventados. NO es un dato observado.", "confianza": "baja", "ultima_verificacion": "2026-09-09"}}, {"type": "Feature", "geometry": {"type": "Polygon", "coordinates": [[[-65.82, 7.88], [-65.74, 7.88], [-65.74, 7.96], [-65.82, 7.96], [-65.82, 7.88]]]}, "properties": {"id": "DEMO--65.8200-7.8800", "tipo": "demo", "sector": "demo", "estado": "desconocido", "score": 0.3231, "demo": true, "porosidad_pct": 27.5, "espesor_arena_neta_ft": 142.0, "fuente": "Modelo DEMO sobre datos sinteticos. Distribuciones de la tabla 1 del USGS FS 2009-3028; etiqueta y reparto espacial inventados. NO es un dato observado.", "confianza": "baja", "ultima_verificacion": "2026-09-09"}}, {"type": "Feature", "geometry": {"type": "Polygon", "coordinates": [[[-65.74, 7.88], [-65.66, 7.88], [-65.66, 7.96], [-65.74, 7.96], [-65.74, 7.88]]]}, "properties": {"id": "DEMO--65.7400-7.8800", "tipo": "demo", "sector": "demo", "estado": "desconocido", "score": 0.7843, "demo": true, "porosidad_pct": 30.6, "espesor_arena_neta_ft": 195.2, "fuente": "Modelo DEMO sobre datos sinteticos. Distribuciones de la tabla 1 del USGS FS 2009-3028; etiqueta y reparto espacial inventados. NO es un dato observado.", "confianza": "baja", "ultima_verificacion": "2026-09-09"}}, {"type": "Feature", "geometry": {"type": "Polygon", "coordinates": [[[-65.66, 7.88], [-65.58, 7.88], [-65.58, 7.96], [-65.66, 7.96], [-65.66, 7.88]]]}, "properties": {"id": "DEMO--65.6600-7.8800", "tipo": "demo", "sector": "demo", "estado": "desconocido", "score": 0.4799, "demo": true, "porosidad_pct": 32.2, "espesor_arena_neta_ft": 134.4, "fuente": "Modelo DEMO sobre datos sinteticos. Distribuciones de la tabla 1 del USGS FS 2009-3028; etiqueta y reparto espacial inventados. NO es un dato observado.", "confianza": "baja", "ultima_verificacion": "2026-09-09"}}, {"type": "Feature", "geometry": {"type": "Polygon", "coordinates": [[[-65.58, 7.88], [-65.5, 7.88], [-65.5, 7.96], [-65.58, 7.96], [-65.58, 7.88]]]}, "properties": {"id": "DEMO--65.5800-7.8800", "tipo": "demo", "sector": "demo", "estado": "desconocido", "score": 0.9739, "demo": true, "porosidad_pct": 33.5, "espesor_arena_neta_ft": 175.7, "fuente": "Modelo DEMO sobre datos sinteticos. Distribuciones de la tabla 1 del USGS FS 2009-3028; etiqueta y reparto espacial inventados. NO es un dato observado.", "confianza": "baja", "ultima_verificacion": "2026-09-09"}}, {"type": "Feature", "geometry": {"type": "Polygon", "coordinates": [[[-65.5, 7.88], [-65.42, 7.88], [-65.42, 7.96], [-65.5, 7.96], [-65.5, 7.88]]]}, "properties": {"id": "DEMO--65.5000-7.8800", "tipo": "demo", "sector": "demo", "estado": "desconocido", "score": 0.4612, "demo": true, "porosidad_pct": 30.3, "espesor_arena_neta_ft": 151.3, "fuente": "Modelo DEMO sobre datos sinteticos. Distribuciones de la tabla 1 del USGS FS 2009-3028; etiqueta y reparto espacial inventados. NO es un dato observado.", "confianza": "baja", "ultima_verificacion": "2026-09-09"}}, {"type": "Feature", "geometry": {"type": "Polygon", "coordinates": [[[-65.42, 7.88], [-65.34, 7.88], [-65.34, 7.96], [-65.42, 7.96], [-65.42, 7.88]]]}, "properties": {"id": "DEMO--65.4200-7.8800", "tipo": "demo", "sector": "demo", "estado": "desconocido", "score": 0.8146, "demo": true, "porosidad_pct": 29.6, "espesor_arena_neta_ft": 222.6, "fuente": "Modelo DEMO sobre datos sinteticos. Distribuciones de la tabla 1 del USGS FS 2009-3028; etiqueta y reparto espacial inventados. NO es un dato observado.", "confianza": "baja", "ultima_verificacion": "2026-09-09"}}, {"type": "Feature", "geometry": {"type": "Polygon", "coordinates": [[[-65.34, 7.88], [-65.26, 7.88], [-65.26, 7.96], [-65.34, 7.96], [-65.34, 7.88]]]}, "properties": {"id": "DEMO--65.3400-7.8800", "tipo": "demo", "sector": "demo", "estado": "desconocido", "score": 0.4308, "demo": true, "porosidad_pct": 30.0, "espesor_arena_neta_ft": 134.0, "fuente": "Modelo DEMO sobre datos sinteticos. Distribuciones de la tabla 1 del USGS FS 2009-3028; etiqueta y reparto espacial inventados. NO es un dato observado.", "confianza": "baja", "ultima_verificacion": "2026-09-09"}}, {"type": "Feature", "geometry": {"type": "Polygon", "coordinates": [[[-65.26, 7.88], [-65.18, 7.88], [-65.18, 7.96], [-65.26, 7.96], [-65.26, 7.88]]]}, "properties": {"id": "DEMO--65.2600-7.8800", "tipo": "demo", "sector": "demo", "estado": "desconocido", "score": 0.7062, "demo": true, "porosidad_pct": 29.0, "espesor_arena_neta_ft": 186.1, "fuente": "Modelo DEMO sobre datos sinteticos. Distribuciones de la tabla 1 del USGS FS 2009-3028; etiqueta y reparto espacial inventados. NO es un dato observado.", "confianza": "baja", "ultima_verificacion": "2026-09-09"}}, {"type": "Feature", "geometry": {"type": "Polygon", "coordinates": [[[-65.18, 7.88], [-65.10000000000001, 7.88], [-65.10000000000001, 7.96], [-65.18, 7.96], [-65.18, 7.88]]]}, "properties": {"id": "DEMO--65.1800-7.8800", "tipo": "demo", "sector": "demo", "estado": "desconocido", "score": 0.6207, "demo": true, "porosidad_pct": 26.9, "espesor_arena_neta_ft": 154.2, "fuente": "Modelo DEMO sobre datos sinteticos. Distribuciones de la tabla 1 del USGS FS 2009-3028; etiqueta y reparto espacial inventados. NO es un dato observado.", "confianza": "baja", "ultima_verificacion": "2026-09-09"}}, {"type": "Feature", "geometry": {"type": "Polygon", "coordinates": [[[-65.1, 7.88], [-65.02, 7.88], [-65.02, 7.96], [-65.1, 7.96], [-65.1, 7.88]]]}, "properties": {"id": "DEMO--65.1000-7.8800", "tipo": "demo", "sector": "demo", "estado": "desconocido", "score": 0.2952, "demo": true, "porosidad_pct": 31.0, "espesor_arena_neta_ft": 103.0, "fuente": "Modelo DEMO sobre datos sinteticos. Distribuciones de la tabla 1 del USGS FS 2009-3028; etiqueta y reparto espacial inventados. NO es un dato observado.", "confianza": "baja", "ultima_verificacion": "2026-09-09"}}, {"type": "Feature", "geometry": {"type": "Polygon", "coordinates": [[[-65.02, 7.88], [-64.94, 7.88], [-64.94, 7.96], [-65.02, 7.96], [-65.02, 7.88]]]}, "properties": {"id": "DEMO--65.0200-7.8800", "tipo": "demo", "sector": "demo", "estado": "desconocido", "score": 0.7634, "demo": true, "porosidad_pct": 27.5, "espesor_arena_neta_ft": 219.5, "fuente": "Modelo DEMO sobre datos sinteticos. Distribuciones de la tabla 1 del USGS FS 2009-3028; etiqueta y reparto espacial inventados. NO es un dato observado.", "confianza": "baja", "ultima_verificacion": "2026-09-09"}}, {"type": "Feature", "geometry": {"type": "Polygon", "coordinates": [[[-64.94, 7.88], [-64.86, 7.88], [-64.86, 7.96], [-64.94, 7.96], [-64.94, 7.88]]]}, "properties": {"id": "DEMO--64.9400-7.8800", "tipo": "demo", "sector": "demo", "estado": "desconocido", "score": 0.2068, "demo": true, "porosidad_pct": 27.9, "espesor_arena_neta_ft": 104.8, "fuente": "Modelo DEMO sobre datos sinteticos. Distribuciones de la tabla 1 del USGS FS 2009-3028; etiqueta y reparto espacial inventados. NO es un dato observado.", "confianza": "baja", "ultima_verificacion": "2026-09-09"}}, {"type": "Feature", "geometry": {"type": "Polygon", "coordinates": [[[-64.86, 7.88], [-64.78, 7.88], [-64.78, 7.96], [-64.86, 7.96], [-64.86, 7.88]]]}, "properties": {"id": "DEMO--64.8600-7.8800", "tipo": "demo", "sector": "demo", "estado": "desconocido", "score": 0.5827, "demo": true, "porosidad_pct": 25.5, "espesor_arena_neta_ft": 141.7, "fuente": "Modelo DEMO sobre datos sinteticos. Distribuciones de la tabla 1 del USGS FS 2009-3028; etiqueta y reparto espacial inventados. NO es un dato observado.", "confianza": "baja", "ultima_verificacion": "2026-09-09"}}, {"type": "Feature", "geometry": {"type": "Polygon", "coordinates": [[[-64.78, 7.88], [-64.7, 7.88], [-64.7, 7.96], [-64.78, 7.96], [-64.78, 7.88]]]}, "properties": {"id": "DEMO--64.7800-7.8800", "tipo": "demo", "sector": "demo", "estado": "desconocido", "score": 0.5394, "demo": true, "porosidad_pct": 28.5, "espesor_arena_neta_ft": 111.2, "fuente": "Modelo DEMO sobre datos sinteticos. Distribuciones de la tabla 1 del USGS FS 2009-3028; etiqueta y reparto espacial inventados. NO es un dato observado.", "confianza": "baja", "ultima_verificacion": "2026-09-09"}}, {"type": "Feature", "geometry": {"type": "Polygon", "coordinates": [[[-64.7, 7.88], [-64.62, 7.88], [-64.62, 7.96], [-64.7, 7.96], [-64.7, 7.88]]]}, "properties": {"id": "DEMO--64.7000-7.8800", "tipo": "demo", "sector": "demo", "estado": "desconocido", "score": 0.041, "demo": true, "porosidad_pct": 25.1, "espesor_arena_neta_ft": 158.1, "fuente": "Modelo DEMO sobre datos sinteticos. Distribuciones de la tabla 1 del USGS FS 2009-3028; etiqueta y reparto espacial inventados. NO es un dato observado.", "confianza": "baja", "ultima_verificacion": "2026-09-09"}}, {"type": "Feature", "geometry": {"type": "Polygon", "coordinates": [[[-64.62, 7.88], [-64.54, 7.88], [-64.54, 7.96], [-64.62, 7.96], [-64.62, 7.88]]]}, "properties": {"id": "DEMO--64.6200-7.8800", "tipo": "demo", "sector": "demo", "estado": "desconocido", "score": 0.6123, "demo": true, "porosidad_pct": 25.5, "espesor_arena_neta_ft": 179.3, "fuente": "Modelo DEMO sobre datos sinteticos. Distribuciones de la tabla 1 del USGS FS 2009-3028; etiqueta y reparto espacial inventados. NO es un dato observado.", "confianza": "baja", "ultima_verificacion": "2026-09-09"}}, {"type": "Feature", "geometry": {"type": "Polygon", "coordinates": [[[-64.54, 7.88], [-64.46000000000001, 7.88], [-64.46000000000001, 7.96], [-64.54, 7.96], [-64.54, 7.88]]]}, "properties": {"id": "DEMO--64.5400-7.8800", "tipo": "demo", "sector": "demo", "estado": "desconocido", "score": 0.8723, "demo": true, "porosidad_pct": 29.6, "espesor_arena_neta_ft": 194.4, "fuente": "Modelo DEMO sobre datos sinteticos. Distribuciones de la tabla 1 del USGS FS 2009-3028; etiqueta y reparto espacial inventados. NO es un dato observado.", "confianza": "baja", "ultima_verificacion": "2026-09-09"}}, {"type": "Feature", "geometry": {"type": "Polygon", "coordinates": [[[-64.46, 7.88], [-64.38, 7.88], [-64.38, 7.96], [-64.46, 7.96], [-64.46, 7.88]]]}, "properties": {"id": "DEMO--64.4600-7.8800", "tipo": "demo", "sector": "demo", "estado": "desconocido", "score": 0.2706, "demo": true, "porosidad_pct": 24.9, "espesor_arena_neta_ft": 216.5, "fuente": "Modelo DEMO sobre datos sinteticos. Distribuciones de la tabla 1 del USGS FS 2009-3028; etiqueta y reparto espacial inventados. NO es un dato observado.", "confianza": "baja", "ultima_verificacion": "2026-09-09"}}, {"type": "Feature", "geometry": {"type": "Polygon", "coordinates": [[[-64.38, 7.88], [-64.3, 7.88], [-64.3, 7.96], [-64.38, 7.96], [-64.38, 7.88]]]}, "properties": {"id": "DEMO--64.3800-7.8800", "tipo": "demo", "sector": "demo", "estado": "desconocido", "score": 0.2268, "demo": true, "porosidad_pct": 25.3, "espesor_arena_neta_ft": 204.5, "fuente": "Modelo DEMO sobre datos sinteticos. Distribuciones de la tabla 1 del USGS FS 2009-3028; etiqueta y reparto espacial inventados. NO es un dato observado.", "confianza": "baja", "ultima_verificacion": "2026-09-09"}}, {"type": "Feature", "geometry": {"type": "Polygon", "coordinates": [[[-64.3, 7.88], [-64.22, 7.88], [-64.22, 7.96], [-64.3, 7.96], [-64.3, 7.88]]]}, "properties": {"id": "DEMO--64.3000-7.8800", "tipo": "demo", "sector": "demo", "estado": "desconocido", "score": 0.2266, "demo": true, "porosidad_pct": 26.4, "espesor_arena_neta_ft": 187.7, "fuente": "Modelo DEMO sobre datos sinteticos. Distribuciones de la tabla 1 del USGS FS 2009-3028; etiqueta y reparto espacial inventados. NO es un dato observado.", "confianza": "baja", "ultima_verificacion": "2026-09-09"}}, {"type": "Feature", "geometry": {"type": "Polygon", "coordinates": [[[-64.22, 7.88], [-64.14, 7.88], [-64.14, 7.96], [-64.22, 7.96], [-64.22, 7.88]]]}, "properties": {"id": "DEMO--64.2200-7.8800", "tipo": "demo", "sector": "demo", "estado": "desconocido", "score": 0.5636, "demo": true, "porosidad_pct": 25.1, "espesor_arena_neta_ft": 162.9, "fuente": "Modelo DEMO sobre datos sinteticos. Distribuciones de la tabla 1 del USGS FS 2009-3028; etiqueta y reparto espacial inventados. NO es un dato observado.", "confianza": "baja", "ultima_verificacion": "2026-09-09"}}, {"type": "Feature", "geometry": {"type": "Polygon", "coordinates": [[[-64.14, 7.88], [-64.06, 7.88], [-64.06, 7.96], [-64.14, 7.96], [-64.14, 7.88]]]}, "properties": {"id": "DEMO--64.1400-7.8800", "tipo": "demo", "sector": "demo", "estado": "desconocido", "score": 0.4083, "demo": true, "porosidad_pct": 25.6, "espesor_arena_neta_ft": 211.4, "fuente": "Modelo DEMO sobre datos sinteticos. Distribuciones de la tabla 1 del USGS FS 2009-3028; etiqueta y reparto espacial inventados. NO es un dato observado.", "confianza": "baja", "ultima_verificacion": "2026-09-09"}}, {"type": "Feature", "geometry": {"type": "Polygon", "coordinates": [[[-64.06, 7.88], [-63.980000000000004, 7.88], [-63.980000000000004, 7.96], [-64.06, 7.96], [-64.06, 7.88]]]}, "properties": {"id": "DEMO--64.0600-7.8800", "tipo": "demo", "sector": "demo", "estado": "desconocido", "score": 0.3745, "demo": true, "porosidad_pct": 25.3, "espesor_arena_neta_ft": 196.1, "fuente": "Modelo DEMO sobre datos sinteticos. Distribuciones de la tabla 1 del USGS FS 2009-3028; etiqueta y reparto espacial inventados. NO es un dato observado.", "confianza": "baja", "ultima_verificacion": "2026-09-09"}}, {"type": "Feature", "geometry": {"type": "Polygon", "coordinates": [[[-63.98, 7.88], [-63.9, 7.88], [-63.9, 7.96], [-63.98, 7.96], [-63.98, 7.88]]]}, "properties": {"id": "DEMO--63.9800-7.8800", "tipo": "demo", "sector": "demo", "estado": "desconocido", "score": 0.695, "demo": true, "porosidad_pct": 27.8, "espesor_arena_neta_ft": 166.7, "fuente": "Modelo DEMO sobre datos sinteticos. Distribuciones de la tabla 1 del USGS FS 2009-3028; etiqueta y reparto espacial inventados. NO es un dato observado.", "confianza": "baja", "ultima_verificacion": "2026-09-09"}}, {"type": "Feature", "geometry": {"type": "Polygon", "coordinates": [[[-63.9, 7.88], [-63.82, 7.88], [-63.82, 7.96], [-63.9, 7.96], [-63.9, 7.88]]]}, "properties": {"id": "DEMO--63.9000-7.8800", "tipo": "demo", "sector": "demo", "estado": "desconocido", "score": 0.5025, "demo": true, "porosidad_pct": 31.0, "espesor_arena_neta_ft": 140.0, "fuente": "Modelo DEMO sobre datos sinteticos. Distribuciones de la tabla 1 del USGS FS 2009-3028; etiqueta y reparto espacial inventados. NO es un dato observado.", "confianza": "baja", "ultima_verificacion": "2026-09-09"}}, {"type": "Feature", "geometry": {"type": "Polygon", "coordinates": [[[-63.82, 7.88], [-63.74, 7.88], [-63.74, 7.96], [-63.82, 7.96], [-63.82, 7.88]]]}, "properties": {"id": "DEMO--63.8200-7.8800", "tipo": "demo", "sector": "demo", "estado": "desconocido", "score": 0.6561, "demo": true, "porosidad_pct": 27.8, "espesor_arena_neta_ft": 184.2, "fuente": "Modelo DEMO sobre datos sinteticos. Distribuciones de la tabla 1 del USGS FS 2009-3028; etiqueta y reparto espacial inventados. NO es un dato observado.", "confianza": "baja", "ultima_verificacion": "2026-09-09"}}, {"type": "Feature", "geometry": {"type": "Polygon", "coordinates": [[[-63.74, 7.88], [-63.660000000000004, 7.88], [-63.660000000000004, 7.96], [-63.74, 7.96], [-63.74, 7.88]]]}, "properties": {"id": "DEMO--63.7400-7.8800", "tipo": "demo", "sector": "demo", "estado": "desconocido", "score": 0.2024, "demo": true, "porosidad_pct": 26.1, "espesor_arena_neta_ft": 174.1, "fuente": "Modelo DEMO sobre datos sinteticos. Distribuciones de la tabla 1 del USGS FS 2009-3028; etiqueta y reparto espacial inventados. NO es un dato observado.", "confianza": "baja", "ultima_verificacion": "2026-09-09"}}, {"type": "Feature", "geometry": {"type": "Polygon", "coordinates": [[[-63.66, 7.88], [-63.58, 7.88], [-63.58, 7.96], [-63.66, 7.96], [-63.66, 7.88]]]}, "properties": {"id": "DEMO--63.6600-7.8800", "tipo": "demo", "sector": "demo", "estado": "desconocido", "score": 0.1387, "demo": true, "porosidad_pct": 28.2, "espesor_arena_neta_ft": 113.9, "fuente": "Modelo DEMO sobre datos sinteticos. Distribuciones de la tabla 1 del USGS FS 2009-3028; etiqueta y reparto espacial inventados. NO es un dato observado.", "confianza": "baja", "ultima_verificacion": "2026-09-09"}}, {"type": "Feature", "geometry": {"type": "Polygon", "coordinates": [[[-63.58, 7.88], [-63.5, 7.88], [-63.5, 7.96], [-63.58, 7.96], [-63.58, 7.88]]]}, "properties": {"id": "DEMO--63.5800-7.8800", "tipo": "demo", "sector": "demo", "estado": "desconocido", "score": 0.2052, "demo": true, "porosidad_pct": 27.5, "espesor_arena_neta_ft": 127.1, "fuente": "Modelo DEMO sobre datos sinteticos. Distribuciones de la tabla 1 del USGS FS 2009-3028; etiqueta y reparto espacial inventados. NO es un dato observado.", "confianza": "baja", "ultima_verificacion": "2026-09-09"}}, {"type": "Feature", "geometry": {"type": "Polygon", "coordinates": [[[-63.5, 7.88], [-63.42, 7.88], [-63.42, 7.96], [-63.5, 7.96], [-63.5, 7.88]]]}, "properties": {"id": "DEMO--63.5000-7.8800", "tipo": "demo", "sector": "demo", "estado": "desconocido", "score": 0.1405, "demo": true, "porosidad_pct": 24.5, "espesor_arena_neta_ft": 173.4, "fuente": "Modelo DEMO sobre datos sinteticos. Distribuciones de la tabla 1 del USGS FS 2009-3028; etiqueta y reparto espacial inventados. NO es un dato observado.", "confianza": "baja", "ultima_verificacion": "2026-09-09"}}, {"type": "Feature", "geometry": {"type": "Polygon", "coordinates": [[[-63.42, 7.88], [-63.34, 7.88], [-63.34, 7.96], [-63.42, 7.96], [-63.42, 7.88]]]}, "properties": {"id": "DEMO--63.4200-7.8800", "tipo": "demo", "sector": "demo", "estado": "desconocido", "score": 0.4821, "demo": true, "porosidad_pct": 26.0, "espesor_arena_neta_ft": 175.3, "fuente": "Modelo DEMO sobre datos sinteticos. Distribuciones de la tabla 1 del USGS FS 2009-3028; etiqueta y reparto espacial inventados. NO es un dato observado.", "confianza": "baja", "ultima_verificacion": "2026-09-09"}}, {"type": "Feature", "geometry": {"type": "Polygon", "coordinates": [[[-63.34, 7.88], [-63.260000000000005, 7.88], [-63.260000000000005, 7.96], [-63.34, 7.96], [-63.34, 7.88]]]}, "properties": {"id": "DEMO--63.3400-7.8800", "tipo": "demo", "sector": "demo", "estado": "desconocido", "score": 0.0773, "demo": true, "porosidad_pct": 27.3, "espesor_arena_neta_ft": 63.1, "fuente": "Modelo DEMO sobre datos sinteticos. Distribuciones de la tabla 1 del USGS FS 2009-3028; etiqueta y reparto espacial inventados. NO es un dato observado.", "confianza": "baja", "ultima_verificacion": "2026-09-09"}}, {"type": "Feature", "geometry": {"type": "Polygon", "coordinates": [[[-63.26, 7.88], [-63.18, 7.88], [-63.18, 7.96], [-63.26, 7.96], [-63.26, 7.88]]]}, "properties": {"id": "DEMO--63.2600-7.8800", "tipo": "demo", "sector": "demo", "estado": "desconocido", "score": 0.6996, "demo": true, "porosidad_pct": 31.5, "espesor_arena_neta_ft": 91.5, "fuente": "Modelo DEMO sobre datos sinteticos. Distribuciones de la tabla 1 del USGS FS 2009-3028; etiqueta y reparto espacial inventados. NO es un dato observado.", "confianza": "baja", "ultima_verificacion": "2026-09-09"}}, {"type": "Feature", "geometry": {"type": "Polygon", "coordinates": [[[-63.18, 7.88], [-63.1, 7.88], [-63.1, 7.96], [-63.18, 7.96], [-63.18, 7.88]]]}, "properties": {"id": "DEMO--63.1800-7.8800", "tipo": "demo", "sector": "demo", "estado": "desconocido", "score": 0.5037, "demo": true, "porosidad_pct": 29.0, "espesor_arena_neta_ft": 140.6, "fuente": "Modelo DEMO sobre datos sinteticos. Distribuciones de la tabla 1 del USGS FS 2009-3028; etiqueta y reparto espacial inventados. NO es un dato observado.", "confianza": "baja", "ultima_verificacion": "2026-09-09"}}, {"type": "Feature", "geometry": {"type": "Polygon", "coordinates": [[[-63.1, 7.88], [-63.02, 7.88], [-63.02, 7.96], [-63.1, 7.96], [-63.1, 7.88]]]}, "properties": {"id": "DEMO--63.1000-7.8800", "tipo": "demo", "sector": "demo", "estado": "desconocido", "score": 0.1195, "demo": true, "porosidad_pct": 27.0, "espesor_arena_neta_ft": 33.6, "fuente": "Modelo DEMO sobre datos sinteticos. Distribuciones de la tabla 1 del USGS FS 2009-3028; etiqueta y reparto espacial inventados. NO es un dato observado.", "confianza": "baja", "ultima_verificacion": "2026-09-09"}}, {"type": "Feature", "geometry": {"type": "Polygon", "coordinates": [[[-63.02, 7.88], [-62.940000000000005, 7.88], [-62.940000000000005, 7.96], [-63.02, 7.96], [-63.02, 7.88]]]}, "properties": {"id": "DEMO--63.0200-7.8800", "tipo": "demo", "sector": "demo", "estado": "desconocido", "score": 0.6003, "demo": true, "porosidad_pct": 28.6, "espesor_arena_neta_ft": 56.8, "fuente": "Modelo DEMO sobre datos sinteticos. Distribuciones de la tabla 1 del USGS FS 2009-3028; etiqueta y reparto espacial inventados. NO es un dato observado.", "confianza": "baja", "ultima_verificacion": "2026-09-09"}}, {"type": "Feature", "geometry": {"type": "Polygon", "coordinates": [[[-62.94, 7.88], [-62.86, 7.88], [-62.86, 7.96], [-62.94, 7.96], [-62.94, 7.88]]]}, "properties": {"id": "DEMO--62.9400-7.8800", "tipo": "demo", "sector": "demo", "estado": "desconocido", "score": 0.7181, "demo": true, "porosidad_pct": 31.1, "espesor_arena_neta_ft": 144.9, "fuente": "Modelo DEMO sobre datos sinteticos. Distribuciones de la tabla 1 del USGS FS 2009-3028; etiqueta y reparto espacial inventados. NO es un dato observado.", "confianza": "baja", "ultima_verificacion": "2026-09-09"}}, {"type": "Feature", "geometry": {"type": "Polygon", "coordinates": [[[-62.86, 7.88], [-62.78, 7.88], [-62.78, 7.96], [-62.86, 7.96], [-62.86, 7.88]]]}, "properties": {"id": "DEMO--62.8600-7.8800", "tipo": "demo", "sector": "demo", "estado": "desconocido", "score": 0.4664, "demo": true, "porosidad_pct": 29.4, "espesor_arena_neta_ft": 116.5, "fuente": "Modelo DEMO sobre datos sinteticos. Distribuciones de la tabla 1 del USGS FS 2009-3028; etiqueta y reparto espacial inventados. NO es un dato observado.", "confianza": "baja", "ultima_verificacion": "2026-09-09"}}, {"type": "Feature", "geometry": {"type": "Polygon", "coordinates": [[[-62.78, 7.88], [-62.7, 7.88], [-62.7, 7.96], [-62.78, 7.96], [-62.78, 7.88]]]}, "properties": {"id": "DEMO--62.7800-7.8800", "tipo": "demo", "sector": "demo", "estado": "desconocido", "score": 0.6137, "demo": true, "porosidad_pct": 27.8, "espesor_arena_neta_ft": 43.6, "fuente": "Modelo DEMO sobre datos sinteticos. Distribuciones de la tabla 1 del USGS FS 2009-3028; etiqueta y reparto espacial inventados. NO es un dato observado.", "confianza": "baja", "ultima_verificacion": "2026-09-09"}}, {"type": "Feature", "geometry": {"type": "Polygon", "coordinates": [[[-62.7, 7.88], [-62.620000000000005, 7.88], [-62.620000000000005, 7.96], [-62.7, 7.96], [-62.7, 7.88]]]}, "properties": {"id": "DEMO--62.7000-7.8800", "tipo": "demo", "sector": "demo", "estado": "desconocido", "score": 0.413, "demo": true, "porosidad_pct": 28.9, "espesor_arena_neta_ft": 93.5, "fuente": "Modelo DEMO sobre datos sinteticos. Distribuciones de la tabla 1 del USGS FS 2009-3028; etiqueta y reparto espacial inventados. NO es un dato observado.", "confianza": "baja", "ultima_verificacion": "2026-09-09"}}, {"type": "Feature", "geometry": {"type": "Polygon", "coordinates": [[[-62.62, 7.88], [-62.54, 7.88], [-62.54, 7.96], [-62.62, 7.96], [-62.62, 7.88]]]}, "properties": {"id": "DEMO--62.6200-7.8800", "tipo": "demo", "sector": "demo", "estado": "desconocido", "score": 0.6783, "demo": true, "porosidad_pct": 32.4, "espesor_arena_neta_ft": 84.0, "fuente": "Modelo DEMO sobre datos sinteticos. Distribuciones de la tabla 1 del USGS FS 2009-3028; etiqueta y reparto espacial inventados. NO es un dato observado.", "confianza": "baja", "ultima_verificacion": "2026-09-09"}}, {"type": "Feature", "geometry": {"type": "Polygon", "coordinates": [[[-62.54, 7.88], [-62.46, 7.88], [-62.46, 7.96], [-62.54, 7.96], [-62.54, 7.88]]]}, "properties": {"id": "DEMO--62.5400-7.8800", "tipo": "demo", "sector": "demo", "estado": "desconocido", "score": 0.5498, "demo": true, "porosidad_pct": 29.2, "espesor_arena_neta_ft": 113.9, "fuente": "Modelo DEMO sobre datos sinteticos. Distribuciones de la tabla 1 del USGS FS 2009-3028; etiqueta y reparto espacial inventados. NO es un dato observado.", "confianza": "baja", "ultima_verificacion": "2026-09-09"}}, {"type": "Feature", "geometry": {"type": "Polygon", "coordinates": [[[-62.46, 7.88], [-62.38, 7.88], [-62.38, 7.96], [-62.46, 7.96], [-62.46, 7.88]]]}, "properties": {"id": "DEMO--62.4600-7.8800", "tipo": "demo", "sector": "demo", "estado": "desconocido", "score": 0.8937, "demo": true, "porosidad_pct": 29.8, "espesor_arena_neta_ft": 136.8, "fuente": "Modelo DEMO sobre datos sinteticos. Distribuciones de la tabla 1 del USGS FS 2009-3028; etiqueta y reparto espacial inventados. NO es un dato observado.", "confianza": "baja", "ultima_verificacion": "2026-09-09"}}, {"type": "Feature", "geometry": {"type": "Polygon", "coordinates": [[[-62.38, 7.88], [-62.300000000000004, 7.88], [-62.300000000000004, 7.96], [-62.38, 7.96], [-62.38, 7.88]]]}, "properties": {"id": "DEMO--62.3800-7.8800", "tipo": "demo", "sector": "demo", "estado": "desconocido", "score": 0.7113, "demo": true, "porosidad_pct": 34.0, "espesor_arena_neta_ft": 76.4, "fuente": "Modelo DEMO sobre datos sinteticos. Distribuciones de la tabla 1 del USGS FS 2009-3028; etiqueta y reparto espacial inventados. NO es un dato observado.", "confianza": "baja", "ultima_verificacion": "2026-09-09"}}, {"type": "Feature", "geometry": {"type": "Polygon", "coordinates": [[[-62.3, 7.88], [-62.22, 7.88], [-62.22, 7.96], [-62.3, 7.96], [-62.3, 7.88]]]}, "properties": {"id": "DEMO--62.3000-7.8800", "tipo": "demo", "sector": "demo", "estado": "desconocido", "score": 0.6468, "demo": true, "porosidad_pct": 28.7, "espesor_arena_neta_ft": 125.5, "fuente": "Modelo DEMO sobre datos sinteticos. Distribuciones de la tabla 1 del USGS FS 2009-3028; etiqueta y reparto espacial inventados. NO es un dato observado.", "confianza": "baja", "ultima_verificacion": "2026-09-09"}}, {"type": "Feature", "geometry": {"type": "Polygon", "coordinates": [[[-62.22, 7.88], [-62.14, 7.88], [-62.14, 7.96], [-62.22, 7.96], [-62.22, 7.88]]]}, "properties": {"id": "DEMO--62.2200-7.8800", "tipo": "demo", "sector": "demo", "estado": "desconocido", "score": 0.9572, "demo": true, "porosidad_pct": 32.2, "espesor_arena_neta_ft": 238.3, "fuente": "Modelo DEMO sobre datos sinteticos. Distribuciones de la tabla 1 del USGS FS 2009-3028; etiqueta y reparto espacial inventados. NO es un dato observado.", "confianza": "baja", "ultima_verificacion": "2026-09-09"}}, {"type": "Feature", "geometry": {"type": "Polygon", "coordinates": [[[-62.14, 7.88], [-62.06, 7.88], [-62.06, 7.96], [-62.14, 7.96], [-62.14, 7.88]]]}, "properties": {"id": "DEMO--62.1400-7.8800", "tipo": "demo", "sector": "demo", "estado": "desconocido", "score": 0.9118, "demo": true, "porosidad_pct": 31.9, "espesor_arena_neta_ft": 133.2, "fuente": "Modelo DEMO sobre datos sinteticos. Distribuciones de la tabla 1 del USGS FS 2009-3028; etiqueta y reparto espacial inventados. NO es un dato observado.", "confianza": "baja", "ultima_verificacion": "2026-09-09"}}, {"type": "Feature", "geometry": {"type": "Polygon", "coordinates": [[[-67.34, 7.96], [-67.26, 7.96], [-67.26, 8.04], [-67.34, 8.04], [-67.34, 7.96]]]}, "properties": {"id": "DEMO--67.3400-7.9600", "tipo": "demo", "sector": "demo", "estado": "desconocido", "score": 0.4663, "demo": true, "porosidad_pct": 28.9, "espesor_arena_neta_ft": 137.2, "fuente": "Modelo DEMO sobre datos sinteticos. Distribuciones de la tabla 1 del USGS FS 2009-3028; etiqueta y reparto espacial inventados. NO es un dato observado.", "confianza": "baja", "ultima_verificacion": "2026-09-09"}}, {"type": "Feature", "geometry": {"type": "Polygon", "coordinates": [[[-67.26, 7.96], [-67.18, 7.96], [-67.18, 8.04], [-67.26, 8.04], [-67.26, 7.96]]]}, "properties": {"id": "DEMO--67.2600-7.9600", "tipo": "demo", "sector": "demo", "estado": "desconocido", "score": 0.0689, "demo": true, "porosidad_pct": 25.5, "espesor_arena_neta_ft": 140.8, "fuente": "Modelo DEMO sobre datos sinteticos. Distribuciones de la tabla 1 del USGS FS 2009-3028; etiqueta y reparto espacial inventados. NO es un dato observado.", "confianza": "baja", "ultima_verificacion": "2026-09-09"}}, {"type": "Feature", "geometry": {"type": "Polygon", "coordinates": [[[-67.18, 7.96], [-67.10000000000001, 7.96], [-67.10000000000001, 8.04], [-67.18, 8.04], [-67.18, 7.96]]]}, "properties": {"id": "DEMO--67.1800-7.9600", "tipo": "demo", "sector": "demo", "estado": "desconocido", "score": 0.7587, "demo": true, "porosidad_pct": 30.7, "espesor_arena_neta_ft": 167.3, "fuente": "Modelo DEMO sobre datos sinteticos. Distribuciones de la tabla 1 del USGS FS 2009-3028; etiqueta y reparto espacial inventados. NO es un dato observado.", "confianza": "baja", "ultima_verificacion": "2026-09-09"}}, {"type": "Feature", "geometry": {"type": "Polygon", "coordinates": [[[-67.1, 7.96], [-67.02, 7.96], [-67.02, 8.04], [-67.1, 8.04], [-67.1, 7.96]]]}, "properties": {"id": "DEMO--67.1000-7.9600", "tipo": "demo", "sector": "demo", "estado": "desconocido", "score": 0.624, "demo": true, "porosidad_pct": 28.9, "espesor_arena_neta_ft": 165.3, "fuente": "Modelo DEMO sobre datos sinteticos. Distribuciones de la tabla 1 del USGS FS 2009-3028; etiqueta y reparto espacial inventados. NO es un dato observado.", "confianza": "baja", "ultima_verificacion": "2026-09-09"}}, {"type": "Feature", "geometry": {"type": "Polygon", "coordinates": [[[-67.02, 7.96], [-66.94, 7.96], [-66.94, 8.04], [-67.02, 8.04], [-67.02, 7.96]]]}, "properties": {"id": "DEMO--67.0200-7.9600", "tipo": "demo", "sector": "demo", "estado": "desconocido", "score": 0.3339, "demo": true, "porosidad_pct": 32.4, "espesor_arena_neta_ft": 64.6, "fuente": "Modelo DEMO sobre datos sinteticos. Distribuciones de la tabla 1 del USGS FS 2009-3028; etiqueta y reparto espacial inventados. NO es un dato observado.", "confianza": "baja", "ultima_verificacion": "2026-09-09"}}, {"type": "Feature", "geometry": {"type": "Polygon", "coordinates": [[[-66.94, 7.96], [-66.86, 7.96], [-66.86, 8.04], [-66.94, 8.04], [-66.94, 7.96]]]}, "properties": {"id": "DEMO--66.9400-7.9600", "tipo": "demo", "sector": "demo", "estado": "desconocido", "score": 0.8398, "demo": true, "porosidad_pct": 29.6, "espesor_arena_neta_ft": 160.0, "fuente": "Modelo DEMO sobre datos sinteticos. Distribuciones de la tabla 1 del USGS FS 2009-3028; etiqueta y reparto espacial inventados. NO es un dato observado.", "confianza": "baja", "ultima_verificacion": "2026-09-09"}}, {"type": "Feature", "geometry": {"type": "Polygon", "coordinates": [[[-66.86, 7.96], [-66.78, 7.96], [-66.78, 8.04], [-66.86, 8.04], [-66.86, 7.96]]]}, "properties": {"id": "DEMO--66.8600-7.9600", "tipo": "demo", "sector": "demo", "estado": "desconocido", "score": 0.4829, "demo": true, "porosidad_pct": 27.4, "espesor_arena_neta_ft": 153.8, "fuente": "Modelo DEMO sobre datos sinteticos. Distribuciones de la tabla 1 del USGS FS 2009-3028; etiqueta y reparto espacial inventados. NO es un dato observado.", "confianza": "baja", "ultima_verificacion": "2026-09-09"}}, {"type": "Feature", "geometry": {"type": "Polygon", "coordinates": [[[-66.78, 7.96], [-66.7, 7.96], [-66.7, 8.04], [-66.78, 8.04], [-66.78, 7.96]]]}, "properties": {"id": "DEMO--66.7800-7.9600", "tipo": "demo", "sector": "demo", "estado": "desconocido", "score": 0.926, "demo": true, "porosidad_pct": 30.6, "espesor_arena_neta_ft": 203.0, "fuente": "Modelo DEMO sobre datos sinteticos. Distribuciones de la tabla 1 del USGS FS 2009-3028; etiqueta y reparto espacial inventados. NO es un dato observado.", "confianza": "baja", "ultima_verificacion": "2026-09-09"}}, {"type": "Feature", "geometry": {"type": "Polygon", "coordinates": [[[-66.7, 7.96], [-66.62, 7.96], [-66.62, 8.04], [-66.7, 8.04], [-66.7, 7.96]]]}, "properties": {"id": "DEMO--66.7000-7.9600", "tipo": "demo", "sector": "demo", "estado": "desconocido", "score": 0.5341, "demo": true, "porosidad_pct": 29.8, "espesor_arena_neta_ft": 80.6, "fuente": "Modelo DEMO sobre datos sinteticos. Distribuciones de la tabla 1 del USGS FS 2009-3028; etiqueta y reparto espacial inventados. NO es un dato observado.", "confianza": "baja", "ultima_verificacion": "2026-09-09"}}, {"type": "Feature", "geometry": {"type": "Polygon", "coordinates": [[[-66.62, 7.96], [-66.54, 7.96], [-66.54, 8.04], [-66.62, 8.04], [-66.62, 7.96]]]}, "properties": {"id": "DEMO--66.6200-7.9600", "tipo": "demo", "sector": "demo", "estado": "desconocido", "score": 0.7479, "demo": true, "porosidad_pct": 30.8, "espesor_arena_neta_ft": 124.4, "fuente": "Modelo DEMO sobre datos sinteticos. Distribuciones de la tabla 1 del USGS FS 2009-3028; etiqueta y reparto espacial inventados. NO es un dato observado.", "confianza": "baja", "ultima_verificacion": "2026-09-09"}}, {"type": "Feature", "geometry": {"type": "Polygon", "coordinates": [[[-66.54, 7.96], [-66.46000000000001, 7.96], [-66.46000000000001, 8.04], [-66.54, 8.04], [-66.54, 7.96]]]}, "properties": {"id": "DEMO--66.5400-7.9600", "tipo": "demo", "sector": "demo", "estado": "desconocido", "score": 0.2603, "demo": true, "porosidad_pct": 28.2, "espesor_arena_neta_ft": 126.7, "fuente": "Modelo DEMO sobre datos sinteticos. Distribuciones de la tabla 1 del USGS FS 2009-3028; etiqueta y reparto espacial inventados. NO es un dato observado.", "confianza": "baja", "ultima_verificacion": "2026-09-09"}}, {"type": "Feature", "geometry": {"type": "Polygon", "coordinates": [[[-66.46, 7.96], [-66.38, 7.96], [-66.38, 8.04], [-66.46, 8.04], [-66.46, 7.96]]]}, "properties": {"id": "DEMO--66.4600-7.9600", "tipo": "demo", "sector": "demo", "estado": "desconocido", "score": 0.3044, "demo": true, "porosidad_pct": 28.6, "espesor_arena_neta_ft": 58.2, "fuente": "Modelo DEMO sobre datos sinteticos. Distribuciones de la tabla 1 del USGS FS 2009-3028; etiqueta y reparto espacial inventados. NO es un dato observado.", "confianza": "baja", "ultima_verificacion": "2026-09-09"}}, {"type": "Feature", "geometry": {"type": "Polygon", "coordinates": [[[-66.38, 7.96], [-66.3, 7.96], [-66.3, 8.04], [-66.38, 8.04], [-66.38, 7.96]]]}, "properties": {"id": "DEMO--66.3800-7.9600", "tipo": "demo", "sector": "demo", "estado": "desconocido", "score": 0.6341, "demo": true, "porosidad_pct": 29.3, "espesor_arena_neta_ft": 94.7, "fuente": "Modelo DEMO sobre datos sinteticos. Distribuciones de la tabla 1 del USGS FS 2009-3028; etiqueta y reparto espacial inventados. NO es un dato observado.", "confianza": "baja", "ultima_verificacion": "2026-09-09"}}, {"type": "Feature", "geometry": {"type": "Polygon", "coordinates": [[[-66.3, 7.96], [-66.22, 7.96], [-66.22, 8.04], [-66.3, 8.04], [-66.3, 7.96]]]}, "properties": {"id": "DEMO--66.3000-7.9600", "tipo": "demo", "sector": "demo", "estado": "desconocido", "score": 0.6538, "demo": true, "porosidad_pct": 28.5, "espesor_arena_neta_ft": 143.9, "fuente": "Modelo DEMO sobre datos sinteticos. Distribuciones de la tabla 1 del USGS FS 2009-3028; etiqueta y reparto espacial inventados. NO es un dato observado.", "confianza": "baja", "ultima_verificacion": "2026-09-09"}}, {"type": "Feature", "geometry": {"type": "Polygon", "coordinates": [[[-66.22, 7.96], [-66.14, 7.96], [-66.14, 8.04], [-66.22, 8.04], [-66.22, 7.96]]]}, "properties": {"id": "DEMO--66.2200-7.9600", "tipo": "demo", "sector": "demo", "estado": "desconocido", "score": 0.8931, "demo": true, "porosidad_pct": 32.5, "espesor_arena_neta_ft": 150.8, "fuente": "Modelo DEMO sobre datos sinteticos. Distribuciones de la tabla 1 del USGS FS 2009-3028; etiqueta y reparto espacial inventados. NO es un dato observado.", "confianza": "baja", "ultima_verificacion": "2026-09-09"}}, {"type": "Feature", "geometry": {"type": "Polygon", "coordinates": [[[-66.14, 7.96], [-66.06, 7.96], [-66.06, 8.04], [-66.14, 8.04], [-66.14, 7.96]]]}, "properties": {"id": "DEMO--66.1400-7.9600", "tipo": "demo", "sector": "demo", "estado": "desconocido", "score": 0.8006, "demo": true, "porosidad_pct": 27.9, "espesor_arena_neta_ft": 148.0, "fuente": "Modelo DEMO sobre datos sinteticos. Distribuciones de la tabla 1 del USGS FS 2009-3028; etiqueta y reparto espacial inventados. NO es un dato observado.", "confianza": "baja", "ultima_verificacion": "2026-09-09"}}, {"type": "Feature", "geometry": {"type": "Polygon", "coordinates": [[[-66.06, 7.96], [-65.98, 7.96], [-65.98, 8.04], [-66.06, 8.04], [-66.06, 7.96]]]}, "properties": {"id": "DEMO--66.0600-7.9600", "tipo": "demo", "sector": "demo", "estado": "desconocido", "score": 0.752, "demo": true, "porosidad_pct": 34.5, "espesor_arena_neta_ft": 115.6, "fuente": "Modelo DEMO sobre datos sinteticos. Distribuciones de la tabla 1 del USGS FS 2009-3028; etiqueta y reparto espacial inventados. NO es un dato observado.", "confianza": "baja", "ultima_verificacion": "2026-09-09"}}, {"type": "Feature", "geometry": {"type": "Polygon", "coordinates": [[[-65.98, 7.96], [-65.9, 7.96], [-65.9, 8.04], [-65.98, 8.04], [-65.98, 7.96]]]}, "properties": {"id": "DEMO--65.9800-7.9600", "tipo": "demo", "sector": "demo", "estado": "desconocido", "score": 0.4686, "demo": true, "porosidad_pct": 32.9, "espesor_arena_neta_ft": 114.7, "fuente": "Modelo DEMO sobre datos sinteticos. Distribuciones de la tabla 1 del USGS FS 2009-3028; etiqueta y reparto espacial inventados. NO es un dato observado.", "confianza": "baja", "ultima_verificacion": "2026-09-09"}}, {"type": "Feature", "geometry": {"type": "Polygon", "coordinates": [[[-65.9, 7.96], [-65.82000000000001, 7.96], [-65.82000000000001, 8.04], [-65.9, 8.04], [-65.9, 7.96]]]}, "properties": {"id": "DEMO--65.9000-7.9600", "tipo": "demo", "sector": "demo", "estado": "desconocido", "score": 0.7058, "demo": true, "porosidad_pct": 25.8, "espesor_arena_neta_ft": 198.7, "fuente": "Modelo DEMO sobre datos sinteticos. Distribuciones de la tabla 1 del USGS FS 2009-3028; etiqueta y reparto espacial inventados. NO es un dato observado.", "confianza": "baja", "ultima_verificacion": "2026-09-09"}}, {"type": "Feature", "geometry": {"type": "Polygon", "coordinates": [[[-65.82, 7.96], [-65.74, 7.96], [-65.74, 8.04], [-65.82, 8.04], [-65.82, 7.96]]]}, "properties": {"id": "DEMO--65.8200-7.9600", "tipo": "demo", "sector": "demo", "estado": "desconocido", "score": 0.8334, "demo": true, "porosidad_pct": 31.7, "espesor_arena_neta_ft": 198.3, "fuente": "Modelo DEMO sobre datos sinteticos. Distribuciones de la tabla 1 del USGS FS 2009-3028; etiqueta y reparto espacial inventados. NO es un dato observado.", "confianza": "baja", "ultima_verificacion": "2026-09-09"}}, {"type": "Feature", "geometry": {"type": "Polygon", "coordinates": [[[-65.74, 7.96], [-65.66, 7.96], [-65.66, 8.04], [-65.74, 8.04], [-65.74, 7.96]]]}, "properties": {"id": "DEMO--65.7400-7.9600", "tipo": "demo", "sector": "demo", "estado": "desconocido", "score": 0.6653, "demo": true, "porosidad_pct": 28.7, "espesor_arena_neta_ft": 152.3, "fuente": "Modelo DEMO sobre datos sinteticos. Distribuciones de la tabla 1 del USGS FS 2009-3028; etiqueta y reparto espacial inventados. NO es un dato observado.", "confianza": "baja", "ultima_verificacion": "2026-09-09"}}, {"type": "Feature", "geometry": {"type": "Polygon", "coordinates": [[[-65.66, 7.96], [-65.58, 7.96], [-65.58, 8.04], [-65.66, 8.04], [-65.66, 7.96]]]}, "properties": {"id": "DEMO--65.6600-7.9600", "tipo": "demo", "sector": "demo", "estado": "desconocido", "score": 0.089, "demo": true, "porosidad_pct": 27.1, "espesor_arena_neta_ft": 100.2, "fuente": "Modelo DEMO sobre datos sinteticos. Distribuciones de la tabla 1 del USGS FS 2009-3028; etiqueta y reparto espacial inventados. NO es un dato observado.", "confianza": "baja", "ultima_verificacion": "2026-09-09"}}, {"type": "Feature", "geometry": {"type": "Polygon", "coordinates": [[[-65.58, 7.96], [-65.5, 7.96], [-65.5, 8.04], [-65.58, 8.04], [-65.58, 7.96]]]}, "properties": {"id": "DEMO--65.5800-7.9600", "tipo": "demo", "sector": "demo", "estado": "desconocido", "score": 0.8623, "demo": true, "porosidad_pct": 28.4, "espesor_arena_neta_ft": 220.9, "fuente": "Modelo DEMO sobre datos sinteticos. Distribuciones de la tabla 1 del USGS FS 2009-3028; etiqueta y reparto espacial inventados. NO es un dato observado.", "confianza": "baja", "ultima_verificacion": "2026-09-09"}}, {"type": "Feature", "geometry": {"type": "Polygon", "coordinates": [[[-65.5, 7.96], [-65.42, 7.96], [-65.42, 8.04], [-65.5, 8.04], [-65.5, 7.96]]]}, "properties": {"id": "DEMO--65.5000-7.9600", "tipo": "demo", "sector": "demo", "estado": "desconocido", "score": 0.7323, "demo": true, "porosidad_pct": 26.9, "espesor_arena_neta_ft": 178.8, "fuente": "Modelo DEMO sobre datos sinteticos. Distribuciones de la tabla 1 del USGS FS 2009-3028; etiqueta y reparto espacial inventados. NO es un dato observado.", "confianza": "baja", "ultima_verificacion": "2026-09-09"}}, {"type": "Feature", "geometry": {"type": "Polygon", "coordinates": [[[-65.42, 7.96], [-65.34, 7.96], [-65.34, 8.04], [-65.42, 8.04], [-65.42, 7.96]]]}, "properties": {"id": "DEMO--65.4200-7.9600", "tipo": "demo", "sector": "demo", "estado": "desconocido", "score": 0.8246, "demo": true, "porosidad_pct": 32.2, "espesor_arena_neta_ft": 186.8, "fuente": "Modelo DEMO sobre datos sinteticos. Distribuciones de la tabla 1 del USGS FS 2009-3028; etiqueta y reparto espacial inventados. NO es un dato observado.", "confianza": "baja", "ultima_verificacion": "2026-09-09"}}, {"type": "Feature", "geometry": {"type": "Polygon", "coordinates": [[[-65.34, 7.96], [-65.26, 7.96], [-65.26, 8.04], [-65.34, 8.04], [-65.34, 7.96]]]}, "properties": {"id": "DEMO--65.3400-7.9600", "tipo": "demo", "sector": "demo", "estado": "desconocido", "score": 0.6277, "demo": true, "porosidad_pct": 31.3, "espesor_arena_neta_ft": 103.6, "fuente": "Modelo DEMO sobre datos sinteticos. Distribuciones de la tabla 1 del USGS FS 2009-3028; etiqueta y reparto espacial inventados. NO es un dato observado.", "confianza": "baja", "ultima_verificacion": "2026-09-09"}}, {"type": "Feature", "geometry": {"type": "Polygon", "coordinates": [[[-65.26, 7.96], [-65.18, 7.96], [-65.18, 8.04], [-65.26, 8.04], [-65.26, 7.96]]]}, "properties": {"id": "DEMO--65.2600-7.9600", "tipo": "demo", "sector": "demo", "estado": "desconocido", "score": 0.0768, "demo": true, "porosidad_pct": 25.7, "espesor_arena_neta_ft": 140.4, "fuente": "Modelo DEMO sobre datos sinteticos. Distribuciones de la tabla 1 del USGS FS 2009-3028; etiqueta y reparto espacial inventados. NO es un dato observado.", "confianza": "baja", "ultima_verificacion": "2026-09-09"}}, {"type": "Feature", "geometry": {"type": "Polygon", "coordinates": [[[-65.18, 7.96], [-65.10000000000001, 7.96], [-65.10000000000001, 8.04], [-65.18, 8.04], [-65.18, 7.96]]]}, "properties": {"id": "DEMO--65.1800-7.9600", "tipo": "demo", "sector": "demo", "estado": "desconocido", "score": 0.5643, "demo": true, "porosidad_pct": 26.3, "espesor_arena_neta_ft": 191.0, "fuente": "Modelo DEMO sobre datos sinteticos. Distribuciones de la tabla 1 del USGS FS 2009-3028; etiqueta y reparto espacial inventados. NO es un dato observado.", "confianza": "baja", "ultima_verificacion": "2026-09-09"}}, {"type": "Feature", "geometry": {"type": "Polygon", "coordinates": [[[-65.1, 7.96], [-65.02, 7.96], [-65.02, 8.04], [-65.1, 8.04], [-65.1, 7.96]]]}, "properties": {"id": "DEMO--65.1000-7.9600", "tipo": "demo", "sector": "demo", "estado": "desconocido", "score": 0.1459, "demo": true, "porosidad_pct": 28.5, "espesor_arena_neta_ft": 104.5, "fuente": "Modelo DEMO sobre datos sinteticos. Distribuciones de la tabla 1 del USGS FS 2009-3028; etiqueta y reparto espacial inventados. NO es un dato observado.", "confianza": "baja", "ultima_verificacion": "2026-09-09"}}, {"type": "Feature", "geometry": {"type": "Polygon", "coordinates": [[[-65.02, 7.96], [-64.94, 7.96], [-64.94, 8.04], [-65.02, 8.04], [-65.02, 7.96]]]}, "properties": {"id": "DEMO--65.0200-7.9600", "tipo": "demo", "sector": "demo", "estado": "desconocido", "score": 0.9482, "demo": true, "porosidad_pct": 30.9, "espesor_arena_neta_ft": 232.1, "fuente": "Modelo DEMO sobre datos sinteticos. Distribuciones de la tabla 1 del USGS FS 2009-3028; etiqueta y reparto espacial inventados. NO es un dato observado.", "confianza": "baja", "ultima_verificacion": "2026-09-09"}}, {"type": "Feature", "geometry": {"type": "Polygon", "coordinates": [[[-64.94, 7.96], [-64.86, 7.96], [-64.86, 8.04], [-64.94, 8.04], [-64.94, 7.96]]]}, "properties": {"id": "DEMO--64.9400-7.9600", "tipo": "demo", "sector": "demo", "estado": "desconocido", "score": 0.6267, "demo": true, "porosidad_pct": 28.1, "espesor_arena_neta_ft": 186.3, "fuente": "Modelo DEMO sobre datos sinteticos. Distribuciones de la tabla 1 del USGS FS 2009-3028; etiqueta y reparto espacial inventados. NO es un dato observado.", "confianza": "baja", "ultima_verificacion": "2026-09-09"}}, {"type": "Feature", "geometry": {"type": "Polygon", "coordinates": [[[-64.86, 7.96], [-64.78, 7.96], [-64.78, 8.04], [-64.86, 8.04], [-64.86, 7.96]]]}, "properties": {"id": "DEMO--64.8600-7.9600", "tipo": "demo", "sector": "demo", "estado": "desconocido", "score": 0.4947, "demo": true, "porosidad_pct": 26.6, "espesor_arena_neta_ft": 248.1, "fuente": "Modelo DEMO sobre datos sinteticos. Distribuciones de la tabla 1 del USGS FS 2009-3028; etiqueta y reparto espacial inventados. NO es un dato observado.", "confianza": "baja", "ultima_verificacion": "2026-09-09"}}, {"type": "Feature", "geometry": {"type": "Polygon", "coordinates": [[[-64.78, 7.96], [-64.7, 7.96], [-64.7, 8.04], [-64.78, 8.04], [-64.78, 7.96]]]}, "properties": {"id": "DEMO--64.7800-7.9600", "tipo": "demo", "sector": "demo", "estado": "desconocido", "score": 0.082, "demo": true, "porosidad_pct": 25.7, "espesor_arena_neta_ft": 131.2, "fuente": "Modelo DEMO sobre datos sinteticos. Distribuciones de la tabla 1 del USGS FS 2009-3028; etiqueta y reparto espacial inventados. NO es un dato observado.", "confianza": "baja", "ultima_verificacion": "2026-09-09"}}, {"type": "Feature", "geometry": {"type": "Polygon", "coordinates": [[[-64.7, 7.96], [-64.62, 7.96], [-64.62, 8.04], [-64.7, 8.04], [-64.7, 7.96]]]}, "properties": {"id": "DEMO--64.7000-7.9600", "tipo": "demo", "sector": "demo", "estado": "desconocido", "score": 0.3521, "demo": true, "porosidad_pct": 27.1, "espesor_arena_neta_ft": 201.4, "fuente": "Modelo DEMO sobre datos sinteticos. Distribuciones de la tabla 1 del USGS FS 2009-3028; etiqueta y reparto espacial inventados. NO es un dato observado.", "confianza": "baja", "ultima_verificacion": "2026-09-09"}}, {"type": "Feature", "geometry": {"type": "Polygon", "coordinates": [[[-64.62, 7.96], [-64.54, 7.96], [-64.54, 8.04], [-64.62, 8.04], [-64.62, 7.96]]]}, "properties": {"id": "DEMO--64.6200-7.9600", "tipo": "demo", "sector": "demo", "estado": "desconocido", "score": 0.3082, "demo": true, "porosidad_pct": 25.4, "espesor_arena_neta_ft": 125.6, "fuente": "Modelo DEMO sobre datos sinteticos. Distribuciones de la tabla 1 del USGS FS 2009-3028; etiqueta y reparto espacial inventados. NO es un dato observado.", "confianza": "baja", "ultima_verificacion": "2026-09-09"}}, {"type": "Feature", "geometry": {"type": "Polygon", "coordinates": [[[-64.54, 7.96], [-64.46000000000001, 7.96], [-64.46000000000001, 8.04], [-64.54, 8.04], [-64.54, 7.96]]]}, "properties": {"id": "DEMO--64.5400-7.9600", "tipo": "demo", "sector": "demo", "estado": "desconocido", "score": 0.8338, "demo": true, "porosidad_pct": 31.4, "espesor_arena_neta_ft": 186.9, "fuente": "Modelo DEMO sobre datos sinteticos. Distribuciones de la tabla 1 del USGS FS 2009-3028; etiqueta y reparto espacial inventados. NO es un dato observado.", "confianza": "baja", "ultima_verificacion": "2026-09-09"}}, {"type": "Feature", "geometry": {"type": "Polygon", "coordinates": [[[-64.46, 7.96], [-64.38, 7.96], [-64.38, 8.04], [-64.46, 8.04], [-64.46, 7.96]]]}, "properties": {"id": "DEMO--64.4600-7.9600", "tipo": "demo", "sector": "demo", "estado": "desconocido", "score": 0.2075, "demo": true, "porosidad_pct": 24.8, "espesor_arena_neta_ft": 214.6, "fuente": "Modelo DEMO sobre datos sinteticos. Distribuciones de la tabla 1 del USGS FS 2009-3028; etiqueta y reparto espacial inventados. NO es un dato observado.", "confianza": "baja", "ultima_verificacion": "2026-09-09"}}, {"type": "Feature", "geometry": {"type": "Polygon", "coordinates": [[[-64.38, 7.96], [-64.3, 7.96], [-64.3, 8.04], [-64.38, 8.04], [-64.38, 7.96]]]}, "properties": {"id": "DEMO--64.3800-7.9600", "tipo": "demo", "sector": "demo", "estado": "desconocido", "score": 0.812, "demo": true, "porosidad_pct": 28.1, "espesor_arena_neta_ft": 226.2, "fuente": "Modelo DEMO sobre datos sinteticos. Distribuciones de la tabla 1 del USGS FS 2009-3028; etiqueta y reparto espacial inventados. NO es un dato observado.", "confianza": "baja", "ultima_verificacion": "2026-09-09"}}, {"type": "Feature", "geometry": {"type": "Polygon", "coordinates": [[[-64.3, 7.96], [-64.22, 7.96], [-64.22, 8.04], [-64.3, 8.04], [-64.3, 7.96]]]}, "properties": {"id": "DEMO--64.3000-7.9600", "tipo": "demo", "sector": "demo", "estado": "desconocido", "score": 0.0834, "demo": true, "porosidad_pct": 25.0, "espesor_arena_neta_ft": 185.2, "fuente": "Modelo DEMO sobre datos sinteticos. Distribuciones de la tabla 1 del USGS FS 2009-3028; etiqueta y reparto espacial inventados. NO es un dato observado.", "confianza": "baja", "ultima_verificacion": "2026-09-09"}}, {"type": "Feature", "geometry": {"type": "Polygon", "coordinates": [[[-64.22, 7.96], [-64.14, 7.96], [-64.14, 8.04], [-64.22, 8.04], [-64.22, 7.96]]]}, "properties": {"id": "DEMO--64.2200-7.9600", "tipo": "demo", "sector": "demo", "estado": "desconocido", "score": 0.6576, "demo": true, "porosidad_pct": 27.0, "espesor_arena_neta_ft": 222.4, "fuente": "Modelo DEMO sobre datos sinteticos. Distribuciones de la tabla 1 del USGS FS 2009-3028; etiqueta y reparto espacial inventados. NO es un dato observado.", "confianza": "baja", "ultima_verificacion": "2026-09-09"}}, {"type": "Feature", "geometry": {"type": "Polygon", "coordinates": [[[-64.14, 7.96], [-64.06, 7.96], [-64.06, 8.04], [-64.14, 8.04], [-64.14, 7.96]]]}, "properties": {"id": "DEMO--64.1400-7.9600", "tipo": "demo", "sector": "demo", "estado": "desconocido", "score": 0.7518, "demo": true, "porosidad_pct": 29.7, "espesor_arena_neta_ft": 182.4, "fuente": "Modelo DEMO sobre datos sinteticos. Distribuciones de la tabla 1 del USGS FS 2009-3028; etiqueta y reparto espacial inventados. NO es un dato observado.", "confianza": "baja", "ultima_verificacion": "2026-09-09"}}, {"type": "Feature", "geometry": {"type": "Polygon", "coordinates": [[[-64.06, 7.96], [-63.980000000000004, 7.96], [-63.980000000000004, 8.04], [-64.06, 8.04], [-64.06, 7.96]]]}, "properties": {"id": "DEMO--64.0600-7.9600", "tipo": "demo", "sector": "demo", "estado": "desconocido", "score": 0.1036, "demo": true, "porosidad_pct": 24.5, "espesor_arena_neta_ft": 178.5, "fuente": "Modelo DEMO sobre datos sinteticos. Distribuciones de la tabla 1 del USGS FS 2009-3028; etiqueta y reparto espacial inventados. NO es un dato observado.", "confianza": "baja", "ultima_verificacion": "2026-09-09"}}, {"type": "Feature", "geometry": {"type": "Polygon", "coordinates": [[[-63.98, 7.96], [-63.9, 7.96], [-63.9, 8.04], [-63.98, 8.04], [-63.98, 7.96]]]}, "properties": {"id": "DEMO--63.9800-7.9600", "tipo": "demo", "sector": "demo", "estado": "desconocido", "score": 0.1324, "demo": true, "porosidad_pct": 24.8, "espesor_arena_neta_ft": 148.5, "fuente": "Modelo DEMO sobre datos sinteticos. Distribuciones de la tabla 1 del USGS FS 2009-3028; etiqueta y reparto espacial inventados. NO es un dato observado.", "confianza": "baja", "ultima_verificacion": "2026-09-09"}}, {"type": "Feature", "geometry": {"type": "Polygon", "coordinates": [[[-63.9, 7.96], [-63.82, 7.96], [-63.82, 8.04], [-63.9, 8.04], [-63.9, 7.96]]]}, "properties": {"id": "DEMO--63.9000-7.9600", "tipo": "demo", "sector": "demo", "estado": "desconocido", "score": 0.2203, "demo": true, "porosidad_pct": 26.1, "espesor_arena_neta_ft": 125.9, "fuente": "Modelo DEMO sobre datos sinteticos. Distribuciones de la tabla 1 del USGS FS 2009-3028; etiqueta y reparto espacial inventados. NO es un dato observado.", "confianza": "baja", "ultima_verificacion": "2026-09-09"}}, {"type": "Feature", "geometry": {"type": "Polygon", "coordinates": [[[-63.82, 7.96], [-63.74, 7.96], [-63.74, 8.04], [-63.82, 8.04], [-63.82, 7.96]]]}, "properties": {"id": "DEMO--63.8200-7.9600", "tipo": "demo", "sector": "demo", "estado": "desconocido", "score": 0.8268, "demo": true, "porosidad_pct": 28.6, "espesor_arena_neta_ft": 237.1, "fuente": "Modelo DEMO sobre datos sinteticos. Distribuciones de la tabla 1 del USGS FS 2009-3028; etiqueta y reparto espacial inventados. NO es un dato observado.", "confianza": "baja", "ultima_verificacion": "2026-09-09"}}, {"type": "Feature", "geometry": {"type": "Polygon", "coordinates": [[[-63.74, 7.96], [-63.660000000000004, 7.96], [-63.660000000000004, 8.04], [-63.74, 8.04], [-63.74, 7.96]]]}, "properties": {"id": "DEMO--63.7400-7.9600", "tipo": "demo", "sector": "demo", "estado": "desconocido", "score": 0.0254, "demo": true, "porosidad_pct": 24.2, "espesor_arena_neta_ft": 132.9, "fuente": "Modelo DEMO sobre datos sinteticos. Distribuciones de la tabla 1 del USGS FS 2009-3028; etiqueta y reparto espacial inventados. NO es un dato observado.", "confianza": "baja", "ultima_verificacion": "2026-09-09"}}, {"type": "Feature", "geometry": {"type": "Polygon", "coordinates": [[[-63.66, 7.96], [-63.58, 7.96], [-63.58, 8.04], [-63.66, 8.04], [-63.66, 7.96]]]}, "properties": {"id": "DEMO--63.6600-7.9600", "tipo": "demo", "sector": "demo", "estado": "desconocido", "score": 0.1165, "demo": true, "porosidad_pct": 25.4, "espesor_arena_neta_ft": 128.3, "fuente": "Modelo DEMO sobre datos sinteticos. Distribuciones de la tabla 1 del USGS FS 2009-3028; etiqueta y reparto espacial inventados. NO es un dato observado.", "confianza": "baja", "ultima_verificacion": "2026-09-09"}}, {"type": "Feature", "geometry": {"type": "Polygon", "coordinates": [[[-63.58, 7.96], [-63.5, 7.96], [-63.5, 8.04], [-63.58, 8.04], [-63.58, 7.96]]]}, "properties": {"id": "DEMO--63.5800-7.9600", "tipo": "demo", "sector": "demo", "estado": "desconocido", "score": 0.1751, "demo": true, "porosidad_pct": 27.9, "espesor_arena_neta_ft": 137.5, "fuente": "Modelo DEMO sobre datos sinteticos. Distribuciones de la tabla 1 del USGS FS 2009-3028; etiqueta y reparto espacial inventados. NO es un dato observado.", "confianza": "baja", "ultima_verificacion": "2026-09-09"}}, {"type": "Feature", "geometry": {"type": "Polygon", "coordinates": [[[-63.5, 7.96], [-63.42, 7.96], [-63.42, 8.04], [-63.5, 8.04], [-63.5, 7.96]]]}, "properties": {"id": "DEMO--63.5000-7.9600", "tipo": "demo", "sector": "demo", "estado": "desconocido", "score": 0.4275, "demo": true, "porosidad_pct": 28.9, "espesor_arena_neta_ft": 105.2, "fuente": "Modelo DEMO sobre datos sinteticos. Distribuciones de la tabla 1 del USGS FS 2009-3028; etiqueta y reparto espacial inventados. NO es un dato observado.", "confianza": "baja", "ultima_verificacion": "2026-09-09"}}, {"type": "Feature", "geometry": {"type": "Polygon", "coordinates": [[[-63.42, 7.96], [-63.34, 7.96], [-63.34, 8.04], [-63.42, 8.04], [-63.42, 7.96]]]}, "properties": {"id": "DEMO--63.4200-7.9600", "tipo": "demo", "sector": "demo", "estado": "desconocido", "score": 0.0977, "demo": true, "porosidad_pct": 29.0, "espesor_arena_neta_ft": 67.0, "fuente": "Modelo DEMO sobre datos sinteticos. Distribuciones de la tabla 1 del USGS FS 2009-3028; etiqueta y reparto espacial inventados. NO es un dato observado.", "confianza": "baja", "ultima_verificacion": "2026-09-09"}}, {"type": "Feature", "geometry": {"type": "Polygon", "coordinates": [[[-63.34, 7.96], [-63.260000000000005, 7.96], [-63.260000000000005, 8.04], [-63.34, 8.04], [-63.34, 7.96]]]}, "properties": {"id": "DEMO--63.3400-7.9600", "tipo": "demo", "sector": "demo", "estado": "desconocido", "score": 0.4541, "demo": true, "porosidad_pct": 28.1, "espesor_arena_neta_ft": 126.0, "fuente": "Modelo DEMO sobre datos sinteticos. Distribuciones de la tabla 1 del USGS FS 2009-3028; etiqueta y reparto espacial inventados. NO es un dato observado.", "confianza": "baja", "ultima_verificacion": "2026-09-09"}}, {"type": "Feature", "geometry": {"type": "Polygon", "coordinates": [[[-63.26, 7.96], [-63.18, 7.96], [-63.18, 8.04], [-63.26, 8.04], [-63.26, 7.96]]]}, "properties": {"id": "DEMO--63.2600-7.9600", "tipo": "demo", "sector": "demo", "estado": "desconocido", "score": 0.2098, "demo": true, "porosidad_pct": 26.9, "espesor_arena_neta_ft": 96.9, "fuente": "Modelo DEMO sobre datos sinteticos. Distribuciones de la tabla 1 del USGS FS 2009-3028; etiqueta y reparto espacial inventados. NO es un dato observado.", "confianza": "baja", "ultima_verificacion": "2026-09-09"}}, {"type": "Feature", "geometry": {"type": "Polygon", "coordinates": [[[-63.18, 7.96], [-63.1, 7.96], [-63.1, 8.04], [-63.18, 8.04], [-63.18, 7.96]]]}, "properties": {"id": "DEMO--63.1800-7.9600", "tipo": "demo", "sector": "demo", "estado": "desconocido", "score": 0.3761, "demo": true, "porosidad_pct": 30.8, "espesor_arena_neta_ft": 102.8, "fuente": "Modelo DEMO sobre datos sinteticos. Distribuciones de la tabla 1 del USGS FS 2009-3028; etiqueta y reparto espacial inventados. NO es un dato observado.", "confianza": "baja", "ultima_verificacion": "2026-09-09"}}, {"type": "Feature", "geometry": {"type": "Polygon", "coordinates": [[[-63.1, 7.96], [-63.02, 7.96], [-63.02, 8.04], [-63.1, 8.04], [-63.1, 7.96]]]}, "properties": {"id": "DEMO--63.1000-7.9600", "tipo": "demo", "sector": "demo", "estado": "desconocido", "score": 0.3298, "demo": true, "porosidad_pct": 32.2, "espesor_arena_neta_ft": 70.5, "fuente": "Modelo DEMO sobre datos sinteticos. Distribuciones de la tabla 1 del USGS FS 2009-3028; etiqueta y reparto espacial inventados. NO es un dato observado.", "confianza": "baja", "ultima_verificacion": "2026-09-09"}}, {"type": "Feature", "geometry": {"type": "Polygon", "coordinates": [[[-63.02, 7.96], [-62.940000000000005, 7.96], [-62.940000000000005, 8.04], [-63.02, 8.04], [-63.02, 7.96]]]}, "properties": {"id": "DEMO--63.0200-7.9600", "tipo": "demo", "sector": "demo", "estado": "desconocido", "score": 0.1537, "demo": true, "porosidad_pct": 28.6, "espesor_arena_neta_ft": 68.2, "fuente": "Modelo DEMO sobre datos sinteticos. Distribuciones de la tabla 1 del USGS FS 2009-3028; etiqueta y reparto espacial inventados. NO es un dato observado.", "confianza": "baja", "ultima_verificacion": "2026-09-09"}}, {"type": "Feature", "geometry": {"type": "Polygon", "coordinates": [[[-62.94, 7.96], [-62.86, 7.96], [-62.86, 8.04], [-62.94, 8.04], [-62.94, 7.96]]]}, "properties": {"id": "DEMO--62.9400-7.9600", "tipo": "demo", "sector": "demo", "estado": "desconocido", "score": 0.6581, "demo": true, "porosidad_pct": 33.3, "espesor_arena_neta_ft": 96.7, "fuente": "Modelo DEMO sobre datos sinteticos. Distribuciones de la tabla 1 del USGS FS 2009-3028; etiqueta y reparto espacial inventados. NO es un dato observado.", "confianza": "baja", "ultima_verificacion": "2026-09-09"}}, {"type": "Feature", "geometry": {"type": "Polygon", "coordinates": [[[-62.86, 7.96], [-62.78, 7.96], [-62.78, 8.04], [-62.86, 8.04], [-62.86, 7.96]]]}, "properties": {"id": "DEMO--62.8600-7.9600", "tipo": "demo", "sector": "demo", "estado": "desconocido", "score": 0.9415, "demo": true, "porosidad_pct": 30.5, "espesor_arena_neta_ft": 157.3, "fuente": "Modelo DEMO sobre datos sinteticos. Distribuciones de la tabla 1 del USGS FS 2009-3028; etiqueta y reparto espacial inventados. NO es un dato observado.", "confianza": "baja", "ultima_verificacion": "2026-09-09"}}, {"type": "Feature", "geometry": {"type": "Polygon", "coordinates": [[[-62.78, 7.96], [-62.7, 7.96], [-62.7, 8.04], [-62.78, 8.04], [-62.78, 7.96]]]}, "properties": {"id": "DEMO--62.7800-7.9600", "tipo": "demo", "sector": "demo", "estado": "desconocido", "score": 0.5751, "demo": true, "porosidad_pct": 29.4, "espesor_arena_neta_ft": 52.4, "fuente": "Modelo DEMO sobre datos sinteticos. Distribuciones de la tabla 1 del USGS FS 2009-3028; etiqueta y reparto espacial inventados. NO es un dato observado.", "confianza": "baja", "ultima_verificacion": "2026-09-09"}}, {"type": "Feature", "geometry": {"type": "Polygon", "coordinates": [[[-62.7, 7.96], [-62.620000000000005, 7.96], [-62.620000000000005, 8.04], [-62.7, 8.04], [-62.7, 7.96]]]}, "properties": {"id": "DEMO--62.7000-7.9600", "tipo": "demo", "sector": "demo", "estado": "desconocido", "score": 0.8744, "demo": true, "porosidad_pct": 29.9, "espesor_arena_neta_ft": 173.0, "fuente": "Modelo DEMO sobre datos sinteticos. Distribuciones de la tabla 1 del USGS FS 2009-3028; etiqueta y reparto espacial inventados. NO es un dato observado.", "confianza": "baja", "ultima_verificacion": "2026-09-09"}}, {"type": "Feature", "geometry": {"type": "Polygon", "coordinates": [[[-62.62, 7.96], [-62.54, 7.96], [-62.54, 8.04], [-62.62, 8.04], [-62.62, 7.96]]]}, "properties": {"id": "DEMO--62.6200-7.9600", "tipo": "demo", "sector": "demo", "estado": "desconocido", "score": 0.2094, "demo": true, "porosidad_pct": 28.8, "espesor_arena_neta_ft": 65.9, "fuente": "Modelo DEMO sobre datos sinteticos. Distribuciones de la tabla 1 del USGS FS 2009-3028; etiqueta y reparto espacial inventados. NO es un dato observado.", "confianza": "baja", "ultima_verificacion": "2026-09-09"}}, {"type": "Feature", "geometry": {"type": "Polygon", "coordinates": [[[-62.54, 7.96], [-62.46, 7.96], [-62.46, 8.04], [-62.54, 8.04], [-62.54, 7.96]]]}, "properties": {"id": "DEMO--62.5400-7.9600", "tipo": "demo", "sector": "demo", "estado": "desconocido", "score": 0.8199, "demo": true, "porosidad_pct": 30.0, "espesor_arena_neta_ft": 97.0, "fuente": "Modelo DEMO sobre datos sinteticos. Distribuciones de la tabla 1 del USGS FS 2009-3028; etiqueta y reparto espacial inventados. NO es un dato observado.", "confianza": "baja", "ultima_verificacion": "2026-09-09"}}, {"type": "Feature", "geometry": {"type": "Polygon", "coordinates": [[[-62.46, 7.96], [-62.38, 7.96], [-62.38, 8.04], [-62.46, 8.04], [-62.46, 7.96]]]}, "properties": {"id": "DEMO--62.4600-7.9600", "tipo": "demo", "sector": "demo", "estado": "desconocido", "score": 0.6563, "demo": true, "porosidad_pct": 31.1, "espesor_arena_neta_ft": 81.4, "fuente": "Modelo DEMO sobre datos sinteticos. Distribuciones de la tabla 1 del USGS FS 2009-3028; etiqueta y reparto espacial inventados. NO es un dato observado.", "confianza": "baja", "ultima_verificacion": "2026-09-09"}}, {"type": "Feature", "geometry": {"type": "Polygon", "coordinates": [[[-62.38, 7.96], [-62.300000000000004, 7.96], [-62.300000000000004, 8.04], [-62.38, 8.04], [-62.38, 7.96]]]}, "properties": {"id": "DEMO--62.3800-7.9600", "tipo": "demo", "sector": "demo", "estado": "desconocido", "score": 0.3183, "demo": true, "porosidad_pct": 30.0, "espesor_arena_neta_ft": 53.2, "fuente": "Modelo DEMO sobre datos sinteticos. Distribuciones de la tabla 1 del USGS FS 2009-3028; etiqueta y reparto espacial inventados. NO es un dato observado.", "confianza": "baja", "ultima_verificacion": "2026-09-09"}}, {"type": "Feature", "geometry": {"type": "Polygon", "coordinates": [[[-62.3, 7.96], [-62.22, 7.96], [-62.22, 8.04], [-62.3, 8.04], [-62.3, 7.96]]]}, "properties": {"id": "DEMO--62.3000-7.9600", "tipo": "demo", "sector": "demo", "estado": "desconocido", "score": 0.5515, "demo": true, "porosidad_pct": 27.5, "espesor_arena_neta_ft": 150.5, "fuente": "Modelo DEMO sobre datos sinteticos. Distribuciones de la tabla 1 del USGS FS 2009-3028; etiqueta y reparto espacial inventados. NO es un dato observado.", "confianza": "baja", "ultima_verificacion": "2026-09-09"}}, {"type": "Feature", "geometry": {"type": "Polygon", "coordinates": [[[-62.22, 7.96], [-62.14, 7.96], [-62.14, 8.04], [-62.22, 8.04], [-62.22, 7.96]]]}, "properties": {"id": "DEMO--62.2200-7.9600", "tipo": "demo", "sector": "demo", "estado": "desconocido", "score": 0.5393, "demo": true, "porosidad_pct": 29.0, "espesor_arena_neta_ft": 160.7, "fuente": "Modelo DEMO sobre datos sinteticos. Distribuciones de la tabla 1 del USGS FS 2009-3028; etiqueta y reparto espacial inventados. NO es un dato observado.", "confianza": "baja", "ultima_verificacion": "2026-09-09"}}, {"type": "Feature", "geometry": {"type": "Polygon", "coordinates": [[[-62.14, 7.96], [-62.06, 7.96], [-62.06, 8.04], [-62.14, 8.04], [-62.14, 7.96]]]}, "properties": {"id": "DEMO--62.1400-7.9600", "tipo": "demo", "sector": "demo", "estado": "desconocido", "score": 0.6379, "demo": true, "porosidad_pct": 27.1, "espesor_arena_neta_ft": 189.6, "fuente": "Modelo DEMO sobre datos sinteticos. Distribuciones de la tabla 1 del USGS FS 2009-3028; etiqueta y reparto espacial inventados. NO es un dato observado.", "confianza": "baja", "ultima_verificacion": "2026-09-09"}}, {"type": "Feature", "geometry": {"type": "Polygon", "coordinates": [[[-67.34, 8.04], [-67.26, 8.04], [-67.26, 8.12], [-67.34, 8.12], [-67.34, 8.04]]]}, "properties": {"id": "DEMO--67.3400-8.0400", "tipo": "demo", "sector": "demo", "estado": "desconocido", "score": 0.076, "demo": true, "porosidad_pct": 25.6, "espesor_arena_neta_ft": 95.2, "fuente": "Modelo DEMO sobre datos sinteticos. Distribuciones de la tabla 1 del USGS FS 2009-3028; etiqueta y reparto espacial inventados. NO es un dato observado.", "confianza": "baja", "ultima_verificacion": "2026-09-09"}}, {"type": "Feature", "geometry": {"type": "Polygon", "coordinates": [[[-67.26, 8.04], [-67.18, 8.04], [-67.18, 8.12], [-67.26, 8.12], [-67.26, 8.04]]]}, "properties": {"id": "DEMO--67.2600-8.0400", "tipo": "demo", "sector": "demo", "estado": "desconocido", "score": 0.1505, "demo": true, "porosidad_pct": 26.8, "espesor_arena_neta_ft": 101.8, "fuente": "Modelo DEMO sobre datos sinteticos. Distribuciones de la tabla 1 del USGS FS 2009-3028; etiqueta y reparto espacial inventados. NO es un dato observado.", "confianza": "baja", "ultima_verificacion": "2026-09-09"}}, {"type": "Feature", "geometry": {"type": "Polygon", "coordinates": [[[-67.18, 8.04], [-67.10000000000001, 8.04], [-67.10000000000001, 8.12], [-67.18, 8.12], [-67.18, 8.04]]]}, "properties": {"id": "DEMO--67.1800-8.0400", "tipo": "demo", "sector": "demo", "estado": "desconocido", "score": 0.4277, "demo": true, "porosidad_pct": 25.2, "espesor_arena_neta_ft": 76.0, "fuente": "Modelo DEMO sobre datos sinteticos. Distribuciones de la tabla 1 del USGS FS 2009-3028; etiqueta y reparto espacial inventados. NO es un dato observado.", "confianza": "baja", "ultima_verificacion": "2026-09-09"}}, {"type": "Feature", "geometry": {"type": "Polygon", "coordinates": [[[-67.1, 8.04], [-67.02, 8.04], [-67.02, 8.12], [-67.1, 8.12], [-67.1, 8.04]]]}, "properties": {"id": "DEMO--67.1000-8.0400", "tipo": "demo", "sector": "demo", "estado": "desconocido", "score": 0.9072, "demo": true, "porosidad_pct": 31.8, "espesor_arena_neta_ft": 100.7, "fuente": "Modelo DEMO sobre datos sinteticos. Distribuciones de la tabla 1 del USGS FS 2009-3028; etiqueta y reparto espacial inventados. NO es un dato observado.", "confianza": "baja", "ultima_verificacion": "2026-09-09"}}, {"type": "Feature", "geometry": {"type": "Polygon", "coordinates": [[[-67.02, 8.04], [-66.94, 8.04], [-66.94, 8.12], [-67.02, 8.12], [-67.02, 8.04]]]}, "properties": {"id": "DEMO--67.0200-8.0400", "tipo": "demo", "sector": "demo", "estado": "desconocido", "score": 0.3994, "demo": true, "porosidad_pct": 28.5, "espesor_arena_neta_ft": 84.1, "fuente": "Modelo DEMO sobre datos sinteticos. Distribuciones de la tabla 1 del USGS FS 2009-3028; etiqueta y reparto espacial inventados. NO es un dato observado.", "confianza": "baja", "ultima_verificacion": "2026-09-09"}}, {"type": "Feature", "geometry": {"type": "Polygon", "coordinates": [[[-66.94, 8.04], [-66.86, 8.04], [-66.86, 8.12], [-66.94, 8.12], [-66.94, 8.04]]]}, "properties": {"id": "DEMO--66.9400-8.0400", "tipo": "demo", "sector": "demo", "estado": "desconocido", "score": 0.6821, "demo": true, "porosidad_pct": 29.7, "espesor_arena_neta_ft": 115.4, "fuente": "Modelo DEMO sobre datos sinteticos. Distribuciones de la tabla 1 del USGS FS 2009-3028; etiqueta y reparto espacial inventados. NO es un dato observado.", "confianza": "baja", "ultima_verificacion": "2026-09-09"}}, {"type": "Feature", "geometry": {"type": "Polygon", "coordinates": [[[-66.86, 8.04], [-66.78, 8.04], [-66.78, 8.12], [-66.86, 8.12], [-66.86, 8.04]]]}, "properties": {"id": "DEMO--66.8600-8.0400", "tipo": "demo", "sector": "demo", "estado": "desconocido", "score": 0.665, "demo": true, "porosidad_pct": 29.2, "espesor_arena_neta_ft": 107.4, "fuente": "Modelo DEMO sobre datos sinteticos. Distribuciones de la tabla 1 del USGS FS 2009-3028; etiqueta y reparto espacial inventados. NO es un dato observado.", "confianza": "baja", "ultima_verificacion": "2026-09-09"}}, {"type": "Feature", "geometry": {"type": "Polygon", "coordinates": [[[-66.78, 8.04], [-66.7, 8.04], [-66.7, 8.12], [-66.78, 8.12], [-66.78, 8.04]]]}, "properties": {"id": "DEMO--66.7800-8.0400", "tipo": "demo", "sector": "demo", "estado": "desconocido", "score": 0.5655, "demo": true, "porosidad_pct": 32.6, "espesor_arena_neta_ft": 102.4, "fuente": "Modelo DEMO sobre datos sinteticos. Distribuciones de la tabla 1 del USGS FS 2009-3028; etiqueta y reparto espacial inventados. NO es un dato observado.", "confianza": "baja", "ultima_verificacion": "2026-09-09"}}, {"type": "Feature", "geometry": {"type": "Polygon", "coordinates": [[[-66.7, 8.04], [-66.62, 8.04], [-66.62, 8.12], [-66.7, 8.12], [-66.7, 8.04]]]}, "properties": {"id": "DEMO--66.7000-8.0400", "tipo": "demo", "sector": "demo", "estado": "desconocido", "score": 0.653, "demo": true, "porosidad_pct": 30.0, "espesor_arena_neta_ft": 102.2, "fuente": "Modelo DEMO sobre datos sinteticos. Distribuciones de la tabla 1 del USGS FS 2009-3028; etiqueta y reparto espacial inventados. NO es un dato observado.", "confianza": "baja", "ultima_verificacion": "2026-09-09"}}, {"type": "Feature", "geometry": {"type": "Polygon", "coordinates": [[[-66.62, 8.04], [-66.54, 8.04], [-66.54, 8.12], [-66.62, 8.12], [-66.62, 8.04]]]}, "properties": {"id": "DEMO--66.6200-8.0400", "tipo": "demo", "sector": "demo", "estado": "desconocido", "score": 0.736, "demo": true, "porosidad_pct": 34.1, "espesor_arena_neta_ft": 90.9, "fuente": "Modelo DEMO sobre datos sinteticos. Distribuciones de la tabla 1 del USGS FS 2009-3028; etiqueta y reparto espacial inventados. NO es un dato observado.", "confianza": "baja", "ultima_verificacion": "2026-09-09"}}, {"type": "Feature", "geometry": {"type": "Polygon", "coordinates": [[[-66.54, 8.04], [-66.46000000000001, 8.04], [-66.46000000000001, 8.12], [-66.54, 8.12], [-66.54, 8.04]]]}, "properties": {"id": "DEMO--66.5400-8.0400", "tipo": "demo", "sector": "demo", "estado": "desconocido", "score": 0.6022, "demo": true, "porosidad_pct": 31.0, "espesor_arena_neta_ft": 98.8, "fuente": "Modelo DEMO sobre datos sinteticos. Distribuciones de la tabla 1 del USGS FS 2009-3028; etiqueta y reparto espacial inventados. NO es un dato observado.", "confianza": "baja", "ultima_verificacion": "2026-09-09"}}, {"type": "Feature", "geometry": {"type": "Polygon", "coordinates": [[[-66.46, 8.04], [-66.38, 8.04], [-66.38, 8.12], [-66.46, 8.12], [-66.46, 8.04]]]}, "properties": {"id": "DEMO--66.4600-8.0400", "tipo": "demo", "sector": "demo", "estado": "desconocido", "score": 0.5103, "demo": true, "porosidad_pct": 29.4, "espesor_arena_neta_ft": 82.3, "fuente": "Modelo DEMO sobre datos sinteticos. Distribuciones de la tabla 1 del USGS FS 2009-3028; etiqueta y reparto espacial inventados. NO es un dato observado.", "confianza": "baja", "ultima_verificacion": "2026-09-09"}}, {"type": "Feature", "geometry": {"type": "Polygon", "coordinates": [[[-66.38, 8.04], [-66.3, 8.04], [-66.3, 8.12], [-66.38, 8.12], [-66.38, 8.04]]]}, "properties": {"id": "DEMO--66.3800-8.0400", "tipo": "demo", "sector": "demo", "estado": "desconocido", "score": 0.5093, "demo": true, "porosidad_pct": 29.1, "espesor_arena_neta_ft": 129.0, "fuente": "Modelo DEMO sobre datos sinteticos. Distribuciones de la tabla 1 del USGS FS 2009-3028; etiqueta y reparto espacial inventados. NO es un dato observado.", "confianza": "baja", "ultima_verificacion": "2026-09-09"}}, {"type": "Feature", "geometry": {"type": "Polygon", "coordinates": [[[-66.3, 8.04], [-66.22, 8.04], [-66.22, 8.12], [-66.3, 8.12], [-66.3, 8.04]]]}, "properties": {"id": "DEMO--66.3000-8.0400", "tipo": "demo", "sector": "demo", "estado": "desconocido", "score": 0.6776, "demo": true, "porosidad_pct": 31.3, "espesor_arena_neta_ft": 138.4, "fuente": "Modelo DEMO sobre datos sinteticos. Distribuciones de la tabla 1 del USGS FS 2009-3028; etiqueta y reparto espacial inventados. NO es un dato observado.", "confianza": "baja", "ultima_verificacion": "2026-09-09"}}, {"type": "Feature", "geometry": {"type": "Polygon", "coordinates": [[[-66.22, 8.04], [-66.14, 8.04], [-66.14, 8.12], [-66.22, 8.12], [-66.22, 8.04]]]}, "properties": {"id": "DEMO--66.2200-8.0400", "tipo": "demo", "sector": "demo", "estado": "desconocido", "score": 0.6137, "demo": true, "porosidad_pct": 33.5, "espesor_arena_neta_ft": 117.5, "fuente": "Modelo DEMO sobre datos sinteticos. Distribuciones de la tabla 1 del USGS FS 2009-3028; etiqueta y reparto espacial inventados. NO es un dato observado.", "confianza": "baja", "ultima_verificacion": "2026-09-09"}}, {"type": "Feature", "geometry": {"type": "Polygon", "coordinates": [[[-66.14, 8.04], [-66.06, 8.04], [-66.06, 8.12], [-66.14, 8.12], [-66.14, 8.04]]]}, "properties": {"id": "DEMO--66.1400-8.0400", "tipo": "demo", "sector": "demo", "estado": "desconocido", "score": 0.834, "demo": true, "porosidad_pct": 33.4, "espesor_arena_neta_ft": 167.4, "fuente": "Modelo DEMO sobre datos sinteticos. Distribuciones de la tabla 1 del USGS FS 2009-3028; etiqueta y reparto espacial inventados. NO es un dato observado.", "confianza": "baja", "ultima_verificacion": "2026-09-09"}}, {"type": "Feature", "geometry": {"type": "Polygon", "coordinates": [[[-66.06, 8.04], [-65.98, 8.04], [-65.98, 8.12], [-66.06, 8.12], [-66.06, 8.04]]]}, "properties": {"id": "DEMO--66.0600-8.0400", "tipo": "demo", "sector": "demo", "estado": "desconocido", "score": 0.6519, "demo": true, "porosidad_pct": 29.5, "espesor_arena_neta_ft": 142.7, "fuente": "Modelo DEMO sobre datos sinteticos. Distribuciones de la tabla 1 del USGS FS 2009-3028; etiqueta y reparto espacial inventados. NO es un dato observado.", "confianza": "baja", "ultima_verificacion": "2026-09-09"}}, {"type": "Feature", "geometry": {"type": "Polygon", "coordinates": [[[-65.98, 8.04], [-65.9, 8.04], [-65.9, 8.12], [-65.98, 8.12], [-65.98, 8.04]]]}, "properties": {"id": "DEMO--65.9800-8.0400", "tipo": "demo", "sector": "demo", "estado": "desconocido", "score": 0.4952, "demo": true, "porosidad_pct": 28.8, "espesor_arena_neta_ft": 110.1, "fuente": "Modelo DEMO sobre datos sinteticos. Distribuciones de la tabla 1 del USGS FS 2009-3028; etiqueta y reparto espacial inventados. NO es un dato observado.", "confianza": "baja", "ultima_verificacion": "2026-09-09"}}, {"type": "Feature", "geometry": {"type": "Polygon", "coordinates": [[[-65.9, 8.04], [-65.82000000000001, 8.04], [-65.82000000000001, 8.12], [-65.9, 8.12], [-65.9, 8.04]]]}, "properties": {"id": "DEMO--65.9000-8.0400", "tipo": "demo", "sector": "demo", "estado": "desconocido", "score": 0.8039, "demo": true, "porosidad_pct": 29.6, "espesor_arena_neta_ft": 152.1, "fuente": "Modelo DEMO sobre datos sinteticos. Distribuciones de la tabla 1 del USGS FS 2009-3028; etiqueta y reparto espacial inventados. NO es un dato observado.", "confianza": "baja", "ultima_verificacion": "2026-09-09"}}, {"type": "Feature", "geometry": {"type": "Polygon", "coordinates": [[[-65.82, 8.04], [-65.74, 8.04], [-65.74, 8.12], [-65.82, 8.12], [-65.82, 8.04]]]}, "properties": {"id": "DEMO--65.8200-8.0400", "tipo": "demo", "sector": "demo", "estado": "desconocido", "score": 0.5666, "demo": true, "porosidad_pct": 26.8, "espesor_arena_neta_ft": 120.7, "fuente": "Modelo DEMO sobre datos sinteticos. Distribuciones de la tabla 1 del USGS FS 2009-3028; etiqueta y reparto espacial inventados. NO es un dato observado.", "confianza": "baja", "ultima_verificacion": "2026-09-09"}}, {"type": "Feature", "geometry": {"type": "Polygon", "coordinates": [[[-65.74, 8.04], [-65.66, 8.04], [-65.66, 8.12], [-65.74, 8.12], [-65.74, 8.04]]]}, "properties": {"id": "DEMO--65.7400-8.0400", "tipo": "demo", "sector": "demo", "estado": "desconocido", "score": 0.8429, "demo": true, "porosidad_pct": 29.9, "espesor_arena_neta_ft": 217.3, "fuente": "Modelo DEMO sobre datos sinteticos. Distribuciones de la tabla 1 del USGS FS 2009-3028; etiqueta y reparto espacial inventados. NO es un dato observado.", "confianza": "baja", "ultima_verificacion": "2026-09-09"}}, {"type": "Feature", "geometry": {"type": "Polygon", "coordinates": [[[-65.66, 8.04], [-65.58, 8.04], [-65.58, 8.12], [-65.66, 8.12], [-65.66, 8.04]]]}, "properties": {"id": "DEMO--65.6600-8.0400", "tipo": "demo", "sector": "demo", "estado": "desconocido", "score": 0.5704, "demo": true, "porosidad_pct": 29.2, "espesor_arena_neta_ft": 153.0, "fuente": "Modelo DEMO sobre datos sinteticos. Distribuciones de la tabla 1 del USGS FS 2009-3028; etiqueta y reparto espacial inventados. NO es un dato observado.", "confianza": "baja", "ultima_verificacion": "2026-09-09"}}, {"type": "Feature", "geometry": {"type": "Polygon", "coordinates": [[[-65.58, 8.04], [-65.5, 8.04], [-65.5, 8.12], [-65.58, 8.12], [-65.58, 8.04]]]}, "properties": {"id": "DEMO--65.5800-8.0400", "tipo": "demo", "sector": "demo", "estado": "desconocido", "score": 0.6563, "demo": true, "porosidad_pct": 27.7, "espesor_arena_neta_ft": 183.9, "fuente": "Modelo DEMO sobre datos sinteticos. Distribuciones de la tabla 1 del USGS FS 2009-3028; etiqueta y reparto espacial inventados. NO es un dato observado.", "confianza": "baja", "ultima_verificacion": "2026-09-09"}}, {"type": "Feature", "geometry": {"type": "Polygon", "coordinates": [[[-65.5, 8.04], [-65.42, 8.04], [-65.42, 8.12], [-65.5, 8.12], [-65.5, 8.04]]]}, "properties": {"id": "DEMO--65.5000-8.0400", "tipo": "demo", "sector": "demo", "estado": "desconocido", "score": 0.0651, "demo": true, "porosidad_pct": 26.8, "espesor_arena_neta_ft": 147.6, "fuente": "Modelo DEMO sobre datos sinteticos. Distribuciones de la tabla 1 del USGS FS 2009-3028; etiqueta y reparto espacial inventados. NO es un dato observado.", "confianza": "baja", "ultima_verificacion": "2026-09-09"}}, {"type": "Feature", "geometry": {"type": "Polygon", "coordinates": [[[-65.42, 8.04], [-65.34, 8.04], [-65.34, 8.12], [-65.42, 8.12], [-65.42, 8.04]]]}, "properties": {"id": "DEMO--65.4200-8.0400", "tipo": "demo", "sector": "demo", "estado": "desconocido", "score": 0.6027, "demo": true, "porosidad_pct": 28.6, "espesor_arena_neta_ft": 168.5, "fuente": "Modelo DEMO sobre datos sinteticos. Distribuciones de la tabla 1 del USGS FS 2009-3028; etiqueta y reparto espacial inventados. NO es un dato observado.", "confianza": "baja", "ultima_verificacion": "2026-09-09"}}, {"type": "Feature", "geometry": {"type": "Polygon", "coordinates": [[[-65.34, 8.04], [-65.26, 8.04], [-65.26, 8.12], [-65.34, 8.12], [-65.34, 8.04]]]}, "properties": {"id": "DEMO--65.3400-8.0400", "tipo": "demo", "sector": "demo", "estado": "desconocido", "score": 0.1607, "demo": true, "porosidad_pct": 25.2, "espesor_arena_neta_ft": 173.0, "fuente": "Modelo DEMO sobre datos sinteticos. Distribuciones de la tabla 1 del USGS FS 2009-3028; etiqueta y reparto espacial inventados. NO es un dato observado.", "confianza": "baja", "ultima_verificacion": "2026-09-09"}}, {"type": "Feature", "geometry": {"type": "Polygon", "coordinates": [[[-65.26, 8.04], [-65.18, 8.04], [-65.18, 8.12], [-65.26, 8.12], [-65.26, 8.04]]]}, "properties": {"id": "DEMO--65.2600-8.0400", "tipo": "demo", "sector": "demo", "estado": "desconocido", "score": 0.5973, "demo": true, "porosidad_pct": 29.5, "espesor_arena_neta_ft": 131.4, "fuente": "Modelo DEMO sobre datos sinteticos. Distribuciones de la tabla 1 del USGS FS 2009-3028; etiqueta y reparto espacial inventados. NO es un dato observado.", "confianza": "baja", "ultima_verificacion": "2026-09-09"}}, {"type": "Feature", "geometry": {"type": "Polygon", "coordinates": [[[-65.18, 8.04], [-65.10000000000001, 8.04], [-65.10000000000001, 8.12], [-65.18, 8.12], [-65.18, 8.04]]]}, "properties": {"id": "DEMO--65.1800-8.0400", "tipo": "demo", "sector": "demo", "estado": "desconocido", "score": 0.332, "demo": true, "porosidad_pct": 27.8, "espesor_arena_neta_ft": 152.4, "fuente": "Modelo DEMO sobre datos sinteticos. Distribuciones de la tabla 1 del USGS FS 2009-3028; etiqueta y reparto espacial inventados. NO es un dato observado.", "confianza": "baja", "ultima_verificacion": "2026-09-09"}}, {"type": "Feature", "geometry": {"type": "Polygon", "coordinates": [[[-65.1, 8.04], [-65.02, 8.04], [-65.02, 8.12], [-65.1, 8.12], [-65.1, 8.04]]]}, "properties": {"id": "DEMO--65.1000-8.0400", "tipo": "demo", "sector": "demo", "estado": "desconocido", "score": 0.8067, "demo": true, "porosidad_pct": 28.5, "espesor_arena_neta_ft": 167.6, "fuente": "Modelo DEMO sobre datos sinteticos. Distribuciones de la tabla 1 del USGS FS 2009-3028; etiqueta y reparto espacial inventados. NO es un dato observado.", "confianza": "baja", "ultima_verificacion": "2026-09-09"}}, {"type": "Feature", "geometry": {"type": "Polygon", "coordinates": [[[-65.02, 8.04], [-64.94, 8.04], [-64.94, 8.12], [-65.02, 8.12], [-65.02, 8.04]]]}, "properties": {"id": "DEMO--65.0200-8.0400", "tipo": "demo", "sector": "demo", "estado": "desconocido", "score": 0.3251, "demo": true, "porosidad_pct": 27.2, "espesor_arena_neta_ft": 244.4, "fuente": "Modelo DEMO sobre datos sinteticos. Distribuciones de la tabla 1 del USGS FS 2009-3028; etiqueta y reparto espacial inventados. NO es un dato observado.", "confianza": "baja", "ultima_verificacion": "2026-09-09"}}, {"type": "Feature", "geometry": {"type": "Polygon", "coordinates": [[[-64.94, 8.04], [-64.86, 8.04], [-64.86, 8.12], [-64.94, 8.12], [-64.94, 8.04]]]}, "properties": {"id": "DEMO--64.9400-8.0400", "tipo": "demo", "sector": "demo", "estado": "desconocido", "score": 0.4352, "demo": true, "porosidad_pct": 31.5, "espesor_arena_neta_ft": 137.6, "fuente": "Modelo DEMO sobre datos sinteticos. Distribuciones de la tabla 1 del USGS FS 2009-3028; etiqueta y reparto espacial inventados. NO es un dato observado.", "confianza": "baja", "ultima_verificacion": "2026-09-09"}}, {"type": "Feature", "geometry": {"type": "Polygon", "coordinates": [[[-64.86, 8.04], [-64.78, 8.04], [-64.78, 8.12], [-64.86, 8.12], [-64.86, 8.04]]]}, "properties": {"id": "DEMO--64.8600-8.0400", "tipo": "demo", "sector": "demo", "estado": "desconocido", "score": 0.6905, "demo": true, "porosidad_pct": 25.9, "espesor_arena_neta_ft": 226.3, "fuente": "Modelo DEMO sobre datos sinteticos. Distribuciones de la tabla 1 del USGS FS 2009-3028; etiqueta y reparto espacial inventados. NO es un dato observado.", "confianza": "baja", "ultima_verificacion": "2026-09-09"}}, {"type": "Feature", "geometry": {"type": "Polygon", "coordinates": [[[-64.78, 8.04], [-64.7, 8.04], [-64.7, 8.12], [-64.78, 8.12], [-64.78, 8.04]]]}, "properties": {"id": "DEMO--64.7800-8.0400", "tipo": "demo", "sector": "demo", "estado": "desconocido", "score": 0.6157, "demo": true, "porosidad_pct": 29.5, "espesor_arena_neta_ft": 207.1, "fuente": "Modelo DEMO sobre datos sinteticos. Distribuciones de la tabla 1 del USGS FS 2009-3028; etiqueta y reparto espacial inventados. NO es un dato observado.", "confianza": "baja", "ultima_verificacion": "2026-09-09"}}, {"type": "Feature", "geometry": {"type": "Polygon", "coordinates": [[[-64.7, 8.04], [-64.62, 8.04], [-64.62, 8.12], [-64.7, 8.12], [-64.7, 8.04]]]}, "properties": {"id": "DEMO--64.7000-8.0400", "tipo": "demo", "sector": "demo", "estado": "desconocido", "score": 0.6581, "demo": true, "porosidad_pct": 25.8, "espesor_arena_neta_ft": 247.0, "fuente": "Modelo DEMO sobre datos sinteticos. Distribuciones de la tabla 1 del USGS FS 2009-3028; etiqueta y reparto espacial inventados. NO es un dato observado.", "confianza": "baja", "ultima_verificacion": "2026-09-09"}}, {"type": "Feature", "geometry": {"type": "Polygon", "coordinates": [[[-64.62, 8.04], [-64.54, 8.04], [-64.54, 8.12], [-64.62, 8.12], [-64.62, 8.04]]]}, "properties": {"id": "DEMO--64.6200-8.0400", "tipo": "demo", "sector": "demo", "estado": "desconocido", "score": 0.8252, "demo": true, "porosidad_pct": 28.2, "espesor_arena_neta_ft": 262.5, "fuente": "Modelo DEMO sobre datos sinteticos. Distribuciones de la tabla 1 del USGS FS 2009-3028; etiqueta y reparto espacial inventados. NO es un dato observado.", "confianza": "baja", "ultima_verificacion": "2026-09-09"}}, {"type": "Feature", "geometry": {"type": "Polygon", "coordinates": [[[-64.54, 8.04], [-64.46000000000001, 8.04], [-64.46000000000001, 8.12], [-64.54, 8.12], [-64.54, 8.04]]]}, "properties": {"id": "DEMO--64.5400-8.0400", "tipo": "demo", "sector": "demo", "estado": "desconocido", "score": 0.5027, "demo": true, "porosidad_pct": 25.3, "espesor_arena_neta_ft": 203.2, "fuente": "Modelo DEMO sobre datos sinteticos. Distribuciones de la tabla 1 del USGS FS 2009-3028; etiqueta y reparto espacial inventados. NO es un dato observado.", "confianza": "baja", "ultima_verificacion": "2026-09-09"}}, {"type": "Feature", "geometry": {"type": "Polygon", "coordinates": [[[-64.46, 8.04], [-64.38, 8.04], [-64.38, 8.12], [-64.46, 8.12], [-64.46, 8.04]]]}, "properties": {"id": "DEMO--64.4600-8.0400", "tipo": "demo", "sector": "demo", "estado": "desconocido", "score": 0.1764, "demo": true, "porosidad_pct": 25.0, "espesor_arena_neta_ft": 207.7, "fuente": "Modelo DEMO sobre datos sinteticos. Distribuciones de la tabla 1 del USGS FS 2009-3028; etiqueta y reparto espacial inventados. NO es un dato observado.", "confianza": "baja", "ultima_verificacion": "2026-09-09"}}, {"type": "Feature", "geometry": {"type": "Polygon", "coordinates": [[[-64.38, 8.04], [-64.3, 8.04], [-64.3, 8.12], [-64.38, 8.12], [-64.38, 8.04]]]}, "properties": {"id": "DEMO--64.3800-8.0400", "tipo": "demo", "sector": "demo", "estado": "desconocido", "score": 0.6023, "demo": true, "porosidad_pct": 26.5, "espesor_arena_neta_ft": 190.4, "fuente": "Modelo DEMO sobre datos sinteticos. Distribuciones de la tabla 1 del USGS FS 2009-3028; etiqueta y reparto espacial inventados. NO es un dato observado.", "confianza": "baja", "ultima_verificacion": "2026-09-09"}}, {"type": "Feature", "geometry": {"type": "Polygon", "coordinates": [[[-64.3, 8.04], [-64.22, 8.04], [-64.22, 8.12], [-64.3, 8.12], [-64.3, 8.04]]]}, "properties": {"id": "DEMO--64.3000-8.0400", "tipo": "demo", "sector": "demo", "estado": "desconocido", "score": 0.7078, "demo": true, "porosidad_pct": 29.1, "espesor_arena_neta_ft": 150.5, "fuente": "Modelo DEMO sobre datos sinteticos. Distribuciones de la tabla 1 del USGS FS 2009-3028; etiqueta y reparto espacial inventados. NO es un dato observado.", "confianza": "baja", "ultima_verificacion": "2026-09-09"}}, {"type": "Feature", "geometry": {"type": "Polygon", "coordinates": [[[-64.22, 8.04], [-64.14, 8.04], [-64.14, 8.12], [-64.22, 8.12], [-64.22, 8.04]]]}, "properties": {"id": "DEMO--64.2200-8.0400", "tipo": "demo", "sector": "demo", "estado": "desconocido", "score": 0.2623, "demo": true, "porosidad_pct": 26.5, "espesor_arena_neta_ft": 189.6, "fuente": "Modelo DEMO sobre datos sinteticos. Distribuciones de la tabla 1 del USGS FS 2009-3028; etiqueta y reparto espacial inventados. NO es un dato observado.", "confianza": "baja", "ultima_verificacion": "2026-09-09"}}, {"type": "Feature", "geometry": {"type": "Polygon", "coordinates": [[[-64.14, 8.04], [-64.06, 8.04], [-64.06, 8.12], [-64.14, 8.12], [-64.14, 8.04]]]}, "properties": {"id": "DEMO--64.1400-8.0400", "tipo": "demo", "sector": "demo", "estado": "desconocido", "score": 0.64, "demo": true, "porosidad_pct": 30.5, "espesor_arena_neta_ft": 150.3, "fuente": "Modelo DEMO sobre datos sinteticos. Distribuciones de la tabla 1 del USGS FS 2009-3028; etiqueta y reparto espacial inventados. NO es un dato observado.", "confianza": "baja", "ultima_verificacion": "2026-09-09"}}, {"type": "Feature", "geometry": {"type": "Polygon", "coordinates": [[[-64.06, 8.04], [-63.980000000000004, 8.04], [-63.980000000000004, 8.12], [-64.06, 8.12], [-64.06, 8.04]]]}, "properties": {"id": "DEMO--64.0600-8.0400", "tipo": "demo", "sector": "demo", "estado": "desconocido", "score": 0.0519, "demo": true, "porosidad_pct": 24.4, "espesor_arena_neta_ft": 137.3, "fuente": "Modelo DEMO sobre datos sinteticos. Distribuciones de la tabla 1 del USGS FS 2009-3028; etiqueta y reparto espacial inventados. NO es un dato observado.", "confianza": "baja", "ultima_verificacion": "2026-09-09"}}, {"type": "Feature", "geometry": {"type": "Polygon", "coordinates": [[[-63.98, 8.04], [-63.9, 8.04], [-63.9, 8.12], [-63.98, 8.12], [-63.98, 8.04]]]}, "properties": {"id": "DEMO--63.9800-8.0400", "tipo": "demo", "sector": "demo", "estado": "desconocido", "score": 0.5417, "demo": true, "porosidad_pct": 28.9, "espesor_arena_neta_ft": 166.8, "fuente": "Modelo DEMO sobre datos sinteticos. Distribuciones de la tabla 1 del USGS FS 2009-3028; etiqueta y reparto espacial inventados. NO es un dato observado.", "confianza": "baja", "ultima_verificacion": "2026-09-09"}}, {"type": "Feature", "geometry": {"type": "Polygon", "coordinates": [[[-63.9, 8.04], [-63.82, 8.04], [-63.82, 8.12], [-63.9, 8.12], [-63.9, 8.04]]]}, "properties": {"id": "DEMO--63.9000-8.0400", "tipo": "demo", "sector": "demo", "estado": "desconocido", "score": 0.1752, "demo": true, "porosidad_pct": 27.0, "espesor_arena_neta_ft": 152.4, "fuente": "Modelo DEMO sobre datos sinteticos. Distribuciones de la tabla 1 del USGS FS 2009-3028; etiqueta y reparto espacial inventados. NO es un dato observado.", "confianza": "baja", "ultima_verificacion": "2026-09-09"}}, {"type": "Feature", "geometry": {"type": "Polygon", "coordinates": [[[-63.82, 8.04], [-63.74, 8.04], [-63.74, 8.12], [-63.82, 8.12], [-63.82, 8.04]]]}, "properties": {"id": "DEMO--63.8200-8.0400", "tipo": "demo", "sector": "demo", "estado": "desconocido", "score": 0.295, "demo": true, "porosidad_pct": 28.9, "espesor_arena_neta_ft": 137.7, "fuente": "Modelo DEMO sobre datos sinteticos. Distribuciones de la tabla 1 del USGS FS 2009-3028; etiqueta y reparto espacial inventados. NO es un dato observado.", "confianza": "baja", "ultima_verificacion": "2026-09-09"}}, {"type": "Feature", "geometry": {"type": "Polygon", "coordinates": [[[-63.74, 8.04], [-63.660000000000004, 8.04], [-63.660000000000004, 8.12], [-63.74, 8.12], [-63.74, 8.04]]]}, "properties": {"id": "DEMO--63.7400-8.0400", "tipo": "demo", "sector": "demo", "estado": "desconocido", "score": 0.0715, "demo": true, "porosidad_pct": 25.2, "espesor_arena_neta_ft": 118.1, "fuente": "Modelo DEMO sobre datos sinteticos. Distribuciones de la tabla 1 del USGS FS 2009-3028; etiqueta y reparto espacial inventados. NO es un dato observado.", "confianza": "baja", "ultima_verificacion": "2026-09-09"}}, {"type": "Feature", "geometry": {"type": "Polygon", "coordinates": [[[-63.66, 8.04], [-63.58, 8.04], [-63.58, 8.12], [-63.66, 8.12], [-63.66, 8.04]]]}, "properties": {"id": "DEMO--63.6600-8.0400", "tipo": "demo", "sector": "demo", "estado": "desconocido", "score": 0.0363, "demo": true, "porosidad_pct": 24.4, "espesor_arena_neta_ft": 99.8, "fuente": "Modelo DEMO sobre datos sinteticos. Distribuciones de la tabla 1 del USGS FS 2009-3028; etiqueta y reparto espacial inventados. NO es un dato observado.", "confianza": "baja", "ultima_verificacion": "2026-09-09"}}, {"type": "Feature", "geometry": {"type": "Polygon", "coordinates": [[[-63.58, 8.04], [-63.5, 8.04], [-63.5, 8.12], [-63.58, 8.12], [-63.58, 8.04]]]}, "properties": {"id": "DEMO--63.5800-8.0400", "tipo": "demo", "sector": "demo", "estado": "desconocido", "score": 0.3603, "demo": true, "porosidad_pct": 27.5, "espesor_arena_neta_ft": 146.9, "fuente": "Modelo DEMO sobre datos sinteticos. Distribuciones de la tabla 1 del USGS FS 2009-3028; etiqueta y reparto espacial inventados. NO es un dato observado.", "confianza": "baja", "ultima_verificacion": "2026-09-09"}}, {"type": "Feature", "geometry": {"type": "Polygon", "coordinates": [[[-63.5, 8.04], [-63.42, 8.04], [-63.42, 8.12], [-63.5, 8.12], [-63.5, 8.04]]]}, "properties": {"id": "DEMO--63.5000-8.0400", "tipo": "demo", "sector": "demo", "estado": "desconocido", "score": 0.4005, "demo": true, "porosidad_pct": 28.5, "espesor_arena_neta_ft": 146.3, "fuente": "Modelo DEMO sobre datos sinteticos. Distribuciones de la tabla 1 del USGS FS 2009-3028; etiqueta y reparto espacial inventados. NO es un dato observado.", "confianza": "baja", "ultima_verificacion": "2026-09-09"}}, {"type": "Feature", "geometry": {"type": "Polygon", "coordinates": [[[-63.42, 8.04], [-63.34, 8.04], [-63.34, 8.12], [-63.42, 8.12], [-63.42, 8.04]]]}, "properties": {"id": "DEMO--63.4200-8.0400", "tipo": "demo", "sector": "demo", "estado": "desconocido", "score": 0.4876, "demo": true, "porosidad_pct": 31.1, "espesor_arena_neta_ft": 111.9, "fuente": "Modelo DEMO sobre datos sinteticos. Distribuciones de la tabla 1 del USGS FS 2009-3028; etiqueta y reparto espacial inventados. NO es un dato observado.", "confianza": "baja", "ultima_verificacion": "2026-09-09"}}, {"type": "Feature", "geometry": {"type": "Polygon", "coordinates": [[[-63.34, 8.04], [-63.260000000000005, 8.04], [-63.260000000000005, 8.12], [-63.34, 8.12], [-63.34, 8.04]]]}, "properties": {"id": "DEMO--63.3400-8.0400", "tipo": "demo", "sector": "demo", "estado": "desconocido", "score": 0.653, "demo": true, "porosidad_pct": 29.0, "espesor_arena_neta_ft": 197.3, "fuente": "Modelo DEMO sobre datos sinteticos. Distribuciones de la tabla 1 del USGS FS 2009-3028; etiqueta y reparto espacial inventados. NO es un dato observado.", "confianza": "baja", "ultima_verificacion": "2026-09-09"}}, {"type": "Feature", "geometry": {"type": "Polygon", "coordinates": [[[-63.26, 8.04], [-63.18, 8.04], [-63.18, 8.12], [-63.26, 8.12], [-63.26, 8.04]]]}, "properties": {"id": "DEMO--63.2600-8.0400", "tipo": "demo", "sector": "demo", "estado": "desconocido", "score": 0.961, "demo": true, "porosidad_pct": 31.6, "espesor_arena_neta_ft": 156.4, "fuente": "Modelo DEMO sobre datos sinteticos. Distribuciones de la tabla 1 del USGS FS 2009-3028; etiqueta y reparto espacial inventados. NO es un dato observado.", "confianza": "baja", "ultima_verificacion": "2026-09-09"}}, {"type": "Feature", "geometry": {"type": "Polygon", "coordinates": [[[-63.18, 8.04], [-63.1, 8.04], [-63.1, 8.12], [-63.18, 8.12], [-63.18, 8.04]]]}, "properties": {"id": "DEMO--63.1800-8.0400", "tipo": "demo", "sector": "demo", "estado": "desconocido", "score": 0.1898, "demo": true, "porosidad_pct": 27.9, "espesor_arena_neta_ft": 34.8, "fuente": "Modelo DEMO sobre datos sinteticos. Distribuciones de la tabla 1 del USGS FS 2009-3028; etiqueta y reparto espacial inventados. NO es un dato observado.", "confianza": "baja", "ultima_verificacion": "2026-09-09"}}, {"type": "Feature", "geometry": {"type": "Polygon", "coordinates": [[[-63.1, 8.04], [-63.02, 8.04], [-63.02, 8.12], [-63.1, 8.12], [-63.1, 8.04]]]}, "properties": {"id": "DEMO--63.1000-8.0400", "tipo": "demo", "sector": "demo", "estado": "desconocido", "score": 0.7565, "demo": true, "porosidad_pct": 28.8, "espesor_arena_neta_ft": 138.8, "fuente": "Modelo DEMO sobre datos sinteticos. Distribuciones de la tabla 1 del USGS FS 2009-3028; etiqueta y reparto espacial inventados. NO es un dato observado.", "confianza": "baja", "ultima_verificacion": "2026-09-09"}}, {"type": "Feature", "geometry": {"type": "Polygon", "coordinates": [[[-63.02, 8.04], [-62.940000000000005, 8.04], [-62.940000000000005, 8.12], [-63.02, 8.12], [-63.02, 8.04]]]}, "properties": {"id": "DEMO--63.0200-8.0400", "tipo": "demo", "sector": "demo", "estado": "desconocido", "score": 0.4922, "demo": true, "porosidad_pct": 29.8, "espesor_arena_neta_ft": 174.3, "fuente": "Modelo DEMO sobre datos sinteticos. Distribuciones de la tabla 1 del USGS FS 2009-3028; etiqueta y reparto espacial inventados. NO es un dato observado.", "confianza": "baja", "ultima_verificacion": "2026-09-09"}}, {"type": "Feature", "geometry": {"type": "Polygon", "coordinates": [[[-62.94, 8.04], [-62.86, 8.04], [-62.86, 8.12], [-62.94, 8.12], [-62.94, 8.04]]]}, "properties": {"id": "DEMO--62.9400-8.0400", "tipo": "demo", "sector": "demo", "estado": "desconocido", "score": 0.4067, "demo": true, "porosidad_pct": 30.8, "espesor_arena_neta_ft": 32.6, "fuente": "Modelo DEMO sobre datos sinteticos. Distribuciones de la tabla 1 del USGS FS 2009-3028; etiqueta y reparto espacial inventados. NO es un dato observado.", "confianza": "baja", "ultima_verificacion": "2026-09-09"}}, {"type": "Feature", "geometry": {"type": "Polygon", "coordinates": [[[-62.86, 8.04], [-62.78, 8.04], [-62.78, 8.12], [-62.86, 8.12], [-62.86, 8.04]]]}, "properties": {"id": "DEMO--62.8600-8.0400", "tipo": "demo", "sector": "demo", "estado": "desconocido", "score": 0.8307, "demo": true, "porosidad_pct": 34.1, "espesor_arena_neta_ft": 86.0, "fuente": "Modelo DEMO sobre datos sinteticos. Distribuciones de la tabla 1 del USGS FS 2009-3028; etiqueta y reparto espacial inventados. NO es un dato observado.", "confianza": "baja", "ultima_verificacion": "2026-09-09"}}, {"type": "Feature", "geometry": {"type": "Polygon", "coordinates": [[[-62.78, 8.04], [-62.7, 8.04], [-62.7, 8.12], [-62.78, 8.12], [-62.78, 8.04]]]}, "properties": {"id": "DEMO--62.7800-8.0400", "tipo": "demo", "sector": "demo", "estado": "desconocido", "score": 0.8081, "demo": true, "porosidad_pct": 30.2, "espesor_arena_neta_ft": 147.0, "fuente": "Modelo DEMO sobre datos sinteticos. Distribuciones de la tabla 1 del USGS FS 2009-3028; etiqueta y reparto espacial inventados. NO es un dato observado.", "confianza": "baja", "ultima_verificacion": "2026-09-09"}}, {"type": "Feature", "geometry": {"type": "Polygon", "coordinates": [[[-62.7, 8.04], [-62.620000000000005, 8.04], [-62.620000000000005, 8.12], [-62.7, 8.12], [-62.7, 8.04]]]}, "properties": {"id": "DEMO--62.7000-8.0400", "tipo": "demo", "sector": "demo", "estado": "desconocido", "score": 0.9731, "demo": true, "porosidad_pct": 33.7, "espesor_arena_neta_ft": 160.7, "fuente": "Modelo DEMO sobre datos sinteticos. Distribuciones de la tabla 1 del USGS FS 2009-3028; etiqueta y reparto espacial inventados. NO es un dato observado.", "confianza": "baja", "ultima_verificacion": "2026-09-09"}}, {"type": "Feature", "geometry": {"type": "Polygon", "coordinates": [[[-62.62, 8.04], [-62.54, 8.04], [-62.54, 8.12], [-62.62, 8.12], [-62.62, 8.04]]]}, "properties": {"id": "DEMO--62.6200-8.0400", "tipo": "demo", "sector": "demo", "estado": "desconocido", "score": 0.7701, "demo": true, "porosidad_pct": 30.2, "espesor_arena_neta_ft": 128.7, "fuente": "Modelo DEMO sobre datos sinteticos. Distribuciones de la tabla 1 del USGS FS 2009-3028; etiqueta y reparto espacial inventados. NO es un dato observado.", "confianza": "baja", "ultima_verificacion": "2026-09-09"}}, {"type": "Feature", "geometry": {"type": "Polygon", "coordinates": [[[-62.54, 8.04], [-62.46, 8.04], [-62.46, 8.12], [-62.54, 8.12], [-62.54, 8.04]]]}, "properties": {"id": "DEMO--62.5400-8.0400", "tipo": "demo", "sector": "demo", "estado": "desconocido", "score": 0.9454, "demo": true, "porosidad_pct": 34.9, "espesor_arena_neta_ft": 166.6, "fuente": "Modelo DEMO sobre datos sinteticos. Distribuciones de la tabla 1 del USGS FS 2009-3028; etiqueta y reparto espacial inventados. NO es un dato observado.", "confianza": "baja", "ultima_verificacion": "2026-09-09"}}, {"type": "Feature", "geometry": {"type": "Polygon", "coordinates": [[[-62.46, 8.04], [-62.38, 8.04], [-62.38, 8.12], [-62.46, 8.12], [-62.46, 8.04]]]}, "properties": {"id": "DEMO--62.4600-8.0400", "tipo": "demo", "sector": "demo", "estado": "desconocido", "score": 0.7823, "demo": true, "porosidad_pct": 28.2, "espesor_arena_neta_ft": 209.0, "fuente": "Modelo DEMO sobre datos sinteticos. Distribuciones de la tabla 1 del USGS FS 2009-3028; etiqueta y reparto espacial inventados. NO es un dato observado.", "confianza": "baja", "ultima_verificacion": "2026-09-09"}}, {"type": "Feature", "geometry": {"type": "Polygon", "coordinates": [[[-62.38, 8.04], [-62.300000000000004, 8.04], [-62.300000000000004, 8.12], [-62.38, 8.12], [-62.38, 8.04]]]}, "properties": {"id": "DEMO--62.3800-8.0400", "tipo": "demo", "sector": "demo", "estado": "desconocido", "score": 0.6994, "demo": true, "porosidad_pct": 29.8, "espesor_arena_neta_ft": 190.3, "fuente": "Modelo DEMO sobre datos sinteticos. Distribuciones de la tabla 1 del USGS FS 2009-3028; etiqueta y reparto espacial inventados. NO es un dato observado.", "confianza": "baja", "ultima_verificacion": "2026-09-09"}}, {"type": "Feature", "geometry": {"type": "Polygon", "coordinates": [[[-62.3, 8.04], [-62.22, 8.04], [-62.22, 8.12], [-62.3, 8.12], [-62.3, 8.04]]]}, "properties": {"id": "DEMO--62.3000-8.0400", "tipo": "demo", "sector": "demo", "estado": "desconocido", "score": 0.6696, "demo": true, "porosidad_pct": 29.6, "espesor_arena_neta_ft": 156.0, "fuente": "Modelo DEMO sobre datos sinteticos. Distribuciones de la tabla 1 del USGS FS 2009-3028; etiqueta y reparto espacial inventados. NO es un dato observado.", "confianza": "baja", "ultima_verificacion": "2026-09-09"}}, {"type": "Feature", "geometry": {"type": "Polygon", "coordinates": [[[-62.22, 8.04], [-62.14, 8.04], [-62.14, 8.12], [-62.22, 8.12], [-62.22, 8.04]]]}, "properties": {"id": "DEMO--62.2200-8.0400", "tipo": "demo", "sector": "demo", "estado": "desconocido", "score": 0.8711, "demo": true, "porosidad_pct": 30.2, "espesor_arena_neta_ft": 239.7, "fuente": "Modelo DEMO sobre datos sinteticos. Distribuciones de la tabla 1 del USGS FS 2009-3028; etiqueta y reparto espacial inventados. NO es un dato observado.", "confianza": "baja", "ultima_verificacion": "2026-09-09"}}, {"type": "Feature", "geometry": {"type": "Polygon", "coordinates": [[[-62.14, 8.04], [-62.06, 8.04], [-62.06, 8.12], [-62.14, 8.12], [-62.14, 8.04]]]}, "properties": {"id": "DEMO--62.1400-8.0400", "tipo": "demo", "sector": "demo", "estado": "desconocido", "score": 0.9596, "demo": true, "porosidad_pct": 34.4, "espesor_arena_neta_ft": 183.7, "fuente": "Modelo DEMO sobre datos sinteticos. Distribuciones de la tabla 1 del USGS FS 2009-3028; etiqueta y reparto espacial inventados. NO es un dato observado.", "confianza": "baja", "ultima_verificacion": "2026-09-09"}}, {"type": "Feature", "geometry": {"type": "Polygon", "coordinates": [[[-67.34, 8.12], [-67.26, 8.12], [-67.26, 8.2], [-67.34, 8.2], [-67.34, 8.12]]]}, "properties": {"id": "DEMO--67.3400-8.1200", "tipo": "demo", "sector": "demo", "estado": "desconocido", "score": 0.3174, "demo": true, "porosidad_pct": 27.2, "espesor_arena_neta_ft": 141.0, "fuente": "Modelo DEMO sobre datos sinteticos. Distribuciones de la tabla 1 del USGS FS 2009-3028; etiqueta y reparto espacial inventados. NO es un dato observado.", "confianza": "baja", "ultima_verificacion": "2026-09-09"}}, {"type": "Feature", "geometry": {"type": "Polygon", "coordinates": [[[-67.26, 8.12], [-67.18, 8.12], [-67.18, 8.2], [-67.26, 8.2], [-67.26, 8.12]]]}, "properties": {"id": "DEMO--67.2600-8.1200", "tipo": "demo", "sector": "demo", "estado": "desconocido", "score": 0.134, "demo": true, "porosidad_pct": 26.3, "espesor_arena_neta_ft": 107.9, "fuente": "Modelo DEMO sobre datos sinteticos. Distribuciones de la tabla 1 del USGS FS 2009-3028; etiqueta y reparto espacial inventados. NO es un dato observado.", "confianza": "baja", "ultima_verificacion": "2026-09-09"}}, {"type": "Feature", "geometry": {"type": "Polygon", "coordinates": [[[-67.18, 8.12], [-67.10000000000001, 8.12], [-67.10000000000001, 8.2], [-67.18, 8.2], [-67.18, 8.12]]]}, "properties": {"id": "DEMO--67.1800-8.1200", "tipo": "demo", "sector": "demo", "estado": "desconocido", "score": 0.9018, "demo": true, "porosidad_pct": 31.1, "espesor_arena_neta_ft": 169.7, "fuente": "Modelo DEMO sobre datos sinteticos. Distribuciones de la tabla 1 del USGS FS 2009-3028; etiqueta y reparto espacial inventados. NO es un dato observado.", "confianza": "baja", "ultima_verificacion": "2026-09-09"}}, {"type": "Feature", "geometry": {"type": "Polygon", "coordinates": [[[-67.1, 8.12], [-67.02, 8.12], [-67.02, 8.2], [-67.1, 8.2], [-67.1, 8.12]]]}, "properties": {"id": "DEMO--67.1000-8.1200", "tipo": "demo", "sector": "demo", "estado": "desconocido", "score": 0.6059, "demo": true, "porosidad_pct": 27.5, "espesor_arena_neta_ft": 131.2, "fuente": "Modelo DEMO sobre datos sinteticos. Distribuciones de la tabla 1 del USGS FS 2009-3028; etiqueta y reparto espacial inventados. NO es un dato observado.", "confianza": "baja", "ultima_verificacion": "2026-09-09"}}, {"type": "Feature", "geometry": {"type": "Polygon", "coordinates": [[[-67.02, 8.12], [-66.94, 8.12], [-66.94, 8.2], [-67.02, 8.2], [-67.02, 8.12]]]}, "properties": {"id": "DEMO--67.0200-8.1200", "tipo": "demo", "sector": "demo", "estado": "desconocido", "score": 0.7452, "demo": true, "porosidad_pct": 34.1, "espesor_arena_neta_ft": 102.9, "fuente": "Modelo DEMO sobre datos sinteticos. Distribuciones de la tabla 1 del USGS FS 2009-3028; etiqueta y reparto espacial inventados. NO es un dato observado.", "confianza": "baja", "ultima_verificacion": "2026-09-09"}}, {"type": "Feature", "geometry": {"type": "Polygon", "coordinates": [[[-66.94, 8.12], [-66.86, 8.12], [-66.86, 8.2], [-66.94, 8.2], [-66.94, 8.12]]]}, "properties": {"id": "DEMO--66.9400-8.1200", "tipo": "demo", "sector": "demo", "estado": "desconocido", "score": 0.9661, "demo": true, "porosidad_pct": 31.6, "espesor_arena_neta_ft": 158.6, "fuente": "Modelo DEMO sobre datos sinteticos. Distribuciones de la tabla 1 del USGS FS 2009-3028; etiqueta y reparto espacial inventados. NO es un dato observado.", "confianza": "baja", "ultima_verificacion": "2026-09-09"}}, {"type": "Feature", "geometry": {"type": "Polygon", "coordinates": [[[-66.86, 8.12], [-66.78, 8.12], [-66.78, 8.2], [-66.86, 8.2], [-66.86, 8.12]]]}, "properties": {"id": "DEMO--66.8600-8.1200", "tipo": "demo", "sector": "demo", "estado": "desconocido", "score": 0.8077, "demo": true, "porosidad_pct": 31.6, "espesor_arena_neta_ft": 175.7, "fuente": "Modelo DEMO sobre datos sinteticos. Distribuciones de la tabla 1 del USGS FS 2009-3028; etiqueta y reparto espacial inventados. NO es un dato observado.", "confianza": "baja", "ultima_verificacion": "2026-09-09"}}, {"type": "Feature", "geometry": {"type": "Polygon", "coordinates": [[[-66.78, 8.12], [-66.7, 8.12], [-66.7, 8.2], [-66.78, 8.2], [-66.78, 8.12]]]}, "properties": {"id": "DEMO--66.7800-8.1200", "tipo": "demo", "sector": "demo", "estado": "desconocido", "score": 0.5901, "demo": true, "porosidad_pct": 28.8, "espesor_arena_neta_ft": 129.2, "fuente": "Modelo DEMO sobre datos sinteticos. Distribuciones de la tabla 1 del USGS FS 2009-3028; etiqueta y reparto espacial inventados. NO es un dato observado.", "confianza": "baja", "ultima_verificacion": "2026-09-09"}}, {"type": "Feature", "geometry": {"type": "Polygon", "coordinates": [[[-66.7, 8.12], [-66.62, 8.12], [-66.62, 8.2], [-66.7, 8.2], [-66.7, 8.12]]]}, "properties": {"id": "DEMO--66.7000-8.1200", "tipo": "demo", "sector": "demo", "estado": "desconocido", "score": 0.7153, "demo": true, "porosidad_pct": 30.1, "espesor_arena_neta_ft": 144.0, "fuente": "Modelo DEMO sobre datos sinteticos. Distribuciones de la tabla 1 del USGS FS 2009-3028; etiqueta y reparto espacial inventados. NO es un dato observado.", "confianza": "baja", "ultima_verificacion": "2026-09-09"}}, {"type": "Feature", "geometry": {"type": "Polygon", "coordinates": [[[-66.62, 8.12], [-66.54, 8.12], [-66.54, 8.2], [-66.62, 8.2], [-66.62, 8.12]]]}, "properties": {"id": "DEMO--66.6200-8.1200", "tipo": "demo", "sector": "demo", "estado": "desconocido", "score": 0.7908, "demo": true, "porosidad_pct": 30.6, "espesor_arena_neta_ft": 92.6, "fuente": "Modelo DEMO sobre datos sinteticos. Distribuciones de la tabla 1 del USGS FS 2009-3028; etiqueta y reparto espacial inventados. NO es un dato observado.", "confianza": "baja", "ultima_verificacion": "2026-09-09"}}, {"type": "Feature", "geometry": {"type": "Polygon", "coordinates": [[[-66.54, 8.12], [-66.46000000000001, 8.12], [-66.46000000000001, 8.2], [-66.54, 8.2], [-66.54, 8.12]]]}, "properties": {"id": "DEMO--66.5400-8.1200", "tipo": "demo", "sector": "demo", "estado": "desconocido", "score": 0.9299, "demo": true, "porosidad_pct": 30.5, "espesor_arena_neta_ft": 169.7, "fuente": "Modelo DEMO sobre datos sinteticos. Distribuciones de la tabla 1 del USGS FS 2009-3028; etiqueta y reparto espacial inventados. NO es un dato observado.", "confianza": "baja", "ultima_verificacion": "2026-09-09"}}, {"type": "Feature", "geometry": {"type": "Polygon", "coordinates": [[[-66.46, 8.12], [-66.38, 8.12], [-66.38, 8.2], [-66.46, 8.2], [-66.46, 8.12]]]}, "properties": {"id": "DEMO--66.4600-8.1200", "tipo": "demo", "sector": "demo", "estado": "desconocido", "score": 0.9463, "demo": true, "porosidad_pct": 32.5, "espesor_arena_neta_ft": 186.2, "fuente": "Modelo DEMO sobre datos sinteticos. Distribuciones de la tabla 1 del USGS FS 2009-3028; etiqueta y reparto espacial inventados. NO es un dato observado.", "confianza": "baja", "ultima_verificacion": "2026-09-09"}}, {"type": "Feature", "geometry": {"type": "Polygon", "coordinates": [[[-66.38, 8.12], [-66.3, 8.12], [-66.3, 8.2], [-66.38, 8.2], [-66.38, 8.12]]]}, "properties": {"id": "DEMO--66.3800-8.1200", "tipo": "demo", "sector": "demo", "estado": "desconocido", "score": 0.6371, "demo": true, "porosidad_pct": 27.7, "espesor_arena_neta_ft": 118.2, "fuente": "Modelo DEMO sobre datos sinteticos. Distribuciones de la tabla 1 del USGS FS 2009-3028; etiqueta y reparto espacial inventados. NO es un dato observado.", "confianza": "baja", "ultima_verificacion": "2026-09-09"}}, {"type": "Feature", "geometry": {"type": "Polygon", "coordinates": [[[-66.3, 8.12], [-66.22, 8.12], [-66.22, 8.2], [-66.3, 8.2], [-66.3, 8.12]]]}, "properties": {"id": "DEMO--66.3000-8.1200", "tipo": "demo", "sector": "demo", "estado": "desconocido", "score": 0.6725, "demo": true, "porosidad_pct": 32.0, "espesor_arena_neta_ft": 90.2, "fuente": "Modelo DEMO sobre datos sinteticos. Distribuciones de la tabla 1 del USGS FS 2009-3028; etiqueta y reparto espacial inventados. NO es un dato observado.", "confianza": "baja", "ultima_verificacion": "2026-09-09"}}, {"type": "Feature", "geometry": {"type": "Polygon", "coordinates": [[[-66.22, 8.12], [-66.14, 8.12], [-66.14, 8.2], [-66.22, 8.2], [-66.22, 8.12]]]}, "properties": {"id": "DEMO--66.2200-8.1200", "tipo": "demo", "sector": "demo", "estado": "desconocido", "score": 0.1917, "demo": true, "porosidad_pct": 27.6, "espesor_arena_neta_ft": 84.2, "fuente": "Modelo DEMO sobre datos sinteticos. Distribuciones de la tabla 1 del USGS FS 2009-3028; etiqueta y reparto espacial inventados. NO es un dato observado.", "confianza": "baja", "ultima_verificacion": "2026-09-09"}}, {"type": "Feature", "geometry": {"type": "Polygon", "coordinates": [[[-66.14, 8.12], [-66.06, 8.12], [-66.06, 8.2], [-66.14, 8.2], [-66.14, 8.12]]]}, "properties": {"id": "DEMO--66.1400-8.1200", "tipo": "demo", "sector": "demo", "estado": "desconocido", "score": 0.4056, "demo": true, "porosidad_pct": 30.3, "espesor_arena_neta_ft": 100.6, "fuente": "Modelo DEMO sobre datos sinteticos. Distribuciones de la tabla 1 del USGS FS 2009-3028; etiqueta y reparto espacial inventados. NO es un dato observado.", "confianza": "baja", "ultima_verificacion": "2026-09-09"}}, {"type": "Feature", "geometry": {"type": "Polygon", "coordinates": [[[-66.06, 8.12], [-65.98, 8.12], [-65.98, 8.2], [-66.06, 8.2], [-66.06, 8.12]]]}, "properties": {"id": "DEMO--66.0600-8.1200", "tipo": "demo", "sector": "demo", "estado": "desconocido", "score": 0.8995, "demo": true, "porosidad_pct": 32.2, "espesor_arena_neta_ft": 162.0, "fuente": "Modelo DEMO sobre datos sinteticos. Distribuciones de la tabla 1 del USGS FS 2009-3028; etiqueta y reparto espacial inventados. NO es un dato observado.", "confianza": "baja", "ultima_verificacion": "2026-09-09"}}, {"type": "Feature", "geometry": {"type": "Polygon", "coordinates": [[[-65.98, 8.12], [-65.9, 8.12], [-65.9, 8.2], [-65.98, 8.2], [-65.98, 8.12]]]}, "properties": {"id": "DEMO--65.9800-8.1200", "tipo": "demo", "sector": "demo", "estado": "desconocido", "score": 0.601, "demo": true, "porosidad_pct": 27.8, "espesor_arena_neta_ft": 133.6, "fuente": "Modelo DEMO sobre datos sinteticos. Distribuciones de la tabla 1 del USGS FS 2009-3028; etiqueta y reparto espacial inventados. NO es un dato observado.", "confianza": "baja", "ultima_verificacion": "2026-09-09"}}, {"type": "Feature", "geometry": {"type": "Polygon", "coordinates": [[[-65.9, 8.12], [-65.82000000000001, 8.12], [-65.82000000000001, 8.2], [-65.9, 8.2], [-65.9, 8.12]]]}, "properties": {"id": "DEMO--65.9000-8.1200", "tipo": "demo", "sector": "demo", "estado": "desconocido", "score": 0.4476, "demo": true, "porosidad_pct": 29.6, "espesor_arena_neta_ft": 127.2, "fuente": "Modelo DEMO sobre datos sinteticos. Distribuciones de la tabla 1 del USGS FS 2009-3028; etiqueta y reparto espacial inventados. NO es un dato observado.", "confianza": "baja", "ultima_verificacion": "2026-09-09"}}, {"type": "Feature", "geometry": {"type": "Polygon", "coordinates": [[[-65.82, 8.12], [-65.74, 8.12], [-65.74, 8.2], [-65.82, 8.2], [-65.82, 8.12]]]}, "properties": {"id": "DEMO--65.8200-8.1200", "tipo": "demo", "sector": "demo", "estado": "desconocido", "score": 0.5769, "demo": true, "porosidad_pct": 27.3, "espesor_arena_neta_ft": 198.7, "fuente": "Modelo DEMO sobre datos sinteticos. Distribuciones de la tabla 1 del USGS FS 2009-3028; etiqueta y reparto espacial inventados. NO es un dato observado.", "confianza": "baja", "ultima_verificacion": "2026-09-09"}}, {"type": "Feature", "geometry": {"type": "Polygon", "coordinates": [[[-65.74, 8.12], [-65.66, 8.12], [-65.66, 8.2], [-65.74, 8.2], [-65.74, 8.12]]]}, "properties": {"id": "DEMO--65.7400-8.1200", "tipo": "demo", "sector": "demo", "estado": "desconocido", "score": 0.8522, "demo": true, "porosidad_pct": 31.2, "espesor_arena_neta_ft": 203.9, "fuente": "Modelo DEMO sobre datos sinteticos. Distribuciones de la tabla 1 del USGS FS 2009-3028; etiqueta y reparto espacial inventados. NO es un dato observado.", "confianza": "baja", "ultima_verificacion": "2026-09-09"}}, {"type": "Feature", "geometry": {"type": "Polygon", "coordinates": [[[-65.66, 8.12], [-65.58, 8.12], [-65.58, 8.2], [-65.66, 8.2], [-65.66, 8.12]]]}, "properties": {"id": "DEMO--65.6600-8.1200", "tipo": "demo", "sector": "demo", "estado": "desconocido", "score": 0.7246, "demo": true, "porosidad_pct": 27.7, "espesor_arena_neta_ft": 124.8, "fuente": "Modelo DEMO sobre datos sinteticos. Distribuciones de la tabla 1 del USGS FS 2009-3028; etiqueta y reparto espacial inventados. NO es un dato observado.", "confianza": "baja", "ultima_verificacion": "2026-09-09"}}, {"type": "Feature", "geometry": {"type": "Polygon", "coordinates": [[[-65.58, 8.12], [-65.5, 8.12], [-65.5, 8.2], [-65.58, 8.2], [-65.58, 8.12]]]}, "properties": {"id": "DEMO--65.5800-8.1200", "tipo": "demo", "sector": "demo", "estado": "desconocido", "score": 0.9239, "demo": true, "porosidad_pct": 30.3, "espesor_arena_neta_ft": 182.5, "fuente": "Modelo DEMO sobre datos sinteticos. Distribuciones de la tabla 1 del USGS FS 2009-3028; etiqueta y reparto espacial inventados. NO es un dato observado.", "confianza": "baja", "ultima_verificacion": "2026-09-09"}}, {"type": "Feature", "geometry": {"type": "Polygon", "coordinates": [[[-65.5, 8.12], [-65.42, 8.12], [-65.42, 8.2], [-65.5, 8.2], [-65.5, 8.12]]]}, "properties": {"id": "DEMO--65.5000-8.1200", "tipo": "demo", "sector": "demo", "estado": "desconocido", "score": 0.3831, "demo": true, "porosidad_pct": 29.4, "espesor_arena_neta_ft": 62.3, "fuente": "Modelo DEMO sobre datos sinteticos. Distribuciones de la tabla 1 del USGS FS 2009-3028; etiqueta y reparto espacial inventados. NO es un dato observado.", "confianza": "baja", "ultima_verificacion": "2026-09-09"}}, {"type": "Feature", "geometry": {"type": "Polygon", "coordinates": [[[-65.42, 8.12], [-65.34, 8.12], [-65.34, 8.2], [-65.42, 8.2], [-65.42, 8.12]]]}, "properties": {"id": "DEMO--65.4200-8.1200", "tipo": "demo", "sector": "demo", "estado": "desconocido", "score": 0.4319, "demo": true, "porosidad_pct": 33.5, "espesor_arena_neta_ft": 89.9, "fuente": "Modelo DEMO sobre datos sinteticos. Distribuciones de la tabla 1 del USGS FS 2009-3028; etiqueta y reparto espacial inventados. NO es un dato observado.", "confianza": "baja", "ultima_verificacion": "2026-09-09"}}, {"type": "Feature", "geometry": {"type": "Polygon", "coordinates": [[[-65.34, 8.12], [-65.26, 8.12], [-65.26, 8.2], [-65.34, 8.2], [-65.34, 8.12]]]}, "properties": {"id": "DEMO--65.3400-8.1200", "tipo": "demo", "sector": "demo", "estado": "desconocido", "score": 0.3318, "demo": true, "porosidad_pct": 25.8, "espesor_arena_neta_ft": 164.1, "fuente": "Modelo DEMO sobre datos sinteticos. Distribuciones de la tabla 1 del USGS FS 2009-3028; etiqueta y reparto espacial inventados. NO es un dato observado.", "confianza": "baja", "ultima_verificacion": "2026-09-09"}}, {"type": "Feature", "geometry": {"type": "Polygon", "coordinates": [[[-65.26, 8.12], [-65.18, 8.12], [-65.18, 8.2], [-65.26, 8.2], [-65.26, 8.12]]]}, "properties": {"id": "DEMO--65.2600-8.1200", "tipo": "demo", "sector": "demo", "estado": "desconocido", "score": 0.6485, "demo": true, "porosidad_pct": 28.3, "espesor_arena_neta_ft": 188.3, "fuente": "Modelo DEMO sobre datos sinteticos. Distribuciones de la tabla 1 del USGS FS 2009-3028; etiqueta y reparto espacial inventados. NO es un dato observado.", "confianza": "baja", "ultima_verificacion": "2026-09-09"}}, {"type": "Feature", "geometry": {"type": "Polygon", "coordinates": [[[-65.18, 8.12], [-65.10000000000001, 8.12], [-65.10000000000001, 8.2], [-65.18, 8.2], [-65.18, 8.12]]]}, "properties": {"id": "DEMO--65.1800-8.1200", "tipo": "demo", "sector": "demo", "estado": "desconocido", "score": 0.2525, "demo": true, "porosidad_pct": 26.0, "espesor_arena_neta_ft": 202.2, "fuente": "Modelo DEMO sobre datos sinteticos. Distribuciones de la tabla 1 del USGS FS 2009-3028; etiqueta y reparto espacial inventados. NO es un dato observado.", "confianza": "baja", "ultima_verificacion": "2026-09-09"}}, {"type": "Feature", "geometry": {"type": "Polygon", "coordinates": [[[-65.1, 8.12], [-65.02, 8.12], [-65.02, 8.2], [-65.1, 8.2], [-65.1, 8.12]]]}, "properties": {"id": "DEMO--65.1000-8.1200", "tipo": "demo", "sector": "demo", "estado": "desconocido", "score": 0.4864, "demo": true, "porosidad_pct": 31.5, "espesor_arena_neta_ft": 139.5, "fuente": "Modelo DEMO sobre datos sinteticos. Distribuciones de la tabla 1 del USGS FS 2009-3028; etiqueta y reparto espacial inventados. NO es un dato observado.", "confianza": "baja", "ultima_verificacion": "2026-09-09"}}, {"type": "Feature", "geometry": {"type": "Polygon", "coordinates": [[[-65.02, 8.12], [-64.94, 8.12], [-64.94, 8.2], [-65.02, 8.2], [-65.02, 8.12]]]}, "properties": {"id": "DEMO--65.0200-8.1200", "tipo": "demo", "sector": "demo", "estado": "desconocido", "score": 0.5282, "demo": true, "porosidad_pct": 27.8, "espesor_arena_neta_ft": 156.6, "fuente": "Modelo DEMO sobre datos sinteticos. Distribuciones de la tabla 1 del USGS FS 2009-3028; etiqueta y reparto espacial inventados. NO es un dato observado.", "confianza": "baja", "ultima_verificacion": "2026-09-09"}}, {"type": "Feature", "geometry": {"type": "Polygon", "coordinates": [[[-64.94, 8.12], [-64.86, 8.12], [-64.86, 8.2], [-64.94, 8.2], [-64.94, 8.12]]]}, "properties": {"id": "DEMO--64.9400-8.1200", "tipo": "demo", "sector": "demo", "estado": "desconocido", "score": 0.8938, "demo": true, "porosidad_pct": 32.5, "espesor_arena_neta_ft": 233.8, "fuente": "Modelo DEMO sobre datos sinteticos. Distribuciones de la tabla 1 del USGS FS 2009-3028; etiqueta y reparto espacial inventados. NO es un dato observado.", "confianza": "baja", "ultima_verificacion": "2026-09-09"}}, {"type": "Feature", "geometry": {"type": "Polygon", "coordinates": [[[-64.86, 8.12], [-64.78, 8.12], [-64.78, 8.2], [-64.86, 8.2], [-64.86, 8.12]]]}, "properties": {"id": "DEMO--64.8600-8.1200", "tipo": "demo", "sector": "demo", "estado": "desconocido", "score": 0.957, "demo": true, "porosidad_pct": 33.2, "espesor_arena_neta_ft": 221.7, "fuente": "Modelo DEMO sobre datos sinteticos. Distribuciones de la tabla 1 del USGS FS 2009-3028; etiqueta y reparto espacial inventados. NO es un dato observado.", "confianza": "baja", "ultima_verificacion": "2026-09-09"}}, {"type": "Feature", "geometry": {"type": "Polygon", "coordinates": [[[-64.78, 8.12], [-64.7, 8.12], [-64.7, 8.2], [-64.78, 8.2], [-64.78, 8.12]]]}, "properties": {"id": "DEMO--64.7800-8.1200", "tipo": "demo", "sector": "demo", "estado": "desconocido", "score": 0.4831, "demo": true, "porosidad_pct": 29.0, "espesor_arena_neta_ft": 142.4, "fuente": "Modelo DEMO sobre datos sinteticos. Distribuciones de la tabla 1 del USGS FS 2009-3028; etiqueta y reparto espacial inventados. NO es un dato observado.", "confianza": "baja", "ultima_verificacion": "2026-09-09"}}, {"type": "Feature", "geometry": {"type": "Polygon", "coordinates": [[[-64.7, 8.12], [-64.62, 8.12], [-64.62, 8.2], [-64.7, 8.2], [-64.7, 8.12]]]}, "properties": {"id": "DEMO--64.7000-8.1200", "tipo": "demo", "sector": "demo", "estado": "desconocido", "score": 0.0903, "demo": true, "porosidad_pct": 27.0, "espesor_arena_neta_ft": 145.0, "fuente": "Modelo DEMO sobre datos sinteticos. Distribuciones de la tabla 1 del USGS FS 2009-3028; etiqueta y reparto espacial inventados. NO es un dato observado.", "confianza": "baja", "ultima_verificacion": "2026-09-09"}}, {"type": "Feature", "geometry": {"type": "Polygon", "coordinates": [[[-64.62, 8.12], [-64.54, 8.12], [-64.54, 8.2], [-64.62, 8.2], [-64.62, 8.12]]]}, "properties": {"id": "DEMO--64.6200-8.1200", "tipo": "demo", "sector": "demo", "estado": "desconocido", "score": 0.7689, "demo": true, "porosidad_pct": 27.4, "espesor_arena_neta_ft": 230.9, "fuente": "Modelo DEMO sobre datos sinteticos. Distribuciones de la tabla 1 del USGS FS 2009-3028; etiqueta y reparto espacial inventados. NO es un dato observado.", "confianza": "baja", "ultima_verificacion": "2026-09-09"}}, {"type": "Feature", "geometry": {"type": "Polygon", "coordinates": [[[-64.54, 8.12], [-64.46000000000001, 8.12], [-64.46000000000001, 8.2], [-64.54, 8.2], [-64.54, 8.12]]]}, "properties": {"id": "DEMO--64.5400-8.1200", "tipo": "demo", "sector": "demo", "estado": "desconocido", "score": 0.5945, "demo": true, "porosidad_pct": 26.1, "espesor_arena_neta_ft": 222.2, "fuente": "Modelo DEMO sobre datos sinteticos. Distribuciones de la tabla 1 del USGS FS 2009-3028; etiqueta y reparto espacial inventados. NO es un dato observado.", "confianza": "baja", "ultima_verificacion": "2026-09-09"}}, {"type": "Feature", "geometry": {"type": "Polygon", "coordinates": [[[-64.46, 8.12], [-64.38, 8.12], [-64.38, 8.2], [-64.46, 8.2], [-64.46, 8.12]]]}, "properties": {"id": "DEMO--64.4600-8.1200", "tipo": "demo", "sector": "demo", "estado": "desconocido", "score": 0.4947, "demo": true, "porosidad_pct": 26.6, "espesor_arena_neta_ft": 204.8, "fuente": "Modelo DEMO sobre datos sinteticos. Distribuciones de la tabla 1 del USGS FS 2009-3028; etiqueta y reparto espacial inventados. NO es un dato observado.", "confianza": "baja", "ultima_verificacion": "2026-09-09"}}, {"type": "Feature", "geometry": {"type": "Polygon", "coordinates": [[[-64.38, 8.12], [-64.3, 8.12], [-64.3, 8.2], [-64.38, 8.2], [-64.38, 8.12]]]}, "properties": {"id": "DEMO--64.3800-8.1200", "tipo": "demo", "sector": "demo", "estado": "desconocido", "score": 0.8422, "demo": true, "porosidad_pct": 32.2, "espesor_arena_neta_ft": 284.9, "fuente": "Modelo DEMO sobre datos sinteticos. Distribuciones de la tabla 1 del USGS FS 2009-3028; etiqueta y reparto espacial inventados. NO es un dato observado.", "confianza": "baja", "ultima_verificacion": "2026-09-09"}}, {"type": "Feature", "geometry": {"type": "Polygon", "coordinates": [[[-64.3, 8.12], [-64.22, 8.12], [-64.22, 8.2], [-64.3, 8.2], [-64.3, 8.12]]]}, "properties": {"id": "DEMO--64.3000-8.1200", "tipo": "demo", "sector": "demo", "estado": "desconocido", "score": 0.0724, "demo": true, "porosidad_pct": 26.4, "espesor_arena_neta_ft": 165.6, "fuente": "Modelo DEMO sobre datos sinteticos. Distribuciones de la tabla 1 del USGS FS 2009-3028; etiqueta y reparto espacial inventados. NO es un dato observado.", "confianza": "baja", "ultima_verificacion": "2026-09-09"}}, {"type": "Feature", "geometry": {"type": "Polygon", "coordinates": [[[-64.22, 8.12], [-64.14, 8.12], [-64.14, 8.2], [-64.22, 8.2], [-64.22, 8.12]]]}, "properties": {"id": "DEMO--64.2200-8.1200", "tipo": "demo", "sector": "demo", "estado": "desconocido", "score": 0.1881, "demo": true, "porosidad_pct": 24.2, "espesor_arena_neta_ft": 260.0, "fuente": "Modelo DEMO sobre datos sinteticos. Distribuciones de la tabla 1 del USGS FS 2009-3028; etiqueta y reparto espacial inventados. NO es un dato observado.", "confianza": "baja", "ultima_verificacion": "2026-09-09"}}, {"type": "Feature", "geometry": {"type": "Polygon", "coordinates": [[[-64.14, 8.12], [-64.06, 8.12], [-64.06, 8.2], [-64.14, 8.2], [-64.14, 8.12]]]}, "properties": {"id": "DEMO--64.1400-8.1200", "tipo": "demo", "sector": "demo", "estado": "desconocido", "score": 0.2997, "demo": true, "porosidad_pct": 23.3, "espesor_arena_neta_ft": 245.8, "fuente": "Modelo DEMO sobre datos sinteticos. Distribuciones de la tabla 1 del USGS FS 2009-3028; etiqueta y reparto espacial inventados. NO es un dato observado.", "confianza": "baja", "ultima_verificacion": "2026-09-09"}}, {"type": "Feature", "geometry": {"type": "Polygon", "coordinates": [[[-64.06, 8.12], [-63.980000000000004, 8.12], [-63.980000000000004, 8.2], [-64.06, 8.2], [-64.06, 8.12]]]}, "properties": {"id": "DEMO--64.0600-8.1200", "tipo": "demo", "sector": "demo", "estado": "desconocido", "score": 0.3622, "demo": true, "porosidad_pct": 25.5, "espesor_arena_neta_ft": 175.5, "fuente": "Modelo DEMO sobre datos sinteticos. Distribuciones de la tabla 1 del USGS FS 2009-3028; etiqueta y reparto espacial inventados. NO es un dato observado.", "confianza": "baja", "ultima_verificacion": "2026-09-09"}}, {"type": "Feature", "geometry": {"type": "Polygon", "coordinates": [[[-63.98, 8.12], [-63.9, 8.12], [-63.9, 8.2], [-63.98, 8.2], [-63.98, 8.12]]]}, "properties": {"id": "DEMO--63.9800-8.1200", "tipo": "demo", "sector": "demo", "estado": "desconocido", "score": 0.5972, "demo": true, "porosidad_pct": 27.4, "espesor_arena_neta_ft": 196.6, "fuente": "Modelo DEMO sobre datos sinteticos. Distribuciones de la tabla 1 del USGS FS 2009-3028; etiqueta y reparto espacial inventados. NO es un dato observado.", "confianza": "baja", "ultima_verificacion": "2026-09-09"}}, {"type": "Feature", "geometry": {"type": "Polygon", "coordinates": [[[-63.9, 8.12], [-63.82, 8.12], [-63.82, 8.2], [-63.9, 8.2], [-63.9, 8.12]]]}, "properties": {"id": "DEMO--63.9000-8.1200", "tipo": "demo", "sector": "demo", "estado": "desconocido", "score": 0.5887, "demo": true, "porosidad_pct": 29.0, "espesor_arena_neta_ft": 166.5, "fuente": "Modelo DEMO sobre datos sinteticos. Distribuciones de la tabla 1 del USGS FS 2009-3028; etiqueta y reparto espacial inventados. NO es un dato observado.", "confianza": "baja", "ultima_verificacion": "2026-09-09"}}, {"type": "Feature", "geometry": {"type": "Polygon", "coordinates": [[[-63.82, 8.12], [-63.74, 8.12], [-63.74, 8.2], [-63.82, 8.2], [-63.82, 8.12]]]}, "properties": {"id": "DEMO--63.8200-8.1200", "tipo": "demo", "sector": "demo", "estado": "desconocido", "score": 0.5316, "demo": true, "porosidad_pct": 29.6, "espesor_arena_neta_ft": 133.4, "fuente": "Modelo DEMO sobre datos sinteticos. Distribuciones de la tabla 1 del USGS FS 2009-3028; etiqueta y reparto espacial inventados. NO es un dato observado.", "confianza": "baja", "ultima_verificacion": "2026-09-09"}}, {"type": "Feature", "geometry": {"type": "Polygon", "coordinates": [[[-63.74, 8.12], [-63.660000000000004, 8.12], [-63.660000000000004, 8.2], [-63.74, 8.2], [-63.74, 8.12]]]}, "properties": {"id": "DEMO--63.7400-8.1200", "tipo": "demo", "sector": "demo", "estado": "desconocido", "score": 0.5302, "demo": true, "porosidad_pct": 30.5, "espesor_arena_neta_ft": 105.5, "fuente": "Modelo DEMO sobre datos sinteticos. Distribuciones de la tabla 1 del USGS FS 2009-3028; etiqueta y reparto espacial inventados. NO es un dato observado.", "confianza": "baja", "ultima_verificacion": "2026-09-09"}}, {"type": "Feature", "geometry": {"type": "Polygon", "coordinates": [[[-63.66, 8.12], [-63.58, 8.12], [-63.58, 8.2], [-63.66, 8.2], [-63.66, 8.12]]]}, "properties": {"id": "DEMO--63.6600-8.1200", "tipo": "demo", "sector": "demo", "estado": "desconocido", "score": 0.0907, "demo": true, "porosidad_pct": 23.8, "espesor_arena_neta_ft": 111.1, "fuente": "Modelo DEMO sobre datos sinteticos. Distribuciones de la tabla 1 del USGS FS 2009-3028; etiqueta y reparto espacial inventados. NO es un dato observado.", "confianza": "baja", "ultima_verificacion": "2026-09-09"}}, {"type": "Feature", "geometry": {"type": "Polygon", "coordinates": [[[-63.58, 8.12], [-63.5, 8.12], [-63.5, 8.2], [-63.58, 8.2], [-63.58, 8.12]]]}, "properties": {"id": "DEMO--63.5800-8.1200", "tipo": "demo", "sector": "demo", "estado": "desconocido", "score": 0.0539, "demo": true, "porosidad_pct": 26.8, "espesor_arena_neta_ft": 65.1, "fuente": "Modelo DEMO sobre datos sinteticos. Distribuciones de la tabla 1 del USGS FS 2009-3028; etiqueta y reparto espacial inventados. NO es un dato observado.", "confianza": "baja", "ultima_verificacion": "2026-09-09"}}, {"type": "Feature", "geometry": {"type": "Polygon", "coordinates": [[[-63.5, 8.12], [-63.42, 8.12], [-63.42, 8.2], [-63.5, 8.2], [-63.5, 8.12]]]}, "properties": {"id": "DEMO--63.5000-8.1200", "tipo": "demo", "sector": "demo", "estado": "desconocido", "score": 0.1667, "demo": true, "porosidad_pct": 28.0, "espesor_arena_neta_ft": 114.3, "fuente": "Modelo DEMO sobre datos sinteticos. Distribuciones de la tabla 1 del USGS FS 2009-3028; etiqueta y reparto espacial inventados. NO es un dato observado.", "confianza": "baja", "ultima_verificacion": "2026-09-09"}}, {"type": "Feature", "geometry": {"type": "Polygon", "coordinates": [[[-63.42, 8.12], [-63.34, 8.12], [-63.34, 8.2], [-63.42, 8.2], [-63.42, 8.12]]]}, "properties": {"id": "DEMO--63.4200-8.1200", "tipo": "demo", "sector": "demo", "estado": "desconocido", "score": 0.171, "demo": true, "porosidad_pct": 28.0, "espesor_arena_neta_ft": 82.6, "fuente": "Modelo DEMO sobre datos sinteticos. Distribuciones de la tabla 1 del USGS FS 2009-3028; etiqueta y reparto espacial inventados. NO es un dato observado.", "confianza": "baja", "ultima_verificacion": "2026-09-09"}}, {"type": "Feature", "geometry": {"type": "Polygon", "coordinates": [[[-63.34, 8.12], [-63.260000000000005, 8.12], [-63.260000000000005, 8.2], [-63.34, 8.2], [-63.34, 8.12]]]}, "properties": {"id": "DEMO--63.3400-8.1200", "tipo": "demo", "sector": "demo", "estado": "desconocido", "score": 0.5703, "demo": true, "porosidad_pct": 29.1, "espesor_arena_neta_ft": 114.2, "fuente": "Modelo DEMO sobre datos sinteticos. Distribuciones de la tabla 1 del USGS FS 2009-3028; etiqueta y reparto espacial inventados. NO es un dato observado.", "confianza": "baja", "ultima_verificacion": "2026-09-09"}}, {"type": "Feature", "geometry": {"type": "Polygon", "coordinates": [[[-63.26, 8.12], [-63.18, 8.12], [-63.18, 8.2], [-63.26, 8.2], [-63.26, 8.12]]]}, "properties": {"id": "DEMO--63.2600-8.1200", "tipo": "demo", "sector": "demo", "estado": "desconocido", "score": 0.2522, "demo": true, "porosidad_pct": 30.0, "espesor_arena_neta_ft": 57.3, "fuente": "Modelo DEMO sobre datos sinteticos. Distribuciones de la tabla 1 del USGS FS 2009-3028; etiqueta y reparto espacial inventados. NO es un dato observado.", "confianza": "baja", "ultima_verificacion": "2026-09-09"}}, {"type": "Feature", "geometry": {"type": "Polygon", "coordinates": [[[-63.18, 8.12], [-63.1, 8.12], [-63.1, 8.2], [-63.18, 8.2], [-63.18, 8.12]]]}, "properties": {"id": "DEMO--63.1800-8.1200", "tipo": "demo", "sector": "demo", "estado": "desconocido", "score": 0.9203, "demo": true, "porosidad_pct": 32.6, "espesor_arena_neta_ft": 119.6, "fuente": "Modelo DEMO sobre datos sinteticos. Distribuciones de la tabla 1 del USGS FS 2009-3028; etiqueta y reparto espacial inventados. NO es un dato observado.", "confianza": "baja", "ultima_verificacion": "2026-09-09"}}, {"type": "Feature", "geometry": {"type": "Polygon", "coordinates": [[[-63.1, 8.12], [-63.02, 8.12], [-63.02, 8.2], [-63.1, 8.2], [-63.1, 8.12]]]}, "properties": {"id": "DEMO--63.1000-8.1200", "tipo": "demo", "sector": "demo", "estado": "desconocido", "score": 0.9205, "demo": true, "porosidad_pct": 30.9, "espesor_arena_neta_ft": 126.9, "fuente": "Modelo DEMO sobre datos sinteticos. Distribuciones de la tabla 1 del USGS FS 2009-3028; etiqueta y reparto espacial inventados. NO es un dato observado.", "confianza": "baja", "ultima_verificacion": "2026-09-09"}}, {"type": "Feature", "geometry": {"type": "Polygon", "coordinates": [[[-63.02, 8.12], [-62.940000000000005, 8.12], [-62.940000000000005, 8.2], [-63.02, 8.2], [-63.02, 8.12]]]}, "properties": {"id": "DEMO--63.0200-8.1200", "tipo": "demo", "sector": "demo", "estado": "desconocido", "score": 0.8406, "demo": true, "porosidad_pct": 30.9, "espesor_arena_neta_ft": 91.6, "fuente": "Modelo DEMO sobre datos sinteticos. Distribuciones de la tabla 1 del USGS FS 2009-3028; etiqueta y reparto espacial inventados. NO es un dato observado.", "confianza": "baja", "ultima_verificacion": "2026-09-09"}}, {"type": "Feature", "geometry": {"type": "Polygon", "coordinates": [[[-62.94, 8.12], [-62.86, 8.12], [-62.86, 8.2], [-62.94, 8.2], [-62.94, 8.12]]]}, "properties": {"id": "DEMO--62.9400-8.1200", "tipo": "demo", "sector": "demo", "estado": "desconocido", "score": 0.5192, "demo": true, "porosidad_pct": 31.7, "espesor_arena_neta_ft": 39.7, "fuente": "Modelo DEMO sobre datos sinteticos. Distribuciones de la tabla 1 del USGS FS 2009-3028; etiqueta y reparto espacial inventados. NO es un dato observado.", "confianza": "baja", "ultima_verificacion": "2026-09-09"}}, {"type": "Feature", "geometry": {"type": "Polygon", "coordinates": [[[-62.86, 8.12], [-62.78, 8.12], [-62.78, 8.2], [-62.86, 8.2], [-62.86, 8.12]]]}, "properties": {"id": "DEMO--62.8600-8.1200", "tipo": "demo", "sector": "demo", "estado": "desconocido", "score": 0.3249, "demo": true, "porosidad_pct": 32.4, "espesor_arena_neta_ft": 72.7, "fuente": "Modelo DEMO sobre datos sinteticos. Distribuciones de la tabla 1 del USGS FS 2009-3028; etiqueta y reparto espacial inventados. NO es un dato observado.", "confianza": "baja", "ultima_verificacion": "2026-09-09"}}, {"type": "Feature", "geometry": {"type": "Polygon", "coordinates": [[[-62.78, 8.12], [-62.7, 8.12], [-62.7, 8.2], [-62.78, 8.2], [-62.78, 8.12]]]}, "properties": {"id": "DEMO--62.7800-8.1200", "tipo": "demo", "sector": "demo", "estado": "desconocido", "score": 0.894, "demo": true, "porosidad_pct": 33.4, "espesor_arena_neta_ft": 141.3, "fuente": "Modelo DEMO sobre datos sinteticos. Distribuciones de la tabla 1 del USGS FS 2009-3028; etiqueta y reparto espacial inventados. NO es un dato observado.", "confianza": "baja", "ultima_verificacion": "2026-09-09"}}, {"type": "Feature", "geometry": {"type": "Polygon", "coordinates": [[[-62.7, 8.12], [-62.620000000000005, 8.12], [-62.620000000000005, 8.2], [-62.7, 8.2], [-62.7, 8.12]]]}, "properties": {"id": "DEMO--62.7000-8.1200", "tipo": "demo", "sector": "demo", "estado": "desconocido", "score": 0.4011, "demo": true, "porosidad_pct": 30.4, "espesor_arena_neta_ft": 112.4, "fuente": "Modelo DEMO sobre datos sinteticos. Distribuciones de la tabla 1 del USGS FS 2009-3028; etiqueta y reparto espacial inventados. NO es un dato observado.", "confianza": "baja", "ultima_verificacion": "2026-09-09"}}, {"type": "Feature", "geometry": {"type": "Polygon", "coordinates": [[[-62.62, 8.12], [-62.54, 8.12], [-62.54, 8.2], [-62.62, 8.2], [-62.62, 8.12]]]}, "properties": {"id": "DEMO--62.6200-8.1200", "tipo": "demo", "sector": "demo", "estado": "desconocido", "score": 0.9666, "demo": true, "porosidad_pct": 32.6, "espesor_arena_neta_ft": 205.2, "fuente": "Modelo DEMO sobre datos sinteticos. Distribuciones de la tabla 1 del USGS FS 2009-3028; etiqueta y reparto espacial inventados. NO es un dato observado.", "confianza": "baja", "ultima_verificacion": "2026-09-09"}}, {"type": "Feature", "geometry": {"type": "Polygon", "coordinates": [[[-62.54, 8.12], [-62.46, 8.12], [-62.46, 8.2], [-62.54, 8.2], [-62.54, 8.12]]]}, "properties": {"id": "DEMO--62.5400-8.1200", "tipo": "demo", "sector": "demo", "estado": "desconocido", "score": 0.8749, "demo": true, "porosidad_pct": 30.2, "espesor_arena_neta_ft": 204.3, "fuente": "Modelo DEMO sobre datos sinteticos. Distribuciones de la tabla 1 del USGS FS 2009-3028; etiqueta y reparto espacial inventados. NO es un dato observado.", "confianza": "baja", "ultima_verificacion": "2026-09-09"}}, {"type": "Feature", "geometry": {"type": "Polygon", "coordinates": [[[-62.46, 8.12], [-62.38, 8.12], [-62.38, 8.2], [-62.46, 8.2], [-62.46, 8.12]]]}, "properties": {"id": "DEMO--62.4600-8.1200", "tipo": "demo", "sector": "demo", "estado": "desconocido", "score": 0.8687, "demo": true, "porosidad_pct": 30.6, "espesor_arena_neta_ft": 116.5, "fuente": "Modelo DEMO sobre datos sinteticos. Distribuciones de la tabla 1 del USGS FS 2009-3028; etiqueta y reparto espacial inventados. NO es un dato observado.", "confianza": "baja", "ultima_verificacion": "2026-09-09"}}, {"type": "Feature", "geometry": {"type": "Polygon", "coordinates": [[[-62.38, 8.12], [-62.300000000000004, 8.12], [-62.300000000000004, 8.2], [-62.38, 8.2], [-62.38, 8.12]]]}, "properties": {"id": "DEMO--62.3800-8.1200", "tipo": "demo", "sector": "demo", "estado": "desconocido", "score": 0.5336, "demo": true, "porosidad_pct": 27.8, "espesor_arena_neta_ft": 127.6, "fuente": "Modelo DEMO sobre datos sinteticos. Distribuciones de la tabla 1 del USGS FS 2009-3028; etiqueta y reparto espacial inventados. NO es un dato observado.", "confianza": "baja", "ultima_verificacion": "2026-09-09"}}, {"type": "Feature", "geometry": {"type": "Polygon", "coordinates": [[[-62.3, 8.12], [-62.22, 8.12], [-62.22, 8.2], [-62.3, 8.2], [-62.3, 8.12]]]}, "properties": {"id": "DEMO--62.3000-8.1200", "tipo": "demo", "sector": "demo", "estado": "desconocido", "score": 0.8449, "demo": true, "porosidad_pct": 33.6, "espesor_arena_neta_ft": 85.6, "fuente": "Modelo DEMO sobre datos sinteticos. Distribuciones de la tabla 1 del USGS FS 2009-3028; etiqueta y reparto espacial inventados. NO es un dato observado.", "confianza": "baja", "ultima_verificacion": "2026-09-09"}}, {"type": "Feature", "geometry": {"type": "Polygon", "coordinates": [[[-62.22, 8.12], [-62.14, 8.12], [-62.14, 8.2], [-62.22, 8.2], [-62.22, 8.12]]]}, "properties": {"id": "DEMO--62.2200-8.1200", "tipo": "demo", "sector": "demo", "estado": "desconocido", "score": 0.8542, "demo": true, "porosidad_pct": 30.3, "espesor_arena_neta_ft": 139.5, "fuente": "Modelo DEMO sobre datos sinteticos. Distribuciones de la tabla 1 del USGS FS 2009-3028; etiqueta y reparto espacial inventados. NO es un dato observado.", "confianza": "baja", "ultima_verificacion": "2026-09-09"}}, {"type": "Feature", "geometry": {"type": "Polygon", "coordinates": [[[-62.14, 8.12], [-62.06, 8.12], [-62.06, 8.2], [-62.14, 8.2], [-62.14, 8.12]]]}, "properties": {"id": "DEMO--62.1400-8.1200", "tipo": "demo", "sector": "demo", "estado": "desconocido", "score": 0.8225, "demo": true, "porosidad_pct": 34.4, "espesor_arena_neta_ft": 127.2, "fuente": "Modelo DEMO sobre datos sinteticos. Distribuciones de la tabla 1 del USGS FS 2009-3028; etiqueta y reparto espacial inventados. NO es un dato observado.", "confianza": "baja", "ultima_verificacion": "2026-09-09"}}, {"type": "Feature", "geometry": {"type": "Polygon", "coordinates": [[[-67.34, 8.2], [-67.26, 8.2], [-67.26, 8.28], [-67.34, 8.28], [-67.34, 8.2]]]}, "properties": {"id": "DEMO--67.3400-8.2000", "tipo": "demo", "sector": "demo", "estado": "desconocido", "score": 0.4852, "demo": true, "porosidad_pct": 31.0, "espesor_arena_neta_ft": 97.1, "fuente": "Modelo DEMO sobre datos sinteticos. Distribuciones de la tabla 1 del USGS FS 2009-3028; etiqueta y reparto espacial inventados. NO es un dato observado.", "confianza": "baja", "ultima_verificacion": "2026-09-09"}}, {"type": "Feature", "geometry": {"type": "Polygon", "coordinates": [[[-67.26, 8.2], [-67.18, 8.2], [-67.18, 8.28], [-67.26, 8.28], [-67.26, 8.2]]]}, "properties": {"id": "DEMO--67.2600-8.2000", "tipo": "demo", "sector": "demo", "estado": "desconocido", "score": 0.66, "demo": true, "porosidad_pct": 33.1, "espesor_arena_neta_ft": 107.4, "fuente": "Modelo DEMO sobre datos sinteticos. Distribuciones de la tabla 1 del USGS FS 2009-3028; etiqueta y reparto espacial inventados. NO es un dato observado.", "confianza": "baja", "ultima_verificacion": "2026-09-09"}}, {"type": "Feature", "geometry": {"type": "Polygon", "coordinates": [[[-67.18, 8.2], [-67.10000000000001, 8.2], [-67.10000000000001, 8.28], [-67.18, 8.28], [-67.18, 8.2]]]}, "properties": {"id": "DEMO--67.1800-8.2000", "tipo": "demo", "sector": "demo", "estado": "desconocido", "score": 0.1327, "demo": true, "porosidad_pct": 28.1, "espesor_arena_neta_ft": 74.6, "fuente": "Modelo DEMO sobre datos sinteticos. Distribuciones de la tabla 1 del USGS FS 2009-3028; etiqueta y reparto espacial inventados. NO es un dato observado.", "confianza": "baja", "ultima_verificacion": "2026-09-09"}}, {"type": "Feature", "geometry": {"type": "Polygon", "coordinates": [[[-67.1, 8.2], [-67.02, 8.2], [-67.02, 8.28], [-67.1, 8.28], [-67.1, 8.2]]]}, "properties": {"id": "DEMO--67.1000-8.2000", "tipo": "demo", "sector": "demo", "estado": "desconocido", "score": 0.5699, "demo": true, "porosidad_pct": 28.6, "espesor_arena_neta_ft": 126.9, "fuente": "Modelo DEMO sobre datos sinteticos. Distribuciones de la tabla 1 del USGS FS 2009-3028; etiqueta y reparto espacial inventados. NO es un dato observado.", "confianza": "baja", "ultima_verificacion": "2026-09-09"}}, {"type": "Feature", "geometry": {"type": "Polygon", "coordinates": [[[-67.02, 8.2], [-66.94, 8.2], [-66.94, 8.28], [-67.02, 8.28], [-67.02, 8.2]]]}, "properties": {"id": "DEMO--67.0200-8.2000", "tipo": "demo", "sector": "demo", "estado": "desconocido", "score": 0.8582, "demo": true, "porosidad_pct": 30.4, "espesor_arena_neta_ft": 184.7, "fuente": "Modelo DEMO sobre datos sinteticos. Distribuciones de la tabla 1 del USGS FS 2009-3028; etiqueta y reparto espacial inventados. NO es un dato observado.", "confianza": "baja", "ultima_verificacion": "2026-09-09"}}, {"type": "Feature", "geometry": {"type": "Polygon", "coordinates": [[[-66.94, 8.2], [-66.86, 8.2], [-66.86, 8.28], [-66.94, 8.28], [-66.94, 8.2]]]}, "properties": {"id": "DEMO--66.9400-8.2000", "tipo": "demo", "sector": "demo", "estado": "desconocido", "score": 0.4564, "demo": true, "porosidad_pct": 30.3, "espesor_arena_neta_ft": 112.7, "fuente": "Modelo DEMO sobre datos sinteticos. Distribuciones de la tabla 1 del USGS FS 2009-3028; etiqueta y reparto espacial inventados. NO es un dato observado.", "confianza": "baja", "ultima_verificacion": "2026-09-09"}}, {"type": "Feature", "geometry": {"type": "Polygon", "coordinates": [[[-66.86, 8.2], [-66.78, 8.2], [-66.78, 8.28], [-66.86, 8.28], [-66.86, 8.2]]]}, "properties": {"id": "DEMO--66.8600-8.2000", "tipo": "demo", "sector": "demo", "estado": "desconocido", "score": 0.9452, "demo": true, "porosidad_pct": 34.8, "espesor_arena_neta_ft": 169.9, "fuente": "Modelo DEMO sobre datos sinteticos. Distribuciones de la tabla 1 del USGS FS 2009-3028; etiqueta y reparto espacial inventados. NO es un dato observado.", "confianza": "baja", "ultima_verificacion": "2026-09-09"}}, {"type": "Feature", "geometry": {"type": "Polygon", "coordinates": [[[-66.78, 8.2], [-66.7, 8.2], [-66.7, 8.28], [-66.78, 8.28], [-66.78, 8.2]]]}, "properties": {"id": "DEMO--66.7800-8.2000", "tipo": "demo", "sector": "demo", "estado": "desconocido", "score": 0.8737, "demo": true, "porosidad_pct": 27.9, "espesor_arena_neta_ft": 169.3, "fuente": "Modelo DEMO sobre datos sinteticos. Distribuciones de la tabla 1 del USGS FS 2009-3028; etiqueta y reparto espacial inventados. NO es un dato observado.", "confianza": "baja", "ultima_verificacion": "2026-09-09"}}, {"type": "Feature", "geometry": {"type": "Polygon", "coordinates": [[[-66.7, 8.2], [-66.62, 8.2], [-66.62, 8.28], [-66.7, 8.28], [-66.7, 8.2]]]}, "properties": {"id": "DEMO--66.7000-8.2000", "tipo": "demo", "sector": "demo", "estado": "desconocido", "score": 0.7974, "demo": true, "porosidad_pct": 29.8, "espesor_arena_neta_ft": 132.9, "fuente": "Modelo DEMO sobre datos sinteticos. Distribuciones de la tabla 1 del USGS FS 2009-3028; etiqueta y reparto espacial inventados. NO es un dato observado.", "confianza": "baja", "ultima_verificacion": "2026-09-09"}}, {"type": "Feature", "geometry": {"type": "Polygon", "coordinates": [[[-66.62, 8.2], [-66.54, 8.2], [-66.54, 8.28], [-66.62, 8.28], [-66.62, 8.2]]]}, "properties": {"id": "DEMO--66.6200-8.2000", "tipo": "demo", "sector": "demo", "estado": "desconocido", "score": 0.4471, "demo": true, "porosidad_pct": 30.0, "espesor_arena_neta_ft": 79.4, "fuente": "Modelo DEMO sobre datos sinteticos. Distribuciones de la tabla 1 del USGS FS 2009-3028; etiqueta y reparto espacial inventados. NO es un dato observado.", "confianza": "baja", "ultima_verificacion": "2026-09-09"}}, {"type": "Feature", "geometry": {"type": "Polygon", "coordinates": [[[-66.54, 8.2], [-66.46000000000001, 8.2], [-66.46000000000001, 8.28], [-66.54, 8.28], [-66.54, 8.2]]]}, "properties": {"id": "DEMO--66.5400-8.2000", "tipo": "demo", "sector": "demo", "estado": "desconocido", "score": 0.5231, "demo": true, "porosidad_pct": 33.6, "espesor_arena_neta_ft": 71.5, "fuente": "Modelo DEMO sobre datos sinteticos. Distribuciones de la tabla 1 del USGS FS 2009-3028; etiqueta y reparto espacial inventados. NO es un dato observado.", "confianza": "baja", "ultima_verificacion": "2026-09-09"}}, {"type": "Feature", "geometry": {"type": "Polygon", "coordinates": [[[-66.46, 8.2], [-66.38, 8.2], [-66.38, 8.28], [-66.46, 8.28], [-66.46, 8.2]]]}, "properties": {"id": "DEMO--66.4600-8.2000", "tipo": "demo", "sector": "demo", "estado": "desconocido", "score": 0.7038, "demo": true, "porosidad_pct": 33.2, "espesor_arena_neta_ft": 136.3, "fuente": "Modelo DEMO sobre datos sinteticos. Distribuciones de la tabla 1 del USGS FS 2009-3028; etiqueta y reparto espacial inventados. NO es un dato observado.", "confianza": "baja", "ultima_verificacion": "2026-09-09"}}, {"type": "Feature", "geometry": {"type": "Polygon", "coordinates": [[[-66.38, 8.2], [-66.3, 8.2], [-66.3, 8.28], [-66.38, 8.28], [-66.38, 8.2]]]}, "properties": {"id": "DEMO--66.3800-8.2000", "tipo": "demo", "sector": "demo", "estado": "desconocido", "score": 0.8595, "demo": true, "porosidad_pct": 35.3, "espesor_arena_neta_ft": 159.5, "fuente": "Modelo DEMO sobre datos sinteticos. Distribuciones de la tabla 1 del USGS FS 2009-3028; etiqueta y reparto espacial inventados. NO es un dato observado.", "confianza": "baja", "ultima_verificacion": "2026-09-09"}}, {"type": "Feature", "geometry": {"type": "Polygon", "coordinates": [[[-66.3, 8.2], [-66.22, 8.2], [-66.22, 8.28], [-66.3, 8.28], [-66.3, 8.2]]]}, "properties": {"id": "DEMO--66.3000-8.2000", "tipo": "demo", "sector": "demo", "estado": "desconocido", "score": 0.9069, "demo": true, "porosidad_pct": 30.7, "espesor_arena_neta_ft": 137.8, "fuente": "Modelo DEMO sobre datos sinteticos. Distribuciones de la tabla 1 del USGS FS 2009-3028; etiqueta y reparto espacial inventados. NO es un dato observado.", "confianza": "baja", "ultima_verificacion": "2026-09-09"}}, {"type": "Feature", "geometry": {"type": "Polygon", "coordinates": [[[-66.22, 8.2], [-66.14, 8.2], [-66.14, 8.28], [-66.22, 8.28], [-66.22, 8.2]]]}, "properties": {"id": "DEMO--66.2200-8.2000", "tipo": "demo", "sector": "demo", "estado": "desconocido", "score": 0.4007, "demo": true, "porosidad_pct": 26.8, "espesor_arena_neta_ft": 164.3, "fuente": "Modelo DEMO sobre datos sinteticos. Distribuciones de la tabla 1 del USGS FS 2009-3028; etiqueta y reparto espacial inventados. NO es un dato observado.", "confianza": "baja", "ultima_verificacion": "2026-09-09"}}, {"type": "Feature", "geometry": {"type": "Polygon", "coordinates": [[[-66.14, 8.2], [-66.06, 8.2], [-66.06, 8.28], [-66.14, 8.28], [-66.14, 8.2]]]}, "properties": {"id": "DEMO--66.1400-8.2000", "tipo": "demo", "sector": "demo", "estado": "desconocido", "score": 0.2585, "demo": true, "porosidad_pct": 28.2, "espesor_arena_neta_ft": 83.8, "fuente": "Modelo DEMO sobre datos sinteticos. Distribuciones de la tabla 1 del USGS FS 2009-3028; etiqueta y reparto espacial inventados. NO es un dato observado.", "confianza": "baja", "ultima_verificacion": "2026-09-09"}}, {"type": "Feature", "geometry": {"type": "Polygon", "coordinates": [[[-66.06, 8.2], [-65.98, 8.2], [-65.98, 8.28], [-66.06, 8.28], [-66.06, 8.2]]]}, "properties": {"id": "DEMO--66.0600-8.2000", "tipo": "demo", "sector": "demo", "estado": "desconocido", "score": 0.7882, "demo": true, "porosidad_pct": 29.3, "espesor_arena_neta_ft": 190.1, "fuente": "Modelo DEMO sobre datos sinteticos. Distribuciones de la tabla 1 del USGS FS 2009-3028; etiqueta y reparto espacial inventados. NO es un dato observado.", "confianza": "baja", "ultima_verificacion": "2026-09-09"}}, {"type": "Feature", "geometry": {"type": "Polygon", "coordinates": [[[-65.98, 8.2], [-65.9, 8.2], [-65.9, 8.28], [-65.98, 8.28], [-65.98, 8.2]]]}, "properties": {"id": "DEMO--65.9800-8.2000", "tipo": "demo", "sector": "demo", "estado": "desconocido", "score": 0.7858, "demo": true, "porosidad_pct": 28.8, "espesor_arena_neta_ft": 156.1, "fuente": "Modelo DEMO sobre datos sinteticos. Distribuciones de la tabla 1 del USGS FS 2009-3028; etiqueta y reparto espacial inventados. NO es un dato observado.", "confianza": "baja", "ultima_verificacion": "2026-09-09"}}, {"type": "Feature", "geometry": {"type": "Polygon", "coordinates": [[[-65.9, 8.2], [-65.82000000000001, 8.2], [-65.82000000000001, 8.28], [-65.9, 8.28], [-65.9, 8.2]]]}, "properties": {"id": "DEMO--65.9000-8.2000", "tipo": "demo", "sector": "demo", "estado": "desconocido", "score": 0.349, "demo": true, "porosidad_pct": 28.2, "espesor_arena_neta_ft": 102.6, "fuente": "Modelo DEMO sobre datos sinteticos. Distribuciones de la tabla 1 del USGS FS 2009-3028; etiqueta y reparto espacial inventados. NO es un dato observado.", "confianza": "baja", "ultima_verificacion": "2026-09-09"}}, {"type": "Feature", "geometry": {"type": "Polygon", "coordinates": [[[-65.82, 8.2], [-65.74, 8.2], [-65.74, 8.28], [-65.82, 8.28], [-65.82, 8.2]]]}, "properties": {"id": "DEMO--65.8200-8.2000", "tipo": "demo", "sector": "demo", "estado": "desconocido", "score": 0.3337, "demo": true, "porosidad_pct": 26.9, "espesor_arena_neta_ft": 113.9, "fuente": "Modelo DEMO sobre datos sinteticos. Distribuciones de la tabla 1 del USGS FS 2009-3028; etiqueta y reparto espacial inventados. NO es un dato observado.", "confianza": "baja", "ultima_verificacion": "2026-09-09"}}, {"type": "Feature", "geometry": {"type": "Polygon", "coordinates": [[[-65.74, 8.2], [-65.66, 8.2], [-65.66, 8.28], [-65.74, 8.28], [-65.74, 8.2]]]}, "properties": {"id": "DEMO--65.7400-8.2000", "tipo": "demo", "sector": "demo", "estado": "desconocido", "score": 0.7413, "demo": true, "porosidad_pct": 27.8, "espesor_arena_neta_ft": 132.8, "fuente": "Modelo DEMO sobre datos sinteticos. Distribuciones de la tabla 1 del USGS FS 2009-3028; etiqueta y reparto espacial inventados. NO es un dato observado.", "confianza": "baja", "ultima_verificacion": "2026-09-09"}}, {"type": "Feature", "geometry": {"type": "Polygon", "coordinates": [[[-65.66, 8.2], [-65.58, 8.2], [-65.58, 8.28], [-65.66, 8.28], [-65.66, 8.2]]]}, "properties": {"id": "DEMO--65.6600-8.2000", "tipo": "demo", "sector": "demo", "estado": "desconocido", "score": 0.877, "demo": true, "porosidad_pct": 29.4, "espesor_arena_neta_ft": 214.2, "fuente": "Modelo DEMO sobre datos sinteticos. Distribuciones de la tabla 1 del USGS FS 2009-3028; etiqueta y reparto espacial inventados. NO es un dato observado.", "confianza": "baja", "ultima_verificacion": "2026-09-09"}}, {"type": "Feature", "geometry": {"type": "Polygon", "coordinates": [[[-65.58, 8.2], [-65.5, 8.2], [-65.5, 8.28], [-65.58, 8.28], [-65.58, 8.2]]]}, "properties": {"id": "DEMO--65.5800-8.2000", "tipo": "demo", "sector": "demo", "estado": "desconocido", "score": 0.7644, "demo": true, "porosidad_pct": 30.6, "espesor_arena_neta_ft": 173.3, "fuente": "Modelo DEMO sobre datos sinteticos. Distribuciones de la tabla 1 del USGS FS 2009-3028; etiqueta y reparto espacial inventados. NO es un dato observado.", "confianza": "baja", "ultima_verificacion": "2026-09-09"}}, {"type": "Feature", "geometry": {"type": "Polygon", "coordinates": [[[-65.5, 8.2], [-65.42, 8.2], [-65.42, 8.28], [-65.5, 8.28], [-65.5, 8.2]]]}, "properties": {"id": "DEMO--65.5000-8.2000", "tipo": "demo", "sector": "demo", "estado": "desconocido", "score": 0.7485, "demo": true, "porosidad_pct": 33.4, "espesor_arena_neta_ft": 134.9, "fuente": "Modelo DEMO sobre datos sinteticos. Distribuciones de la tabla 1 del USGS FS 2009-3028; etiqueta y reparto espacial inventados. NO es un dato observado.", "confianza": "baja", "ultima_verificacion": "2026-09-09"}}, {"type": "Feature", "geometry": {"type": "Polygon", "coordinates": [[[-65.42, 8.2], [-65.34, 8.2], [-65.34, 8.28], [-65.42, 8.28], [-65.42, 8.2]]]}, "properties": {"id": "DEMO--65.4200-8.2000", "tipo": "demo", "sector": "demo", "estado": "desconocido", "score": 0.5072, "demo": true, "porosidad_pct": 26.0, "espesor_arena_neta_ft": 126.7, "fuente": "Modelo DEMO sobre datos sinteticos. Distribuciones de la tabla 1 del USGS FS 2009-3028; etiqueta y reparto espacial inventados. NO es un dato observado.", "confianza": "baja", "ultima_verificacion": "2026-09-09"}}, {"type": "Feature", "geometry": {"type": "Polygon", "coordinates": [[[-65.34, 8.2], [-65.26, 8.2], [-65.26, 8.28], [-65.34, 8.28], [-65.34, 8.2]]]}, "properties": {"id": "DEMO--65.3400-8.2000", "tipo": "demo", "sector": "demo", "estado": "desconocido", "score": 0.0924, "demo": true, "porosidad_pct": 28.3, "espesor_arena_neta_ft": 101.6, "fuente": "Modelo DEMO sobre datos sinteticos. Distribuciones de la tabla 1 del USGS FS 2009-3028; etiqueta y reparto espacial inventados. NO es un dato observado.", "confianza": "baja", "ultima_verificacion": "2026-09-09"}}, {"type": "Feature", "geometry": {"type": "Polygon", "coordinates": [[[-65.26, 8.2], [-65.18, 8.2], [-65.18, 8.28], [-65.26, 8.28], [-65.26, 8.2]]]}, "properties": {"id": "DEMO--65.2600-8.2000", "tipo": "demo", "sector": "demo", "estado": "desconocido", "score": 0.7759, "demo": true, "porosidad_pct": 29.0, "espesor_arena_neta_ft": 236.7, "fuente": "Modelo DEMO sobre datos sinteticos. Distribuciones de la tabla 1 del USGS FS 2009-3028; etiqueta y reparto espacial inventados. NO es un dato observado.", "confianza": "baja", "ultima_verificacion": "2026-09-09"}}, {"type": "Feature", "geometry": {"type": "Polygon", "coordinates": [[[-65.18, 8.2], [-65.10000000000001, 8.2], [-65.10000000000001, 8.28], [-65.18, 8.28], [-65.18, 8.2]]]}, "properties": {"id": "DEMO--65.1800-8.2000", "tipo": "demo", "sector": "demo", "estado": "desconocido", "score": 0.7724, "demo": true, "porosidad_pct": 30.3, "espesor_arena_neta_ft": 144.3, "fuente": "Modelo DEMO sobre datos sinteticos. Distribuciones de la tabla 1 del USGS FS 2009-3028; etiqueta y reparto espacial inventados. NO es un dato observado.", "confianza": "baja", "ultima_verificacion": "2026-09-09"}}, {"type": "Feature", "geometry": {"type": "Polygon", "coordinates": [[[-65.1, 8.2], [-65.02, 8.2], [-65.02, 8.28], [-65.1, 8.28], [-65.1, 8.2]]]}, "properties": {"id": "DEMO--65.1000-8.2000", "tipo": "demo", "sector": "demo", "estado": "desconocido", "score": 0.9153, "demo": true, "porosidad_pct": 31.4, "espesor_arena_neta_ft": 223.6, "fuente": "Modelo DEMO sobre datos sinteticos. Distribuciones de la tabla 1 del USGS FS 2009-3028; etiqueta y reparto espacial inventados. NO es un dato observado.", "confianza": "baja", "ultima_verificacion": "2026-09-09"}}, {"type": "Feature", "geometry": {"type": "Polygon", "coordinates": [[[-65.02, 8.2], [-64.94, 8.2], [-64.94, 8.28], [-65.02, 8.28], [-65.02, 8.2]]]}, "properties": {"id": "DEMO--65.0200-8.2000", "tipo": "demo", "sector": "demo", "estado": "desconocido", "score": 0.7989, "demo": true, "porosidad_pct": 28.8, "espesor_arena_neta_ft": 245.7, "fuente": "Modelo DEMO sobre datos sinteticos. Distribuciones de la tabla 1 del USGS FS 2009-3028; etiqueta y reparto espacial inventados. NO es un dato observado.", "confianza": "baja", "ultima_verificacion": "2026-09-09"}}, {"type": "Feature", "geometry": {"type": "Polygon", "coordinates": [[[-64.94, 8.2], [-64.86, 8.2], [-64.86, 8.28], [-64.94, 8.28], [-64.94, 8.2]]]}, "properties": {"id": "DEMO--64.9400-8.2000", "tipo": "demo", "sector": "demo", "estado": "desconocido", "score": 0.4381, "demo": true, "porosidad_pct": 32.2, "espesor_arena_neta_ft": 122.3, "fuente": "Modelo DEMO sobre datos sinteticos. Distribuciones de la tabla 1 del USGS FS 2009-3028; etiqueta y reparto espacial inventados. NO es un dato observado.", "confianza": "baja", "ultima_verificacion": "2026-09-09"}}, {"type": "Feature", "geometry": {"type": "Polygon", "coordinates": [[[-64.86, 8.2], [-64.78, 8.2], [-64.78, 8.28], [-64.86, 8.28], [-64.86, 8.2]]]}, "properties": {"id": "DEMO--64.8600-8.2000", "tipo": "demo", "sector": "demo", "estado": "desconocido", "score": 0.6833, "demo": true, "porosidad_pct": 25.9, "espesor_arena_neta_ft": 223.3, "fuente": "Modelo DEMO sobre datos sinteticos. Distribuciones de la tabla 1 del USGS FS 2009-3028; etiqueta y reparto espacial inventados. NO es un dato observado.", "confianza": "baja", "ultima_verificacion": "2026-09-09"}}, {"type": "Feature", "geometry": {"type": "Polygon", "coordinates": [[[-64.78, 8.2], [-64.7, 8.2], [-64.7, 8.28], [-64.78, 8.28], [-64.78, 8.2]]]}, "properties": {"id": "DEMO--64.7800-8.2000", "tipo": "demo", "sector": "demo", "estado": "desconocido", "score": 0.52, "demo": true, "porosidad_pct": 28.4, "espesor_arena_neta_ft": 184.8, "fuente": "Modelo DEMO sobre datos sinteticos. Distribuciones de la tabla 1 del USGS FS 2009-3028; etiqueta y reparto espacial inventados. NO es un dato observado.", "confianza": "baja", "ultima_verificacion": "2026-09-09"}}, {"type": "Feature", "geometry": {"type": "Polygon", "coordinates": [[[-64.7, 8.2], [-64.62, 8.2], [-64.62, 8.28], [-64.7, 8.28], [-64.7, 8.2]]]}, "properties": {"id": "DEMO--64.7000-8.2000", "tipo": "demo", "sector": "demo", "estado": "desconocido", "score": 0.7568, "demo": true, "porosidad_pct": 27.4, "espesor_arena_neta_ft": 208.8, "fuente": "Modelo DEMO sobre datos sinteticos. Distribuciones de la tabla 1 del USGS FS 2009-3028; etiqueta y reparto espacial inventados. NO es un dato observado.", "confianza": "baja", "ultima_verificacion": "2026-09-09"}}, {"type": "Feature", "geometry": {"type": "Polygon", "coordinates": [[[-64.62, 8.2], [-64.54, 8.2], [-64.54, 8.28], [-64.62, 8.28], [-64.62, 8.2]]]}, "properties": {"id": "DEMO--64.6200-8.2000", "tipo": "demo", "sector": "demo", "estado": "desconocido", "score": 0.8312, "demo": true, "porosidad_pct": 28.5, "espesor_arena_neta_ft": 247.1, "fuente": "Modelo DEMO sobre datos sinteticos. Distribuciones de la tabla 1 del USGS FS 2009-3028; etiqueta y reparto espacial inventados. NO es un dato observado.", "confianza": "baja", "ultima_verificacion": "2026-09-09"}}, {"type": "Feature", "geometry": {"type": "Polygon", "coordinates": [[[-64.54, 8.2], [-64.46000000000001, 8.2], [-64.46000000000001, 8.28], [-64.54, 8.28], [-64.54, 8.2]]]}, "properties": {"id": "DEMO--64.5400-8.2000", "tipo": "demo", "sector": "demo", "estado": "desconocido", "score": 0.727, "demo": true, "porosidad_pct": 28.1, "espesor_arena_neta_ft": 214.9, "fuente": "Modelo DEMO sobre datos sinteticos. Distribuciones de la tabla 1 del USGS FS 2009-3028; etiqueta y reparto espacial inventados. NO es un dato observado.", "confianza": "baja", "ultima_verificacion": "2026-09-09"}}, {"type": "Feature", "geometry": {"type": "Polygon", "coordinates": [[[-64.46, 8.2], [-64.38, 8.2], [-64.38, 8.28], [-64.46, 8.28], [-64.46, 8.2]]]}, "properties": {"id": "DEMO--64.4600-8.2000", "tipo": "demo", "sector": "demo", "estado": "desconocido", "score": 0.2705, "demo": true, "porosidad_pct": 26.0, "espesor_arena_neta_ft": 157.5, "fuente": "Modelo DEMO sobre datos sinteticos. Distribuciones de la tabla 1 del USGS FS 2009-3028; etiqueta y reparto espacial inventados. NO es un dato observado.", "confianza": "baja", "ultima_verificacion": "2026-09-09"}}, {"type": "Feature", "geometry": {"type": "Polygon", "coordinates": [[[-64.38, 8.2], [-64.3, 8.2], [-64.3, 8.28], [-64.38, 8.28], [-64.38, 8.2]]]}, "properties": {"id": "DEMO--64.3800-8.2000", "tipo": "demo", "sector": "demo", "estado": "desconocido", "score": 0.8772, "demo": true, "porosidad_pct": 30.8, "espesor_arena_neta_ft": 249.7, "fuente": "Modelo DEMO sobre datos sinteticos. Distribuciones de la tabla 1 del USGS FS 2009-3028; etiqueta y reparto espacial inventados. NO es un dato observado.", "confianza": "baja", "ultima_verificacion": "2026-09-09"}}, {"type": "Feature", "geometry": {"type": "Polygon", "coordinates": [[[-64.3, 8.2], [-64.22, 8.2], [-64.22, 8.28], [-64.3, 8.28], [-64.3, 8.2]]]}, "properties": {"id": "DEMO--64.3000-8.2000", "tipo": "demo", "sector": "demo", "estado": "desconocido", "score": 0.5032, "demo": true, "porosidad_pct": 26.9, "espesor_arena_neta_ft": 232.9, "fuente": "Modelo DEMO sobre datos sinteticos. Distribuciones de la tabla 1 del USGS FS 2009-3028; etiqueta y reparto espacial inventados. NO es un dato observado.", "confianza": "baja", "ultima_verificacion": "2026-09-09"}}, {"type": "Feature", "geometry": {"type": "Polygon", "coordinates": [[[-64.22, 8.2], [-64.14, 8.2], [-64.14, 8.28], [-64.22, 8.28], [-64.22, 8.2]]]}, "properties": {"id": "DEMO--64.2200-8.2000", "tipo": "demo", "sector": "demo", "estado": "desconocido", "score": 0.3127, "demo": true, "porosidad_pct": 27.1, "espesor_arena_neta_ft": 195.9, "fuente": "Modelo DEMO sobre datos sinteticos. Distribuciones de la tabla 1 del USGS FS 2009-3028; etiqueta y reparto espacial inventados. NO es un dato observado.", "confianza": "baja", "ultima_verificacion": "2026-09-09"}}, {"type": "Feature", "geometry": {"type": "Polygon", "coordinates": [[[-64.14, 8.2], [-64.06, 8.2], [-64.06, 8.28], [-64.14, 8.28], [-64.14, 8.2]]]}, "properties": {"id": "DEMO--64.1400-8.2000", "tipo": "demo", "sector": "demo", "estado": "desconocido", "score": 0.4033, "demo": true, "porosidad_pct": 26.4, "espesor_arena_neta_ft": 190.4, "fuente": "Modelo DEMO sobre datos sinteticos. Distribuciones de la tabla 1 del USGS FS 2009-3028; etiqueta y reparto espacial inventados. NO es un dato observado.", "confianza": "baja", "ultima_verificacion": "2026-09-09"}}, {"type": "Feature", "geometry": {"type": "Polygon", "coordinates": [[[-64.06, 8.2], [-63.980000000000004, 8.2], [-63.980000000000004, 8.28], [-64.06, 8.28], [-64.06, 8.2]]]}, "properties": {"id": "DEMO--64.0600-8.2000", "tipo": "demo", "sector": "demo", "estado": "desconocido", "score": 0.1062, "demo": true, "porosidad_pct": 25.6, "espesor_arena_neta_ft": 114.3, "fuente": "Modelo DEMO sobre datos sinteticos. Distribuciones de la tabla 1 del USGS FS 2009-3028; etiqueta y reparto espacial inventados. NO es un dato observado.", "confianza": "baja", "ultima_verificacion": "2026-09-09"}}, {"type": "Feature", "geometry": {"type": "Polygon", "coordinates": [[[-63.98, 8.2], [-63.9, 8.2], [-63.9, 8.28], [-63.98, 8.28], [-63.98, 8.2]]]}, "properties": {"id": "DEMO--63.9800-8.2000", "tipo": "demo", "sector": "demo", "estado": "desconocido", "score": 0.2896, "demo": true, "porosidad_pct": 26.8, "espesor_arena_neta_ft": 152.9, "fuente": "Modelo DEMO sobre datos sinteticos. Distribuciones de la tabla 1 del USGS FS 2009-3028; etiqueta y reparto espacial inventados. NO es un dato observado.", "confianza": "baja", "ultima_verificacion": "2026-09-09"}}, {"type": "Feature", "geometry": {"type": "Polygon", "coordinates": [[[-63.9, 8.2], [-63.82, 8.2], [-63.82, 8.28], [-63.9, 8.28], [-63.9, 8.2]]]}, "properties": {"id": "DEMO--63.9000-8.2000", "tipo": "demo", "sector": "demo", "estado": "desconocido", "score": 0.3293, "demo": true, "porosidad_pct": 26.0, "espesor_arena_neta_ft": 199.9, "fuente": "Modelo DEMO sobre datos sinteticos. Distribuciones de la tabla 1 del USGS FS 2009-3028; etiqueta y reparto espacial inventados. NO es un dato observado.", "confianza": "baja", "ultima_verificacion": "2026-09-09"}}, {"type": "Feature", "geometry": {"type": "Polygon", "coordinates": [[[-63.82, 8.2], [-63.74, 8.2], [-63.74, 8.28], [-63.82, 8.28], [-63.82, 8.2]]]}, "properties": {"id": "DEMO--63.8200-8.2000", "tipo": "demo", "sector": "demo", "estado": "desconocido", "score": 0.5905, "demo": true, "porosidad_pct": 28.4, "espesor_arena_neta_ft": 155.7, "fuente": "Modelo DEMO sobre datos sinteticos. Distribuciones de la tabla 1 del USGS FS 2009-3028; etiqueta y reparto espacial inventados. NO es un dato observado.", "confianza": "baja", "ultima_verificacion": "2026-09-09"}}, {"type": "Feature", "geometry": {"type": "Polygon", "coordinates": [[[-63.74, 8.2], [-63.660000000000004, 8.2], [-63.660000000000004, 8.28], [-63.74, 8.28], [-63.74, 8.2]]]}, "properties": {"id": "DEMO--63.7400-8.2000", "tipo": "demo", "sector": "demo", "estado": "desconocido", "score": 0.7826, "demo": true, "porosidad_pct": 28.2, "espesor_arena_neta_ft": 207.0, "fuente": "Modelo DEMO sobre datos sinteticos. Distribuciones de la tabla 1 del USGS FS 2009-3028; etiqueta y reparto espacial inventados. NO es un dato observado.", "confianza": "baja", "ultima_verificacion": "2026-09-09"}}, {"type": "Feature", "geometry": {"type": "Polygon", "coordinates": [[[-63.66, 8.2], [-63.58, 8.2], [-63.58, 8.28], [-63.66, 8.28], [-63.66, 8.2]]]}, "properties": {"id": "DEMO--63.6600-8.2000", "tipo": "demo", "sector": "demo", "estado": "desconocido", "score": 0.1703, "demo": true, "porosidad_pct": 25.6, "espesor_arena_neta_ft": 166.8, "fuente": "Modelo DEMO sobre datos sinteticos. Distribuciones de la tabla 1 del USGS FS 2009-3028; etiqueta y reparto espacial inventados. NO es un dato observado.", "confianza": "baja", "ultima_verificacion": "2026-09-09"}}, {"type": "Feature", "geometry": {"type": "Polygon", "coordinates": [[[-63.58, 8.2], [-63.5, 8.2], [-63.5, 8.28], [-63.58, 8.28], [-63.58, 8.2]]]}, "properties": {"id": "DEMO--63.5800-8.2000", "tipo": "demo", "sector": "demo", "estado": "desconocido", "score": 0.049, "demo": true, "porosidad_pct": 26.8, "espesor_arena_neta_ft": 146.7, "fuente": "Modelo DEMO sobre datos sinteticos. Distribuciones de la tabla 1 del USGS FS 2009-3028; etiqueta y reparto espacial inventados. NO es un dato observado.", "confianza": "baja", "ultima_verificacion": "2026-09-09"}}, {"type": "Feature", "geometry": {"type": "Polygon", "coordinates": [[[-63.5, 8.2], [-63.42, 8.2], [-63.42, 8.28], [-63.5, 8.28], [-63.5, 8.2]]]}, "properties": {"id": "DEMO--63.5000-8.2000", "tipo": "demo", "sector": "demo", "estado": "desconocido", "score": 0.4864, "demo": true, "porosidad_pct": 28.4, "espesor_arena_neta_ft": 98.9, "fuente": "Modelo DEMO sobre datos sinteticos. Distribuciones de la tabla 1 del USGS FS 2009-3028; etiqueta y reparto espacial inventados. NO es un dato observado.", "confianza": "baja", "ultima_verificacion": "2026-09-09"}}, {"type": "Feature", "geometry": {"type": "Polygon", "coordinates": [[[-63.42, 8.2], [-63.34, 8.2], [-63.34, 8.28], [-63.42, 8.28], [-63.42, 8.2]]]}, "properties": {"id": "DEMO--63.4200-8.2000", "tipo": "demo", "sector": "demo", "estado": "desconocido", "score": 0.4941, "demo": true, "porosidad_pct": 27.3, "espesor_arena_neta_ft": 105.3, "fuente": "Modelo DEMO sobre datos sinteticos. Distribuciones de la tabla 1 del USGS FS 2009-3028; etiqueta y reparto espacial inventados. NO es un dato observado.", "confianza": "baja", "ultima_verificacion": "2026-09-09"}}, {"type": "Feature", "geometry": {"type": "Polygon", "coordinates": [[[-63.34, 8.2], [-63.260000000000005, 8.2], [-63.260000000000005, 8.28], [-63.34, 8.28], [-63.34, 8.2]]]}, "properties": {"id": "DEMO--63.3400-8.2000", "tipo": "demo", "sector": "demo", "estado": "desconocido", "score": 0.579, "demo": true, "porosidad_pct": 31.4, "espesor_arena_neta_ft": 63.6, "fuente": "Modelo DEMO sobre datos sinteticos. Distribuciones de la tabla 1 del USGS FS 2009-3028; etiqueta y reparto espacial inventados. NO es un dato observado.", "confianza": "baja", "ultima_verificacion": "2026-09-09"}}, {"type": "Feature", "geometry": {"type": "Polygon", "coordinates": [[[-63.26, 8.2], [-63.18, 8.2], [-63.18, 8.28], [-63.26, 8.28], [-63.26, 8.2]]]}, "properties": {"id": "DEMO--63.2600-8.2000", "tipo": "demo", "sector": "demo", "estado": "desconocido", "score": 0.6759, "demo": true, "porosidad_pct": 29.4, "espesor_arena_neta_ft": 156.0, "fuente": "Modelo DEMO sobre datos sinteticos. Distribuciones de la tabla 1 del USGS FS 2009-3028; etiqueta y reparto espacial inventados. NO es un dato observado.", "confianza": "baja", "ultima_verificacion": "2026-09-09"}}, {"type": "Feature", "geometry": {"type": "Polygon", "coordinates": [[[-63.18, 8.2], [-63.1, 8.2], [-63.1, 8.28], [-63.18, 8.28], [-63.18, 8.2]]]}, "properties": {"id": "DEMO--63.1800-8.2000", "tipo": "demo", "sector": "demo", "estado": "desconocido", "score": 0.9102, "demo": true, "porosidad_pct": 32.2, "espesor_arena_neta_ft": 162.4, "fuente": "Modelo DEMO sobre datos sinteticos. Distribuciones de la tabla 1 del USGS FS 2009-3028; etiqueta y reparto espacial inventados. NO es un dato observado.", "confianza": "baja", "ultima_verificacion": "2026-09-09"}}, {"type": "Feature", "geometry": {"type": "Polygon", "coordinates": [[[-63.1, 8.2], [-63.02, 8.2], [-63.02, 8.28], [-63.1, 8.28], [-63.1, 8.2]]]}, "properties": {"id": "DEMO--63.1000-8.2000", "tipo": "demo", "sector": "demo", "estado": "desconocido", "score": 0.5923, "demo": true, "porosidad_pct": 31.1, "espesor_arena_neta_ft": 49.8, "fuente": "Modelo DEMO sobre datos sinteticos. Distribuciones de la tabla 1 del USGS FS 2009-3028; etiqueta y reparto espacial inventados. NO es un dato observado.", "confianza": "baja", "ultima_verificacion": "2026-09-09"}}, {"type": "Feature", "geometry": {"type": "Polygon", "coordinates": [[[-63.02, 8.2], [-62.940000000000005, 8.2], [-62.940000000000005, 8.28], [-63.02, 8.28], [-63.02, 8.2]]]}, "properties": {"id": "DEMO--63.0200-8.2000", "tipo": "demo", "sector": "demo", "estado": "desconocido", "score": 0.4977, "demo": true, "porosidad_pct": 28.0, "espesor_arena_neta_ft": 121.4, "fuente": "Modelo DEMO sobre datos sinteticos. Distribuciones de la tabla 1 del USGS FS 2009-3028; etiqueta y reparto espacial inventados. NO es un dato observado.", "confianza": "baja", "ultima_verificacion": "2026-09-09"}}, {"type": "Feature", "geometry": {"type": "Polygon", "coordinates": [[[-62.94, 8.2], [-62.86, 8.2], [-62.86, 8.28], [-62.94, 8.28], [-62.94, 8.2]]]}, "properties": {"id": "DEMO--62.9400-8.2000", "tipo": "demo", "sector": "demo", "estado": "desconocido", "score": 0.6959, "demo": true, "porosidad_pct": 29.7, "espesor_arena_neta_ft": 104.9, "fuente": "Modelo DEMO sobre datos sinteticos. Distribuciones de la tabla 1 del USGS FS 2009-3028; etiqueta y reparto espacial inventados. NO es un dato observado.", "confianza": "baja", "ultima_verificacion": "2026-09-09"}}, {"type": "Feature", "geometry": {"type": "Polygon", "coordinates": [[[-62.86, 8.2], [-62.78, 8.2], [-62.78, 8.28], [-62.86, 8.28], [-62.86, 8.2]]]}, "properties": {"id": "DEMO--62.8600-8.2000", "tipo": "demo", "sector": "demo", "estado": "desconocido", "score": 0.9312, "demo": true, "porosidad_pct": 30.4, "espesor_arena_neta_ft": 184.2, "fuente": "Modelo DEMO sobre datos sinteticos. Distribuciones de la tabla 1 del USGS FS 2009-3028; etiqueta y reparto espacial inventados. NO es un dato observado.", "confianza": "baja", "ultima_verificacion": "2026-09-09"}}, {"type": "Feature", "geometry": {"type": "Polygon", "coordinates": [[[-62.78, 8.2], [-62.7, 8.2], [-62.7, 8.28], [-62.78, 8.28], [-62.78, 8.2]]]}, "properties": {"id": "DEMO--62.7800-8.2000", "tipo": "demo", "sector": "demo", "estado": "desconocido", "score": 0.4767, "demo": true, "porosidad_pct": 33.9, "espesor_arena_neta_ft": 75.7, "fuente": "Modelo DEMO sobre datos sinteticos. Distribuciones de la tabla 1 del USGS FS 2009-3028; etiqueta y reparto espacial inventados. NO es un dato observado.", "confianza": "baja", "ultima_verificacion": "2026-09-09"}}, {"type": "Feature", "geometry": {"type": "Polygon", "coordinates": [[[-62.7, 8.2], [-62.620000000000005, 8.2], [-62.620000000000005, 8.28], [-62.7, 8.28], [-62.7, 8.2]]]}, "properties": {"id": "DEMO--62.7000-8.2000", "tipo": "demo", "sector": "demo", "estado": "desconocido", "score": 0.8279, "demo": true, "porosidad_pct": 32.5, "espesor_arena_neta_ft": 113.4, "fuente": "Modelo DEMO sobre datos sinteticos. Distribuciones de la tabla 1 del USGS FS 2009-3028; etiqueta y reparto espacial inventados. NO es un dato observado.", "confianza": "baja", "ultima_verificacion": "2026-09-09"}}, {"type": "Feature", "geometry": {"type": "Polygon", "coordinates": [[[-62.62, 8.2], [-62.54, 8.2], [-62.54, 8.28], [-62.62, 8.28], [-62.62, 8.2]]]}, "properties": {"id": "DEMO--62.6200-8.2000", "tipo": "demo", "sector": "demo", "estado": "desconocido", "score": 0.6164, "demo": true, "porosidad_pct": 33.7, "espesor_arena_neta_ft": 82.5, "fuente": "Modelo DEMO sobre datos sinteticos. Distribuciones de la tabla 1 del USGS FS 2009-3028; etiqueta y reparto espacial inventados. NO es un dato observado.", "confianza": "baja", "ultima_verificacion": "2026-09-09"}}, {"type": "Feature", "geometry": {"type": "Polygon", "coordinates": [[[-62.54, 8.2], [-62.46, 8.2], [-62.46, 8.28], [-62.54, 8.28], [-62.54, 8.2]]]}, "properties": {"id": "DEMO--62.5400-8.2000", "tipo": "demo", "sector": "demo", "estado": "desconocido", "score": 0.9611, "demo": true, "porosidad_pct": 33.2, "espesor_arena_neta_ft": 163.4, "fuente": "Modelo DEMO sobre datos sinteticos. Distribuciones de la tabla 1 del USGS FS 2009-3028; etiqueta y reparto espacial inventados. NO es un dato observado.", "confianza": "baja", "ultima_verificacion": "2026-09-09"}}, {"type": "Feature", "geometry": {"type": "Polygon", "coordinates": [[[-62.46, 8.2], [-62.38, 8.2], [-62.38, 8.28], [-62.46, 8.28], [-62.46, 8.2]]]}, "properties": {"id": "DEMO--62.4600-8.2000", "tipo": "demo", "sector": "demo", "estado": "desconocido", "score": 0.1344, "demo": true, "porosidad_pct": 28.6, "espesor_arena_neta_ft": 60.3, "fuente": "Modelo DEMO sobre datos sinteticos. Distribuciones de la tabla 1 del USGS FS 2009-3028; etiqueta y reparto espacial inventados. NO es un dato observado.", "confianza": "baja", "ultima_verificacion": "2026-09-09"}}, {"type": "Feature", "geometry": {"type": "Polygon", "coordinates": [[[-62.38, 8.2], [-62.300000000000004, 8.2], [-62.300000000000004, 8.28], [-62.38, 8.28], [-62.38, 8.2]]]}, "properties": {"id": "DEMO--62.3800-8.2000", "tipo": "demo", "sector": "demo", "estado": "desconocido", "score": 0.8358, "demo": true, "porosidad_pct": 29.6, "espesor_arena_neta_ft": 132.8, "fuente": "Modelo DEMO sobre datos sinteticos. Distribuciones de la tabla 1 del USGS FS 2009-3028; etiqueta y reparto espacial inventados. NO es un dato observado.", "confianza": "baja", "ultima_verificacion": "2026-09-09"}}, {"type": "Feature", "geometry": {"type": "Polygon", "coordinates": [[[-62.3, 8.2], [-62.22, 8.2], [-62.22, 8.28], [-62.3, 8.28], [-62.3, 8.2]]]}, "properties": {"id": "DEMO--62.3000-8.2000", "tipo": "demo", "sector": "demo", "estado": "desconocido", "score": 0.5623, "demo": true, "porosidad_pct": 29.0, "espesor_arena_neta_ft": 149.5, "fuente": "Modelo DEMO sobre datos sinteticos. Distribuciones de la tabla 1 del USGS FS 2009-3028; etiqueta y reparto espacial inventados. NO es un dato observado.", "confianza": "baja", "ultima_verificacion": "2026-09-09"}}, {"type": "Feature", "geometry": {"type": "Polygon", "coordinates": [[[-62.22, 8.2], [-62.14, 8.2], [-62.14, 8.28], [-62.22, 8.28], [-62.22, 8.2]]]}, "properties": {"id": "DEMO--62.2200-8.2000", "tipo": "demo", "sector": "demo", "estado": "desconocido", "score": 0.8408, "demo": true, "porosidad_pct": 31.9, "espesor_arena_neta_ft": 182.7, "fuente": "Modelo DEMO sobre datos sinteticos. Distribuciones de la tabla 1 del USGS FS 2009-3028; etiqueta y reparto espacial inventados. NO es un dato observado.", "confianza": "baja", "ultima_verificacion": "2026-09-09"}}, {"type": "Feature", "geometry": {"type": "Polygon", "coordinates": [[[-62.14, 8.2], [-62.06, 8.2], [-62.06, 8.28], [-62.14, 8.28], [-62.14, 8.2]]]}, "properties": {"id": "DEMO--62.1400-8.2000", "tipo": "demo", "sector": "demo", "estado": "desconocido", "score": 0.6312, "demo": true, "porosidad_pct": 28.7, "espesor_arena_neta_ft": 173.3, "fuente": "Modelo DEMO sobre datos sinteticos. Distribuciones de la tabla 1 del USGS FS 2009-3028; etiqueta y reparto espacial inventados. NO es un dato observado.", "confianza": "baja", "ultima_verificacion": "2026-09-09"}}, {"type": "Feature", "geometry": {"type": "Polygon", "coordinates": [[[-67.34, 8.28], [-67.26, 8.28], [-67.26, 8.36], [-67.34, 8.36], [-67.34, 8.28]]]}, "properties": {"id": "DEMO--67.3400-8.2800", "tipo": "demo", "sector": "demo", "estado": "desconocido", "score": 0.4756, "demo": true, "porosidad_pct": 26.8, "espesor_arena_neta_ft": 160.1, "fuente": "Modelo DEMO sobre datos sinteticos. Distribuciones de la tabla 1 del USGS FS 2009-3028; etiqueta y reparto espacial inventados. NO es un dato observado.", "confianza": "baja", "ultima_verificacion": "2026-09-09"}}, {"type": "Feature", "geometry": {"type": "Polygon", "coordinates": [[[-67.26, 8.28], [-67.18, 8.28], [-67.18, 8.36], [-67.26, 8.36], [-67.26, 8.28]]]}, "properties": {"id": "DEMO--67.2600-8.2800", "tipo": "demo", "sector": "demo", "estado": "desconocido", "score": 0.5552, "demo": true, "porosidad_pct": 29.2, "espesor_arena_neta_ft": 106.5, "fuente": "Modelo DEMO sobre datos sinteticos. Distribuciones de la tabla 1 del USGS FS 2009-3028; etiqueta y reparto espacial inventados. NO es un dato observado.", "confianza": "baja", "ultima_verificacion": "2026-09-09"}}, {"type": "Feature", "geometry": {"type": "Polygon", "coordinates": [[[-67.18, 8.28], [-67.10000000000001, 8.28], [-67.10000000000001, 8.36], [-67.18, 8.36], [-67.18, 8.28]]]}, "properties": {"id": "DEMO--67.1800-8.2800", "tipo": "demo", "sector": "demo", "estado": "desconocido", "score": 0.7333, "demo": true, "porosidad_pct": 29.8, "espesor_arena_neta_ft": 86.2, "fuente": "Modelo DEMO sobre datos sinteticos. Distribuciones de la tabla 1 del USGS FS 2009-3028; etiqueta y reparto espacial inventados. NO es un dato observado.", "confianza": "baja", "ultima_verificacion": "2026-09-09"}}, {"type": "Feature", "geometry": {"type": "Polygon", "coordinates": [[[-67.1, 8.28], [-67.02, 8.28], [-67.02, 8.36], [-67.1, 8.36], [-67.1, 8.28]]]}, "properties": {"id": "DEMO--67.1000-8.2800", "tipo": "demo", "sector": "demo", "estado": "desconocido", "score": 0.4923, "demo": true, "porosidad_pct": 30.0, "espesor_arena_neta_ft": 67.2, "fuente": "Modelo DEMO sobre datos sinteticos. Distribuciones de la tabla 1 del USGS FS 2009-3028; etiqueta y reparto espacial inventados. NO es un dato observado.", "confianza": "baja", "ultima_verificacion": "2026-09-09"}}, {"type": "Feature", "geometry": {"type": "Polygon", "coordinates": [[[-67.02, 8.28], [-66.94, 8.28], [-66.94, 8.36], [-67.02, 8.36], [-67.02, 8.28]]]}, "properties": {"id": "DEMO--67.0200-8.2800", "tipo": "demo", "sector": "demo", "estado": "desconocido", "score": 0.4965, "demo": true, "porosidad_pct": 30.1, "espesor_arena_neta_ft": 73.7, "fuente": "Modelo DEMO sobre datos sinteticos. Distribuciones de la tabla 1 del USGS FS 2009-3028; etiqueta y reparto espacial inventados. NO es un dato observado.", "confianza": "baja", "ultima_verificacion": "2026-09-09"}}, {"type": "Feature", "geometry": {"type": "Polygon", "coordinates": [[[-66.94, 8.28], [-66.86, 8.28], [-66.86, 8.36], [-66.94, 8.36], [-66.94, 8.28]]]}, "properties": {"id": "DEMO--66.9400-8.2800", "tipo": "demo", "sector": "demo", "estado": "desconocido", "score": 0.8724, "demo": true, "porosidad_pct": 29.3, "espesor_arena_neta_ft": 187.3, "fuente": "Modelo DEMO sobre datos sinteticos. Distribuciones de la tabla 1 del USGS FS 2009-3028; etiqueta y reparto espacial inventados. NO es un dato observado.", "confianza": "baja", "ultima_verificacion": "2026-09-09"}}, {"type": "Feature", "geometry": {"type": "Polygon", "coordinates": [[[-66.86, 8.28], [-66.78, 8.28], [-66.78, 8.36], [-66.86, 8.36], [-66.86, 8.28]]]}, "properties": {"id": "DEMO--66.8600-8.2800", "tipo": "demo", "sector": "demo", "estado": "desconocido", "score": 0.9479, "demo": true, "porosidad_pct": 31.4, "espesor_arena_neta_ft": 162.9, "fuente": "Modelo DEMO sobre datos sinteticos. Distribuciones de la tabla 1 del USGS FS 2009-3028; etiqueta y reparto espacial inventados. NO es un dato observado.", "confianza": "baja", "ultima_verificacion": "2026-09-09"}}, {"type": "Feature", "geometry": {"type": "Polygon", "coordinates": [[[-66.78, 8.28], [-66.7, 8.28], [-66.7, 8.36], [-66.78, 8.36], [-66.78, 8.28]]]}, "properties": {"id": "DEMO--66.7800-8.2800", "tipo": "demo", "sector": "demo", "estado": "desconocido", "score": 0.8311, "demo": true, "porosidad_pct": 29.6, "espesor_arena_neta_ft": 162.5, "fuente": "Modelo DEMO sobre datos sinteticos. Distribuciones de la tabla 1 del USGS FS 2009-3028; etiqueta y reparto espacial inventados. NO es un dato observado.", "confianza": "baja", "ultima_verificacion": "2026-09-09"}}, {"type": "Feature", "geometry": {"type": "Polygon", "coordinates": [[[-66.7, 8.28], [-66.62, 8.28], [-66.62, 8.36], [-66.7, 8.36], [-66.7, 8.28]]]}, "properties": {"id": "DEMO--66.7000-8.2800", "tipo": "demo", "sector": "demo", "estado": "desconocido", "score": 0.5122, "demo": true, "porosidad_pct": 32.7, "espesor_arena_neta_ft": 197.4, "fuente": "Modelo DEMO sobre datos sinteticos. Distribuciones de la tabla 1 del USGS FS 2009-3028; etiqueta y reparto espacial inventados. NO es un dato observado.", "confianza": "baja", "ultima_verificacion": "2026-09-09"}}, {"type": "Feature", "geometry": {"type": "Polygon", "coordinates": [[[-66.62, 8.28], [-66.54, 8.28], [-66.54, 8.36], [-66.62, 8.36], [-66.62, 8.28]]]}, "properties": {"id": "DEMO--66.6200-8.2800", "tipo": "demo", "sector": "demo", "estado": "desconocido", "score": 0.7563, "demo": true, "porosidad_pct": 32.5, "espesor_arena_neta_ft": 101.1, "fuente": "Modelo DEMO sobre datos sinteticos. Distribuciones de la tabla 1 del USGS FS 2009-3028; etiqueta y reparto espacial inventados. NO es un dato observado.", "confianza": "baja", "ultima_verificacion": "2026-09-09"}}, {"type": "Feature", "geometry": {"type": "Polygon", "coordinates": [[[-66.54, 8.28], [-66.46000000000001, 8.28], [-66.46000000000001, 8.36], [-66.54, 8.36], [-66.54, 8.28]]]}, "properties": {"id": "DEMO--66.5400-8.2800", "tipo": "demo", "sector": "demo", "estado": "desconocido", "score": 0.5764, "demo": true, "porosidad_pct": 29.5, "espesor_arena_neta_ft": 158.6, "fuente": "Modelo DEMO sobre datos sinteticos. Distribuciones de la tabla 1 del USGS FS 2009-3028; etiqueta y reparto espacial inventados. NO es un dato observado.", "confianza": "baja", "ultima_verificacion": "2026-09-09"}}, {"type": "Feature", "geometry": {"type": "Polygon", "coordinates": [[[-66.46, 8.28], [-66.38, 8.28], [-66.38, 8.36], [-66.46, 8.36], [-66.46, 8.28]]]}, "properties": {"id": "DEMO--66.4600-8.2800", "tipo": "demo", "sector": "demo", "estado": "desconocido", "score": 0.5977, "demo": true, "porosidad_pct": 30.6, "espesor_arena_neta_ft": 92.5, "fuente": "Modelo DEMO sobre datos sinteticos. Distribuciones de la tabla 1 del USGS FS 2009-3028; etiqueta y reparto espacial inventados. NO es un dato observado.", "confianza": "baja", "ultima_verificacion": "2026-09-09"}}, {"type": "Feature", "geometry": {"type": "Polygon", "coordinates": [[[-66.38, 8.28], [-66.3, 8.28], [-66.3, 8.36], [-66.38, 8.36], [-66.38, 8.28]]]}, "properties": {"id": "DEMO--66.3800-8.2800", "tipo": "demo", "sector": "demo", "estado": "desconocido", "score": 0.9514, "demo": true, "porosidad_pct": 33.0, "espesor_arena_neta_ft": 138.1, "fuente": "Modelo DEMO sobre datos sinteticos. Distribuciones de la tabla 1 del USGS FS 2009-3028; etiqueta y reparto espacial inventados. NO es un dato observado.", "confianza": "baja", "ultima_verificacion": "2026-09-09"}}, {"type": "Feature", "geometry": {"type": "Polygon", "coordinates": [[[-66.3, 8.28], [-66.22, 8.28], [-66.22, 8.36], [-66.3, 8.36], [-66.3, 8.28]]]}, "properties": {"id": "DEMO--66.3000-8.2800", "tipo": "demo", "sector": "demo", "estado": "desconocido", "score": 0.2702, "demo": true, "porosidad_pct": 32.9, "espesor_arena_neta_ft": 133.0, "fuente": "Modelo DEMO sobre datos sinteticos. Distribuciones de la tabla 1 del USGS FS 2009-3028; etiqueta y reparto espacial inventados. NO es un dato observado.", "confianza": "baja", "ultima_verificacion": "2026-09-09"}}, {"type": "Feature", "geometry": {"type": "Polygon", "coordinates": [[[-66.22, 8.28], [-66.14, 8.28], [-66.14, 8.36], [-66.22, 8.36], [-66.22, 8.28]]]}, "properties": {"id": "DEMO--66.2200-8.2800", "tipo": "demo", "sector": "demo", "estado": "desconocido", "score": 0.3405, "demo": true, "porosidad_pct": 30.7, "espesor_arena_neta_ft": 170.6, "fuente": "Modelo DEMO sobre datos sinteticos. Distribuciones de la tabla 1 del USGS FS 2009-3028; etiqueta y reparto espacial inventados. NO es un dato observado.", "confianza": "baja", "ultima_verificacion": "2026-09-09"}}, {"type": "Feature", "geometry": {"type": "Polygon", "coordinates": [[[-66.14, 8.28], [-66.06, 8.28], [-66.06, 8.36], [-66.14, 8.36], [-66.14, 8.28]]]}, "properties": {"id": "DEMO--66.1400-8.2800", "tipo": "demo", "sector": "demo", "estado": "desconocido", "score": 0.1448, "demo": true, "porosidad_pct": 29.9, "espesor_arena_neta_ft": 76.3, "fuente": "Modelo DEMO sobre datos sinteticos. Distribuciones de la tabla 1 del USGS FS 2009-3028; etiqueta y reparto espacial inventados. NO es un dato observado.", "confianza": "baja", "ultima_verificacion": "2026-09-09"}}, {"type": "Feature", "geometry": {"type": "Polygon", "coordinates": [[[-66.06, 8.28], [-65.98, 8.28], [-65.98, 8.36], [-66.06, 8.36], [-66.06, 8.28]]]}, "properties": {"id": "DEMO--66.0600-8.2800", "tipo": "demo", "sector": "demo", "estado": "desconocido", "score": 0.899, "demo": true, "porosidad_pct": 30.8, "espesor_arena_neta_ft": 183.0, "fuente": "Modelo DEMO sobre datos sinteticos. Distribuciones de la tabla 1 del USGS FS 2009-3028; etiqueta y reparto espacial inventados. NO es un dato observado.", "confianza": "baja", "ultima_verificacion": "2026-09-09"}}, {"type": "Feature", "geometry": {"type": "Polygon", "coordinates": [[[-65.98, 8.28], [-65.9, 8.28], [-65.9, 8.36], [-65.98, 8.36], [-65.98, 8.28]]]}, "properties": {"id": "DEMO--65.9800-8.2800", "tipo": "demo", "sector": "demo", "estado": "desconocido", "score": 0.4981, "demo": true, "porosidad_pct": 31.0, "espesor_arena_neta_ft": 75.8, "fuente": "Modelo DEMO sobre datos sinteticos. Distribuciones de la tabla 1 del USGS FS 2009-3028; etiqueta y reparto espacial inventados. NO es un dato observado.", "confianza": "baja", "ultima_verificacion": "2026-09-09"}}, {"type": "Feature", "geometry": {"type": "Polygon", "coordinates": [[[-65.9, 8.28], [-65.82000000000001, 8.28], [-65.82000000000001, 8.36], [-65.9, 8.36], [-65.9, 8.28]]]}, "properties": {"id": "DEMO--65.9000-8.2800", "tipo": "demo", "sector": "demo", "estado": "desconocido", "score": 0.7026, "demo": true, "porosidad_pct": 30.3, "espesor_arena_neta_ft": 124.3, "fuente": "Modelo DEMO sobre datos sinteticos. Distribuciones de la tabla 1 del USGS FS 2009-3028; etiqueta y reparto espacial inventados. NO es un dato observado.", "confianza": "baja", "ultima_verificacion": "2026-09-09"}}, {"type": "Feature", "geometry": {"type": "Polygon", "coordinates": [[[-65.82, 8.28], [-65.74, 8.28], [-65.74, 8.36], [-65.82, 8.36], [-65.82, 8.28]]]}, "properties": {"id": "DEMO--65.8200-8.2800", "tipo": "demo", "sector": "demo", "estado": "desconocido", "score": 0.5867, "demo": true, "porosidad_pct": 29.2, "espesor_arena_neta_ft": 186.4, "fuente": "Modelo DEMO sobre datos sinteticos. Distribuciones de la tabla 1 del USGS FS 2009-3028; etiqueta y reparto espacial inventados. NO es un dato observado.", "confianza": "baja", "ultima_verificacion": "2026-09-09"}}, {"type": "Feature", "geometry": {"type": "Polygon", "coordinates": [[[-65.74, 8.28], [-65.66, 8.28], [-65.66, 8.36], [-65.74, 8.36], [-65.74, 8.28]]]}, "properties": {"id": "DEMO--65.7400-8.2800", "tipo": "demo", "sector": "demo", "estado": "desconocido", "score": 0.8214, "demo": true, "porosidad_pct": 34.7, "espesor_arena_neta_ft": 171.0, "fuente": "Modelo DEMO sobre datos sinteticos. Distribuciones de la tabla 1 del USGS FS 2009-3028; etiqueta y reparto espacial inventados. NO es un dato observado.", "confianza": "baja", "ultima_verificacion": "2026-09-09"}}, {"type": "Feature", "geometry": {"type": "Polygon", "coordinates": [[[-65.66, 8.28], [-65.58, 8.28], [-65.58, 8.36], [-65.66, 8.36], [-65.66, 8.28]]]}, "properties": {"id": "DEMO--65.6600-8.2800", "tipo": "demo", "sector": "demo", "estado": "desconocido", "score": 0.8327, "demo": true, "porosidad_pct": 29.3, "espesor_arena_neta_ft": 176.8, "fuente": "Modelo DEMO sobre datos sinteticos. Distribuciones de la tabla 1 del USGS FS 2009-3028; etiqueta y reparto espacial inventados. NO es un dato observado.", "confianza": "baja", "ultima_verificacion": "2026-09-09"}}, {"type": "Feature", "geometry": {"type": "Polygon", "coordinates": [[[-65.58, 8.28], [-65.5, 8.28], [-65.5, 8.36], [-65.58, 8.36], [-65.58, 8.28]]]}, "properties": {"id": "DEMO--65.5800-8.2800", "tipo": "demo", "sector": "demo", "estado": "desconocido", "score": 0.2553, "demo": true, "porosidad_pct": 27.5, "espesor_arena_neta_ft": 101.6, "fuente": "Modelo DEMO sobre datos sinteticos. Distribuciones de la tabla 1 del USGS FS 2009-3028; etiqueta y reparto espacial inventados. NO es un dato observado.", "confianza": "baja", "ultima_verificacion": "2026-09-09"}}, {"type": "Feature", "geometry": {"type": "Polygon", "coordinates": [[[-65.5, 8.28], [-65.42, 8.28], [-65.42, 8.36], [-65.5, 8.36], [-65.5, 8.28]]]}, "properties": {"id": "DEMO--65.5000-8.2800", "tipo": "demo", "sector": "demo", "estado": "desconocido", "score": 0.3873, "demo": true, "porosidad_pct": 27.0, "espesor_arena_neta_ft": 123.5, "fuente": "Modelo DEMO sobre datos sinteticos. Distribuciones de la tabla 1 del USGS FS 2009-3028; etiqueta y reparto espacial inventados. NO es un dato observado.", "confianza": "baja", "ultima_verificacion": "2026-09-09"}}, {"type": "Feature", "geometry": {"type": "Polygon", "coordinates": [[[-65.42, 8.28], [-65.34, 8.28], [-65.34, 8.36], [-65.42, 8.36], [-65.42, 8.28]]]}, "properties": {"id": "DEMO--65.4200-8.2800", "tipo": "demo", "sector": "demo", "estado": "desconocido", "score": 0.7083, "demo": true, "porosidad_pct": 27.8, "espesor_arena_neta_ft": 207.6, "fuente": "Modelo DEMO sobre datos sinteticos. Distribuciones de la tabla 1 del USGS FS 2009-3028; etiqueta y reparto espacial inventados. NO es un dato observado.", "confianza": "baja", "ultima_verificacion": "2026-09-09"}}, {"type": "Feature", "geometry": {"type": "Polygon", "coordinates": [[[-65.34, 8.28], [-65.26, 8.28], [-65.26, 8.36], [-65.34, 8.36], [-65.34, 8.28]]]}, "properties": {"id": "DEMO--65.3400-8.2800", "tipo": "demo", "sector": "demo", "estado": "desconocido", "score": 0.8333, "demo": true, "porosidad_pct": 29.7, "espesor_arena_neta_ft": 235.7, "fuente": "Modelo DEMO sobre datos sinteticos. Distribuciones de la tabla 1 del USGS FS 2009-3028; etiqueta y reparto espacial inventados. NO es un dato observado.", "confianza": "baja", "ultima_verificacion": "2026-09-09"}}, {"type": "Feature", "geometry": {"type": "Polygon", "coordinates": [[[-65.26, 8.28], [-65.18, 8.28], [-65.18, 8.36], [-65.26, 8.36], [-65.26, 8.28]]]}, "properties": {"id": "DEMO--65.2600-8.2800", "tipo": "demo", "sector": "demo", "estado": "desconocido", "score": 0.6571, "demo": true, "porosidad_pct": 29.0, "espesor_arena_neta_ft": 221.5, "fuente": "Modelo DEMO sobre datos sinteticos. Distribuciones de la tabla 1 del USGS FS 2009-3028; etiqueta y reparto espacial inventados. NO es un dato observado.", "confianza": "baja", "ultima_verificacion": "2026-09-09"}}, {"type": "Feature", "geometry": {"type": "Polygon", "coordinates": [[[-65.18, 8.28], [-65.10000000000001, 8.28], [-65.10000000000001, 8.36], [-65.18, 8.36], [-65.18, 8.28]]]}, "properties": {"id": "DEMO--65.1800-8.2800", "tipo": "demo", "sector": "demo", "estado": "desconocido", "score": 0.3778, "demo": true, "porosidad_pct": 32.5, "espesor_arena_neta_ft": 119.9, "fuente": "Modelo DEMO sobre datos sinteticos. Distribuciones de la tabla 1 del USGS FS 2009-3028; etiqueta y reparto espacial inventados. NO es un dato observado.", "confianza": "baja", "ultima_verificacion": "2026-09-09"}}, {"type": "Feature", "geometry": {"type": "Polygon", "coordinates": [[[-65.1, 8.28], [-65.02, 8.28], [-65.02, 8.36], [-65.1, 8.36], [-65.1, 8.28]]]}, "properties": {"id": "DEMO--65.1000-8.2800", "tipo": "demo", "sector": "demo", "estado": "desconocido", "score": 0.2218, "demo": true, "porosidad_pct": 26.6, "espesor_arena_neta_ft": 184.1, "fuente": "Modelo DEMO sobre datos sinteticos. Distribuciones de la tabla 1 del USGS FS 2009-3028; etiqueta y reparto espacial inventados. NO es un dato observado.", "confianza": "baja", "ultima_verificacion": "2026-09-09"}}, {"type": "Feature", "geometry": {"type": "Polygon", "coordinates": [[[-65.02, 8.28], [-64.94, 8.28], [-64.94, 8.36], [-65.02, 8.36], [-65.02, 8.28]]]}, "properties": {"id": "DEMO--65.0200-8.2800", "tipo": "demo", "sector": "demo", "estado": "desconocido", "score": 0.0721, "demo": true, "porosidad_pct": 26.1, "espesor_arena_neta_ft": 119.7, "fuente": "Modelo DEMO sobre datos sinteticos. Distribuciones de la tabla 1 del USGS FS 2009-3028; etiqueta y reparto espacial inventados. NO es un dato observado.", "confianza": "baja", "ultima_verificacion": "2026-09-09"}}, {"type": "Feature", "geometry": {"type": "Polygon", "coordinates": [[[-64.94, 8.28], [-64.86, 8.28], [-64.86, 8.36], [-64.94, 8.36], [-64.94, 8.28]]]}, "properties": {"id": "DEMO--64.9400-8.2800", "tipo": "demo", "sector": "demo", "estado": "desconocido", "score": 0.1486, "demo": true, "porosidad_pct": 29.6, "espesor_arena_neta_ft": 127.9, "fuente": "Modelo DEMO sobre datos sinteticos. Distribuciones de la tabla 1 del USGS FS 2009-3028; etiqueta y reparto espacial inventados. NO es un dato observado.", "confianza": "baja", "ultima_verificacion": "2026-09-09"}}, {"type": "Feature", "geometry": {"type": "Polygon", "coordinates": [[[-64.86, 8.28], [-64.78, 8.28], [-64.78, 8.36], [-64.86, 8.36], [-64.86, 8.28]]]}, "properties": {"id": "DEMO--64.8600-8.2800", "tipo": "demo", "sector": "demo", "estado": "desconocido", "score": 0.3639, "demo": true, "porosidad_pct": 27.2, "espesor_arena_neta_ft": 161.1, "fuente": "Modelo DEMO sobre datos sinteticos. Distribuciones de la tabla 1 del USGS FS 2009-3028; etiqueta y reparto espacial inventados. NO es un dato observado.", "confianza": "baja", "ultima_verificacion": "2026-09-09"}}, {"type": "Feature", "geometry": {"type": "Polygon", "coordinates": [[[-64.78, 8.28], [-64.7, 8.28], [-64.7, 8.36], [-64.78, 8.36], [-64.78, 8.28]]]}, "properties": {"id": "DEMO--64.7800-8.2800", "tipo": "demo", "sector": "demo", "estado": "desconocido", "score": 0.7151, "demo": true, "porosidad_pct": 27.5, "espesor_arena_neta_ft": 151.2, "fuente": "Modelo DEMO sobre datos sinteticos. Distribuciones de la tabla 1 del USGS FS 2009-3028; etiqueta y reparto espacial inventados. NO es un dato observado.", "confianza": "baja", "ultima_verificacion": "2026-09-09"}}, {"type": "Feature", "geometry": {"type": "Polygon", "coordinates": [[[-64.7, 8.28], [-64.62, 8.28], [-64.62, 8.36], [-64.7, 8.36], [-64.7, 8.28]]]}, "properties": {"id": "DEMO--64.7000-8.2800", "tipo": "demo", "sector": "demo", "estado": "desconocido", "score": 0.2764, "demo": true, "porosidad_pct": 27.3, "espesor_arena_neta_ft": 154.7, "fuente": "Modelo DEMO sobre datos sinteticos. Distribuciones de la tabla 1 del USGS FS 2009-3028; etiqueta y reparto espacial inventados. NO es un dato observado.", "confianza": "baja", "ultima_verificacion": "2026-09-09"}}, {"type": "Feature", "geometry": {"type": "Polygon", "coordinates": [[[-64.62, 8.28], [-64.54, 8.28], [-64.54, 8.36], [-64.62, 8.36], [-64.62, 8.28]]]}, "properties": {"id": "DEMO--64.6200-8.2800", "tipo": "demo", "sector": "demo", "estado": "desconocido", "score": 0.5676, "demo": true, "porosidad_pct": 24.8, "espesor_arena_neta_ft": 217.2, "fuente": "Modelo DEMO sobre datos sinteticos. Distribuciones de la tabla 1 del USGS FS 2009-3028; etiqueta y reparto espacial inventados. NO es un dato observado.", "confianza": "baja", "ultima_verificacion": "2026-09-09"}}, {"type": "Feature", "geometry": {"type": "Polygon", "coordinates": [[[-64.54, 8.28], [-64.46000000000001, 8.28], [-64.46000000000001, 8.36], [-64.54, 8.36], [-64.54, 8.28]]]}, "properties": {"id": "DEMO--64.5400-8.2800", "tipo": "demo", "sector": "demo", "estado": "desconocido", "score": 0.1981, "demo": true, "porosidad_pct": 26.1, "espesor_arena_neta_ft": 172.0, "fuente": "Modelo DEMO sobre datos sinteticos. Distribuciones de la tabla 1 del USGS FS 2009-3028; etiqueta y reparto espacial inventados. NO es un dato observado.", "confianza": "baja", "ultima_verificacion": "2026-09-09"}}, {"type": "Feature", "geometry": {"type": "Polygon", "coordinates": [[[-64.46, 8.28], [-64.38, 8.28], [-64.38, 8.36], [-64.46, 8.36], [-64.46, 8.28]]]}, "properties": {"id": "DEMO--64.4600-8.2800", "tipo": "demo", "sector": "demo", "estado": "desconocido", "score": 0.597, "demo": true, "porosidad_pct": 27.5, "espesor_arena_neta_ft": 196.0, "fuente": "Modelo DEMO sobre datos sinteticos. Distribuciones de la tabla 1 del USGS FS 2009-3028; etiqueta y reparto espacial inventados. NO es un dato observado.", "confianza": "baja", "ultima_verificacion": "2026-09-09"}}, {"type": "Feature", "geometry": {"type": "Polygon", "coordinates": [[[-64.38, 8.28], [-64.3, 8.28], [-64.3, 8.36], [-64.38, 8.36], [-64.38, 8.28]]]}, "properties": {"id": "DEMO--64.3800-8.2800", "tipo": "demo", "sector": "demo", "estado": "desconocido", "score": 0.6368, "demo": true, "porosidad_pct": 27.2, "espesor_arena_neta_ft": 204.6, "fuente": "Modelo DEMO sobre datos sinteticos. Distribuciones de la tabla 1 del USGS FS 2009-3028; etiqueta y reparto espacial inventados. NO es un dato observado.", "confianza": "baja", "ultima_verificacion": "2026-09-09"}}, {"type": "Feature", "geometry": {"type": "Polygon", "coordinates": [[[-64.3, 8.28], [-64.22, 8.28], [-64.22, 8.36], [-64.3, 8.36], [-64.3, 8.28]]]}, "properties": {"id": "DEMO--64.3000-8.2800", "tipo": "demo", "sector": "demo", "estado": "desconocido", "score": 0.4307, "demo": true, "porosidad_pct": 25.0, "espesor_arena_neta_ft": 242.5, "fuente": "Modelo DEMO sobre datos sinteticos. Distribuciones de la tabla 1 del USGS FS 2009-3028; etiqueta y reparto espacial inventados. NO es un dato observado.", "confianza": "baja", "ultima_verificacion": "2026-09-09"}}, {"type": "Feature", "geometry": {"type": "Polygon", "coordinates": [[[-64.22, 8.28], [-64.14, 8.28], [-64.14, 8.36], [-64.22, 8.36], [-64.22, 8.28]]]}, "properties": {"id": "DEMO--64.2200-8.2800", "tipo": "demo", "sector": "demo", "estado": "desconocido", "score": 0.3477, "demo": true, "porosidad_pct": 27.5, "espesor_arena_neta_ft": 163.3, "fuente": "Modelo DEMO sobre datos sinteticos. Distribuciones de la tabla 1 del USGS FS 2009-3028; etiqueta y reparto espacial inventados. NO es un dato observado.", "confianza": "baja", "ultima_verificacion": "2026-09-09"}}, {"type": "Feature", "geometry": {"type": "Polygon", "coordinates": [[[-64.14, 8.28], [-64.06, 8.28], [-64.06, 8.36], [-64.14, 8.36], [-64.14, 8.28]]]}, "properties": {"id": "DEMO--64.1400-8.2800", "tipo": "demo", "sector": "demo", "estado": "desconocido", "score": 0.6431, "demo": true, "porosidad_pct": 26.7, "espesor_arena_neta_ft": 249.5, "fuente": "Modelo DEMO sobre datos sinteticos. Distribuciones de la tabla 1 del USGS FS 2009-3028; etiqueta y reparto espacial inventados. NO es un dato observado.", "confianza": "baja", "ultima_verificacion": "2026-09-09"}}, {"type": "Feature", "geometry": {"type": "Polygon", "coordinates": [[[-64.06, 8.28], [-63.980000000000004, 8.28], [-63.980000000000004, 8.36], [-64.06, 8.36], [-64.06, 8.28]]]}, "properties": {"id": "DEMO--64.0600-8.2800", "tipo": "demo", "sector": "demo", "estado": "desconocido", "score": 0.3066, "demo": true, "porosidad_pct": 25.8, "espesor_arena_neta_ft": 210.2, "fuente": "Modelo DEMO sobre datos sinteticos. Distribuciones de la tabla 1 del USGS FS 2009-3028; etiqueta y reparto espacial inventados. NO es un dato observado.", "confianza": "baja", "ultima_verificacion": "2026-09-09"}}, {"type": "Feature", "geometry": {"type": "Polygon", "coordinates": [[[-63.98, 8.28], [-63.9, 8.28], [-63.9, 8.36], [-63.98, 8.36], [-63.98, 8.28]]]}, "properties": {"id": "DEMO--63.9800-8.2800", "tipo": "demo", "sector": "demo", "estado": "desconocido", "score": 0.7098, "demo": true, "porosidad_pct": 28.8, "espesor_arena_neta_ft": 207.1, "fuente": "Modelo DEMO sobre datos sinteticos. Distribuciones de la tabla 1 del USGS FS 2009-3028; etiqueta y reparto espacial inventados. NO es un dato observado.", "confianza": "baja", "ultima_verificacion": "2026-09-09"}}, {"type": "Feature", "geometry": {"type": "Polygon", "coordinates": [[[-63.9, 8.28], [-63.82, 8.28], [-63.82, 8.36], [-63.9, 8.36], [-63.9, 8.28]]]}, "properties": {"id": "DEMO--63.9000-8.2800", "tipo": "demo", "sector": "demo", "estado": "desconocido", "score": 0.8914, "demo": true, "porosidad_pct": 31.3, "espesor_arena_neta_ft": 223.5, "fuente": "Modelo DEMO sobre datos sinteticos. Distribuciones de la tabla 1 del USGS FS 2009-3028; etiqueta y reparto espacial inventados. NO es un dato observado.", "confianza": "baja", "ultima_verificacion": "2026-09-09"}}, {"type": "Feature", "geometry": {"type": "Polygon", "coordinates": [[[-63.82, 8.28], [-63.74, 8.28], [-63.74, 8.36], [-63.82, 8.36], [-63.82, 8.28]]]}, "properties": {"id": "DEMO--63.8200-8.2800", "tipo": "demo", "sector": "demo", "estado": "desconocido", "score": 0.6767, "demo": true, "porosidad_pct": 25.8, "espesor_arena_neta_ft": 189.1, "fuente": "Modelo DEMO sobre datos sinteticos. Distribuciones de la tabla 1 del USGS FS 2009-3028; etiqueta y reparto espacial inventados. NO es un dato observado.", "confianza": "baja", "ultima_verificacion": "2026-09-09"}}, {"type": "Feature", "geometry": {"type": "Polygon", "coordinates": [[[-63.74, 8.28], [-63.660000000000004, 8.28], [-63.660000000000004, 8.36], [-63.74, 8.36], [-63.74, 8.28]]]}, "properties": {"id": "DEMO--63.7400-8.2800", "tipo": "demo", "sector": "demo", "estado": "desconocido", "score": 0.6273, "demo": true, "porosidad_pct": 25.8, "espesor_arena_neta_ft": 164.9, "fuente": "Modelo DEMO sobre datos sinteticos. Distribuciones de la tabla 1 del USGS FS 2009-3028; etiqueta y reparto espacial inventados. NO es un dato observado.", "confianza": "baja", "ultima_verificacion": "2026-09-09"}}, {"type": "Feature", "geometry": {"type": "Polygon", "coordinates": [[[-63.66, 8.28], [-63.58, 8.28], [-63.58, 8.36], [-63.66, 8.36], [-63.66, 8.28]]]}, "properties": {"id": "DEMO--63.6600-8.2800", "tipo": "demo", "sector": "demo", "estado": "desconocido", "score": 0.456, "demo": true, "porosidad_pct": 27.6, "espesor_arena_neta_ft": 166.8, "fuente": "Modelo DEMO sobre datos sinteticos. Distribuciones de la tabla 1 del USGS FS 2009-3028; etiqueta y reparto espacial inventados. NO es un dato observado.", "confianza": "baja", "ultima_verificacion": "2026-09-09"}}, {"type": "Feature", "geometry": {"type": "Polygon", "coordinates": [[[-63.58, 8.28], [-63.5, 8.28], [-63.5, 8.36], [-63.58, 8.36], [-63.58, 8.28]]]}, "properties": {"id": "DEMO--63.5800-8.2800", "tipo": "demo", "sector": "demo", "estado": "desconocido", "score": 0.7752, "demo": true, "porosidad_pct": 28.2, "espesor_arena_neta_ft": 171.8, "fuente": "Modelo DEMO sobre datos sinteticos. Distribuciones de la tabla 1 del USGS FS 2009-3028; etiqueta y reparto espacial inventados. NO es un dato observado.", "confianza": "baja", "ultima_verificacion": "2026-09-09"}}, {"type": "Feature", "geometry": {"type": "Polygon", "coordinates": [[[-63.5, 8.28], [-63.42, 8.28], [-63.42, 8.36], [-63.5, 8.36], [-63.5, 8.28]]]}, "properties": {"id": "DEMO--63.5000-8.2800", "tipo": "demo", "sector": "demo", "estado": "desconocido", "score": 0.0966, "demo": true, "porosidad_pct": 26.5, "espesor_arena_neta_ft": 112.9, "fuente": "Modelo DEMO sobre datos sinteticos. Distribuciones de la tabla 1 del USGS FS 2009-3028; etiqueta y reparto espacial inventados. NO es un dato observado.", "confianza": "baja", "ultima_verificacion": "2026-09-09"}}, {"type": "Feature", "geometry": {"type": "Polygon", "coordinates": [[[-63.42, 8.28], [-63.34, 8.28], [-63.34, 8.36], [-63.42, 8.36], [-63.42, 8.28]]]}, "properties": {"id": "DEMO--63.4200-8.2800", "tipo": "demo", "sector": "demo", "estado": "desconocido", "score": 0.1064, "demo": true, "porosidad_pct": 25.9, "espesor_arena_neta_ft": 70.0, "fuente": "Modelo DEMO sobre datos sinteticos. Distribuciones de la tabla 1 del USGS FS 2009-3028; etiqueta y reparto espacial inventados. NO es un dato observado.", "confianza": "baja", "ultima_verificacion": "2026-09-09"}}, {"type": "Feature", "geometry": {"type": "Polygon", "coordinates": [[[-63.34, 8.28], [-63.260000000000005, 8.28], [-63.260000000000005, 8.36], [-63.34, 8.36], [-63.34, 8.28]]]}, "properties": {"id": "DEMO--63.3400-8.2800", "tipo": "demo", "sector": "demo", "estado": "desconocido", "score": 0.3514, "demo": true, "porosidad_pct": 28.0, "espesor_arena_neta_ft": 113.3, "fuente": "Modelo DEMO sobre datos sinteticos. Distribuciones de la tabla 1 del USGS FS 2009-3028; etiqueta y reparto espacial inventados. NO es un dato observado.", "confianza": "baja", "ultima_verificacion": "2026-09-09"}}, {"type": "Feature", "geometry": {"type": "Polygon", "coordinates": [[[-63.26, 8.28], [-63.18, 8.28], [-63.18, 8.36], [-63.26, 8.36], [-63.26, 8.28]]]}, "properties": {"id": "DEMO--63.2600-8.2800", "tipo": "demo", "sector": "demo", "estado": "desconocido", "score": 0.6832, "demo": true, "porosidad_pct": 32.4, "espesor_arena_neta_ft": 78.6, "fuente": "Modelo DEMO sobre datos sinteticos. Distribuciones de la tabla 1 del USGS FS 2009-3028; etiqueta y reparto espacial inventados. NO es un dato observado.", "confianza": "baja", "ultima_verificacion": "2026-09-09"}}, {"type": "Feature", "geometry": {"type": "Polygon", "coordinates": [[[-63.18, 8.28], [-63.1, 8.28], [-63.1, 8.36], [-63.18, 8.36], [-63.18, 8.28]]]}, "properties": {"id": "DEMO--63.1800-8.2800", "tipo": "demo", "sector": "demo", "estado": "desconocido", "score": 0.6294, "demo": true, "porosidad_pct": 28.1, "espesor_arena_neta_ft": 116.3, "fuente": "Modelo DEMO sobre datos sinteticos. Distribuciones de la tabla 1 del USGS FS 2009-3028; etiqueta y reparto espacial inventados. NO es un dato observado.", "confianza": "baja", "ultima_verificacion": "2026-09-09"}}, {"type": "Feature", "geometry": {"type": "Polygon", "coordinates": [[[-63.1, 8.28], [-63.02, 8.28], [-63.02, 8.36], [-63.1, 8.36], [-63.1, 8.28]]]}, "properties": {"id": "DEMO--63.1000-8.2800", "tipo": "demo", "sector": "demo", "estado": "desconocido", "score": 0.9456, "demo": true, "porosidad_pct": 33.1, "espesor_arena_neta_ft": 136.4, "fuente": "Modelo DEMO sobre datos sinteticos. Distribuciones de la tabla 1 del USGS FS 2009-3028; etiqueta y reparto espacial inventados. NO es un dato observado.", "confianza": "baja", "ultima_verificacion": "2026-09-09"}}, {"type": "Feature", "geometry": {"type": "Polygon", "coordinates": [[[-63.02, 8.28], [-62.940000000000005, 8.28], [-62.940000000000005, 8.36], [-63.02, 8.36], [-63.02, 8.28]]]}, "properties": {"id": "DEMO--63.0200-8.2800", "tipo": "demo", "sector": "demo", "estado": "desconocido", "score": 0.803, "demo": true, "porosidad_pct": 32.7, "espesor_arena_neta_ft": 77.1, "fuente": "Modelo DEMO sobre datos sinteticos. Distribuciones de la tabla 1 del USGS FS 2009-3028; etiqueta y reparto espacial inventados. NO es un dato observado.", "confianza": "baja", "ultima_verificacion": "2026-09-09"}}, {"type": "Feature", "geometry": {"type": "Polygon", "coordinates": [[[-62.94, 8.28], [-62.86, 8.28], [-62.86, 8.36], [-62.94, 8.36], [-62.94, 8.28]]]}, "properties": {"id": "DEMO--62.9400-8.2800", "tipo": "demo", "sector": "demo", "estado": "desconocido", "score": 0.3444, "demo": true, "porosidad_pct": 30.5, "espesor_arena_neta_ft": 63.1, "fuente": "Modelo DEMO sobre datos sinteticos. Distribuciones de la tabla 1 del USGS FS 2009-3028; etiqueta y reparto espacial inventados. NO es un dato observado.", "confianza": "baja", "ultima_verificacion": "2026-09-09"}}, {"type": "Feature", "geometry": {"type": "Polygon", "coordinates": [[[-62.86, 8.28], [-62.78, 8.28], [-62.78, 8.36], [-62.86, 8.36], [-62.86, 8.28]]]}, "properties": {"id": "DEMO--62.8600-8.2800", "tipo": "demo", "sector": "demo", "estado": "desconocido", "score": 0.5116, "demo": true, "porosidad_pct": 33.6, "espesor_arena_neta_ft": 46.0, "fuente": "Modelo DEMO sobre datos sinteticos. Distribuciones de la tabla 1 del USGS FS 2009-3028; etiqueta y reparto espacial inventados. NO es un dato observado.", "confianza": "baja", "ultima_verificacion": "2026-09-09"}}, {"type": "Feature", "geometry": {"type": "Polygon", "coordinates": [[[-62.78, 8.28], [-62.7, 8.28], [-62.7, 8.36], [-62.78, 8.36], [-62.78, 8.28]]]}, "properties": {"id": "DEMO--62.7800-8.2800", "tipo": "demo", "sector": "demo", "estado": "desconocido", "score": 0.857, "demo": true, "porosidad_pct": 36.5, "espesor_arena_neta_ft": 80.9, "fuente": "Modelo DEMO sobre datos sinteticos. Distribuciones de la tabla 1 del USGS FS 2009-3028; etiqueta y reparto espacial inventados. NO es un dato observado.", "confianza": "baja", "ultima_verificacion": "2026-09-09"}}, {"type": "Feature", "geometry": {"type": "Polygon", "coordinates": [[[-62.7, 8.28], [-62.620000000000005, 8.28], [-62.620000000000005, 8.36], [-62.7, 8.36], [-62.7, 8.28]]]}, "properties": {"id": "DEMO--62.7000-8.2800", "tipo": "demo", "sector": "demo", "estado": "desconocido", "score": 0.8669, "demo": true, "porosidad_pct": 33.3, "espesor_arena_neta_ft": 100.2, "fuente": "Modelo DEMO sobre datos sinteticos. Distribuciones de la tabla 1 del USGS FS 2009-3028; etiqueta y reparto espacial inventados. NO es un dato observado.", "confianza": "baja", "ultima_verificacion": "2026-09-09"}}, {"type": "Feature", "geometry": {"type": "Polygon", "coordinates": [[[-62.62, 8.28], [-62.54, 8.28], [-62.54, 8.36], [-62.62, 8.36], [-62.62, 8.28]]]}, "properties": {"id": "DEMO--62.6200-8.2800", "tipo": "demo", "sector": "demo", "estado": "desconocido", "score": 0.8761, "demo": true, "porosidad_pct": 32.5, "espesor_arena_neta_ft": 112.7, "fuente": "Modelo DEMO sobre datos sinteticos. Distribuciones de la tabla 1 del USGS FS 2009-3028; etiqueta y reparto espacial inventados. NO es un dato observado.", "confianza": "baja", "ultima_verificacion": "2026-09-09"}}, {"type": "Feature", "geometry": {"type": "Polygon", "coordinates": [[[-62.54, 8.28], [-62.46, 8.28], [-62.46, 8.36], [-62.54, 8.36], [-62.54, 8.28]]]}, "properties": {"id": "DEMO--62.5400-8.2800", "tipo": "demo", "sector": "demo", "estado": "desconocido", "score": 0.6248, "demo": true, "porosidad_pct": 29.9, "espesor_arena_neta_ft": 134.8, "fuente": "Modelo DEMO sobre datos sinteticos. Distribuciones de la tabla 1 del USGS FS 2009-3028; etiqueta y reparto espacial inventados. NO es un dato observado.", "confianza": "baja", "ultima_verificacion": "2026-09-09"}}, {"type": "Feature", "geometry": {"type": "Polygon", "coordinates": [[[-62.46, 8.28], [-62.38, 8.28], [-62.38, 8.36], [-62.46, 8.36], [-62.46, 8.28]]]}, "properties": {"id": "DEMO--62.4600-8.2800", "tipo": "demo", "sector": "demo", "estado": "desconocido", "score": 0.8072, "demo": true, "porosidad_pct": 31.5, "espesor_arena_neta_ft": 153.2, "fuente": "Modelo DEMO sobre datos sinteticos. Distribuciones de la tabla 1 del USGS FS 2009-3028; etiqueta y reparto espacial inventados. NO es un dato observado.", "confianza": "baja", "ultima_verificacion": "2026-09-09"}}, {"type": "Feature", "geometry": {"type": "Polygon", "coordinates": [[[-62.38, 8.28], [-62.300000000000004, 8.28], [-62.300000000000004, 8.36], [-62.38, 8.36], [-62.38, 8.28]]]}, "properties": {"id": "DEMO--62.3800-8.2800", "tipo": "demo", "sector": "demo", "estado": "desconocido", "score": 0.7156, "demo": true, "porosidad_pct": 33.4, "espesor_arena_neta_ft": 86.8, "fuente": "Modelo DEMO sobre datos sinteticos. Distribuciones de la tabla 1 del USGS FS 2009-3028; etiqueta y reparto espacial inventados. NO es un dato observado.", "confianza": "baja", "ultima_verificacion": "2026-09-09"}}, {"type": "Feature", "geometry": {"type": "Polygon", "coordinates": [[[-62.3, 8.28], [-62.22, 8.28], [-62.22, 8.36], [-62.3, 8.36], [-62.3, 8.28]]]}, "properties": {"id": "DEMO--62.3000-8.2800", "tipo": "demo", "sector": "demo", "estado": "desconocido", "score": 0.7608, "demo": true, "porosidad_pct": 30.5, "espesor_arena_neta_ft": 183.0, "fuente": "Modelo DEMO sobre datos sinteticos. Distribuciones de la tabla 1 del USGS FS 2009-3028; etiqueta y reparto espacial inventados. NO es un dato observado.", "confianza": "baja", "ultima_verificacion": "2026-09-09"}}, {"type": "Feature", "geometry": {"type": "Polygon", "coordinates": [[[-62.22, 8.28], [-62.14, 8.28], [-62.14, 8.36], [-62.22, 8.36], [-62.22, 8.28]]]}, "properties": {"id": "DEMO--62.2200-8.2800", "tipo": "demo", "sector": "demo", "estado": "desconocido", "score": 0.8634, "demo": true, "porosidad_pct": 30.2, "espesor_arena_neta_ft": 133.3, "fuente": "Modelo DEMO sobre datos sinteticos. Distribuciones de la tabla 1 del USGS FS 2009-3028; etiqueta y reparto espacial inventados. NO es un dato observado.", "confianza": "baja", "ultima_verificacion": "2026-09-09"}}, {"type": "Feature", "geometry": {"type": "Polygon", "coordinates": [[[-62.14, 8.28], [-62.06, 8.28], [-62.06, 8.36], [-62.14, 8.36], [-62.14, 8.28]]]}, "properties": {"id": "DEMO--62.1400-8.2800", "tipo": "demo", "sector": "demo", "estado": "desconocido", "score": 0.7478, "demo": true, "porosidad_pct": 29.0, "espesor_arena_neta_ft": 170.0, "fuente": "Modelo DEMO sobre datos sinteticos. Distribuciones de la tabla 1 del USGS FS 2009-3028; etiqueta y reparto espacial inventados. NO es un dato observado.", "confianza": "baja", "ultima_verificacion": "2026-09-09"}}, {"type": "Feature", "geometry": {"type": "Polygon", "coordinates": [[[-67.34, 8.36], [-67.26, 8.36], [-67.26, 8.44], [-67.34, 8.44], [-67.34, 8.36]]]}, "properties": {"id": "DEMO--67.3400-8.3600", "tipo": "demo", "sector": "demo", "estado": "desconocido", "score": 0.1383, "demo": true, "porosidad_pct": 27.2, "espesor_arena_neta_ft": 118.6, "fuente": "Modelo DEMO sobre datos sinteticos. Distribuciones de la tabla 1 del USGS FS 2009-3028; etiqueta y reparto espacial inventados. NO es un dato observado.", "confianza": "baja", "ultima_verificacion": "2026-09-09"}}, {"type": "Feature", "geometry": {"type": "Polygon", "coordinates": [[[-67.26, 8.36], [-67.18, 8.36], [-67.18, 8.44], [-67.26, 8.44], [-67.26, 8.36]]]}, "properties": {"id": "DEMO--67.2600-8.3600", "tipo": "demo", "sector": "demo", "estado": "desconocido", "score": 0.9624, "demo": true, "porosidad_pct": 32.1, "espesor_arena_neta_ft": 159.1, "fuente": "Modelo DEMO sobre datos sinteticos. Distribuciones de la tabla 1 del USGS FS 2009-3028; etiqueta y reparto espacial inventados. NO es un dato observado.", "confianza": "baja", "ultima_verificacion": "2026-09-09"}}, {"type": "Feature", "geometry": {"type": "Polygon", "coordinates": [[[-67.18, 8.36], [-67.10000000000001, 8.36], [-67.10000000000001, 8.44], [-67.18, 8.44], [-67.18, 8.36]]]}, "properties": {"id": "DEMO--67.1800-8.3600", "tipo": "demo", "sector": "demo", "estado": "desconocido", "score": 0.1804, "demo": true, "porosidad_pct": 27.3, "espesor_arena_neta_ft": 164.2, "fuente": "Modelo DEMO sobre datos sinteticos. Distribuciones de la tabla 1 del USGS FS 2009-3028; etiqueta y reparto espacial inventados. NO es un dato observado.", "confianza": "baja", "ultima_verificacion": "2026-09-09"}}, {"type": "Feature", "geometry": {"type": "Polygon", "coordinates": [[[-67.1, 8.36], [-67.02, 8.36], [-67.02, 8.44], [-67.1, 8.44], [-67.1, 8.36]]]}, "properties": {"id": "DEMO--67.1000-8.3600", "tipo": "demo", "sector": "demo", "estado": "desconocido", "score": 0.563, "demo": true, "porosidad_pct": 29.3, "espesor_arena_neta_ft": 111.7, "fuente": "Modelo DEMO sobre datos sinteticos. Distribuciones de la tabla 1 del USGS FS 2009-3028; etiqueta y reparto espacial inventados. NO es un dato observado.", "confianza": "baja", "ultima_verificacion": "2026-09-09"}}, {"type": "Feature", "geometry": {"type": "Polygon", "coordinates": [[[-67.02, 8.36], [-66.94, 8.36], [-66.94, 8.44], [-67.02, 8.44], [-67.02, 8.36]]]}, "properties": {"id": "DEMO--67.0200-8.3600", "tipo": "demo", "sector": "demo", "estado": "desconocido", "score": 0.2088, "demo": true, "porosidad_pct": 28.5, "espesor_arena_neta_ft": 119.2, "fuente": "Modelo DEMO sobre datos sinteticos. Distribuciones de la tabla 1 del USGS FS 2009-3028; etiqueta y reparto espacial inventados. NO es un dato observado.", "confianza": "baja", "ultima_verificacion": "2026-09-09"}}, {"type": "Feature", "geometry": {"type": "Polygon", "coordinates": [[[-66.94, 8.36], [-66.86, 8.36], [-66.86, 8.44], [-66.94, 8.44], [-66.94, 8.36]]]}, "properties": {"id": "DEMO--66.9400-8.3600", "tipo": "demo", "sector": "demo", "estado": "desconocido", "score": 0.6305, "demo": true, "porosidad_pct": 30.0, "espesor_arena_neta_ft": 124.2, "fuente": "Modelo DEMO sobre datos sinteticos. Distribuciones de la tabla 1 del USGS FS 2009-3028; etiqueta y reparto espacial inventados. NO es un dato observado.", "confianza": "baja", "ultima_verificacion": "2026-09-09"}}, {"type": "Feature", "geometry": {"type": "Polygon", "coordinates": [[[-66.86, 8.36], [-66.78, 8.36], [-66.78, 8.44], [-66.86, 8.44], [-66.86, 8.36]]]}, "properties": {"id": "DEMO--66.8600-8.3600", "tipo": "demo", "sector": "demo", "estado": "desconocido", "score": 0.6496, "demo": true, "porosidad_pct": 29.1, "espesor_arena_neta_ft": 141.1, "fuente": "Modelo DEMO sobre datos sinteticos. Distribuciones de la tabla 1 del USGS FS 2009-3028; etiqueta y reparto espacial inventados. NO es un dato observado.", "confianza": "baja", "ultima_verificacion": "2026-09-09"}}, {"type": "Feature", "geometry": {"type": "Polygon", "coordinates": [[[-66.78, 8.36], [-66.7, 8.36], [-66.7, 8.44], [-66.78, 8.44], [-66.78, 8.36]]]}, "properties": {"id": "DEMO--66.7800-8.3600", "tipo": "demo", "sector": "demo", "estado": "desconocido", "score": 0.9374, "demo": true, "porosidad_pct": 34.7, "espesor_arena_neta_ft": 112.0, "fuente": "Modelo DEMO sobre datos sinteticos. Distribuciones de la tabla 1 del USGS FS 2009-3028; etiqueta y reparto espacial inventados. NO es un dato observado.", "confianza": "baja", "ultima_verificacion": "2026-09-09"}}, {"type": "Feature", "geometry": {"type": "Polygon", "coordinates": [[[-66.7, 8.36], [-66.62, 8.36], [-66.62, 8.44], [-66.7, 8.44], [-66.7, 8.36]]]}, "properties": {"id": "DEMO--66.7000-8.3600", "tipo": "demo", "sector": "demo", "estado": "desconocido", "score": 0.5782, "demo": true, "porosidad_pct": 34.0, "espesor_arena_neta_ft": 111.9, "fuente": "Modelo DEMO sobre datos sinteticos. Distribuciones de la tabla 1 del USGS FS 2009-3028; etiqueta y reparto espacial inventados. NO es un dato observado.", "confianza": "baja", "ultima_verificacion": "2026-09-09"}}, {"type": "Feature", "geometry": {"type": "Polygon", "coordinates": [[[-66.62, 8.36], [-66.54, 8.36], [-66.54, 8.44], [-66.62, 8.44], [-66.62, 8.36]]]}, "properties": {"id": "DEMO--66.6200-8.3600", "tipo": "demo", "sector": "demo", "estado": "desconocido", "score": 0.9371, "demo": true, "porosidad_pct": 30.5, "espesor_arena_neta_ft": 168.3, "fuente": "Modelo DEMO sobre datos sinteticos. Distribuciones de la tabla 1 del USGS FS 2009-3028; etiqueta y reparto espacial inventados. NO es un dato observado.", "confianza": "baja", "ultima_verificacion": "2026-09-09"}}, {"type": "Feature", "geometry": {"type": "Polygon", "coordinates": [[[-66.54, 8.36], [-66.46000000000001, 8.36], [-66.46000000000001, 8.44], [-66.54, 8.44], [-66.54, 8.36]]]}, "properties": {"id": "DEMO--66.5400-8.3600", "tipo": "demo", "sector": "demo", "estado": "desconocido", "score": 0.7477, "demo": true, "porosidad_pct": 34.0, "espesor_arena_neta_ft": 78.5, "fuente": "Modelo DEMO sobre datos sinteticos. Distribuciones de la tabla 1 del USGS FS 2009-3028; etiqueta y reparto espacial inventados. NO es un dato observado.", "confianza": "baja", "ultima_verificacion": "2026-09-09"}}, {"type": "Feature", "geometry": {"type": "Polygon", "coordinates": [[[-66.46, 8.36], [-66.38, 8.36], [-66.38, 8.44], [-66.46, 8.44], [-66.46, 8.36]]]}, "properties": {"id": "DEMO--66.4600-8.3600", "tipo": "demo", "sector": "demo", "estado": "desconocido", "score": 0.8878, "demo": true, "porosidad_pct": 34.2, "espesor_arena_neta_ft": 104.4, "fuente": "Modelo DEMO sobre datos sinteticos. Distribuciones de la tabla 1 del USGS FS 2009-3028; etiqueta y reparto espacial inventados. NO es un dato observado.", "confianza": "baja", "ultima_verificacion": "2026-09-09"}}, {"type": "Feature", "geometry": {"type": "Polygon", "coordinates": [[[-66.38, 8.36], [-66.3, 8.36], [-66.3, 8.44], [-66.38, 8.44], [-66.38, 8.36]]]}, "properties": {"id": "DEMO--66.3800-8.3600", "tipo": "demo", "sector": "demo", "estado": "desconocido", "score": 0.6541, "demo": true, "porosidad_pct": 29.8, "espesor_arena_neta_ft": 151.0, "fuente": "Modelo DEMO sobre datos sinteticos. Distribuciones de la tabla 1 del USGS FS 2009-3028; etiqueta y reparto espacial inventados. NO es un dato observado.", "confianza": "baja", "ultima_verificacion": "2026-09-09"}}, {"type": "Feature", "geometry": {"type": "Polygon", "coordinates": [[[-66.3, 8.36], [-66.22, 8.36], [-66.22, 8.44], [-66.3, 8.44], [-66.3, 8.36]]]}, "properties": {"id": "DEMO--66.3000-8.3600", "tipo": "demo", "sector": "demo", "estado": "desconocido", "score": 0.444, "demo": true, "porosidad_pct": 34.3, "espesor_arena_neta_ft": 70.6, "fuente": "Modelo DEMO sobre datos sinteticos. Distribuciones de la tabla 1 del USGS FS 2009-3028; etiqueta y reparto espacial inventados. NO es un dato observado.", "confianza": "baja", "ultima_verificacion": "2026-09-09"}}, {"type": "Feature", "geometry": {"type": "Polygon", "coordinates": [[[-66.22, 8.36], [-66.14, 8.36], [-66.14, 8.44], [-66.22, 8.44], [-66.22, 8.36]]]}, "properties": {"id": "DEMO--66.2200-8.3600", "tipo": "demo", "sector": "demo", "estado": "desconocido", "score": 0.2357, "demo": true, "porosidad_pct": 33.1, "espesor_arena_neta_ft": 31.8, "fuente": "Modelo DEMO sobre datos sinteticos. Distribuciones de la tabla 1 del USGS FS 2009-3028; etiqueta y reparto espacial inventados. NO es un dato observado.", "confianza": "baja", "ultima_verificacion": "2026-09-09"}}, {"type": "Feature", "geometry": {"type": "Polygon", "coordinates": [[[-66.14, 8.36], [-66.06, 8.36], [-66.06, 8.44], [-66.14, 8.44], [-66.14, 8.36]]]}, "properties": {"id": "DEMO--66.1400-8.3600", "tipo": "demo", "sector": "demo", "estado": "desconocido", "score": 0.8136, "demo": true, "porosidad_pct": 35.9, "espesor_arena_neta_ft": 101.6, "fuente": "Modelo DEMO sobre datos sinteticos. Distribuciones de la tabla 1 del USGS FS 2009-3028; etiqueta y reparto espacial inventados. NO es un dato observado.", "confianza": "baja", "ultima_verificacion": "2026-09-09"}}, {"type": "Feature", "geometry": {"type": "Polygon", "coordinates": [[[-66.06, 8.36], [-65.98, 8.36], [-65.98, 8.44], [-66.06, 8.44], [-66.06, 8.36]]]}, "properties": {"id": "DEMO--66.0600-8.3600", "tipo": "demo", "sector": "demo", "estado": "desconocido", "score": 0.5162, "demo": true, "porosidad_pct": 29.5, "espesor_arena_neta_ft": 121.1, "fuente": "Modelo DEMO sobre datos sinteticos. Distribuciones de la tabla 1 del USGS FS 2009-3028; etiqueta y reparto espacial inventados. NO es un dato observado.", "confianza": "baja", "ultima_verificacion": "2026-09-09"}}, {"type": "Feature", "geometry": {"type": "Polygon", "coordinates": [[[-65.98, 8.36], [-65.9, 8.36], [-65.9, 8.44], [-65.98, 8.44], [-65.98, 8.36]]]}, "properties": {"id": "DEMO--65.9800-8.3600", "tipo": "demo", "sector": "demo", "estado": "desconocido", "score": 0.5723, "demo": true, "porosidad_pct": 33.1, "espesor_arena_neta_ft": 76.5, "fuente": "Modelo DEMO sobre datos sinteticos. Distribuciones de la tabla 1 del USGS FS 2009-3028; etiqueta y reparto espacial inventados. NO es un dato observado.", "confianza": "baja", "ultima_verificacion": "2026-09-09"}}, {"type": "Feature", "geometry": {"type": "Polygon", "coordinates": [[[-65.9, 8.36], [-65.82000000000001, 8.36], [-65.82000000000001, 8.44], [-65.9, 8.44], [-65.9, 8.36]]]}, "properties": {"id": "DEMO--65.9000-8.3600", "tipo": "demo", "sector": "demo", "estado": "desconocido", "score": 0.5786, "demo": true, "porosidad_pct": 27.4, "espesor_arena_neta_ft": 124.0, "fuente": "Modelo DEMO sobre datos sinteticos. Distribuciones de la tabla 1 del USGS FS 2009-3028; etiqueta y reparto espacial inventados. NO es un dato observado.", "confianza": "baja", "ultima_verificacion": "2026-09-09"}}, {"type": "Feature", "geometry": {"type": "Polygon", "coordinates": [[[-65.82, 8.36], [-65.74, 8.36], [-65.74, 8.44], [-65.82, 8.44], [-65.82, 8.36]]]}, "properties": {"id": "DEMO--65.8200-8.3600", "tipo": "demo", "sector": "demo", "estado": "desconocido", "score": 0.6838, "demo": true, "porosidad_pct": 31.4, "espesor_arena_neta_ft": 147.4, "fuente": "Modelo DEMO sobre datos sinteticos. Distribuciones de la tabla 1 del USGS FS 2009-3028; etiqueta y reparto espacial inventados. NO es un dato observado.", "confianza": "baja", "ultima_verificacion": "2026-09-09"}}, {"type": "Feature", "geometry": {"type": "Polygon", "coordinates": [[[-65.74, 8.36], [-65.66, 8.36], [-65.66, 8.44], [-65.74, 8.44], [-65.74, 8.36]]]}, "properties": {"id": "DEMO--65.7400-8.3600", "tipo": "demo", "sector": "demo", "estado": "desconocido", "score": 0.4944, "demo": true, "porosidad_pct": 30.3, "espesor_arena_neta_ft": 112.6, "fuente": "Modelo DEMO sobre datos sinteticos. Distribuciones de la tabla 1 del USGS FS 2009-3028; etiqueta y reparto espacial inventados. NO es un dato observado.", "confianza": "baja", "ultima_verificacion": "2026-09-09"}}, {"type": "Feature", "geometry": {"type": "Polygon", "coordinates": [[[-65.66, 8.36], [-65.58, 8.36], [-65.58, 8.44], [-65.66, 8.44], [-65.66, 8.36]]]}, "properties": {"id": "DEMO--65.6600-8.3600", "tipo": "demo", "sector": "demo", "estado": "desconocido", "score": 0.2414, "demo": true, "porosidad_pct": 27.5, "espesor_arena_neta_ft": 85.4, "fuente": "Modelo DEMO sobre datos sinteticos. Distribuciones de la tabla 1 del USGS FS 2009-3028; etiqueta y reparto espacial inventados. NO es un dato observado.", "confianza": "baja", "ultima_verificacion": "2026-09-09"}}, {"type": "Feature", "geometry": {"type": "Polygon", "coordinates": [[[-65.58, 8.36], [-65.5, 8.36], [-65.5, 8.44], [-65.58, 8.44], [-65.58, 8.36]]]}, "properties": {"id": "DEMO--65.5800-8.3600", "tipo": "demo", "sector": "demo", "estado": "desconocido", "score": 0.7263, "demo": true, "porosidad_pct": 29.3, "espesor_arena_neta_ft": 160.7, "fuente": "Modelo DEMO sobre datos sinteticos. Distribuciones de la tabla 1 del USGS FS 2009-3028; etiqueta y reparto espacial inventados. NO es un dato observado.", "confianza": "baja", "ultima_verificacion": "2026-09-09"}}, {"type": "Feature", "geometry": {"type": "Polygon", "coordinates": [[[-65.5, 8.36], [-65.42, 8.36], [-65.42, 8.44], [-65.5, 8.44], [-65.5, 8.36]]]}, "properties": {"id": "DEMO--65.5000-8.3600", "tipo": "demo", "sector": "demo", "estado": "desconocido", "score": 0.683, "demo": true, "porosidad_pct": 29.5, "espesor_arena_neta_ft": 132.2, "fuente": "Modelo DEMO sobre datos sinteticos. Distribuciones de la tabla 1 del USGS FS 2009-3028; etiqueta y reparto espacial inventados. NO es un dato observado.", "confianza": "baja", "ultima_verificacion": "2026-09-09"}}, {"type": "Feature", "geometry": {"type": "Polygon", "coordinates": [[[-65.42, 8.36], [-65.34, 8.36], [-65.34, 8.44], [-65.42, 8.44], [-65.42, 8.36]]]}, "properties": {"id": "DEMO--65.4200-8.3600", "tipo": "demo", "sector": "demo", "estado": "desconocido", "score": 0.568, "demo": true, "porosidad_pct": 32.3, "espesor_arena_neta_ft": 116.7, "fuente": "Modelo DEMO sobre datos sinteticos. Distribuciones de la tabla 1 del USGS FS 2009-3028; etiqueta y reparto espacial inventados. NO es un dato observado.", "confianza": "baja", "ultima_verificacion": "2026-09-09"}}, {"type": "Feature", "geometry": {"type": "Polygon", "coordinates": [[[-65.34, 8.36], [-65.26, 8.36], [-65.26, 8.44], [-65.34, 8.44], [-65.34, 8.36]]]}, "properties": {"id": "DEMO--65.3400-8.3600", "tipo": "demo", "sector": "demo", "estado": "desconocido", "score": 0.1519, "demo": true, "porosidad_pct": 28.3, "espesor_arena_neta_ft": 113.2, "fuente": "Modelo DEMO sobre datos sinteticos. Distribuciones de la tabla 1 del USGS FS 2009-3028; etiqueta y reparto espacial inventados. NO es un dato observado.", "confianza": "baja", "ultima_verificacion": "2026-09-09"}}, {"type": "Feature", "geometry": {"type": "Polygon", "coordinates": [[[-65.26, 8.36], [-65.18, 8.36], [-65.18, 8.44], [-65.26, 8.44], [-65.26, 8.36]]]}, "properties": {"id": "DEMO--65.2600-8.3600", "tipo": "demo", "sector": "demo", "estado": "desconocido", "score": 0.5383, "demo": true, "porosidad_pct": 31.9, "espesor_arena_neta_ft": 181.6, "fuente": "Modelo DEMO sobre datos sinteticos. Distribuciones de la tabla 1 del USGS FS 2009-3028; etiqueta y reparto espacial inventados. NO es un dato observado.", "confianza": "baja", "ultima_verificacion": "2026-09-09"}}, {"type": "Feature", "geometry": {"type": "Polygon", "coordinates": [[[-65.18, 8.36], [-65.10000000000001, 8.36], [-65.10000000000001, 8.44], [-65.18, 8.44], [-65.18, 8.36]]]}, "properties": {"id": "DEMO--65.1800-8.3600", "tipo": "demo", "sector": "demo", "estado": "desconocido", "score": 0.2314, "demo": true, "porosidad_pct": 25.8, "espesor_arena_neta_ft": 149.1, "fuente": "Modelo DEMO sobre datos sinteticos. Distribuciones de la tabla 1 del USGS FS 2009-3028; etiqueta y reparto espacial inventados. NO es un dato observado.", "confianza": "baja", "ultima_verificacion": "2026-09-09"}}, {"type": "Feature", "geometry": {"type": "Polygon", "coordinates": [[[-65.1, 8.36], [-65.02, 8.36], [-65.02, 8.44], [-65.1, 8.44], [-65.1, 8.36]]]}, "properties": {"id": "DEMO--65.1000-8.3600", "tipo": "demo", "sector": "demo", "estado": "desconocido", "score": 0.3373, "demo": true, "porosidad_pct": 26.7, "espesor_arena_neta_ft": 133.3, "fuente": "Modelo DEMO sobre datos sinteticos. Distribuciones de la tabla 1 del USGS FS 2009-3028; etiqueta y reparto espacial inventados. NO es un dato observado.", "confianza": "baja", "ultima_verificacion": "2026-09-09"}}, {"type": "Feature", "geometry": {"type": "Polygon", "coordinates": [[[-65.02, 8.36], [-64.94, 8.36], [-64.94, 8.44], [-65.02, 8.44], [-65.02, 8.36]]]}, "properties": {"id": "DEMO--65.0200-8.3600", "tipo": "demo", "sector": "demo", "estado": "desconocido", "score": 0.172, "demo": true, "porosidad_pct": 27.4, "espesor_arena_neta_ft": 191.3, "fuente": "Modelo DEMO sobre datos sinteticos. Distribuciones de la tabla 1 del USGS FS 2009-3028; etiqueta y reparto espacial inventados. NO es un dato observado.", "confianza": "baja", "ultima_verificacion": "2026-09-09"}}, {"type": "Feature", "geometry": {"type": "Polygon", "coordinates": [[[-64.94, 8.36], [-64.86, 8.36], [-64.86, 8.44], [-64.94, 8.44], [-64.94, 8.36]]]}, "properties": {"id": "DEMO--64.9400-8.3600", "tipo": "demo", "sector": "demo", "estado": "desconocido", "score": 0.8041, "demo": true, "porosidad_pct": 29.5, "espesor_arena_neta_ft": 187.2, "fuente": "Modelo DEMO sobre datos sinteticos. Distribuciones de la tabla 1 del USGS FS 2009-3028; etiqueta y reparto espacial inventados. NO es un dato observado.", "confianza": "baja", "ultima_verificacion": "2026-09-09"}}, {"type": "Feature", "geometry": {"type": "Polygon", "coordinates": [[[-64.86, 8.36], [-64.78, 8.36], [-64.78, 8.44], [-64.86, 8.44], [-64.86, 8.36]]]}, "properties": {"id": "DEMO--64.8600-8.3600", "tipo": "demo", "sector": "demo", "estado": "desconocido", "score": 0.4155, "demo": true, "porosidad_pct": 27.4, "espesor_arena_neta_ft": 150.2, "fuente": "Modelo DEMO sobre datos sinteticos. Distribuciones de la tabla 1 del USGS FS 2009-3028; etiqueta y reparto espacial inventados. NO es un dato observado.", "confianza": "baja", "ultima_verificacion": "2026-09-09"}}, {"type": "Feature", "geometry": {"type": "Polygon", "coordinates": [[[-64.78, 8.36], [-64.7, 8.36], [-64.7, 8.44], [-64.78, 8.44], [-64.78, 8.36]]]}, "properties": {"id": "DEMO--64.7800-8.3600", "tipo": "demo", "sector": "demo", "estado": "desconocido", "score": 0.1564, "demo": true, "porosidad_pct": 26.6, "espesor_arena_neta_ft": 197.9, "fuente": "Modelo DEMO sobre datos sinteticos. Distribuciones de la tabla 1 del USGS FS 2009-3028; etiqueta y reparto espacial inventados. NO es un dato observado.", "confianza": "baja", "ultima_verificacion": "2026-09-09"}}, {"type": "Feature", "geometry": {"type": "Polygon", "coordinates": [[[-64.7, 8.36], [-64.62, 8.36], [-64.62, 8.44], [-64.7, 8.44], [-64.7, 8.36]]]}, "properties": {"id": "DEMO--64.7000-8.3600", "tipo": "demo", "sector": "demo", "estado": "desconocido", "score": 0.6319, "demo": true, "porosidad_pct": 29.8, "espesor_arena_neta_ft": 182.2, "fuente": "Modelo DEMO sobre datos sinteticos. Distribuciones de la tabla 1 del USGS FS 2009-3028; etiqueta y reparto espacial inventados. NO es un dato observado.", "confianza": "baja", "ultima_verificacion": "2026-09-09"}}, {"type": "Feature", "geometry": {"type": "Polygon", "coordinates": [[[-64.62, 8.36], [-64.54, 8.36], [-64.54, 8.44], [-64.62, 8.44], [-64.62, 8.36]]]}, "properties": {"id": "DEMO--64.6200-8.3600", "tipo": "demo", "sector": "demo", "estado": "desconocido", "score": 0.0788, "demo": true, "porosidad_pct": 26.4, "espesor_arena_neta_ft": 178.1, "fuente": "Modelo DEMO sobre datos sinteticos. Distribuciones de la tabla 1 del USGS FS 2009-3028; etiqueta y reparto espacial inventados. NO es un dato observado.", "confianza": "baja", "ultima_verificacion": "2026-09-09"}}, {"type": "Feature", "geometry": {"type": "Polygon", "coordinates": [[[-64.54, 8.36], [-64.46000000000001, 8.36], [-64.46000000000001, 8.44], [-64.54, 8.44], [-64.54, 8.36]]]}, "properties": {"id": "DEMO--64.5400-8.3600", "tipo": "demo", "sector": "demo", "estado": "desconocido", "score": 0.434, "demo": true, "porosidad_pct": 27.4, "espesor_arena_neta_ft": 193.8, "fuente": "Modelo DEMO sobre datos sinteticos. Distribuciones de la tabla 1 del USGS FS 2009-3028; etiqueta y reparto espacial inventados. NO es un dato observado.", "confianza": "baja", "ultima_verificacion": "2026-09-09"}}, {"type": "Feature", "geometry": {"type": "Polygon", "coordinates": [[[-64.46, 8.36], [-64.38, 8.36], [-64.38, 8.44], [-64.46, 8.44], [-64.46, 8.36]]]}, "properties": {"id": "DEMO--64.4600-8.3600", "tipo": "demo", "sector": "demo", "estado": "desconocido", "score": 0.5563, "demo": true, "porosidad_pct": 27.1, "espesor_arena_neta_ft": 207.5, "fuente": "Modelo DEMO sobre datos sinteticos. Distribuciones de la tabla 1 del USGS FS 2009-3028; etiqueta y reparto espacial inventados. NO es un dato observado.", "confianza": "baja", "ultima_verificacion": "2026-09-09"}}, {"type": "Feature", "geometry": {"type": "Polygon", "coordinates": [[[-64.38, 8.36], [-64.3, 8.36], [-64.3, 8.44], [-64.38, 8.44], [-64.38, 8.36]]]}, "properties": {"id": "DEMO--64.3800-8.3600", "tipo": "demo", "sector": "demo", "estado": "desconocido", "score": 0.6343, "demo": true, "porosidad_pct": 27.2, "espesor_arena_neta_ft": 233.6, "fuente": "Modelo DEMO sobre datos sinteticos. Distribuciones de la tabla 1 del USGS FS 2009-3028; etiqueta y reparto espacial inventados. NO es un dato observado.", "confianza": "baja", "ultima_verificacion": "2026-09-09"}}, {"type": "Feature", "geometry": {"type": "Polygon", "coordinates": [[[-64.3, 8.36], [-64.22, 8.36], [-64.22, 8.44], [-64.3, 8.44], [-64.3, 8.36]]]}, "properties": {"id": "DEMO--64.3000-8.3600", "tipo": "demo", "sector": "demo", "estado": "desconocido", "score": 0.4599, "demo": true, "porosidad_pct": 25.4, "espesor_arena_neta_ft": 207.7, "fuente": "Modelo DEMO sobre datos sinteticos. Distribuciones de la tabla 1 del USGS FS 2009-3028; etiqueta y reparto espacial inventados. NO es un dato observado.", "confianza": "baja", "ultima_verificacion": "2026-09-09"}}, {"type": "Feature", "geometry": {"type": "Polygon", "coordinates": [[[-64.22, 8.36], [-64.14, 8.36], [-64.14, 8.44], [-64.22, 8.44], [-64.22, 8.36]]]}, "properties": {"id": "DEMO--64.2200-8.3600", "tipo": "demo", "sector": "demo", "estado": "desconocido", "score": 0.2709, "demo": true, "porosidad_pct": 25.9, "espesor_arena_neta_ft": 161.3, "fuente": "Modelo DEMO sobre datos sinteticos. Distribuciones de la tabla 1 del USGS FS 2009-3028; etiqueta y reparto espacial inventados. NO es un dato observado.", "confianza": "baja", "ultima_verificacion": "2026-09-09"}}, {"type": "Feature", "geometry": {"type": "Polygon", "coordinates": [[[-64.14, 8.36], [-64.06, 8.36], [-64.06, 8.44], [-64.14, 8.44], [-64.14, 8.36]]]}, "properties": {"id": "DEMO--64.1400-8.3600", "tipo": "demo", "sector": "demo", "estado": "desconocido", "score": 0.1582, "demo": true, "porosidad_pct": 25.4, "espesor_arena_neta_ft": 157.2, "fuente": "Modelo DEMO sobre datos sinteticos. Distribuciones de la tabla 1 del USGS FS 2009-3028; etiqueta y reparto espacial inventados. NO es un dato observado.", "confianza": "baja", "ultima_verificacion": "2026-09-09"}}, {"type": "Feature", "geometry": {"type": "Polygon", "coordinates": [[[-64.06, 8.36], [-63.980000000000004, 8.36], [-63.980000000000004, 8.44], [-64.06, 8.44], [-64.06, 8.36]]]}, "properties": {"id": "DEMO--64.0600-8.3600", "tipo": "demo", "sector": "demo", "estado": "desconocido", "score": 0.5137, "demo": true, "porosidad_pct": 26.0, "espesor_arena_neta_ft": 219.1, "fuente": "Modelo DEMO sobre datos sinteticos. Distribuciones de la tabla 1 del USGS FS 2009-3028; etiqueta y reparto espacial inventados. NO es un dato observado.", "confianza": "baja", "ultima_verificacion": "2026-09-09"}}, {"type": "Feature", "geometry": {"type": "Polygon", "coordinates": [[[-63.98, 8.36], [-63.9, 8.36], [-63.9, 8.44], [-63.98, 8.44], [-63.98, 8.36]]]}, "properties": {"id": "DEMO--63.9800-8.3600", "tipo": "demo", "sector": "demo", "estado": "desconocido", "score": 0.3405, "demo": true, "porosidad_pct": 26.7, "espesor_arena_neta_ft": 156.3, "fuente": "Modelo DEMO sobre datos sinteticos. Distribuciones de la tabla 1 del USGS FS 2009-3028; etiqueta y reparto espacial inventados. NO es un dato observado.", "confianza": "baja", "ultima_verificacion": "2026-09-09"}}, {"type": "Feature", "geometry": {"type": "Polygon", "coordinates": [[[-63.9, 8.36], [-63.82, 8.36], [-63.82, 8.44], [-63.9, 8.44], [-63.9, 8.36]]]}, "properties": {"id": "DEMO--63.9000-8.3600", "tipo": "demo", "sector": "demo", "estado": "desconocido", "score": 0.6029, "demo": true, "porosidad_pct": 30.2, "espesor_arena_neta_ft": 182.8, "fuente": "Modelo DEMO sobre datos sinteticos. Distribuciones de la tabla 1 del USGS FS 2009-3028; etiqueta y reparto espacial inventados. NO es un dato observado.", "confianza": "baja", "ultima_verificacion": "2026-09-09"}}, {"type": "Feature", "geometry": {"type": "Polygon", "coordinates": [[[-63.82, 8.36], [-63.74, 8.36], [-63.74, 8.44], [-63.82, 8.44], [-63.82, 8.36]]]}, "properties": {"id": "DEMO--63.8200-8.3600", "tipo": "demo", "sector": "demo", "estado": "desconocido", "score": 0.2451, "demo": true, "porosidad_pct": 28.6, "espesor_arena_neta_ft": 139.5, "fuente": "Modelo DEMO sobre datos sinteticos. Distribuciones de la tabla 1 del USGS FS 2009-3028; etiqueta y reparto espacial inventados. NO es un dato observado.", "confianza": "baja", "ultima_verificacion": "2026-09-09"}}, {"type": "Feature", "geometry": {"type": "Polygon", "coordinates": [[[-63.74, 8.36], [-63.660000000000004, 8.36], [-63.660000000000004, 8.44], [-63.74, 8.44], [-63.74, 8.36]]]}, "properties": {"id": "DEMO--63.7400-8.3600", "tipo": "demo", "sector": "demo", "estado": "desconocido", "score": 0.1377, "demo": true, "porosidad_pct": 29.7, "espesor_arena_neta_ft": 125.6, "fuente": "Modelo DEMO sobre datos sinteticos. Distribuciones de la tabla 1 del USGS FS 2009-3028; etiqueta y reparto espacial inventados. NO es un dato observado.", "confianza": "baja", "ultima_verificacion": "2026-09-09"}}, {"type": "Feature", "geometry": {"type": "Polygon", "coordinates": [[[-63.66, 8.36], [-63.58, 8.36], [-63.58, 8.44], [-63.66, 8.44], [-63.66, 8.36]]]}, "properties": {"id": "DEMO--63.6600-8.3600", "tipo": "demo", "sector": "demo", "estado": "desconocido", "score": 0.5113, "demo": true, "porosidad_pct": 29.9, "espesor_arena_neta_ft": 168.7, "fuente": "Modelo DEMO sobre datos sinteticos. Distribuciones de la tabla 1 del USGS FS 2009-3028; etiqueta y reparto espacial inventados. NO es un dato observado.", "confianza": "baja", "ultima_verificacion": "2026-09-09"}}, {"type": "Feature", "geometry": {"type": "Polygon", "coordinates": [[[-63.58, 8.36], [-63.5, 8.36], [-63.5, 8.44], [-63.58, 8.44], [-63.58, 8.36]]]}, "properties": {"id": "DEMO--63.5800-8.3600", "tipo": "demo", "sector": "demo", "estado": "desconocido", "score": 0.1183, "demo": true, "porosidad_pct": 27.9, "espesor_arena_neta_ft": 91.0, "fuente": "Modelo DEMO sobre datos sinteticos. Distribuciones de la tabla 1 del USGS FS 2009-3028; etiqueta y reparto espacial inventados. NO es un dato observado.", "confianza": "baja", "ultima_verificacion": "2026-09-09"}}, {"type": "Feature", "geometry": {"type": "Polygon", "coordinates": [[[-63.5, 8.36], [-63.42, 8.36], [-63.42, 8.44], [-63.5, 8.44], [-63.5, 8.36]]]}, "properties": {"id": "DEMO--63.5000-8.3600", "tipo": "demo", "sector": "demo", "estado": "desconocido", "score": 0.1883, "demo": true, "porosidad_pct": 27.9, "espesor_arena_neta_ft": 69.0, "fuente": "Modelo DEMO sobre datos sinteticos. Distribuciones de la tabla 1 del USGS FS 2009-3028; etiqueta y reparto espacial inventados. NO es un dato observado.", "confianza": "baja", "ultima_verificacion": "2026-09-09"}}, {"type": "Feature", "geometry": {"type": "Polygon", "coordinates": [[[-63.42, 8.36], [-63.34, 8.36], [-63.34, 8.44], [-63.42, 8.44], [-63.42, 8.36]]]}, "properties": {"id": "DEMO--63.4200-8.3600", "tipo": "demo", "sector": "demo", "estado": "desconocido", "score": 0.928, "demo": true, "porosidad_pct": 33.5, "espesor_arena_neta_ft": 158.8, "fuente": "Modelo DEMO sobre datos sinteticos. Distribuciones de la tabla 1 del USGS FS 2009-3028; etiqueta y reparto espacial inventados. NO es un dato observado.", "confianza": "baja", "ultima_verificacion": "2026-09-09"}}, {"type": "Feature", "geometry": {"type": "Polygon", "coordinates": [[[-63.34, 8.36], [-63.260000000000005, 8.36], [-63.260000000000005, 8.44], [-63.34, 8.44], [-63.34, 8.36]]]}, "properties": {"id": "DEMO--63.3400-8.3600", "tipo": "demo", "sector": "demo", "estado": "desconocido", "score": 0.6709, "demo": true, "porosidad_pct": 34.6, "espesor_arena_neta_ft": 100.2, "fuente": "Modelo DEMO sobre datos sinteticos. Distribuciones de la tabla 1 del USGS FS 2009-3028; etiqueta y reparto espacial inventados. NO es un dato observado.", "confianza": "baja", "ultima_verificacion": "2026-09-09"}}, {"type": "Feature", "geometry": {"type": "Polygon", "coordinates": [[[-63.26, 8.36], [-63.18, 8.36], [-63.18, 8.44], [-63.26, 8.44], [-63.26, 8.36]]]}, "properties": {"id": "DEMO--63.2600-8.3600", "tipo": "demo", "sector": "demo", "estado": "desconocido", "score": 0.7914, "demo": true, "porosidad_pct": 32.7, "espesor_arena_neta_ft": 104.1, "fuente": "Modelo DEMO sobre datos sinteticos. Distribuciones de la tabla 1 del USGS FS 2009-3028; etiqueta y reparto espacial inventados. NO es un dato observado.", "confianza": "baja", "ultima_verificacion": "2026-09-09"}}, {"type": "Feature", "geometry": {"type": "Polygon", "coordinates": [[[-63.18, 8.36], [-63.1, 8.36], [-63.1, 8.44], [-63.18, 8.44], [-63.18, 8.36]]]}, "properties": {"id": "DEMO--63.1800-8.3600", "tipo": "demo", "sector": "demo", "estado": "desconocido", "score": 0.3868, "demo": true, "porosidad_pct": 30.0, "espesor_arena_neta_ft": 86.9, "fuente": "Modelo DEMO sobre datos sinteticos. Distribuciones de la tabla 1 del USGS FS 2009-3028; etiqueta y reparto espacial inventados. NO es un dato observado.", "confianza": "baja", "ultima_verificacion": "2026-09-09"}}, {"type": "Feature", "geometry": {"type": "Polygon", "coordinates": [[[-63.1, 8.36], [-63.02, 8.36], [-63.02, 8.44], [-63.1, 8.44], [-63.1, 8.36]]]}, "properties": {"id": "DEMO--63.1000-8.3600", "tipo": "demo", "sector": "demo", "estado": "desconocido", "score": 0.2472, "demo": true, "porosidad_pct": 28.5, "espesor_arena_neta_ft": 94.3, "fuente": "Modelo DEMO sobre datos sinteticos. Distribuciones de la tabla 1 del USGS FS 2009-3028; etiqueta y reparto espacial inventados. NO es un dato observado.", "confianza": "baja", "ultima_verificacion": "2026-09-09"}}, {"type": "Feature", "geometry": {"type": "Polygon", "coordinates": [[[-63.02, 8.36], [-62.940000000000005, 8.36], [-62.940000000000005, 8.44], [-63.02, 8.44], [-63.02, 8.36]]]}, "properties": {"id": "DEMO--63.0200-8.3600", "tipo": "demo", "sector": "demo", "estado": "desconocido", "score": 0.2732, "demo": true, "porosidad_pct": 29.4, "espesor_arena_neta_ft": 83.5, "fuente": "Modelo DEMO sobre datos sinteticos. Distribuciones de la tabla 1 del USGS FS 2009-3028; etiqueta y reparto espacial inventados. NO es un dato observado.", "confianza": "baja", "ultima_verificacion": "2026-09-09"}}, {"type": "Feature", "geometry": {"type": "Polygon", "coordinates": [[[-62.94, 8.36], [-62.86, 8.36], [-62.86, 8.44], [-62.94, 8.44], [-62.94, 8.36]]]}, "properties": {"id": "DEMO--62.9400-8.3600", "tipo": "demo", "sector": "demo", "estado": "desconocido", "score": 0.8573, "demo": true, "porosidad_pct": 31.2, "espesor_arena_neta_ft": 127.9, "fuente": "Modelo DEMO sobre datos sinteticos. Distribuciones de la tabla 1 del USGS FS 2009-3028; etiqueta y reparto espacial inventados. NO es un dato observado.", "confianza": "baja", "ultima_verificacion": "2026-09-09"}}, {"type": "Feature", "geometry": {"type": "Polygon", "coordinates": [[[-62.86, 8.36], [-62.78, 8.36], [-62.78, 8.44], [-62.86, 8.44], [-62.86, 8.36]]]}, "properties": {"id": "DEMO--62.8600-8.3600", "tipo": "demo", "sector": "demo", "estado": "desconocido", "score": 0.3523, "demo": true, "porosidad_pct": 28.9, "espesor_arena_neta_ft": 86.6, "fuente": "Modelo DEMO sobre datos sinteticos. Distribuciones de la tabla 1 del USGS FS 2009-3028; etiqueta y reparto espacial inventados. NO es un dato observado.", "confianza": "baja", "ultima_verificacion": "2026-09-09"}}, {"type": "Feature", "geometry": {"type": "Polygon", "coordinates": [[[-62.78, 8.36], [-62.7, 8.36], [-62.7, 8.44], [-62.78, 8.44], [-62.78, 8.36]]]}, "properties": {"id": "DEMO--62.7800-8.3600", "tipo": "demo", "sector": "demo", "estado": "desconocido", "score": 0.3791, "demo": true, "porosidad_pct": 33.4, "espesor_arena_neta_ft": 52.4, "fuente": "Modelo DEMO sobre datos sinteticos. Distribuciones de la tabla 1 del USGS FS 2009-3028; etiqueta y reparto espacial inventados. NO es un dato observado.", "confianza": "baja", "ultima_verificacion": "2026-09-09"}}, {"type": "Feature", "geometry": {"type": "Polygon", "coordinates": [[[-62.7, 8.36], [-62.620000000000005, 8.36], [-62.620000000000005, 8.44], [-62.7, 8.44], [-62.7, 8.36]]]}, "properties": {"id": "DEMO--62.7000-8.3600", "tipo": "demo", "sector": "demo", "estado": "desconocido", "score": 0.4355, "demo": true, "porosidad_pct": 29.5, "espesor_arena_neta_ft": 131.8, "fuente": "Modelo DEMO sobre datos sinteticos. Distribuciones de la tabla 1 del USGS FS 2009-3028; etiqueta y reparto espacial inventados. NO es un dato observado.", "confianza": "baja", "ultima_verificacion": "2026-09-09"}}, {"type": "Feature", "geometry": {"type": "Polygon", "coordinates": [[[-62.62, 8.36], [-62.54, 8.36], [-62.54, 8.44], [-62.62, 8.44], [-62.62, 8.36]]]}, "properties": {"id": "DEMO--62.6200-8.3600", "tipo": "demo", "sector": "demo", "estado": "desconocido", "score": 0.5779, "demo": true, "porosidad_pct": 33.5, "espesor_arena_neta_ft": 49.4, "fuente": "Modelo DEMO sobre datos sinteticos. Distribuciones de la tabla 1 del USGS FS 2009-3028; etiqueta y reparto espacial inventados. NO es un dato observado.", "confianza": "baja", "ultima_verificacion": "2026-09-09"}}, {"type": "Feature", "geometry": {"type": "Polygon", "coordinates": [[[-62.54, 8.36], [-62.46, 8.36], [-62.46, 8.44], [-62.54, 8.44], [-62.54, 8.36]]]}, "properties": {"id": "DEMO--62.5400-8.3600", "tipo": "demo", "sector": "demo", "estado": "desconocido", "score": 0.8048, "demo": true, "porosidad_pct": 30.7, "espesor_arena_neta_ft": 139.1, "fuente": "Modelo DEMO sobre datos sinteticos. Distribuciones de la tabla 1 del USGS FS 2009-3028; etiqueta y reparto espacial inventados. NO es un dato observado.", "confianza": "baja", "ultima_verificacion": "2026-09-09"}}, {"type": "Feature", "geometry": {"type": "Polygon", "coordinates": [[[-62.46, 8.36], [-62.38, 8.36], [-62.38, 8.44], [-62.46, 8.44], [-62.46, 8.36]]]}, "properties": {"id": "DEMO--62.4600-8.3600", "tipo": "demo", "sector": "demo", "estado": "desconocido", "score": 0.8136, "demo": true, "porosidad_pct": 35.4, "espesor_arena_neta_ft": 157.0, "fuente": "Modelo DEMO sobre datos sinteticos. Distribuciones de la tabla 1 del USGS FS 2009-3028; etiqueta y reparto espacial inventados. NO es un dato observado.", "confianza": "baja", "ultima_verificacion": "2026-09-09"}}, {"type": "Feature", "geometry": {"type": "Polygon", "coordinates": [[[-62.38, 8.36], [-62.300000000000004, 8.36], [-62.300000000000004, 8.44], [-62.38, 8.44], [-62.38, 8.36]]]}, "properties": {"id": "DEMO--62.3800-8.3600", "tipo": "demo", "sector": "demo", "estado": "desconocido", "score": 0.6627, "demo": true, "porosidad_pct": 29.7, "espesor_arena_neta_ft": 109.5, "fuente": "Modelo DEMO sobre datos sinteticos. Distribuciones de la tabla 1 del USGS FS 2009-3028; etiqueta y reparto espacial inventados. NO es un dato observado.", "confianza": "baja", "ultima_verificacion": "2026-09-09"}}, {"type": "Feature", "geometry": {"type": "Polygon", "coordinates": [[[-62.3, 8.36], [-62.22, 8.36], [-62.22, 8.44], [-62.3, 8.44], [-62.3, 8.36]]]}, "properties": {"id": "DEMO--62.3000-8.3600", "tipo": "demo", "sector": "demo", "estado": "desconocido", "score": 0.923, "demo": true, "porosidad_pct": 32.7, "espesor_arena_neta_ft": 134.6, "fuente": "Modelo DEMO sobre datos sinteticos. Distribuciones de la tabla 1 del USGS FS 2009-3028; etiqueta y reparto espacial inventados. NO es un dato observado.", "confianza": "baja", "ultima_verificacion": "2026-09-09"}}, {"type": "Feature", "geometry": {"type": "Polygon", "coordinates": [[[-62.22, 8.36], [-62.14, 8.36], [-62.14, 8.44], [-62.22, 8.44], [-62.22, 8.36]]]}, "properties": {"id": "DEMO--62.2200-8.3600", "tipo": "demo", "sector": "demo", "estado": "desconocido", "score": 0.3358, "demo": true, "porosidad_pct": 27.1, "espesor_arena_neta_ft": 117.7, "fuente": "Modelo DEMO sobre datos sinteticos. Distribuciones de la tabla 1 del USGS FS 2009-3028; etiqueta y reparto espacial inventados. NO es un dato observado.", "confianza": "baja", "ultima_verificacion": "2026-09-09"}}, {"type": "Feature", "geometry": {"type": "Polygon", "coordinates": [[[-62.14, 8.36], [-62.06, 8.36], [-62.06, 8.44], [-62.14, 8.44], [-62.14, 8.36]]]}, "properties": {"id": "DEMO--62.1400-8.3600", "tipo": "demo", "sector": "demo", "estado": "desconocido", "score": 0.5605, "demo": true, "porosidad_pct": 27.7, "espesor_arena_neta_ft": 180.2, "fuente": "Modelo DEMO sobre datos sinteticos. Distribuciones de la tabla 1 del USGS FS 2009-3028; etiqueta y reparto espacial inventados. NO es un dato observado.", "confianza": "baja", "ultima_verificacion": "2026-09-09"}}, {"type": "Feature", "geometry": {"type": "Polygon", "coordinates": [[[-67.34, 8.44], [-67.26, 8.44], [-67.26, 8.52], [-67.34, 8.52], [-67.34, 8.44]]]}, "properties": {"id": "DEMO--67.3400-8.4400", "tipo": "demo", "sector": "demo", "estado": "desconocido", "score": 0.6311, "demo": true, "porosidad_pct": 33.8, "espesor_arena_neta_ft": 113.9, "fuente": "Modelo DEMO sobre datos sinteticos. Distribuciones de la tabla 1 del USGS FS 2009-3028; etiqueta y reparto espacial inventados. NO es un dato observado.", "confianza": "baja", "ultima_verificacion": "2026-09-09"}}, {"type": "Feature", "geometry": {"type": "Polygon", "coordinates": [[[-67.26, 8.44], [-67.18, 8.44], [-67.18, 8.52], [-67.26, 8.52], [-67.26, 8.44]]]}, "properties": {"id": "DEMO--67.2600-8.4400", "tipo": "demo", "sector": "demo", "estado": "desconocido", "score": 0.2861, "demo": true, "porosidad_pct": 29.8, "espesor_arena_neta_ft": 85.6, "fuente": "Modelo DEMO sobre datos sinteticos. Distribuciones de la tabla 1 del USGS FS 2009-3028; etiqueta y reparto espacial inventados. NO es un dato observado.", "confianza": "baja", "ultima_verificacion": "2026-09-09"}}, {"type": "Feature", "geometry": {"type": "Polygon", "coordinates": [[[-67.18, 8.44], [-67.10000000000001, 8.44], [-67.10000000000001, 8.52], [-67.18, 8.52], [-67.18, 8.44]]]}, "properties": {"id": "DEMO--67.1800-8.4400", "tipo": "demo", "sector": "demo", "estado": "desconocido", "score": 0.9097, "demo": true, "porosidad_pct": 31.6, "espesor_arena_neta_ft": 130.2, "fuente": "Modelo DEMO sobre datos sinteticos. Distribuciones de la tabla 1 del USGS FS 2009-3028; etiqueta y reparto espacial inventados. NO es un dato observado.", "confianza": "baja", "ultima_verificacion": "2026-09-09"}}, {"type": "Feature", "geometry": {"type": "Polygon", "coordinates": [[[-67.1, 8.44], [-67.02, 8.44], [-67.02, 8.52], [-67.1, 8.52], [-67.1, 8.44]]]}, "properties": {"id": "DEMO--67.1000-8.4400", "tipo": "demo", "sector": "demo", "estado": "desconocido", "score": 0.9441, "demo": true, "porosidad_pct": 30.9, "espesor_arena_neta_ft": 159.6, "fuente": "Modelo DEMO sobre datos sinteticos. Distribuciones de la tabla 1 del USGS FS 2009-3028; etiqueta y reparto espacial inventados. NO es un dato observado.", "confianza": "baja", "ultima_verificacion": "2026-09-09"}}, {"type": "Feature", "geometry": {"type": "Polygon", "coordinates": [[[-67.02, 8.44], [-66.94, 8.44], [-66.94, 8.52], [-67.02, 8.52], [-67.02, 8.44]]]}, "properties": {"id": "DEMO--67.0200-8.4400", "tipo": "demo", "sector": "demo", "estado": "desconocido", "score": 0.9548, "demo": true, "porosidad_pct": 31.0, "espesor_arena_neta_ft": 165.5, "fuente": "Modelo DEMO sobre datos sinteticos. Distribuciones de la tabla 1 del USGS FS 2009-3028; etiqueta y reparto espacial inventados. NO es un dato observado.", "confianza": "baja", "ultima_verificacion": "2026-09-09"}}, {"type": "Feature", "geometry": {"type": "Polygon", "coordinates": [[[-66.94, 8.44], [-66.86, 8.44], [-66.86, 8.52], [-66.94, 8.52], [-66.94, 8.44]]]}, "properties": {"id": "DEMO--66.9400-8.4400", "tipo": "demo", "sector": "demo", "estado": "desconocido", "score": 0.3513, "demo": true, "porosidad_pct": 34.2, "espesor_arena_neta_ft": 69.4, "fuente": "Modelo DEMO sobre datos sinteticos. Distribuciones de la tabla 1 del USGS FS 2009-3028; etiqueta y reparto espacial inventados. NO es un dato observado.", "confianza": "baja", "ultima_verificacion": "2026-09-09"}}, {"type": "Feature", "geometry": {"type": "Polygon", "coordinates": [[[-66.86, 8.44], [-66.78, 8.44], [-66.78, 8.52], [-66.86, 8.52], [-66.86, 8.44]]]}, "properties": {"id": "DEMO--66.8600-8.4400", "tipo": "demo", "sector": "demo", "estado": "desconocido", "score": 0.9539, "demo": true, "porosidad_pct": 36.2, "espesor_arena_neta_ft": 167.0, "fuente": "Modelo DEMO sobre datos sinteticos. Distribuciones de la tabla 1 del USGS FS 2009-3028; etiqueta y reparto espacial inventados. NO es un dato observado.", "confianza": "baja", "ultima_verificacion": "2026-09-09"}}, {"type": "Feature", "geometry": {"type": "Polygon", "coordinates": [[[-66.78, 8.44], [-66.7, 8.44], [-66.7, 8.52], [-66.78, 8.52], [-66.78, 8.44]]]}, "properties": {"id": "DEMO--66.7800-8.4400", "tipo": "demo", "sector": "demo", "estado": "desconocido", "score": 0.7449, "demo": true, "porosidad_pct": 31.3, "espesor_arena_neta_ft": 104.0, "fuente": "Modelo DEMO sobre datos sinteticos. Distribuciones de la tabla 1 del USGS FS 2009-3028; etiqueta y reparto espacial inventados. NO es un dato observado.", "confianza": "baja", "ultima_verificacion": "2026-09-09"}}, {"type": "Feature", "geometry": {"type": "Polygon", "coordinates": [[[-66.7, 8.44], [-66.62, 8.44], [-66.62, 8.52], [-66.7, 8.52], [-66.7, 8.44]]]}, "properties": {"id": "DEMO--66.7000-8.4400", "tipo": "demo", "sector": "demo", "estado": "desconocido", "score": 0.7943, "demo": true, "porosidad_pct": 34.7, "espesor_arena_neta_ft": 82.8, "fuente": "Modelo DEMO sobre datos sinteticos. Distribuciones de la tabla 1 del USGS FS 2009-3028; etiqueta y reparto espacial inventados. NO es un dato observado.", "confianza": "baja", "ultima_verificacion": "2026-09-09"}}, {"type": "Feature", "geometry": {"type": "Polygon", "coordinates": [[[-66.62, 8.44], [-66.54, 8.44], [-66.54, 8.52], [-66.62, 8.52], [-66.62, 8.44]]]}, "properties": {"id": "DEMO--66.6200-8.4400", "tipo": "demo", "sector": "demo", "estado": "desconocido", "score": 0.4967, "demo": true, "porosidad_pct": 29.0, "espesor_arena_neta_ft": 155.4, "fuente": "Modelo DEMO sobre datos sinteticos. Distribuciones de la tabla 1 del USGS FS 2009-3028; etiqueta y reparto espacial inventados. NO es un dato observado.", "confianza": "baja", "ultima_verificacion": "2026-09-09"}}, {"type": "Feature", "geometry": {"type": "Polygon", "coordinates": [[[-66.54, 8.44], [-66.46000000000001, 8.44], [-66.46000000000001, 8.52], [-66.54, 8.52], [-66.54, 8.44]]]}, "properties": {"id": "DEMO--66.5400-8.4400", "tipo": "demo", "sector": "demo", "estado": "desconocido", "score": 0.1275, "demo": true, "porosidad_pct": 28.3, "espesor_arena_neta_ft": 70.7, "fuente": "Modelo DEMO sobre datos sinteticos. Distribuciones de la tabla 1 del USGS FS 2009-3028; etiqueta y reparto espacial inventados. NO es un dato observado.", "confianza": "baja", "ultima_verificacion": "2026-09-09"}}, {"type": "Feature", "geometry": {"type": "Polygon", "coordinates": [[[-66.46, 8.44], [-66.38, 8.44], [-66.38, 8.52], [-66.46, 8.52], [-66.46, 8.44]]]}, "properties": {"id": "DEMO--66.4600-8.4400", "tipo": "demo", "sector": "demo", "estado": "desconocido", "score": 0.7681, "demo": true, "porosidad_pct": 28.6, "espesor_arena_neta_ft": 149.9, "fuente": "Modelo DEMO sobre datos sinteticos. Distribuciones de la tabla 1 del USGS FS 2009-3028; etiqueta y reparto espacial inventados. NO es un dato observado.", "confianza": "baja", "ultima_verificacion": "2026-09-09"}}, {"type": "Feature", "geometry": {"type": "Polygon", "coordinates": [[[-66.38, 8.44], [-66.3, 8.44], [-66.3, 8.52], [-66.38, 8.52], [-66.38, 8.44]]]}, "properties": {"id": "DEMO--66.3800-8.4400", "tipo": "demo", "sector": "demo", "estado": "desconocido", "score": 0.9479, "demo": true, "porosidad_pct": 33.6, "espesor_arena_neta_ft": 133.8, "fuente": "Modelo DEMO sobre datos sinteticos. Distribuciones de la tabla 1 del USGS FS 2009-3028; etiqueta y reparto espacial inventados. NO es un dato observado.", "confianza": "baja", "ultima_verificacion": "2026-09-09"}}, {"type": "Feature", "geometry": {"type": "Polygon", "coordinates": [[[-66.3, 8.44], [-66.22, 8.44], [-66.22, 8.52], [-66.3, 8.52], [-66.3, 8.44]]]}, "properties": {"id": "DEMO--66.3000-8.4400", "tipo": "demo", "sector": "demo", "estado": "desconocido", "score": 0.7203, "demo": true, "porosidad_pct": 28.2, "espesor_arena_neta_ft": 140.1, "fuente": "Modelo DEMO sobre datos sinteticos. Distribuciones de la tabla 1 del USGS FS 2009-3028; etiqueta y reparto espacial inventados. NO es un dato observado.", "confianza": "baja", "ultima_verificacion": "2026-09-09"}}, {"type": "Feature", "geometry": {"type": "Polygon", "coordinates": [[[-66.22, 8.44], [-66.14, 8.44], [-66.14, 8.52], [-66.22, 8.52], [-66.22, 8.44]]]}, "properties": {"id": "DEMO--66.2200-8.4400", "tipo": "demo", "sector": "demo", "estado": "desconocido", "score": 0.1713, "demo": true, "porosidad_pct": 28.6, "espesor_arena_neta_ft": 97.1, "fuente": "Modelo DEMO sobre datos sinteticos. Distribuciones de la tabla 1 del USGS FS 2009-3028; etiqueta y reparto espacial inventados. NO es un dato observado.", "confianza": "baja", "ultima_verificacion": "2026-09-09"}}, {"type": "Feature", "geometry": {"type": "Polygon", "coordinates": [[[-66.14, 8.44], [-66.06, 8.44], [-66.06, 8.52], [-66.14, 8.52], [-66.14, 8.44]]]}, "properties": {"id": "DEMO--66.1400-8.4400", "tipo": "demo", "sector": "demo", "estado": "desconocido", "score": 0.6816, "demo": true, "porosidad_pct": 30.8, "espesor_arena_neta_ft": 184.1, "fuente": "Modelo DEMO sobre datos sinteticos. Distribuciones de la tabla 1 del USGS FS 2009-3028; etiqueta y reparto espacial inventados. NO es un dato observado.", "confianza": "baja", "ultima_verificacion": "2026-09-09"}}, {"type": "Feature", "geometry": {"type": "Polygon", "coordinates": [[[-66.06, 8.44], [-65.98, 8.44], [-65.98, 8.52], [-66.06, 8.52], [-66.06, 8.44]]]}, "properties": {"id": "DEMO--66.0600-8.4400", "tipo": "demo", "sector": "demo", "estado": "desconocido", "score": 0.039, "demo": true, "porosidad_pct": 27.9, "espesor_arena_neta_ft": 93.4, "fuente": "Modelo DEMO sobre datos sinteticos. Distribuciones de la tabla 1 del USGS FS 2009-3028; etiqueta y reparto espacial inventados. NO es un dato observado.", "confianza": "baja", "ultima_verificacion": "2026-09-09"}}, {"type": "Feature", "geometry": {"type": "Polygon", "coordinates": [[[-65.98, 8.44], [-65.9, 8.44], [-65.9, 8.52], [-65.98, 8.52], [-65.98, 8.44]]]}, "properties": {"id": "DEMO--65.9800-8.4400", "tipo": "demo", "sector": "demo", "estado": "desconocido", "score": 0.1092, "demo": true, "porosidad_pct": 26.8, "espesor_arena_neta_ft": 35.0, "fuente": "Modelo DEMO sobre datos sinteticos. Distribuciones de la tabla 1 del USGS FS 2009-3028; etiqueta y reparto espacial inventados. NO es un dato observado.", "confianza": "baja", "ultima_verificacion": "2026-09-09"}}, {"type": "Feature", "geometry": {"type": "Polygon", "coordinates": [[[-65.9, 8.44], [-65.82000000000001, 8.44], [-65.82000000000001, 8.52], [-65.9, 8.52], [-65.9, 8.44]]]}, "properties": {"id": "DEMO--65.9000-8.4400", "tipo": "demo", "sector": "demo", "estado": "desconocido", "score": 0.2463, "demo": true, "porosidad_pct": 27.9, "espesor_arena_neta_ft": 164.7, "fuente": "Modelo DEMO sobre datos sinteticos. Distribuciones de la tabla 1 del USGS FS 2009-3028; etiqueta y reparto espacial inventados. NO es un dato observado.", "confianza": "baja", "ultima_verificacion": "2026-09-09"}}, {"type": "Feature", "geometry": {"type": "Polygon", "coordinates": [[[-65.82, 8.44], [-65.74, 8.44], [-65.74, 8.52], [-65.82, 8.52], [-65.82, 8.44]]]}, "properties": {"id": "DEMO--65.8200-8.4400", "tipo": "demo", "sector": "demo", "estado": "desconocido", "score": 0.5123, "demo": true, "porosidad_pct": 29.0, "espesor_arena_neta_ft": 209.6, "fuente": "Modelo DEMO sobre datos sinteticos. Distribuciones de la tabla 1 del USGS FS 2009-3028; etiqueta y reparto espacial inventados. NO es un dato observado.", "confianza": "baja", "ultima_verificacion": "2026-09-09"}}, {"type": "Feature", "geometry": {"type": "Polygon", "coordinates": [[[-65.74, 8.44], [-65.66, 8.44], [-65.66, 8.52], [-65.74, 8.52], [-65.74, 8.44]]]}, "properties": {"id": "DEMO--65.7400-8.4400", "tipo": "demo", "sector": "demo", "estado": "desconocido", "score": 0.422, "demo": true, "porosidad_pct": 30.4, "espesor_arena_neta_ft": 54.3, "fuente": "Modelo DEMO sobre datos sinteticos. Distribuciones de la tabla 1 del USGS FS 2009-3028; etiqueta y reparto espacial inventados. NO es un dato observado.", "confianza": "baja", "ultima_verificacion": "2026-09-09"}}, {"type": "Feature", "geometry": {"type": "Polygon", "coordinates": [[[-65.66, 8.44], [-65.58, 8.44], [-65.58, 8.52], [-65.66, 8.52], [-65.66, 8.44]]]}, "properties": {"id": "DEMO--65.6600-8.4400", "tipo": "demo", "sector": "demo", "estado": "desconocido", "score": 0.7908, "demo": true, "porosidad_pct": 33.0, "espesor_arena_neta_ft": 190.6, "fuente": "Modelo DEMO sobre datos sinteticos. Distribuciones de la tabla 1 del USGS FS 2009-3028; etiqueta y reparto espacial inventados. NO es un dato observado.", "confianza": "baja", "ultima_verificacion": "2026-09-09"}}, {"type": "Feature", "geometry": {"type": "Polygon", "coordinates": [[[-65.58, 8.44], [-65.5, 8.44], [-65.5, 8.52], [-65.58, 8.52], [-65.58, 8.44]]]}, "properties": {"id": "DEMO--65.5800-8.4400", "tipo": "demo", "sector": "demo", "estado": "desconocido", "score": 0.3678, "demo": true, "porosidad_pct": 27.5, "espesor_arena_neta_ft": 78.4, "fuente": "Modelo DEMO sobre datos sinteticos. Distribuciones de la tabla 1 del USGS FS 2009-3028; etiqueta y reparto espacial inventados. NO es un dato observado.", "confianza": "baja", "ultima_verificacion": "2026-09-09"}}, {"type": "Feature", "geometry": {"type": "Polygon", "coordinates": [[[-65.5, 8.44], [-65.42, 8.44], [-65.42, 8.52], [-65.5, 8.52], [-65.5, 8.44]]]}, "properties": {"id": "DEMO--65.5000-8.4400", "tipo": "demo", "sector": "demo", "estado": "desconocido", "score": 0.8352, "demo": true, "porosidad_pct": 31.0, "espesor_arena_neta_ft": 186.0, "fuente": "Modelo DEMO sobre datos sinteticos. Distribuciones de la tabla 1 del USGS FS 2009-3028; etiqueta y reparto espacial inventados. NO es un dato observado.", "confianza": "baja", "ultima_verificacion": "2026-09-09"}}, {"type": "Feature", "geometry": {"type": "Polygon", "coordinates": [[[-65.42, 8.44], [-65.34, 8.44], [-65.34, 8.52], [-65.42, 8.52], [-65.42, 8.44]]]}, "properties": {"id": "DEMO--65.4200-8.4400", "tipo": "demo", "sector": "demo", "estado": "desconocido", "score": 0.5154, "demo": true, "porosidad_pct": 32.3, "espesor_arena_neta_ft": 103.4, "fuente": "Modelo DEMO sobre datos sinteticos. Distribuciones de la tabla 1 del USGS FS 2009-3028; etiqueta y reparto espacial inventados. NO es un dato observado.", "confianza": "baja", "ultima_verificacion": "2026-09-09"}}, {"type": "Feature", "geometry": {"type": "Polygon", "coordinates": [[[-65.34, 8.44], [-65.26, 8.44], [-65.26, 8.52], [-65.34, 8.52], [-65.34, 8.44]]]}, "properties": {"id": "DEMO--65.3400-8.4400", "tipo": "demo", "sector": "demo", "estado": "desconocido", "score": 0.8392, "demo": true, "porosidad_pct": 31.1, "espesor_arena_neta_ft": 90.1, "fuente": "Modelo DEMO sobre datos sinteticos. Distribuciones de la tabla 1 del USGS FS 2009-3028; etiqueta y reparto espacial inventados. NO es un dato observado.", "confianza": "baja", "ultima_verificacion": "2026-09-09"}}, {"type": "Feature", "geometry": {"type": "Polygon", "coordinates": [[[-65.26, 8.44], [-65.18, 8.44], [-65.18, 8.52], [-65.26, 8.52], [-65.26, 8.44]]]}, "properties": {"id": "DEMO--65.2600-8.4400", "tipo": "demo", "sector": "demo", "estado": "desconocido", "score": 0.1899, "demo": true, "porosidad_pct": 27.6, "espesor_arena_neta_ft": 126.7, "fuente": "Modelo DEMO sobre datos sinteticos. Distribuciones de la tabla 1 del USGS FS 2009-3028; etiqueta y reparto espacial inventados. NO es un dato observado.", "confianza": "baja", "ultima_verificacion": "2026-09-09"}}, {"type": "Feature", "geometry": {"type": "Polygon", "coordinates": [[[-65.18, 8.44], [-65.10000000000001, 8.44], [-65.10000000000001, 8.52], [-65.18, 8.52], [-65.18, 8.44]]]}, "properties": {"id": "DEMO--65.1800-8.4400", "tipo": "demo", "sector": "demo", "estado": "desconocido", "score": 0.6829, "demo": true, "porosidad_pct": 29.9, "espesor_arena_neta_ft": 202.0, "fuente": "Modelo DEMO sobre datos sinteticos. Distribuciones de la tabla 1 del USGS FS 2009-3028; etiqueta y reparto espacial inventados. NO es un dato observado.", "confianza": "baja", "ultima_verificacion": "2026-09-09"}}, {"type": "Feature", "geometry": {"type": "Polygon", "coordinates": [[[-65.1, 8.44], [-65.02, 8.44], [-65.02, 8.52], [-65.1, 8.52], [-65.1, 8.44]]]}, "properties": {"id": "DEMO--65.1000-8.4400", "tipo": "demo", "sector": "demo", "estado": "desconocido", "score": 0.3924, "demo": true, "porosidad_pct": 28.0, "espesor_arena_neta_ft": 123.1, "fuente": "Modelo DEMO sobre datos sinteticos. Distribuciones de la tabla 1 del USGS FS 2009-3028; etiqueta y reparto espacial inventados. NO es un dato observado.", "confianza": "baja", "ultima_verificacion": "2026-09-09"}}, {"type": "Feature", "geometry": {"type": "Polygon", "coordinates": [[[-65.02, 8.44], [-64.94, 8.44], [-64.94, 8.52], [-65.02, 8.52], [-65.02, 8.44]]]}, "properties": {"id": "DEMO--65.0200-8.4400", "tipo": "demo", "sector": "demo", "estado": "desconocido", "score": 0.374, "demo": true, "porosidad_pct": 28.2, "espesor_arena_neta_ft": 167.9, "fuente": "Modelo DEMO sobre datos sinteticos. Distribuciones de la tabla 1 del USGS FS 2009-3028; etiqueta y reparto espacial inventados. NO es un dato observado.", "confianza": "baja", "ultima_verificacion": "2026-09-09"}}, {"type": "Feature", "geometry": {"type": "Polygon", "coordinates": [[[-64.94, 8.44], [-64.86, 8.44], [-64.86, 8.52], [-64.94, 8.52], [-64.94, 8.44]]]}, "properties": {"id": "DEMO--64.9400-8.4400", "tipo": "demo", "sector": "demo", "estado": "desconocido", "score": 0.6067, "demo": true, "porosidad_pct": 28.2, "espesor_arena_neta_ft": 185.8, "fuente": "Modelo DEMO sobre datos sinteticos. Distribuciones de la tabla 1 del USGS FS 2009-3028; etiqueta y reparto espacial inventados. NO es un dato observado.", "confianza": "baja", "ultima_verificacion": "2026-09-09"}}, {"type": "Feature", "geometry": {"type": "Polygon", "coordinates": [[[-64.86, 8.44], [-64.78, 8.44], [-64.78, 8.52], [-64.86, 8.52], [-64.86, 8.44]]]}, "properties": {"id": "DEMO--64.8600-8.4400", "tipo": "demo", "sector": "demo", "estado": "desconocido", "score": 0.1318, "demo": true, "porosidad_pct": 24.9, "espesor_arena_neta_ft": 191.1, "fuente": "Modelo DEMO sobre datos sinteticos. Distribuciones de la tabla 1 del USGS FS 2009-3028; etiqueta y reparto espacial inventados. NO es un dato observado.", "confianza": "baja", "ultima_verificacion": "2026-09-09"}}, {"type": "Feature", "geometry": {"type": "Polygon", "coordinates": [[[-64.78, 8.44], [-64.7, 8.44], [-64.7, 8.52], [-64.78, 8.52], [-64.78, 8.44]]]}, "properties": {"id": "DEMO--64.7800-8.4400", "tipo": "demo", "sector": "demo", "estado": "desconocido", "score": 0.9058, "demo": true, "porosidad_pct": 31.5, "espesor_arena_neta_ft": 209.6, "fuente": "Modelo DEMO sobre datos sinteticos. Distribuciones de la tabla 1 del USGS FS 2009-3028; etiqueta y reparto espacial inventados. NO es un dato observado.", "confianza": "baja", "ultima_verificacion": "2026-09-09"}}, {"type": "Feature", "geometry": {"type": "Polygon", "coordinates": [[[-64.7, 8.44], [-64.62, 8.44], [-64.62, 8.52], [-64.7, 8.52], [-64.7, 8.44]]]}, "properties": {"id": "DEMO--64.7000-8.4400", "tipo": "demo", "sector": "demo", "estado": "desconocido", "score": 0.3653, "demo": true, "porosidad_pct": 29.4, "espesor_arena_neta_ft": 142.6, "fuente": "Modelo DEMO sobre datos sinteticos. Distribuciones de la tabla 1 del USGS FS 2009-3028; etiqueta y reparto espacial inventados. NO es un dato observado.", "confianza": "baja", "ultima_verificacion": "2026-09-09"}}, {"type": "Feature", "geometry": {"type": "Polygon", "coordinates": [[[-64.62, 8.44], [-64.54, 8.44], [-64.54, 8.52], [-64.62, 8.52], [-64.62, 8.44]]]}, "properties": {"id": "DEMO--64.6200-8.4400", "tipo": "demo", "sector": "demo", "estado": "desconocido", "score": 0.1885, "demo": true, "porosidad_pct": 26.3, "espesor_arena_neta_ft": 227.6, "fuente": "Modelo DEMO sobre datos sinteticos. Distribuciones de la tabla 1 del USGS FS 2009-3028; etiqueta y reparto espacial inventados. NO es un dato observado.", "confianza": "baja", "ultima_verificacion": "2026-09-09"}}, {"type": "Feature", "geometry": {"type": "Polygon", "coordinates": [[[-64.54, 8.44], [-64.46000000000001, 8.44], [-64.46000000000001, 8.52], [-64.54, 8.52], [-64.54, 8.44]]]}, "properties": {"id": "DEMO--64.5400-8.4400", "tipo": "demo", "sector": "demo", "estado": "desconocido", "score": 0.0638, "demo": true, "porosidad_pct": 24.0, "espesor_arena_neta_ft": 163.0, "fuente": "Modelo DEMO sobre datos sinteticos. Distribuciones de la tabla 1 del USGS FS 2009-3028; etiqueta y reparto espacial inventados. NO es un dato observado.", "confianza": "baja", "ultima_verificacion": "2026-09-09"}}, {"type": "Feature", "geometry": {"type": "Polygon", "coordinates": [[[-64.46, 8.44], [-64.38, 8.44], [-64.38, 8.52], [-64.46, 8.52], [-64.46, 8.44]]]}, "properties": {"id": "DEMO--64.4600-8.4400", "tipo": "demo", "sector": "demo", "estado": "desconocido", "score": 0.0516, "demo": true, "porosidad_pct": 25.1, "espesor_arena_neta_ft": 154.0, "fuente": "Modelo DEMO sobre datos sinteticos. Distribuciones de la tabla 1 del USGS FS 2009-3028; etiqueta y reparto espacial inventados. NO es un dato observado.", "confianza": "baja", "ultima_verificacion": "2026-09-09"}}, {"type": "Feature", "geometry": {"type": "Polygon", "coordinates": [[[-64.38, 8.44], [-64.3, 8.44], [-64.3, 8.52], [-64.38, 8.52], [-64.38, 8.44]]]}, "properties": {"id": "DEMO--64.3800-8.4400", "tipo": "demo", "sector": "demo", "estado": "desconocido", "score": 0.8471, "demo": true, "porosidad_pct": 30.9, "espesor_arena_neta_ft": 188.5, "fuente": "Modelo DEMO sobre datos sinteticos. Distribuciones de la tabla 1 del USGS FS 2009-3028; etiqueta y reparto espacial inventados. NO es un dato observado.", "confianza": "baja", "ultima_verificacion": "2026-09-09"}}, {"type": "Feature", "geometry": {"type": "Polygon", "coordinates": [[[-64.3, 8.44], [-64.22, 8.44], [-64.22, 8.52], [-64.3, 8.52], [-64.3, 8.44]]]}, "properties": {"id": "DEMO--64.3000-8.4400", "tipo": "demo", "sector": "demo", "estado": "desconocido", "score": 0.1044, "demo": true, "porosidad_pct": 25.2, "espesor_arena_neta_ft": 161.6, "fuente": "Modelo DEMO sobre datos sinteticos. Distribuciones de la tabla 1 del USGS FS 2009-3028; etiqueta y reparto espacial inventados. NO es un dato observado.", "confianza": "baja", "ultima_verificacion": "2026-09-09"}}, {"type": "Feature", "geometry": {"type": "Polygon", "coordinates": [[[-64.22, 8.44], [-64.14, 8.44], [-64.14, 8.52], [-64.22, 8.52], [-64.22, 8.44]]]}, "properties": {"id": "DEMO--64.2200-8.4400", "tipo": "demo", "sector": "demo", "estado": "desconocido", "score": 0.0926, "demo": true, "porosidad_pct": 23.7, "espesor_arena_neta_ft": 183.6, "fuente": "Modelo DEMO sobre datos sinteticos. Distribuciones de la tabla 1 del USGS FS 2009-3028; etiqueta y reparto espacial inventados. NO es un dato observado.", "confianza": "baja", "ultima_verificacion": "2026-09-09"}}, {"type": "Feature", "geometry": {"type": "Polygon", "coordinates": [[[-64.14, 8.44], [-64.06, 8.44], [-64.06, 8.52], [-64.14, 8.52], [-64.14, 8.44]]]}, "properties": {"id": "DEMO--64.1400-8.4400", "tipo": "demo", "sector": "demo", "estado": "desconocido", "score": 0.1623, "demo": true, "porosidad_pct": 26.6, "espesor_arena_neta_ft": 180.6, "fuente": "Modelo DEMO sobre datos sinteticos. Distribuciones de la tabla 1 del USGS FS 2009-3028; etiqueta y reparto espacial inventados. NO es un dato observado.", "confianza": "baja", "ultima_verificacion": "2026-09-09"}}, {"type": "Feature", "geometry": {"type": "Polygon", "coordinates": [[[-64.06, 8.44], [-63.980000000000004, 8.44], [-63.980000000000004, 8.52], [-64.06, 8.52], [-64.06, 8.44]]]}, "properties": {"id": "DEMO--64.0600-8.4400", "tipo": "demo", "sector": "demo", "estado": "desconocido", "score": 0.0552, "demo": true, "porosidad_pct": 24.7, "espesor_arena_neta_ft": 132.7, "fuente": "Modelo DEMO sobre datos sinteticos. Distribuciones de la tabla 1 del USGS FS 2009-3028; etiqueta y reparto espacial inventados. NO es un dato observado.", "confianza": "baja", "ultima_verificacion": "2026-09-09"}}, {"type": "Feature", "geometry": {"type": "Polygon", "coordinates": [[[-63.98, 8.44], [-63.9, 8.44], [-63.9, 8.52], [-63.98, 8.52], [-63.98, 8.44]]]}, "properties": {"id": "DEMO--63.9800-8.4400", "tipo": "demo", "sector": "demo", "estado": "desconocido", "score": 0.5565, "demo": true, "porosidad_pct": 26.9, "espesor_arena_neta_ft": 203.9, "fuente": "Modelo DEMO sobre datos sinteticos. Distribuciones de la tabla 1 del USGS FS 2009-3028; etiqueta y reparto espacial inventados. NO es un dato observado.", "confianza": "baja", "ultima_verificacion": "2026-09-09"}}, {"type": "Feature", "geometry": {"type": "Polygon", "coordinates": [[[-63.9, 8.44], [-63.82, 8.44], [-63.82, 8.52], [-63.9, 8.52], [-63.9, 8.44]]]}, "properties": {"id": "DEMO--63.9000-8.4400", "tipo": "demo", "sector": "demo", "estado": "desconocido", "score": 0.0454, "demo": true, "porosidad_pct": 27.1, "espesor_arena_neta_ft": 109.7, "fuente": "Modelo DEMO sobre datos sinteticos. Distribuciones de la tabla 1 del USGS FS 2009-3028; etiqueta y reparto espacial inventados. NO es un dato observado.", "confianza": "baja", "ultima_verificacion": "2026-09-09"}}, {"type": "Feature", "geometry": {"type": "Polygon", "coordinates": [[[-63.82, 8.44], [-63.74, 8.44], [-63.74, 8.52], [-63.82, 8.52], [-63.82, 8.44]]]}, "properties": {"id": "DEMO--63.8200-8.4400", "tipo": "demo", "sector": "demo", "estado": "desconocido", "score": 0.3656, "demo": true, "porosidad_pct": 28.6, "espesor_arena_neta_ft": 116.8, "fuente": "Modelo DEMO sobre datos sinteticos. Distribuciones de la tabla 1 del USGS FS 2009-3028; etiqueta y reparto espacial inventados. NO es un dato observado.", "confianza": "baja", "ultima_verificacion": "2026-09-09"}}, {"type": "Feature", "geometry": {"type": "Polygon", "coordinates": [[[-63.74, 8.44], [-63.660000000000004, 8.44], [-63.660000000000004, 8.52], [-63.74, 8.52], [-63.74, 8.44]]]}, "properties": {"id": "DEMO--63.7400-8.4400", "tipo": "demo", "sector": "demo", "estado": "desconocido", "score": 0.618, "demo": true, "porosidad_pct": 27.8, "espesor_arena_neta_ft": 168.8, "fuente": "Modelo DEMO sobre datos sinteticos. Distribuciones de la tabla 1 del USGS FS 2009-3028; etiqueta y reparto espacial inventados. NO es un dato observado.", "confianza": "baja", "ultima_verificacion": "2026-09-09"}}, {"type": "Feature", "geometry": {"type": "Polygon", "coordinates": [[[-63.66, 8.44], [-63.58, 8.44], [-63.58, 8.52], [-63.66, 8.52], [-63.66, 8.44]]]}, "properties": {"id": "DEMO--63.6600-8.4400", "tipo": "demo", "sector": "demo", "estado": "desconocido", "score": 0.4693, "demo": true, "porosidad_pct": 29.4, "espesor_arena_neta_ft": 106.7, "fuente": "Modelo DEMO sobre datos sinteticos. Distribuciones de la tabla 1 del USGS FS 2009-3028; etiqueta y reparto espacial inventados. NO es un dato observado.", "confianza": "baja", "ultima_verificacion": "2026-09-09"}}, {"type": "Feature", "geometry": {"type": "Polygon", "coordinates": [[[-63.58, 8.44], [-63.5, 8.44], [-63.5, 8.52], [-63.58, 8.52], [-63.58, 8.44]]]}, "properties": {"id": "DEMO--63.5800-8.4400", "tipo": "demo", "sector": "demo", "estado": "desconocido", "score": 0.0903, "demo": true, "porosidad_pct": 29.6, "espesor_arena_neta_ft": 85.7, "fuente": "Modelo DEMO sobre datos sinteticos. Distribuciones de la tabla 1 del USGS FS 2009-3028; etiqueta y reparto espacial inventados. NO es un dato observado.", "confianza": "baja", "ultima_verificacion": "2026-09-09"}}, {"type": "Feature", "geometry": {"type": "Polygon", "coordinates": [[[-63.5, 8.44], [-63.42, 8.44], [-63.42, 8.52], [-63.5, 8.52], [-63.5, 8.44]]]}, "properties": {"id": "DEMO--63.5000-8.4400", "tipo": "demo", "sector": "demo", "estado": "desconocido", "score": 0.4992, "demo": true, "porosidad_pct": 32.9, "espesor_arena_neta_ft": 110.7, "fuente": "Modelo DEMO sobre datos sinteticos. Distribuciones de la tabla 1 del USGS FS 2009-3028; etiqueta y reparto espacial inventados. NO es un dato observado.", "confianza": "baja", "ultima_verificacion": "2026-09-09"}}, {"type": "Feature", "geometry": {"type": "Polygon", "coordinates": [[[-63.42, 8.44], [-63.34, 8.44], [-63.34, 8.52], [-63.42, 8.52], [-63.42, 8.44]]]}, "properties": {"id": "DEMO--63.4200-8.4400", "tipo": "demo", "sector": "demo", "estado": "desconocido", "score": 0.2558, "demo": true, "porosidad_pct": 29.7, "espesor_arena_neta_ft": 119.4, "fuente": "Modelo DEMO sobre datos sinteticos. Distribuciones de la tabla 1 del USGS FS 2009-3028; etiqueta y reparto espacial inventados. NO es un dato observado.", "confianza": "baja", "ultima_verificacion": "2026-09-09"}}, {"type": "Feature", "geometry": {"type": "Polygon", "coordinates": [[[-63.34, 8.44], [-63.260000000000005, 8.44], [-63.260000000000005, 8.52], [-63.34, 8.52], [-63.34, 8.44]]]}, "properties": {"id": "DEMO--63.3400-8.4400", "tipo": "demo", "sector": "demo", "estado": "desconocido", "score": 0.0241, "demo": true, "porosidad_pct": 26.5, "espesor_arena_neta_ft": 73.3, "fuente": "Modelo DEMO sobre datos sinteticos. Distribuciones de la tabla 1 del USGS FS 2009-3028; etiqueta y reparto espacial inventados. NO es un dato observado.", "confianza": "baja", "ultima_verificacion": "2026-09-09"}}, {"type": "Feature", "geometry": {"type": "Polygon", "coordinates": [[[-63.26, 8.44], [-63.18, 8.44], [-63.18, 8.52], [-63.26, 8.52], [-63.26, 8.44]]]}, "properties": {"id": "DEMO--63.2600-8.4400", "tipo": "demo", "sector": "demo", "estado": "desconocido", "score": 0.9268, "demo": true, "porosidad_pct": 33.9, "espesor_arena_neta_ft": 107.2, "fuente": "Modelo DEMO sobre datos sinteticos. Distribuciones de la tabla 1 del USGS FS 2009-3028; etiqueta y reparto espacial inventados. NO es un dato observado.", "confianza": "baja", "ultima_verificacion": "2026-09-09"}}, {"type": "Feature", "geometry": {"type": "Polygon", "coordinates": [[[-63.18, 8.44], [-63.1, 8.44], [-63.1, 8.52], [-63.18, 8.52], [-63.18, 8.44]]]}, "properties": {"id": "DEMO--63.1800-8.4400", "tipo": "demo", "sector": "demo", "estado": "desconocido", "score": 0.7887, "demo": true, "porosidad_pct": 29.2, "espesor_arena_neta_ft": 142.6, "fuente": "Modelo DEMO sobre datos sinteticos. Distribuciones de la tabla 1 del USGS FS 2009-3028; etiqueta y reparto espacial inventados. NO es un dato observado.", "confianza": "baja", "ultima_verificacion": "2026-09-09"}}, {"type": "Feature", "geometry": {"type": "Polygon", "coordinates": [[[-63.1, 8.44], [-63.02, 8.44], [-63.02, 8.52], [-63.1, 8.52], [-63.1, 8.44]]]}, "properties": {"id": "DEMO--63.1000-8.4400", "tipo": "demo", "sector": "demo", "estado": "desconocido", "score": 0.5151, "demo": true, "porosidad_pct": 32.5, "espesor_arena_neta_ft": 134.5, "fuente": "Modelo DEMO sobre datos sinteticos. Distribuciones de la tabla 1 del USGS FS 2009-3028; etiqueta y reparto espacial inventados. NO es un dato observado.", "confianza": "baja", "ultima_verificacion": "2026-09-09"}}, {"type": "Feature", "geometry": {"type": "Polygon", "coordinates": [[[-63.02, 8.44], [-62.940000000000005, 8.44], [-62.940000000000005, 8.52], [-63.02, 8.52], [-63.02, 8.44]]]}, "properties": {"id": "DEMO--63.0200-8.4400", "tipo": "demo", "sector": "demo", "estado": "desconocido", "score": 0.5995, "demo": true, "porosidad_pct": 32.9, "espesor_arena_neta_ft": 150.7, "fuente": "Modelo DEMO sobre datos sinteticos. Distribuciones de la tabla 1 del USGS FS 2009-3028; etiqueta y reparto espacial inventados. NO es un dato observado.", "confianza": "baja", "ultima_verificacion": "2026-09-09"}}, {"type": "Feature", "geometry": {"type": "Polygon", "coordinates": [[[-62.94, 8.44], [-62.86, 8.44], [-62.86, 8.52], [-62.94, 8.52], [-62.94, 8.44]]]}, "properties": {"id": "DEMO--62.9400-8.4400", "tipo": "demo", "sector": "demo", "estado": "desconocido", "score": 0.9103, "demo": true, "porosidad_pct": 31.4, "espesor_arena_neta_ft": 141.7, "fuente": "Modelo DEMO sobre datos sinteticos. Distribuciones de la tabla 1 del USGS FS 2009-3028; etiqueta y reparto espacial inventados. NO es un dato observado.", "confianza": "baja", "ultima_verificacion": "2026-09-09"}}, {"type": "Feature", "geometry": {"type": "Polygon", "coordinates": [[[-62.86, 8.44], [-62.78, 8.44], [-62.78, 8.52], [-62.86, 8.52], [-62.86, 8.44]]]}, "properties": {"id": "DEMO--62.8600-8.4400", "tipo": "demo", "sector": "demo", "estado": "desconocido", "score": 0.6508, "demo": true, "porosidad_pct": 32.4, "espesor_arena_neta_ft": 110.2, "fuente": "Modelo DEMO sobre datos sinteticos. Distribuciones de la tabla 1 del USGS FS 2009-3028; etiqueta y reparto espacial inventados. NO es un dato observado.", "confianza": "baja", "ultima_verificacion": "2026-09-09"}}, {"type": "Feature", "geometry": {"type": "Polygon", "coordinates": [[[-62.78, 8.44], [-62.7, 8.44], [-62.7, 8.52], [-62.78, 8.52], [-62.78, 8.44]]]}, "properties": {"id": "DEMO--62.7800-8.4400", "tipo": "demo", "sector": "demo", "estado": "desconocido", "score": 0.8806, "demo": true, "porosidad_pct": 32.2, "espesor_arena_neta_ft": 198.1, "fuente": "Modelo DEMO sobre datos sinteticos. Distribuciones de la tabla 1 del USGS FS 2009-3028; etiqueta y reparto espacial inventados. NO es un dato observado.", "confianza": "baja", "ultima_verificacion": "2026-09-09"}}, {"type": "Feature", "geometry": {"type": "Polygon", "coordinates": [[[-62.7, 8.44], [-62.620000000000005, 8.44], [-62.620000000000005, 8.52], [-62.7, 8.52], [-62.7, 8.44]]]}, "properties": {"id": "DEMO--62.7000-8.4400", "tipo": "demo", "sector": "demo", "estado": "desconocido", "score": 0.967, "demo": true, "porosidad_pct": 33.2, "espesor_arena_neta_ft": 160.9, "fuente": "Modelo DEMO sobre datos sinteticos. Distribuciones de la tabla 1 del USGS FS 2009-3028; etiqueta y reparto espacial inventados. NO es un dato observado.", "confianza": "baja", "ultima_verificacion": "2026-09-09"}}, {"type": "Feature", "geometry": {"type": "Polygon", "coordinates": [[[-62.62, 8.44], [-62.54, 8.44], [-62.54, 8.52], [-62.62, 8.52], [-62.62, 8.44]]]}, "properties": {"id": "DEMO--62.6200-8.4400", "tipo": "demo", "sector": "demo", "estado": "desconocido", "score": 0.2138, "demo": true, "porosidad_pct": 28.4, "espesor_arena_neta_ft": 119.6, "fuente": "Modelo DEMO sobre datos sinteticos. Distribuciones de la tabla 1 del USGS FS 2009-3028; etiqueta y reparto espacial inventados. NO es un dato observado.", "confianza": "baja", "ultima_verificacion": "2026-09-09"}}, {"type": "Feature", "geometry": {"type": "Polygon", "coordinates": [[[-62.54, 8.44], [-62.46, 8.44], [-62.46, 8.52], [-62.54, 8.52], [-62.54, 8.44]]]}, "properties": {"id": "DEMO--62.5400-8.4400", "tipo": "demo", "sector": "demo", "estado": "desconocido", "score": 0.545, "demo": true, "porosidad_pct": 31.0, "espesor_arena_neta_ft": 115.7, "fuente": "Modelo DEMO sobre datos sinteticos. Distribuciones de la tabla 1 del USGS FS 2009-3028; etiqueta y reparto espacial inventados. NO es un dato observado.", "confianza": "baja", "ultima_verificacion": "2026-09-09"}}, {"type": "Feature", "geometry": {"type": "Polygon", "coordinates": [[[-62.46, 8.44], [-62.38, 8.44], [-62.38, 8.52], [-62.46, 8.52], [-62.46, 8.44]]]}, "properties": {"id": "DEMO--62.4600-8.4400", "tipo": "demo", "sector": "demo", "estado": "desconocido", "score": 0.9194, "demo": true, "porosidad_pct": 34.2, "espesor_arena_neta_ft": 108.6, "fuente": "Modelo DEMO sobre datos sinteticos. Distribuciones de la tabla 1 del USGS FS 2009-3028; etiqueta y reparto espacial inventados. NO es un dato observado.", "confianza": "baja", "ultima_verificacion": "2026-09-09"}}, {"type": "Feature", "geometry": {"type": "Polygon", "coordinates": [[[-62.38, 8.44], [-62.300000000000004, 8.44], [-62.300000000000004, 8.52], [-62.38, 8.52], [-62.38, 8.44]]]}, "properties": {"id": "DEMO--62.3800-8.4400", "tipo": "demo", "sector": "demo", "estado": "desconocido", "score": 0.8606, "demo": true, "porosidad_pct": 31.7, "espesor_arena_neta_ft": 154.1, "fuente": "Modelo DEMO sobre datos sinteticos. Distribuciones de la tabla 1 del USGS FS 2009-3028; etiqueta y reparto espacial inventados. NO es un dato observado.", "confianza": "baja", "ultima_verificacion": "2026-09-09"}}, {"type": "Feature", "geometry": {"type": "Polygon", "coordinates": [[[-62.3, 8.44], [-62.22, 8.44], [-62.22, 8.52], [-62.3, 8.52], [-62.3, 8.44]]]}, "properties": {"id": "DEMO--62.3000-8.4400", "tipo": "demo", "sector": "demo", "estado": "desconocido", "score": 0.4262, "demo": true, "porosidad_pct": 34.3, "espesor_arena_neta_ft": 140.6, "fuente": "Modelo DEMO sobre datos sinteticos. Distribuciones de la tabla 1 del USGS FS 2009-3028; etiqueta y reparto espacial inventados. NO es un dato observado.", "confianza": "baja", "ultima_verificacion": "2026-09-09"}}, {"type": "Feature", "geometry": {"type": "Polygon", "coordinates": [[[-62.22, 8.44], [-62.14, 8.44], [-62.14, 8.52], [-62.22, 8.52], [-62.22, 8.44]]]}, "properties": {"id": "DEMO--62.2200-8.4400", "tipo": "demo", "sector": "demo", "estado": "desconocido", "score": 0.3677, "demo": true, "porosidad_pct": 29.2, "espesor_arena_neta_ft": 59.3, "fuente": "Modelo DEMO sobre datos sinteticos. Distribuciones de la tabla 1 del USGS FS 2009-3028; etiqueta y reparto espacial inventados. NO es un dato observado.", "confianza": "baja", "ultima_verificacion": "2026-09-09"}}, {"type": "Feature", "geometry": {"type": "Polygon", "coordinates": [[[-62.14, 8.44], [-62.06, 8.44], [-62.06, 8.52], [-62.14, 8.52], [-62.14, 8.44]]]}, "properties": {"id": "DEMO--62.1400-8.4400", "tipo": "demo", "sector": "demo", "estado": "desconocido", "score": 0.1296, "demo": true, "porosidad_pct": 27.1, "espesor_arena_neta_ft": 84.5, "fuente": "Modelo DEMO sobre datos sinteticos. Distribuciones de la tabla 1 del USGS FS 2009-3028; etiqueta y reparto espacial inventados. NO es un dato observado.", "confianza": "baja", "ultima_verificacion": "2026-09-09"}}, {"type": "Feature", "geometry": {"type": "Polygon", "coordinates": [[[-67.34, 8.52], [-67.26, 8.52], [-67.26, 8.6], [-67.34, 8.6], [-67.34, 8.52]]]}, "properties": {"id": "DEMO--67.3400-8.5200", "tipo": "demo", "sector": "demo", "estado": "desconocido", "score": 0.7562, "demo": true, "porosidad_pct": 27.7, "espesor_arena_neta_ft": 213.8, "fuente": "Modelo DEMO sobre datos sinteticos. Distribuciones de la tabla 1 del USGS FS 2009-3028; etiqueta y reparto espacial inventados. NO es un dato observado.", "confianza": "baja", "ultima_verificacion": "2026-09-09"}}, {"type": "Feature", "geometry": {"type": "Polygon", "coordinates": [[[-67.26, 8.52], [-67.18, 8.52], [-67.18, 8.6], [-67.26, 8.6], [-67.26, 8.52]]]}, "properties": {"id": "DEMO--67.2600-8.5200", "tipo": "demo", "sector": "demo", "estado": "desconocido", "score": 0.7288, "demo": true, "porosidad_pct": 31.5, "espesor_arena_neta_ft": 90.1, "fuente": "Modelo DEMO sobre datos sinteticos. Distribuciones de la tabla 1 del USGS FS 2009-3028; etiqueta y reparto espacial inventados. NO es un dato observado.", "confianza": "baja", "ultima_verificacion": "2026-09-09"}}, {"type": "Feature", "geometry": {"type": "Polygon", "coordinates": [[[-67.18, 8.52], [-67.10000000000001, 8.52], [-67.10000000000001, 8.6], [-67.18, 8.6], [-67.18, 8.52]]]}, "properties": {"id": "DEMO--67.1800-8.5200", "tipo": "demo", "sector": "demo", "estado": "desconocido", "score": 0.8841, "demo": true, "porosidad_pct": 29.3, "espesor_arena_neta_ft": 229.4, "fuente": "Modelo DEMO sobre datos sinteticos. Distribuciones de la tabla 1 del USGS FS 2009-3028; etiqueta y reparto espacial inventados. NO es un dato observado.", "confianza": "baja", "ultima_verificacion": "2026-09-09"}}, {"type": "Feature", "geometry": {"type": "Polygon", "coordinates": [[[-67.1, 8.52], [-67.02, 8.52], [-67.02, 8.6], [-67.1, 8.6], [-67.1, 8.52]]]}, "properties": {"id": "DEMO--67.1000-8.5200", "tipo": "demo", "sector": "demo", "estado": "desconocido", "score": 0.5814, "demo": true, "porosidad_pct": 28.5, "espesor_arena_neta_ft": 134.5, "fuente": "Modelo DEMO sobre datos sinteticos. Distribuciones de la tabla 1 del USGS FS 2009-3028; etiqueta y reparto espacial inventados. NO es un dato observado.", "confianza": "baja", "ultima_verificacion": "2026-09-09"}}, {"type": "Feature", "geometry": {"type": "Polygon", "coordinates": [[[-67.02, 8.52], [-66.94, 8.52], [-66.94, 8.6], [-67.02, 8.6], [-67.02, 8.52]]]}, "properties": {"id": "DEMO--67.0200-8.5200", "tipo": "demo", "sector": "demo", "estado": "desconocido", "score": 0.8489, "demo": true, "porosidad_pct": 31.0, "espesor_arena_neta_ft": 114.3, "fuente": "Modelo DEMO sobre datos sinteticos. Distribuciones de la tabla 1 del USGS FS 2009-3028; etiqueta y reparto espacial inventados. NO es un dato observado.", "confianza": "baja", "ultima_verificacion": "2026-09-09"}}, {"type": "Feature", "geometry": {"type": "Polygon", "coordinates": [[[-66.94, 8.52], [-66.86, 8.52], [-66.86, 8.6], [-66.94, 8.6], [-66.94, 8.52]]]}, "properties": {"id": "DEMO--66.9400-8.5200", "tipo": "demo", "sector": "demo", "estado": "desconocido", "score": 0.3988, "demo": true, "porosidad_pct": 27.4, "espesor_arena_neta_ft": 117.5, "fuente": "Modelo DEMO sobre datos sinteticos. Distribuciones de la tabla 1 del USGS FS 2009-3028; etiqueta y reparto espacial inventados. NO es un dato observado.", "confianza": "baja", "ultima_verificacion": "2026-09-09"}}, {"type": "Feature", "geometry": {"type": "Polygon", "coordinates": [[[-66.86, 8.52], [-66.78, 8.52], [-66.78, 8.6], [-66.86, 8.6], [-66.86, 8.52]]]}, "properties": {"id": "DEMO--66.8600-8.5200", "tipo": "demo", "sector": "demo", "estado": "desconocido", "score": 0.8679, "demo": true, "porosidad_pct": 31.4, "espesor_arena_neta_ft": 134.5, "fuente": "Modelo DEMO sobre datos sinteticos. Distribuciones de la tabla 1 del USGS FS 2009-3028; etiqueta y reparto espacial inventados. NO es un dato observado.", "confianza": "baja", "ultima_verificacion": "2026-09-09"}}, {"type": "Feature", "geometry": {"type": "Polygon", "coordinates": [[[-66.78, 8.52], [-66.7, 8.52], [-66.7, 8.6], [-66.78, 8.6], [-66.78, 8.52]]]}, "properties": {"id": "DEMO--66.7800-8.5200", "tipo": "demo", "sector": "demo", "estado": "desconocido", "score": 0.4596, "demo": true, "porosidad_pct": 29.7, "espesor_arena_neta_ft": 110.8, "fuente": "Modelo DEMO sobre datos sinteticos. Distribuciones de la tabla 1 del USGS FS 2009-3028; etiqueta y reparto espacial inventados. NO es un dato observado.", "confianza": "baja", "ultima_verificacion": "2026-09-09"}}, {"type": "Feature", "geometry": {"type": "Polygon", "coordinates": [[[-66.7, 8.52], [-66.62, 8.52], [-66.62, 8.6], [-66.7, 8.6], [-66.7, 8.52]]]}, "properties": {"id": "DEMO--66.7000-8.5200", "tipo": "demo", "sector": "demo", "estado": "desconocido", "score": 0.1781, "demo": true, "porosidad_pct": 27.9, "espesor_arena_neta_ft": 114.0, "fuente": "Modelo DEMO sobre datos sinteticos. Distribuciones de la tabla 1 del USGS FS 2009-3028; etiqueta y reparto espacial inventados. NO es un dato observado.", "confianza": "baja", "ultima_verificacion": "2026-09-09"}}, {"type": "Feature", "geometry": {"type": "Polygon", "coordinates": [[[-66.62, 8.52], [-66.54, 8.52], [-66.54, 8.6], [-66.62, 8.6], [-66.62, 8.52]]]}, "properties": {"id": "DEMO--66.6200-8.5200", "tipo": "demo", "sector": "demo", "estado": "desconocido", "score": 0.5618, "demo": true, "porosidad_pct": 30.1, "espesor_arena_neta_ft": 75.1, "fuente": "Modelo DEMO sobre datos sinteticos. Distribuciones de la tabla 1 del USGS FS 2009-3028; etiqueta y reparto espacial inventados. NO es un dato observado.", "confianza": "baja", "ultima_verificacion": "2026-09-09"}}, {"type": "Feature", "geometry": {"type": "Polygon", "coordinates": [[[-66.54, 8.52], [-66.46000000000001, 8.52], [-66.46000000000001, 8.6], [-66.54, 8.6], [-66.54, 8.52]]]}, "properties": {"id": "DEMO--66.5400-8.5200", "tipo": "demo", "sector": "demo", "estado": "desconocido", "score": 0.6675, "demo": true, "porosidad_pct": 31.4, "espesor_arena_neta_ft": 187.3, "fuente": "Modelo DEMO sobre datos sinteticos. Distribuciones de la tabla 1 del USGS FS 2009-3028; etiqueta y reparto espacial inventados. NO es un dato observado.", "confianza": "baja", "ultima_verificacion": "2026-09-09"}}, {"type": "Feature", "geometry": {"type": "Polygon", "coordinates": [[[-66.46, 8.52], [-66.38, 8.52], [-66.38, 8.6], [-66.46, 8.6], [-66.46, 8.52]]]}, "properties": {"id": "DEMO--66.4600-8.5200", "tipo": "demo", "sector": "demo", "estado": "desconocido", "score": 0.9503, "demo": true, "porosidad_pct": 34.4, "espesor_arena_neta_ft": 171.3, "fuente": "Modelo DEMO sobre datos sinteticos. Distribuciones de la tabla 1 del USGS FS 2009-3028; etiqueta y reparto espacial inventados. NO es un dato observado.", "confianza": "baja", "ultima_verificacion": "2026-09-09"}}, {"type": "Feature", "geometry": {"type": "Polygon", "coordinates": [[[-66.38, 8.52], [-66.3, 8.52], [-66.3, 8.6], [-66.38, 8.6], [-66.38, 8.52]]]}, "properties": {"id": "DEMO--66.3800-8.5200", "tipo": "demo", "sector": "demo", "estado": "desconocido", "score": 0.5714, "demo": true, "porosidad_pct": 30.5, "espesor_arena_neta_ft": 128.8, "fuente": "Modelo DEMO sobre datos sinteticos. Distribuciones de la tabla 1 del USGS FS 2009-3028; etiqueta y reparto espacial inventados. NO es un dato observado.", "confianza": "baja", "ultima_verificacion": "2026-09-09"}}, {"type": "Feature", "geometry": {"type": "Polygon", "coordinates": [[[-66.3, 8.52], [-66.22, 8.52], [-66.22, 8.6], [-66.3, 8.6], [-66.3, 8.52]]]}, "properties": {"id": "DEMO--66.3000-8.5200", "tipo": "demo", "sector": "demo", "estado": "desconocido", "score": 0.6832, "demo": true, "porosidad_pct": 28.2, "espesor_arena_neta_ft": 130.3, "fuente": "Modelo DEMO sobre datos sinteticos. Distribuciones de la tabla 1 del USGS FS 2009-3028; etiqueta y reparto espacial inventados. NO es un dato observado.", "confianza": "baja", "ultima_verificacion": "2026-09-09"}}, {"type": "Feature", "geometry": {"type": "Polygon", "coordinates": [[[-66.22, 8.52], [-66.14, 8.52], [-66.14, 8.6], [-66.22, 8.6], [-66.22, 8.52]]]}, "properties": {"id": "DEMO--66.2200-8.5200", "tipo": "demo", "sector": "demo", "estado": "desconocido", "score": 0.5519, "demo": true, "porosidad_pct": 29.0, "espesor_arena_neta_ft": 107.7, "fuente": "Modelo DEMO sobre datos sinteticos. Distribuciones de la tabla 1 del USGS FS 2009-3028; etiqueta y reparto espacial inventados. NO es un dato observado.", "confianza": "baja", "ultima_verificacion": "2026-09-09"}}, {"type": "Feature", "geometry": {"type": "Polygon", "coordinates": [[[-66.14, 8.52], [-66.06, 8.52], [-66.06, 8.6], [-66.14, 8.6], [-66.14, 8.52]]]}, "properties": {"id": "DEMO--66.1400-8.5200", "tipo": "demo", "sector": "demo", "estado": "desconocido", "score": 0.6007, "demo": true, "porosidad_pct": 31.0, "espesor_arena_neta_ft": 127.0, "fuente": "Modelo DEMO sobre datos sinteticos. Distribuciones de la tabla 1 del USGS FS 2009-3028; etiqueta y reparto espacial inventados. NO es un dato observado.", "confianza": "baja", "ultima_verificacion": "2026-09-09"}}, {"type": "Feature", "geometry": {"type": "Polygon", "coordinates": [[[-66.06, 8.52], [-65.98, 8.52], [-65.98, 8.6], [-66.06, 8.6], [-66.06, 8.52]]]}, "properties": {"id": "DEMO--66.0600-8.5200", "tipo": "demo", "sector": "demo", "estado": "desconocido", "score": 0.6599, "demo": true, "porosidad_pct": 30.8, "espesor_arena_neta_ft": 124.8, "fuente": "Modelo DEMO sobre datos sinteticos. Distribuciones de la tabla 1 del USGS FS 2009-3028; etiqueta y reparto espacial inventados. NO es un dato observado.", "confianza": "baja", "ultima_verificacion": "2026-09-09"}}, {"type": "Feature", "geometry": {"type": "Polygon", "coordinates": [[[-65.98, 8.52], [-65.9, 8.52], [-65.9, 8.6], [-65.98, 8.6], [-65.98, 8.52]]]}, "properties": {"id": "DEMO--65.9800-8.5200", "tipo": "demo", "sector": "demo", "estado": "desconocido", "score": 0.7726, "demo": true, "porosidad_pct": 30.3, "espesor_arena_neta_ft": 111.3, "fuente": "Modelo DEMO sobre datos sinteticos. Distribuciones de la tabla 1 del USGS FS 2009-3028; etiqueta y reparto espacial inventados. NO es un dato observado.", "confianza": "baja", "ultima_verificacion": "2026-09-09"}}, {"type": "Feature", "geometry": {"type": "Polygon", "coordinates": [[[-65.9, 8.52], [-65.82000000000001, 8.52], [-65.82000000000001, 8.6], [-65.9, 8.6], [-65.9, 8.52]]]}, "properties": {"id": "DEMO--65.9000-8.5200", "tipo": "demo", "sector": "demo", "estado": "desconocido", "score": 0.0384, "demo": true, "porosidad_pct": 27.5, "espesor_arena_neta_ft": 106.6, "fuente": "Modelo DEMO sobre datos sinteticos. Distribuciones de la tabla 1 del USGS FS 2009-3028; etiqueta y reparto espacial inventados. NO es un dato observado.", "confianza": "baja", "ultima_verificacion": "2026-09-09"}}, {"type": "Feature", "geometry": {"type": "Polygon", "coordinates": [[[-65.82, 8.52], [-65.74, 8.52], [-65.74, 8.6], [-65.82, 8.6], [-65.82, 8.52]]]}, "properties": {"id": "DEMO--65.8200-8.5200", "tipo": "demo", "sector": "demo", "estado": "desconocido", "score": 0.7327, "demo": true, "porosidad_pct": 29.4, "espesor_arena_neta_ft": 129.1, "fuente": "Modelo DEMO sobre datos sinteticos. Distribuciones de la tabla 1 del USGS FS 2009-3028; etiqueta y reparto espacial inventados. NO es un dato observado.", "confianza": "baja", "ultima_verificacion": "2026-09-09"}}, {"type": "Feature", "geometry": {"type": "Polygon", "coordinates": [[[-65.74, 8.52], [-65.66, 8.52], [-65.66, 8.6], [-65.74, 8.6], [-65.74, 8.52]]]}, "properties": {"id": "DEMO--65.7400-8.5200", "tipo": "demo", "sector": "demo", "estado": "desconocido", "score": 0.3752, "demo": true, "porosidad_pct": 28.8, "espesor_arena_neta_ft": 142.6, "fuente": "Modelo DEMO sobre datos sinteticos. Distribuciones de la tabla 1 del USGS FS 2009-3028; etiqueta y reparto espacial inventados. NO es un dato observado.", "confianza": "baja", "ultima_verificacion": "2026-09-09"}}, {"type": "Feature", "geometry": {"type": "Polygon", "coordinates": [[[-65.66, 8.52], [-65.58, 8.52], [-65.58, 8.6], [-65.66, 8.6], [-65.66, 8.52]]]}, "properties": {"id": "DEMO--65.6600-8.5200", "tipo": "demo", "sector": "demo", "estado": "desconocido", "score": 0.7581, "demo": true, "porosidad_pct": 29.0, "espesor_arena_neta_ft": 212.8, "fuente": "Modelo DEMO sobre datos sinteticos. Distribuciones de la tabla 1 del USGS FS 2009-3028; etiqueta y reparto espacial inventados. NO es un dato observado.", "confianza": "baja", "ultima_verificacion": "2026-09-09"}}, {"type": "Feature", "geometry": {"type": "Polygon", "coordinates": [[[-65.58, 8.52], [-65.5, 8.52], [-65.5, 8.6], [-65.58, 8.6], [-65.58, 8.52]]]}, "properties": {"id": "DEMO--65.5800-8.5200", "tipo": "demo", "sector": "demo", "estado": "desconocido", "score": 0.9653, "demo": true, "porosidad_pct": 32.0, "espesor_arena_neta_ft": 172.9, "fuente": "Modelo DEMO sobre datos sinteticos. Distribuciones de la tabla 1 del USGS FS 2009-3028; etiqueta y reparto espacial inventados. NO es un dato observado.", "confianza": "baja", "ultima_verificacion": "2026-09-09"}}, {"type": "Feature", "geometry": {"type": "Polygon", "coordinates": [[[-65.5, 8.52], [-65.42, 8.52], [-65.42, 8.6], [-65.5, 8.6], [-65.5, 8.52]]]}, "properties": {"id": "DEMO--65.5000-8.5200", "tipo": "demo", "sector": "demo", "estado": "desconocido", "score": 0.913, "demo": true, "porosidad_pct": 32.7, "espesor_arena_neta_ft": 154.8, "fuente": "Modelo DEMO sobre datos sinteticos. Distribuciones de la tabla 1 del USGS FS 2009-3028; etiqueta y reparto espacial inventados. NO es un dato observado.", "confianza": "baja", "ultima_verificacion": "2026-09-09"}}, {"type": "Feature", "geometry": {"type": "Polygon", "coordinates": [[[-65.42, 8.52], [-65.34, 8.52], [-65.34, 8.6], [-65.42, 8.6], [-65.42, 8.52]]]}, "properties": {"id": "DEMO--65.4200-8.5200", "tipo": "demo", "sector": "demo", "estado": "desconocido", "score": 0.6506, "demo": true, "porosidad_pct": 28.0, "espesor_arena_neta_ft": 167.8, "fuente": "Modelo DEMO sobre datos sinteticos. Distribuciones de la tabla 1 del USGS FS 2009-3028; etiqueta y reparto espacial inventados. NO es un dato observado.", "confianza": "baja", "ultima_verificacion": "2026-09-09"}}, {"type": "Feature", "geometry": {"type": "Polygon", "coordinates": [[[-65.34, 8.52], [-65.26, 8.52], [-65.26, 8.6], [-65.34, 8.6], [-65.34, 8.52]]]}, "properties": {"id": "DEMO--65.3400-8.5200", "tipo": "demo", "sector": "demo", "estado": "desconocido", "score": 0.9555, "demo": true, "porosidad_pct": 31.4, "espesor_arena_neta_ft": 193.2, "fuente": "Modelo DEMO sobre datos sinteticos. Distribuciones de la tabla 1 del USGS FS 2009-3028; etiqueta y reparto espacial inventados. NO es un dato observado.", "confianza": "baja", "ultima_verificacion": "2026-09-09"}}, {"type": "Feature", "geometry": {"type": "Polygon", "coordinates": [[[-65.26, 8.52], [-65.18, 8.52], [-65.18, 8.6], [-65.26, 8.6], [-65.26, 8.52]]]}, "properties": {"id": "DEMO--65.2600-8.5200", "tipo": "demo", "sector": "demo", "estado": "desconocido", "score": 0.6467, "demo": true, "porosidad_pct": 28.3, "espesor_arena_neta_ft": 244.0, "fuente": "Modelo DEMO sobre datos sinteticos. Distribuciones de la tabla 1 del USGS FS 2009-3028; etiqueta y reparto espacial inventados. NO es un dato observado.", "confianza": "baja", "ultima_verificacion": "2026-09-09"}}, {"type": "Feature", "geometry": {"type": "Polygon", "coordinates": [[[-65.18, 8.52], [-65.10000000000001, 8.52], [-65.10000000000001, 8.6], [-65.18, 8.6], [-65.18, 8.52]]]}, "properties": {"id": "DEMO--65.1800-8.5200", "tipo": "demo", "sector": "demo", "estado": "desconocido", "score": 0.5677, "demo": true, "porosidad_pct": 29.7, "espesor_arena_neta_ft": 164.7, "fuente": "Modelo DEMO sobre datos sinteticos. Distribuciones de la tabla 1 del USGS FS 2009-3028; etiqueta y reparto espacial inventados. NO es un dato observado.", "confianza": "baja", "ultima_verificacion": "2026-09-09"}}, {"type": "Feature", "geometry": {"type": "Polygon", "coordinates": [[[-65.1, 8.52], [-65.02, 8.52], [-65.02, 8.6], [-65.1, 8.6], [-65.1, 8.52]]]}, "properties": {"id": "DEMO--65.1000-8.5200", "tipo": "demo", "sector": "demo", "estado": "desconocido", "score": 0.3457, "demo": true, "porosidad_pct": 27.5, "espesor_arena_neta_ft": 150.2, "fuente": "Modelo DEMO sobre datos sinteticos. Distribuciones de la tabla 1 del USGS FS 2009-3028; etiqueta y reparto espacial inventados. NO es un dato observado.", "confianza": "baja", "ultima_verificacion": "2026-09-09"}}, {"type": "Feature", "geometry": {"type": "Polygon", "coordinates": [[[-65.02, 8.52], [-64.94, 8.52], [-64.94, 8.6], [-65.02, 8.6], [-65.02, 8.52]]]}, "properties": {"id": "DEMO--65.0200-8.5200", "tipo": "demo", "sector": "demo", "estado": "desconocido", "score": 0.658, "demo": true, "porosidad_pct": 29.5, "espesor_arena_neta_ft": 247.7, "fuente": "Modelo DEMO sobre datos sinteticos. Distribuciones de la tabla 1 del USGS FS 2009-3028; etiqueta y reparto espacial inventados. NO es un dato observado.", "confianza": "baja", "ultima_verificacion": "2026-09-09"}}, {"type": "Feature", "geometry": {"type": "Polygon", "coordinates": [[[-64.94, 8.52], [-64.86, 8.52], [-64.86, 8.6], [-64.94, 8.6], [-64.94, 8.52]]]}, "properties": {"id": "DEMO--64.9400-8.5200", "tipo": "demo", "sector": "demo", "estado": "desconocido", "score": 0.5039, "demo": true, "porosidad_pct": 28.9, "espesor_arena_neta_ft": 228.9, "fuente": "Modelo DEMO sobre datos sinteticos. Distribuciones de la tabla 1 del USGS FS 2009-3028; etiqueta y reparto espacial inventados. NO es un dato observado.", "confianza": "baja", "ultima_verificacion": "2026-09-09"}}, {"type": "Feature", "geometry": {"type": "Polygon", "coordinates": [[[-64.86, 8.52], [-64.78, 8.52], [-64.78, 8.6], [-64.86, 8.6], [-64.86, 8.52]]]}, "properties": {"id": "DEMO--64.8600-8.5200", "tipo": "demo", "sector": "demo", "estado": "desconocido", "score": 0.609, "demo": true, "porosidad_pct": 27.7, "espesor_arena_neta_ft": 188.0, "fuente": "Modelo DEMO sobre datos sinteticos. Distribuciones de la tabla 1 del USGS FS 2009-3028; etiqueta y reparto espacial inventados. NO es un dato observado.", "confianza": "baja", "ultima_verificacion": "2026-09-09"}}, {"type": "Feature", "geometry": {"type": "Polygon", "coordinates": [[[-64.78, 8.52], [-64.7, 8.52], [-64.7, 8.6], [-64.78, 8.6], [-64.78, 8.52]]]}, "properties": {"id": "DEMO--64.7800-8.5200", "tipo": "demo", "sector": "demo", "estado": "desconocido", "score": 0.1261, "demo": true, "porosidad_pct": 27.1, "espesor_arena_neta_ft": 177.0, "fuente": "Modelo DEMO sobre datos sinteticos. Distribuciones de la tabla 1 del USGS FS 2009-3028; etiqueta y reparto espacial inventados. NO es un dato observado.", "confianza": "baja", "ultima_verificacion": "2026-09-09"}}, {"type": "Feature", "geometry": {"type": "Polygon", "coordinates": [[[-64.7, 8.52], [-64.62, 8.52], [-64.62, 8.6], [-64.7, 8.6], [-64.7, 8.52]]]}, "properties": {"id": "DEMO--64.7000-8.5200", "tipo": "demo", "sector": "demo", "estado": "desconocido", "score": 0.828, "demo": true, "porosidad_pct": 30.2, "espesor_arena_neta_ft": 266.2, "fuente": "Modelo DEMO sobre datos sinteticos. Distribuciones de la tabla 1 del USGS FS 2009-3028; etiqueta y reparto espacial inventados. NO es un dato observado.", "confianza": "baja", "ultima_verificacion": "2026-09-09"}}, {"type": "Feature", "geometry": {"type": "Polygon", "coordinates": [[[-64.62, 8.52], [-64.54, 8.52], [-64.54, 8.6], [-64.62, 8.6], [-64.62, 8.52]]]}, "properties": {"id": "DEMO--64.6200-8.5200", "tipo": "demo", "sector": "demo", "estado": "desconocido", "score": 0.4219, "demo": true, "porosidad_pct": 28.5, "espesor_arena_neta_ft": 280.0, "fuente": "Modelo DEMO sobre datos sinteticos. Distribuciones de la tabla 1 del USGS FS 2009-3028; etiqueta y reparto espacial inventados. NO es un dato observado.", "confianza": "baja", "ultima_verificacion": "2026-09-09"}}, {"type": "Feature", "geometry": {"type": "Polygon", "coordinates": [[[-64.54, 8.52], [-64.46000000000001, 8.52], [-64.46000000000001, 8.6], [-64.54, 8.6], [-64.54, 8.52]]]}, "properties": {"id": "DEMO--64.5400-8.5200", "tipo": "demo", "sector": "demo", "estado": "desconocido", "score": 0.2967, "demo": true, "porosidad_pct": 27.1, "espesor_arena_neta_ft": 198.4, "fuente": "Modelo DEMO sobre datos sinteticos. Distribuciones de la tabla 1 del USGS FS 2009-3028; etiqueta y reparto espacial inventados. NO es un dato observado.", "confianza": "baja", "ultima_verificacion": "2026-09-09"}}, {"type": "Feature", "geometry": {"type": "Polygon", "coordinates": [[[-64.46, 8.52], [-64.38, 8.52], [-64.38, 8.6], [-64.46, 8.6], [-64.46, 8.52]]]}, "properties": {"id": "DEMO--64.4600-8.5200", "tipo": "demo", "sector": "demo", "estado": "desconocido", "score": 0.766, "demo": true, "porosidad_pct": 28.6, "espesor_arena_neta_ft": 250.8, "fuente": "Modelo DEMO sobre datos sinteticos. Distribuciones de la tabla 1 del USGS FS 2009-3028; etiqueta y reparto espacial inventados. NO es un dato observado.", "confianza": "baja", "ultima_verificacion": "2026-09-09"}}, {"type": "Feature", "geometry": {"type": "Polygon", "coordinates": [[[-64.38, 8.52], [-64.3, 8.52], [-64.3, 8.6], [-64.38, 8.6], [-64.38, 8.52]]]}, "properties": {"id": "DEMO--64.3800-8.5200", "tipo": "demo", "sector": "demo", "estado": "desconocido", "score": 0.1473, "demo": true, "porosidad_pct": 23.7, "espesor_arena_neta_ft": 217.4, "fuente": "Modelo DEMO sobre datos sinteticos. Distribuciones de la tabla 1 del USGS FS 2009-3028; etiqueta y reparto espacial inventados. NO es un dato observado.", "confianza": "baja", "ultima_verificacion": "2026-09-09"}}, {"type": "Feature", "geometry": {"type": "Polygon", "coordinates": [[[-64.3, 8.52], [-64.22, 8.52], [-64.22, 8.6], [-64.3, 8.6], [-64.3, 8.52]]]}, "properties": {"id": "DEMO--64.3000-8.5200", "tipo": "demo", "sector": "demo", "estado": "desconocido", "score": 0.2465, "demo": true, "porosidad_pct": 23.3, "espesor_arena_neta_ft": 275.6, "fuente": "Modelo DEMO sobre datos sinteticos. Distribuciones de la tabla 1 del USGS FS 2009-3028; etiqueta y reparto espacial inventados. NO es un dato observado.", "confianza": "baja", "ultima_verificacion": "2026-09-09"}}, {"type": "Feature", "geometry": {"type": "Polygon", "coordinates": [[[-64.22, 8.52], [-64.14, 8.52], [-64.14, 8.6], [-64.22, 8.6], [-64.22, 8.52]]]}, "properties": {"id": "DEMO--64.2200-8.5200", "tipo": "demo", "sector": "demo", "estado": "desconocido", "score": 0.0835, "demo": true, "porosidad_pct": 27.6, "espesor_arena_neta_ft": 178.2, "fuente": "Modelo DEMO sobre datos sinteticos. Distribuciones de la tabla 1 del USGS FS 2009-3028; etiqueta y reparto espacial inventados. NO es un dato observado.", "confianza": "baja", "ultima_verificacion": "2026-09-09"}}, {"type": "Feature", "geometry": {"type": "Polygon", "coordinates": [[[-64.14, 8.52], [-64.06, 8.52], [-64.06, 8.6], [-64.14, 8.6], [-64.14, 8.52]]]}, "properties": {"id": "DEMO--64.1400-8.5200", "tipo": "demo", "sector": "demo", "estado": "desconocido", "score": 0.0302, "demo": true, "porosidad_pct": 25.0, "espesor_arena_neta_ft": 162.3, "fuente": "Modelo DEMO sobre datos sinteticos. Distribuciones de la tabla 1 del USGS FS 2009-3028; etiqueta y reparto espacial inventados. NO es un dato observado.", "confianza": "baja", "ultima_verificacion": "2026-09-09"}}, {"type": "Feature", "geometry": {"type": "Polygon", "coordinates": [[[-64.06, 8.52], [-63.980000000000004, 8.52], [-63.980000000000004, 8.6], [-64.06, 8.6], [-64.06, 8.52]]]}, "properties": {"id": "DEMO--64.0600-8.5200", "tipo": "demo", "sector": "demo", "estado": "desconocido", "score": 0.2941, "demo": true, "porosidad_pct": 30.6, "espesor_arena_neta_ft": 122.5, "fuente": "Modelo DEMO sobre datos sinteticos. Distribuciones de la tabla 1 del USGS FS 2009-3028; etiqueta y reparto espacial inventados. NO es un dato observado.", "confianza": "baja", "ultima_verificacion": "2026-09-09"}}, {"type": "Feature", "geometry": {"type": "Polygon", "coordinates": [[[-63.98, 8.52], [-63.9, 8.52], [-63.9, 8.6], [-63.98, 8.6], [-63.98, 8.52]]]}, "properties": {"id": "DEMO--63.9800-8.5200", "tipo": "demo", "sector": "demo", "estado": "desconocido", "score": 0.8107, "demo": true, "porosidad_pct": 28.7, "espesor_arena_neta_ft": 228.5, "fuente": "Modelo DEMO sobre datos sinteticos. Distribuciones de la tabla 1 del USGS FS 2009-3028; etiqueta y reparto espacial inventados. NO es un dato observado.", "confianza": "baja", "ultima_verificacion": "2026-09-09"}}, {"type": "Feature", "geometry": {"type": "Polygon", "coordinates": [[[-63.9, 8.52], [-63.82, 8.52], [-63.82, 8.6], [-63.9, 8.6], [-63.9, 8.52]]]}, "properties": {"id": "DEMO--63.9000-8.5200", "tipo": "demo", "sector": "demo", "estado": "desconocido", "score": 0.1587, "demo": true, "porosidad_pct": 26.3, "espesor_arena_neta_ft": 148.0, "fuente": "Modelo DEMO sobre datos sinteticos. Distribuciones de la tabla 1 del USGS FS 2009-3028; etiqueta y reparto espacial inventados. NO es un dato observado.", "confianza": "baja", "ultima_verificacion": "2026-09-09"}}, {"type": "Feature", "geometry": {"type": "Polygon", "coordinates": [[[-63.82, 8.52], [-63.74, 8.52], [-63.74, 8.6], [-63.82, 8.6], [-63.82, 8.52]]]}, "properties": {"id": "DEMO--63.8200-8.5200", "tipo": "demo", "sector": "demo", "estado": "desconocido", "score": 0.4473, "demo": true, "porosidad_pct": 30.3, "espesor_arena_neta_ft": 192.7, "fuente": "Modelo DEMO sobre datos sinteticos. Distribuciones de la tabla 1 del USGS FS 2009-3028; etiqueta y reparto espacial inventados. NO es un dato observado.", "confianza": "baja", "ultima_verificacion": "2026-09-09"}}, {"type": "Feature", "geometry": {"type": "Polygon", "coordinates": [[[-63.74, 8.52], [-63.660000000000004, 8.52], [-63.660000000000004, 8.6], [-63.74, 8.6], [-63.74, 8.52]]]}, "properties": {"id": "DEMO--63.7400-8.5200", "tipo": "demo", "sector": "demo", "estado": "desconocido", "score": 0.5783, "demo": true, "porosidad_pct": 27.7, "espesor_arena_neta_ft": 138.7, "fuente": "Modelo DEMO sobre datos sinteticos. Distribuciones de la tabla 1 del USGS FS 2009-3028; etiqueta y reparto espacial inventados. NO es un dato observado.", "confianza": "baja", "ultima_verificacion": "2026-09-09"}}, {"type": "Feature", "geometry": {"type": "Polygon", "coordinates": [[[-63.66, 8.52], [-63.58, 8.52], [-63.58, 8.6], [-63.66, 8.6], [-63.66, 8.52]]]}, "properties": {"id": "DEMO--63.6600-8.5200", "tipo": "demo", "sector": "demo", "estado": "desconocido", "score": 0.1174, "demo": true, "porosidad_pct": 26.2, "espesor_arena_neta_ft": 66.4, "fuente": "Modelo DEMO sobre datos sinteticos. Distribuciones de la tabla 1 del USGS FS 2009-3028; etiqueta y reparto espacial inventados. NO es un dato observado.", "confianza": "baja", "ultima_verificacion": "2026-09-09"}}, {"type": "Feature", "geometry": {"type": "Polygon", "coordinates": [[[-63.58, 8.52], [-63.5, 8.52], [-63.5, 8.6], [-63.58, 8.6], [-63.58, 8.52]]]}, "properties": {"id": "DEMO--63.5800-8.5200", "tipo": "demo", "sector": "demo", "estado": "desconocido", "score": 0.0989, "demo": true, "porosidad_pct": 26.3, "espesor_arena_neta_ft": 191.3, "fuente": "Modelo DEMO sobre datos sinteticos. Distribuciones de la tabla 1 del USGS FS 2009-3028; etiqueta y reparto espacial inventados. NO es un dato observado.", "confianza": "baja", "ultima_verificacion": "2026-09-09"}}, {"type": "Feature", "geometry": {"type": "Polygon", "coordinates": [[[-63.5, 8.52], [-63.42, 8.52], [-63.42, 8.6], [-63.5, 8.6], [-63.5, 8.52]]]}, "properties": {"id": "DEMO--63.5000-8.5200", "tipo": "demo", "sector": "demo", "estado": "desconocido", "score": 0.7695, "demo": true, "porosidad_pct": 29.6, "espesor_arena_neta_ft": 157.8, "fuente": "Modelo DEMO sobre datos sinteticos. Distribuciones de la tabla 1 del USGS FS 2009-3028; etiqueta y reparto espacial inventados. NO es un dato observado.", "confianza": "baja", "ultima_verificacion": "2026-09-09"}}, {"type": "Feature", "geometry": {"type": "Polygon", "coordinates": [[[-63.42, 8.52], [-63.34, 8.52], [-63.34, 8.6], [-63.42, 8.6], [-63.42, 8.52]]]}, "properties": {"id": "DEMO--63.4200-8.5200", "tipo": "demo", "sector": "demo", "estado": "desconocido", "score": 0.9118, "demo": true, "porosidad_pct": 31.4, "espesor_arena_neta_ft": 191.9, "fuente": "Modelo DEMO sobre datos sinteticos. Distribuciones de la tabla 1 del USGS FS 2009-3028; etiqueta y reparto espacial inventados. NO es un dato observado.", "confianza": "baja", "ultima_verificacion": "2026-09-09"}}, {"type": "Feature", "geometry": {"type": "Polygon", "coordinates": [[[-63.34, 8.52], [-63.260000000000005, 8.52], [-63.260000000000005, 8.6], [-63.34, 8.6], [-63.34, 8.52]]]}, "properties": {"id": "DEMO--63.3400-8.5200", "tipo": "demo", "sector": "demo", "estado": "desconocido", "score": 0.2765, "demo": true, "porosidad_pct": 29.2, "espesor_arena_neta_ft": 77.3, "fuente": "Modelo DEMO sobre datos sinteticos. Distribuciones de la tabla 1 del USGS FS 2009-3028; etiqueta y reparto espacial inventados. NO es un dato observado.", "confianza": "baja", "ultima_verificacion": "2026-09-09"}}, {"type": "Feature", "geometry": {"type": "Polygon", "coordinates": [[[-63.26, 8.52], [-63.18, 8.52], [-63.18, 8.6], [-63.26, 8.6], [-63.26, 8.52]]]}, "properties": {"id": "DEMO--63.2600-8.5200", "tipo": "demo", "sector": "demo", "estado": "desconocido", "score": 0.2566, "demo": true, "porosidad_pct": 29.2, "espesor_arena_neta_ft": 118.2, "fuente": "Modelo DEMO sobre datos sinteticos. Distribuciones de la tabla 1 del USGS FS 2009-3028; etiqueta y reparto espacial inventados. NO es un dato observado.", "confianza": "baja", "ultima_verificacion": "2026-09-09"}}, {"type": "Feature", "geometry": {"type": "Polygon", "coordinates": [[[-63.18, 8.52], [-63.1, 8.52], [-63.1, 8.6], [-63.18, 8.6], [-63.18, 8.52]]]}, "properties": {"id": "DEMO--63.1800-8.5200", "tipo": "demo", "sector": "demo", "estado": "desconocido", "score": 0.6786, "demo": true, "porosidad_pct": 33.3, "espesor_arena_neta_ft": 87.6, "fuente": "Modelo DEMO sobre datos sinteticos. Distribuciones de la tabla 1 del USGS FS 2009-3028; etiqueta y reparto espacial inventados. NO es un dato observado.", "confianza": "baja", "ultima_verificacion": "2026-09-09"}}, {"type": "Feature", "geometry": {"type": "Polygon", "coordinates": [[[-63.1, 8.52], [-63.02, 8.52], [-63.02, 8.6], [-63.1, 8.6], [-63.1, 8.52]]]}, "properties": {"id": "DEMO--63.1000-8.5200", "tipo": "demo", "sector": "demo", "estado": "desconocido", "score": 0.7698, "demo": true, "porosidad_pct": 35.6, "espesor_arena_neta_ft": 92.0, "fuente": "Modelo DEMO sobre datos sinteticos. Distribuciones de la tabla 1 del USGS FS 2009-3028; etiqueta y reparto espacial inventados. NO es un dato observado.", "confianza": "baja", "ultima_verificacion": "2026-09-09"}}, {"type": "Feature", "geometry": {"type": "Polygon", "coordinates": [[[-63.02, 8.52], [-62.940000000000005, 8.52], [-62.940000000000005, 8.6], [-63.02, 8.6], [-63.02, 8.52]]]}, "properties": {"id": "DEMO--63.0200-8.5200", "tipo": "demo", "sector": "demo", "estado": "desconocido", "score": 0.7768, "demo": true, "porosidad_pct": 30.8, "espesor_arena_neta_ft": 173.8, "fuente": "Modelo DEMO sobre datos sinteticos. Distribuciones de la tabla 1 del USGS FS 2009-3028; etiqueta y reparto espacial inventados. NO es un dato observado.", "confianza": "baja", "ultima_verificacion": "2026-09-09"}}, {"type": "Feature", "geometry": {"type": "Polygon", "coordinates": [[[-62.94, 8.52], [-62.86, 8.52], [-62.86, 8.6], [-62.94, 8.6], [-62.94, 8.52]]]}, "properties": {"id": "DEMO--62.9400-8.5200", "tipo": "demo", "sector": "demo", "estado": "desconocido", "score": 0.4679, "demo": true, "porosidad_pct": 33.2, "espesor_arena_neta_ft": 35.6, "fuente": "Modelo DEMO sobre datos sinteticos. Distribuciones de la tabla 1 del USGS FS 2009-3028; etiqueta y reparto espacial inventados. NO es un dato observado.", "confianza": "baja", "ultima_verificacion": "2026-09-09"}}, {"type": "Feature", "geometry": {"type": "Polygon", "coordinates": [[[-62.86, 8.52], [-62.78, 8.52], [-62.78, 8.6], [-62.86, 8.6], [-62.86, 8.52]]]}, "properties": {"id": "DEMO--62.8600-8.5200", "tipo": "demo", "sector": "demo", "estado": "desconocido", "score": 0.5778, "demo": true, "porosidad_pct": 29.8, "espesor_arena_neta_ft": 85.1, "fuente": "Modelo DEMO sobre datos sinteticos. Distribuciones de la tabla 1 del USGS FS 2009-3028; etiqueta y reparto espacial inventados. NO es un dato observado.", "confianza": "baja", "ultima_verificacion": "2026-09-09"}}, {"type": "Feature", "geometry": {"type": "Polygon", "coordinates": [[[-62.78, 8.52], [-62.7, 8.52], [-62.7, 8.6], [-62.78, 8.6], [-62.78, 8.52]]]}, "properties": {"id": "DEMO--62.7800-8.5200", "tipo": "demo", "sector": "demo", "estado": "desconocido", "score": 0.3051, "demo": true, "porosidad_pct": 29.0, "espesor_arena_neta_ft": 54.2, "fuente": "Modelo DEMO sobre datos sinteticos. Distribuciones de la tabla 1 del USGS FS 2009-3028; etiqueta y reparto espacial inventados. NO es un dato observado.", "confianza": "baja", "ultima_verificacion": "2026-09-09"}}, {"type": "Feature", "geometry": {"type": "Polygon", "coordinates": [[[-62.7, 8.52], [-62.620000000000005, 8.52], [-62.620000000000005, 8.6], [-62.7, 8.6], [-62.7, 8.52]]]}, "properties": {"id": "DEMO--62.7000-8.5200", "tipo": "demo", "sector": "demo", "estado": "desconocido", "score": 0.7845, "demo": true, "porosidad_pct": 35.6, "espesor_arena_neta_ft": 173.0, "fuente": "Modelo DEMO sobre datos sinteticos. Distribuciones de la tabla 1 del USGS FS 2009-3028; etiqueta y reparto espacial inventados. NO es un dato observado.", "confianza": "baja", "ultima_verificacion": "2026-09-09"}}, {"type": "Feature", "geometry": {"type": "Polygon", "coordinates": [[[-62.62, 8.52], [-62.54, 8.52], [-62.54, 8.6], [-62.62, 8.6], [-62.62, 8.52]]]}, "properties": {"id": "DEMO--62.6200-8.5200", "tipo": "demo", "sector": "demo", "estado": "desconocido", "score": 0.9249, "demo": true, "porosidad_pct": 31.8, "espesor_arena_neta_ft": 163.6, "fuente": "Modelo DEMO sobre datos sinteticos. Distribuciones de la tabla 1 del USGS FS 2009-3028; etiqueta y reparto espacial inventados. NO es un dato observado.", "confianza": "baja", "ultima_verificacion": "2026-09-09"}}, {"type": "Feature", "geometry": {"type": "Polygon", "coordinates": [[[-62.54, 8.52], [-62.46, 8.52], [-62.46, 8.6], [-62.54, 8.6], [-62.54, 8.52]]]}, "properties": {"id": "DEMO--62.5400-8.5200", "tipo": "demo", "sector": "demo", "estado": "desconocido", "score": 0.9009, "demo": true, "porosidad_pct": 31.9, "espesor_arena_neta_ft": 104.1, "fuente": "Modelo DEMO sobre datos sinteticos. Distribuciones de la tabla 1 del USGS FS 2009-3028; etiqueta y reparto espacial inventados. NO es un dato observado.", "confianza": "baja", "ultima_verificacion": "2026-09-09"}}, {"type": "Feature", "geometry": {"type": "Polygon", "coordinates": [[[-62.46, 8.52], [-62.38, 8.52], [-62.38, 8.6], [-62.46, 8.6], [-62.46, 8.52]]]}, "properties": {"id": "DEMO--62.4600-8.5200", "tipo": "demo", "sector": "demo", "estado": "desconocido", "score": 0.8814, "demo": true, "porosidad_pct": 34.6, "espesor_arena_neta_ft": 110.7, "fuente": "Modelo DEMO sobre datos sinteticos. Distribuciones de la tabla 1 del USGS FS 2009-3028; etiqueta y reparto espacial inventados. NO es un dato observado.", "confianza": "baja", "ultima_verificacion": "2026-09-09"}}, {"type": "Feature", "geometry": {"type": "Polygon", "coordinates": [[[-62.38, 8.52], [-62.300000000000004, 8.52], [-62.300000000000004, 8.6], [-62.38, 8.6], [-62.38, 8.52]]]}, "properties": {"id": "DEMO--62.3800-8.5200", "tipo": "demo", "sector": "demo", "estado": "desconocido", "score": 0.5341, "demo": true, "porosidad_pct": 29.5, "espesor_arena_neta_ft": 105.2, "fuente": "Modelo DEMO sobre datos sinteticos. Distribuciones de la tabla 1 del USGS FS 2009-3028; etiqueta y reparto espacial inventados. NO es un dato observado.", "confianza": "baja", "ultima_verificacion": "2026-09-09"}}, {"type": "Feature", "geometry": {"type": "Polygon", "coordinates": [[[-62.3, 8.52], [-62.22, 8.52], [-62.22, 8.6], [-62.3, 8.6], [-62.3, 8.52]]]}, "properties": {"id": "DEMO--62.3000-8.5200", "tipo": "demo", "sector": "demo", "estado": "desconocido", "score": 0.5688, "demo": true, "porosidad_pct": 28.5, "espesor_arena_neta_ft": 102.8, "fuente": "Modelo DEMO sobre datos sinteticos. Distribuciones de la tabla 1 del USGS FS 2009-3028; etiqueta y reparto espacial inventados. NO es un dato observado.", "confianza": "baja", "ultima_verificacion": "2026-09-09"}}, {"type": "Feature", "geometry": {"type": "Polygon", "coordinates": [[[-62.22, 8.52], [-62.14, 8.52], [-62.14, 8.6], [-62.22, 8.6], [-62.22, 8.52]]]}, "properties": {"id": "DEMO--62.2200-8.5200", "tipo": "demo", "sector": "demo", "estado": "desconocido", "score": 0.76, "demo": true, "porosidad_pct": 29.0, "espesor_arena_neta_ft": 173.3, "fuente": "Modelo DEMO sobre datos sinteticos. Distribuciones de la tabla 1 del USGS FS 2009-3028; etiqueta y reparto espacial inventados. NO es un dato observado.", "confianza": "baja", "ultima_verificacion": "2026-09-09"}}, {"type": "Feature", "geometry": {"type": "Polygon", "coordinates": [[[-62.14, 8.52], [-62.06, 8.52], [-62.06, 8.6], [-62.14, 8.6], [-62.14, 8.52]]]}, "properties": {"id": "DEMO--62.1400-8.5200", "tipo": "demo", "sector": "demo", "estado": "desconocido", "score": 0.6921, "demo": true, "porosidad_pct": 31.4, "espesor_arena_neta_ft": 91.3, "fuente": "Modelo DEMO sobre datos sinteticos. Distribuciones de la tabla 1 del USGS FS 2009-3028; etiqueta y reparto espacial inventados. NO es un dato observado.", "confianza": "baja", "ultima_verificacion": "2026-09-09"}}, {"type": "Feature", "geometry": {"type": "Polygon", "coordinates": [[[-67.34, 8.6], [-67.26, 8.6], [-67.26, 8.68], [-67.34, 8.68], [-67.34, 8.6]]]}, "properties": {"id": "DEMO--67.3400-8.6000", "tipo": "demo", "sector": "demo", "estado": "desconocido", "score": 0.6861, "demo": true, "porosidad_pct": 34.2, "espesor_arena_neta_ft": 195.1, "fuente": "Modelo DEMO sobre datos sinteticos. Distribuciones de la tabla 1 del USGS FS 2009-3028; etiqueta y reparto espacial inventados. NO es un dato observado.", "confianza": "baja", "ultima_verificacion": "2026-09-09"}}, {"type": "Feature", "geometry": {"type": "Polygon", "coordinates": [[[-67.26, 8.6], [-67.18, 8.6], [-67.18, 8.68], [-67.26, 8.68], [-67.26, 8.6]]]}, "properties": {"id": "DEMO--67.2600-8.6000", "tipo": "demo", "sector": "demo", "estado": "desconocido", "score": 0.696, "demo": true, "porosidad_pct": 28.2, "espesor_arena_neta_ft": 197.6, "fuente": "Modelo DEMO sobre datos sinteticos. Distribuciones de la tabla 1 del USGS FS 2009-3028; etiqueta y reparto espacial inventados. NO es un dato observado.", "confianza": "baja", "ultima_verificacion": "2026-09-09"}}, {"type": "Feature", "geometry": {"type": "Polygon", "coordinates": [[[-67.18, 8.6], [-67.10000000000001, 8.6], [-67.10000000000001, 8.68], [-67.18, 8.68], [-67.18, 8.6]]]}, "properties": {"id": "DEMO--67.1800-8.6000", "tipo": "demo", "sector": "demo", "estado": "desconocido", "score": 0.7572, "demo": true, "porosidad_pct": 31.9, "espesor_arena_neta_ft": 97.6, "fuente": "Modelo DEMO sobre datos sinteticos. Distribuciones de la tabla 1 del USGS FS 2009-3028; etiqueta y reparto espacial inventados. NO es un dato observado.", "confianza": "baja", "ultima_verificacion": "2026-09-09"}}, {"type": "Feature", "geometry": {"type": "Polygon", "coordinates": [[[-67.1, 8.6], [-67.02, 8.6], [-67.02, 8.68], [-67.1, 8.68], [-67.1, 8.6]]]}, "properties": {"id": "DEMO--67.1000-8.6000", "tipo": "demo", "sector": "demo", "estado": "desconocido", "score": 0.7842, "demo": true, "porosidad_pct": 33.0, "espesor_arena_neta_ft": 187.2, "fuente": "Modelo DEMO sobre datos sinteticos. Distribuciones de la tabla 1 del USGS FS 2009-3028; etiqueta y reparto espacial inventados. NO es un dato observado.", "confianza": "baja", "ultima_verificacion": "2026-09-09"}}, {"type": "Feature", "geometry": {"type": "Polygon", "coordinates": [[[-67.02, 8.6], [-66.94, 8.6], [-66.94, 8.68], [-67.02, 8.68], [-67.02, 8.6]]]}, "properties": {"id": "DEMO--67.0200-8.6000", "tipo": "demo", "sector": "demo", "estado": "desconocido", "score": 0.3247, "demo": true, "porosidad_pct": 31.1, "espesor_arena_neta_ft": 103.5, "fuente": "Modelo DEMO sobre datos sinteticos. Distribuciones de la tabla 1 del USGS FS 2009-3028; etiqueta y reparto espacial inventados. NO es un dato observado.", "confianza": "baja", "ultima_verificacion": "2026-09-09"}}, {"type": "Feature", "geometry": {"type": "Polygon", "coordinates": [[[-66.94, 8.6], [-66.86, 8.6], [-66.86, 8.68], [-66.94, 8.68], [-66.94, 8.6]]]}, "properties": {"id": "DEMO--66.9400-8.6000", "tipo": "demo", "sector": "demo", "estado": "desconocido", "score": 0.1538, "demo": true, "porosidad_pct": 28.5, "espesor_arena_neta_ft": 130.5, "fuente": "Modelo DEMO sobre datos sinteticos. Distribuciones de la tabla 1 del USGS FS 2009-3028; etiqueta y reparto espacial inventados. NO es un dato observado.", "confianza": "baja", "ultima_verificacion": "2026-09-09"}}, {"type": "Feature", "geometry": {"type": "Polygon", "coordinates": [[[-66.86, 8.6], [-66.78, 8.6], [-66.78, 8.68], [-66.86, 8.68], [-66.86, 8.6]]]}, "properties": {"id": "DEMO--66.8600-8.6000", "tipo": "demo", "sector": "demo", "estado": "desconocido", "score": 0.5582, "demo": true, "porosidad_pct": 30.8, "espesor_arena_neta_ft": 80.0, "fuente": "Modelo DEMO sobre datos sinteticos. Distribuciones de la tabla 1 del USGS FS 2009-3028; etiqueta y reparto espacial inventados. NO es un dato observado.", "confianza": "baja", "ultima_verificacion": "2026-09-09"}}, {"type": "Feature", "geometry": {"type": "Polygon", "coordinates": [[[-66.78, 8.6], [-66.7, 8.6], [-66.7, 8.68], [-66.78, 8.68], [-66.78, 8.6]]]}, "properties": {"id": "DEMO--66.7800-8.6000", "tipo": "demo", "sector": "demo", "estado": "desconocido", "score": 0.1443, "demo": true, "porosidad_pct": 28.5, "espesor_arena_neta_ft": 102.3, "fuente": "Modelo DEMO sobre datos sinteticos. Distribuciones de la tabla 1 del USGS FS 2009-3028; etiqueta y reparto espacial inventados. NO es un dato observado.", "confianza": "baja", "ultima_verificacion": "2026-09-09"}}, {"type": "Feature", "geometry": {"type": "Polygon", "coordinates": [[[-66.7, 8.6], [-66.62, 8.6], [-66.62, 8.68], [-66.7, 8.68], [-66.7, 8.6]]]}, "properties": {"id": "DEMO--66.7000-8.6000", "tipo": "demo", "sector": "demo", "estado": "desconocido", "score": 0.0454, "demo": true, "porosidad_pct": 27.6, "espesor_arena_neta_ft": 56.0, "fuente": "Modelo DEMO sobre datos sinteticos. Distribuciones de la tabla 1 del USGS FS 2009-3028; etiqueta y reparto espacial inventados. NO es un dato observado.", "confianza": "baja", "ultima_verificacion": "2026-09-09"}}, {"type": "Feature", "geometry": {"type": "Polygon", "coordinates": [[[-66.62, 8.6], [-66.54, 8.6], [-66.54, 8.68], [-66.62, 8.68], [-66.62, 8.6]]]}, "properties": {"id": "DEMO--66.6200-8.6000", "tipo": "demo", "sector": "demo", "estado": "desconocido", "score": 0.6692, "demo": true, "porosidad_pct": 30.5, "espesor_arena_neta_ft": 131.7, "fuente": "Modelo DEMO sobre datos sinteticos. Distribuciones de la tabla 1 del USGS FS 2009-3028; etiqueta y reparto espacial inventados. NO es un dato observado.", "confianza": "baja", "ultima_verificacion": "2026-09-09"}}, {"type": "Feature", "geometry": {"type": "Polygon", "coordinates": [[[-66.54, 8.6], [-66.46000000000001, 8.6], [-66.46000000000001, 8.68], [-66.54, 8.68], [-66.54, 8.6]]]}, "properties": {"id": "DEMO--66.5400-8.6000", "tipo": "demo", "sector": "demo", "estado": "desconocido", "score": 0.476, "demo": true, "porosidad_pct": 34.2, "espesor_arena_neta_ft": 80.6, "fuente": "Modelo DEMO sobre datos sinteticos. Distribuciones de la tabla 1 del USGS FS 2009-3028; etiqueta y reparto espacial inventados. NO es un dato observado.", "confianza": "baja", "ultima_verificacion": "2026-09-09"}}, {"type": "Feature", "geometry": {"type": "Polygon", "coordinates": [[[-66.46, 8.6], [-66.38, 8.6], [-66.38, 8.68], [-66.46, 8.68], [-66.46, 8.6]]]}, "properties": {"id": "DEMO--66.4600-8.6000", "tipo": "demo", "sector": "demo", "estado": "desconocido", "score": 0.4444, "demo": true, "porosidad_pct": 27.9, "espesor_arena_neta_ft": 120.0, "fuente": "Modelo DEMO sobre datos sinteticos. Distribuciones de la tabla 1 del USGS FS 2009-3028; etiqueta y reparto espacial inventados. NO es un dato observado.", "confianza": "baja", "ultima_verificacion": "2026-09-09"}}, {"type": "Feature", "geometry": {"type": "Polygon", "coordinates": [[[-66.38, 8.6], [-66.3, 8.6], [-66.3, 8.68], [-66.38, 8.68], [-66.38, 8.6]]]}, "properties": {"id": "DEMO--66.3800-8.6000", "tipo": "demo", "sector": "demo", "estado": "desconocido", "score": 0.4862, "demo": true, "porosidad_pct": 31.8, "espesor_arena_neta_ft": 101.6, "fuente": "Modelo DEMO sobre datos sinteticos. Distribuciones de la tabla 1 del USGS FS 2009-3028; etiqueta y reparto espacial inventados. NO es un dato observado.", "confianza": "baja", "ultima_verificacion": "2026-09-09"}}, {"type": "Feature", "geometry": {"type": "Polygon", "coordinates": [[[-66.3, 8.6], [-66.22, 8.6], [-66.22, 8.68], [-66.3, 8.68], [-66.3, 8.6]]]}, "properties": {"id": "DEMO--66.3000-8.6000", "tipo": "demo", "sector": "demo", "estado": "desconocido", "score": 0.8377, "demo": true, "porosidad_pct": 31.8, "espesor_arena_neta_ft": 116.0, "fuente": "Modelo DEMO sobre datos sinteticos. Distribuciones de la tabla 1 del USGS FS 2009-3028; etiqueta y reparto espacial inventados. NO es un dato observado.", "confianza": "baja", "ultima_verificacion": "2026-09-09"}}, {"type": "Feature", "geometry": {"type": "Polygon", "coordinates": [[[-66.22, 8.6], [-66.14, 8.6], [-66.14, 8.68], [-66.22, 8.68], [-66.22, 8.6]]]}, "properties": {"id": "DEMO--66.2200-8.6000", "tipo": "demo", "sector": "demo", "estado": "desconocido", "score": 0.8961, "demo": true, "porosidad_pct": 32.3, "espesor_arena_neta_ft": 127.2, "fuente": "Modelo DEMO sobre datos sinteticos. Distribuciones de la tabla 1 del USGS FS 2009-3028; etiqueta y reparto espacial inventados. NO es un dato observado.", "confianza": "baja", "ultima_verificacion": "2026-09-09"}}, {"type": "Feature", "geometry": {"type": "Polygon", "coordinates": [[[-66.14, 8.6], [-66.06, 8.6], [-66.06, 8.68], [-66.14, 8.68], [-66.14, 8.6]]]}, "properties": {"id": "DEMO--66.1400-8.6000", "tipo": "demo", "sector": "demo", "estado": "desconocido", "score": 0.2162, "demo": true, "porosidad_pct": 31.0, "espesor_arena_neta_ft": 68.8, "fuente": "Modelo DEMO sobre datos sinteticos. Distribuciones de la tabla 1 del USGS FS 2009-3028; etiqueta y reparto espacial inventados. NO es un dato observado.", "confianza": "baja", "ultima_verificacion": "2026-09-09"}}, {"type": "Feature", "geometry": {"type": "Polygon", "coordinates": [[[-66.06, 8.6], [-65.98, 8.6], [-65.98, 8.68], [-66.06, 8.68], [-66.06, 8.6]]]}, "properties": {"id": "DEMO--66.0600-8.6000", "tipo": "demo", "sector": "demo", "estado": "desconocido", "score": 0.6191, "demo": true, "porosidad_pct": 29.7, "espesor_arena_neta_ft": 111.1, "fuente": "Modelo DEMO sobre datos sinteticos. Distribuciones de la tabla 1 del USGS FS 2009-3028; etiqueta y reparto espacial inventados. NO es un dato observado.", "confianza": "baja", "ultima_verificacion": "2026-09-09"}}, {"type": "Feature", "geometry": {"type": "Polygon", "coordinates": [[[-65.98, 8.6], [-65.9, 8.6], [-65.9, 8.68], [-65.98, 8.68], [-65.98, 8.6]]]}, "properties": {"id": "DEMO--65.9800-8.6000", "tipo": "demo", "sector": "demo", "estado": "desconocido", "score": 0.4885, "demo": true, "porosidad_pct": 29.2, "espesor_arena_neta_ft": 127.5, "fuente": "Modelo DEMO sobre datos sinteticos. Distribuciones de la tabla 1 del USGS FS 2009-3028; etiqueta y reparto espacial inventados. NO es un dato observado.", "confianza": "baja", "ultima_verificacion": "2026-09-09"}}, {"type": "Feature", "geometry": {"type": "Polygon", "coordinates": [[[-65.9, 8.6], [-65.82000000000001, 8.6], [-65.82000000000001, 8.68], [-65.9, 8.68], [-65.9, 8.6]]]}, "properties": {"id": "DEMO--65.9000-8.6000", "tipo": "demo", "sector": "demo", "estado": "desconocido", "score": 0.2552, "demo": true, "porosidad_pct": 29.3, "espesor_arena_neta_ft": 91.5, "fuente": "Modelo DEMO sobre datos sinteticos. Distribuciones de la tabla 1 del USGS FS 2009-3028; etiqueta y reparto espacial inventados. NO es un dato observado.", "confianza": "baja", "ultima_verificacion": "2026-09-09"}}, {"type": "Feature", "geometry": {"type": "Polygon", "coordinates": [[[-65.82, 8.6], [-65.74, 8.6], [-65.74, 8.68], [-65.82, 8.68], [-65.82, 8.6]]]}, "properties": {"id": "DEMO--65.8200-8.6000", "tipo": "demo", "sector": "demo", "estado": "desconocido", "score": 0.0702, "demo": true, "porosidad_pct": 28.5, "espesor_arena_neta_ft": 109.0, "fuente": "Modelo DEMO sobre datos sinteticos. Distribuciones de la tabla 1 del USGS FS 2009-3028; etiqueta y reparto espacial inventados. NO es un dato observado.", "confianza": "baja", "ultima_verificacion": "2026-09-09"}}, {"type": "Feature", "geometry": {"type": "Polygon", "coordinates": [[[-65.74, 8.6], [-65.66, 8.6], [-65.66, 8.68], [-65.74, 8.68], [-65.74, 8.6]]]}, "properties": {"id": "DEMO--65.7400-8.6000", "tipo": "demo", "sector": "demo", "estado": "desconocido", "score": 0.2091, "demo": true, "porosidad_pct": 29.4, "espesor_arena_neta_ft": 132.4, "fuente": "Modelo DEMO sobre datos sinteticos. Distribuciones de la tabla 1 del USGS FS 2009-3028; etiqueta y reparto espacial inventados. NO es un dato observado.", "confianza": "baja", "ultima_verificacion": "2026-09-09"}}, {"type": "Feature", "geometry": {"type": "Polygon", "coordinates": [[[-65.66, 8.6], [-65.58, 8.6], [-65.58, 8.68], [-65.66, 8.68], [-65.66, 8.6]]]}, "properties": {"id": "DEMO--65.6600-8.6000", "tipo": "demo", "sector": "demo", "estado": "desconocido", "score": 0.4587, "demo": true, "porosidad_pct": 28.8, "espesor_arena_neta_ft": 129.7, "fuente": "Modelo DEMO sobre datos sinteticos. Distribuciones de la tabla 1 del USGS FS 2009-3028; etiqueta y reparto espacial inventados. NO es un dato observado.", "confianza": "baja", "ultima_verificacion": "2026-09-09"}}, {"type": "Feature", "geometry": {"type": "Polygon", "coordinates": [[[-65.58, 8.6], [-65.5, 8.6], [-65.5, 8.68], [-65.58, 8.68], [-65.58, 8.6]]]}, "properties": {"id": "DEMO--65.5800-8.6000", "tipo": "demo", "sector": "demo", "estado": "desconocido", "score": 0.5449, "demo": true, "porosidad_pct": 29.7, "espesor_arena_neta_ft": 77.2, "fuente": "Modelo DEMO sobre datos sinteticos. Distribuciones de la tabla 1 del USGS FS 2009-3028; etiqueta y reparto espacial inventados. NO es un dato observado.", "confianza": "baja", "ultima_verificacion": "2026-09-09"}}, {"type": "Feature", "geometry": {"type": "Polygon", "coordinates": [[[-65.5, 8.6], [-65.42, 8.6], [-65.42, 8.68], [-65.5, 8.68], [-65.5, 8.6]]]}, "properties": {"id": "DEMO--65.5000-8.6000", "tipo": "demo", "sector": "demo", "estado": "desconocido", "score": 0.0951, "demo": true, "porosidad_pct": 27.3, "espesor_arena_neta_ft": 171.4, "fuente": "Modelo DEMO sobre datos sinteticos. Distribuciones de la tabla 1 del USGS FS 2009-3028; etiqueta y reparto espacial inventados. NO es un dato observado.", "confianza": "baja", "ultima_verificacion": "2026-09-09"}}, {"type": "Feature", "geometry": {"type": "Polygon", "coordinates": [[[-65.42, 8.6], [-65.34, 8.6], [-65.34, 8.68], [-65.42, 8.68], [-65.42, 8.6]]]}, "properties": {"id": "DEMO--65.4200-8.6000", "tipo": "demo", "sector": "demo", "estado": "desconocido", "score": 0.7887, "demo": true, "porosidad_pct": 30.0, "espesor_arena_neta_ft": 136.9, "fuente": "Modelo DEMO sobre datos sinteticos. Distribuciones de la tabla 1 del USGS FS 2009-3028; etiqueta y reparto espacial inventados. NO es un dato observado.", "confianza": "baja", "ultima_verificacion": "2026-09-09"}}, {"type": "Feature", "geometry": {"type": "Polygon", "coordinates": [[[-65.34, 8.6], [-65.26, 8.6], [-65.26, 8.68], [-65.34, 8.68], [-65.34, 8.6]]]}, "properties": {"id": "DEMO--65.3400-8.6000", "tipo": "demo", "sector": "demo", "estado": "desconocido", "score": 0.9351, "demo": true, "porosidad_pct": 32.1, "espesor_arena_neta_ft": 248.4, "fuente": "Modelo DEMO sobre datos sinteticos. Distribuciones de la tabla 1 del USGS FS 2009-3028; etiqueta y reparto espacial inventados. NO es un dato observado.", "confianza": "baja", "ultima_verificacion": "2026-09-09"}}, {"type": "Feature", "geometry": {"type": "Polygon", "coordinates": [[[-65.26, 8.6], [-65.18, 8.6], [-65.18, 8.68], [-65.26, 8.68], [-65.26, 8.6]]]}, "properties": {"id": "DEMO--65.2600-8.6000", "tipo": "demo", "sector": "demo", "estado": "desconocido", "score": 0.359, "demo": true, "porosidad_pct": 26.9, "espesor_arena_neta_ft": 175.8, "fuente": "Modelo DEMO sobre datos sinteticos. Distribuciones de la tabla 1 del USGS FS 2009-3028; etiqueta y reparto espacial inventados. NO es un dato observado.", "confianza": "baja", "ultima_verificacion": "2026-09-09"}}, {"type": "Feature", "geometry": {"type": "Polygon", "coordinates": [[[-65.18, 8.6], [-65.10000000000001, 8.6], [-65.10000000000001, 8.68], [-65.18, 8.68], [-65.18, 8.6]]]}, "properties": {"id": "DEMO--65.1800-8.6000", "tipo": "demo", "sector": "demo", "estado": "desconocido", "score": 0.5314, "demo": true, "porosidad_pct": 27.6, "espesor_arena_neta_ft": 272.6, "fuente": "Modelo DEMO sobre datos sinteticos. Distribuciones de la tabla 1 del USGS FS 2009-3028; etiqueta y reparto espacial inventados. NO es un dato observado.", "confianza": "baja", "ultima_verificacion": "2026-09-09"}}, {"type": "Feature", "geometry": {"type": "Polygon", "coordinates": [[[-65.1, 8.6], [-65.02, 8.6], [-65.02, 8.68], [-65.1, 8.68], [-65.1, 8.6]]]}, "properties": {"id": "DEMO--65.1000-8.6000", "tipo": "demo", "sector": "demo", "estado": "desconocido", "score": 0.4637, "demo": true, "porosidad_pct": 28.9, "espesor_arena_neta_ft": 154.0, "fuente": "Modelo DEMO sobre datos sinteticos. Distribuciones de la tabla 1 del USGS FS 2009-3028; etiqueta y reparto espacial inventados. NO es un dato observado.", "confianza": "baja", "ultima_verificacion": "2026-09-09"}}, {"type": "Feature", "geometry": {"type": "Polygon", "coordinates": [[[-65.02, 8.6], [-64.94, 8.6], [-64.94, 8.68], [-65.02, 8.68], [-65.02, 8.6]]]}, "properties": {"id": "DEMO--65.0200-8.6000", "tipo": "demo", "sector": "demo", "estado": "desconocido", "score": 0.8643, "demo": true, "porosidad_pct": 30.9, "espesor_arena_neta_ft": 178.0, "fuente": "Modelo DEMO sobre datos sinteticos. Distribuciones de la tabla 1 del USGS FS 2009-3028; etiqueta y reparto espacial inventados. NO es un dato observado.", "confianza": "baja", "ultima_verificacion": "2026-09-09"}}, {"type": "Feature", "geometry": {"type": "Polygon", "coordinates": [[[-64.94, 8.6], [-64.86, 8.6], [-64.86, 8.68], [-64.94, 8.68], [-64.94, 8.6]]]}, "properties": {"id": "DEMO--64.9400-8.6000", "tipo": "demo", "sector": "demo", "estado": "desconocido", "score": 0.7052, "demo": true, "porosidad_pct": 28.3, "espesor_arena_neta_ft": 166.2, "fuente": "Modelo DEMO sobre datos sinteticos. Distribuciones de la tabla 1 del USGS FS 2009-3028; etiqueta y reparto espacial inventados. NO es un dato observado.", "confianza": "baja", "ultima_verificacion": "2026-09-09"}}, {"type": "Feature", "geometry": {"type": "Polygon", "coordinates": [[[-64.86, 8.6], [-64.78, 8.6], [-64.78, 8.68], [-64.86, 8.68], [-64.86, 8.6]]]}, "properties": {"id": "DEMO--64.8600-8.6000", "tipo": "demo", "sector": "demo", "estado": "desconocido", "score": 0.9531, "demo": true, "porosidad_pct": 31.6, "espesor_arena_neta_ft": 217.9, "fuente": "Modelo DEMO sobre datos sinteticos. Distribuciones de la tabla 1 del USGS FS 2009-3028; etiqueta y reparto espacial inventados. NO es un dato observado.", "confianza": "baja", "ultima_verificacion": "2026-09-09"}}, {"type": "Feature", "geometry": {"type": "Polygon", "coordinates": [[[-64.78, 8.6], [-64.7, 8.6], [-64.7, 8.68], [-64.78, 8.68], [-64.78, 8.6]]]}, "properties": {"id": "DEMO--64.7800-8.6000", "tipo": "demo", "sector": "demo", "estado": "desconocido", "score": 0.5238, "demo": true, "porosidad_pct": 26.2, "espesor_arena_neta_ft": 242.3, "fuente": "Modelo DEMO sobre datos sinteticos. Distribuciones de la tabla 1 del USGS FS 2009-3028; etiqueta y reparto espacial inventados. NO es un dato observado.", "confianza": "baja", "ultima_verificacion": "2026-09-09"}}, {"type": "Feature", "geometry": {"type": "Polygon", "coordinates": [[[-64.7, 8.6], [-64.62, 8.6], [-64.62, 8.68], [-64.7, 8.68], [-64.7, 8.6]]]}, "properties": {"id": "DEMO--64.7000-8.6000", "tipo": "demo", "sector": "demo", "estado": "desconocido", "score": 0.1807, "demo": true, "porosidad_pct": 28.1, "espesor_arena_neta_ft": 209.3, "fuente": "Modelo DEMO sobre datos sinteticos. Distribuciones de la tabla 1 del USGS FS 2009-3028; etiqueta y reparto espacial inventados. NO es un dato observado.", "confianza": "baja", "ultima_verificacion": "2026-09-09"}}, {"type": "Feature", "geometry": {"type": "Polygon", "coordinates": [[[-64.62, 8.6], [-64.54, 8.6], [-64.54, 8.68], [-64.62, 8.68], [-64.62, 8.6]]]}, "properties": {"id": "DEMO--64.6200-8.6000", "tipo": "demo", "sector": "demo", "estado": "desconocido", "score": 0.5595, "demo": true, "porosidad_pct": 29.8, "espesor_arena_neta_ft": 199.7, "fuente": "Modelo DEMO sobre datos sinteticos. Distribuciones de la tabla 1 del USGS FS 2009-3028; etiqueta y reparto espacial inventados. NO es un dato observado.", "confianza": "baja", "ultima_verificacion": "2026-09-09"}}, {"type": "Feature", "geometry": {"type": "Polygon", "coordinates": [[[-64.54, 8.6], [-64.46000000000001, 8.6], [-64.46000000000001, 8.68], [-64.54, 8.68], [-64.54, 8.6]]]}, "properties": {"id": "DEMO--64.5400-8.6000", "tipo": "demo", "sector": "demo", "estado": "desconocido", "score": 0.083, "demo": true, "porosidad_pct": 26.7, "espesor_arena_neta_ft": 173.0, "fuente": "Modelo DEMO sobre datos sinteticos. Distribuciones de la tabla 1 del USGS FS 2009-3028; etiqueta y reparto espacial inventados. NO es un dato observado.", "confianza": "baja", "ultima_verificacion": "2026-09-09"}}, {"type": "Feature", "geometry": {"type": "Polygon", "coordinates": [[[-64.46, 8.6], [-64.38, 8.6], [-64.38, 8.68], [-64.46, 8.68], [-64.46, 8.6]]]}, "properties": {"id": "DEMO--64.4600-8.6000", "tipo": "demo", "sector": "demo", "estado": "desconocido", "score": 0.7282, "demo": true, "porosidad_pct": 27.8, "espesor_arena_neta_ft": 207.4, "fuente": "Modelo DEMO sobre datos sinteticos. Distribuciones de la tabla 1 del USGS FS 2009-3028; etiqueta y reparto espacial inventados. NO es un dato observado.", "confianza": "baja", "ultima_verificacion": "2026-09-09"}}, {"type": "Feature", "geometry": {"type": "Polygon", "coordinates": [[[-64.38, 8.6], [-64.3, 8.6], [-64.3, 8.68], [-64.38, 8.68], [-64.38, 8.6]]]}, "properties": {"id": "DEMO--64.3800-8.6000", "tipo": "demo", "sector": "demo", "estado": "desconocido", "score": 0.0426, "demo": true, "porosidad_pct": 24.9, "espesor_arena_neta_ft": 132.6, "fuente": "Modelo DEMO sobre datos sinteticos. Distribuciones de la tabla 1 del USGS FS 2009-3028; etiqueta y reparto espacial inventados. NO es un dato observado.", "confianza": "baja", "ultima_verificacion": "2026-09-09"}}, {"type": "Feature", "geometry": {"type": "Polygon", "coordinates": [[[-64.3, 8.6], [-64.22, 8.6], [-64.22, 8.68], [-64.3, 8.68], [-64.3, 8.6]]]}, "properties": {"id": "DEMO--64.3000-8.6000", "tipo": "demo", "sector": "demo", "estado": "desconocido", "score": 0.2508, "demo": true, "porosidad_pct": 24.1, "espesor_arena_neta_ft": 201.8, "fuente": "Modelo DEMO sobre datos sinteticos. Distribuciones de la tabla 1 del USGS FS 2009-3028; etiqueta y reparto espacial inventados. NO es un dato observado.", "confianza": "baja", "ultima_verificacion": "2026-09-09"}}, {"type": "Feature", "geometry": {"type": "Polygon", "coordinates": [[[-64.22, 8.6], [-64.14, 8.6], [-64.14, 8.68], [-64.22, 8.68], [-64.22, 8.6]]]}, "properties": {"id": "DEMO--64.2200-8.6000", "tipo": "demo", "sector": "demo", "estado": "desconocido", "score": 0.0887, "demo": true, "porosidad_pct": 26.7, "espesor_arena_neta_ft": 171.0, "fuente": "Modelo DEMO sobre datos sinteticos. Distribuciones de la tabla 1 del USGS FS 2009-3028; etiqueta y reparto espacial inventados. NO es un dato observado.", "confianza": "baja", "ultima_verificacion": "2026-09-09"}}, {"type": "Feature", "geometry": {"type": "Polygon", "coordinates": [[[-64.14, 8.6], [-64.06, 8.6], [-64.06, 8.68], [-64.14, 8.68], [-64.14, 8.6]]]}, "properties": {"id": "DEMO--64.1400-8.6000", "tipo": "demo", "sector": "demo", "estado": "desconocido", "score": 0.8404, "demo": true, "porosidad_pct": 30.6, "espesor_arena_neta_ft": 254.2, "fuente": "Modelo DEMO sobre datos sinteticos. Distribuciones de la tabla 1 del USGS FS 2009-3028; etiqueta y reparto espacial inventados. NO es un dato observado.", "confianza": "baja", "ultima_verificacion": "2026-09-09"}}, {"type": "Feature", "geometry": {"type": "Polygon", "coordinates": [[[-64.06, 8.6], [-63.980000000000004, 8.6], [-63.980000000000004, 8.68], [-64.06, 8.68], [-64.06, 8.6]]]}, "properties": {"id": "DEMO--64.0600-8.6000", "tipo": "demo", "sector": "demo", "estado": "desconocido", "score": 0.1766, "demo": true, "porosidad_pct": 29.8, "espesor_arena_neta_ft": 106.7, "fuente": "Modelo DEMO sobre datos sinteticos. Distribuciones de la tabla 1 del USGS FS 2009-3028; etiqueta y reparto espacial inventados. NO es un dato observado.", "confianza": "baja", "ultima_verificacion": "2026-09-09"}}, {"type": "Feature", "geometry": {"type": "Polygon", "coordinates": [[[-63.98, 8.6], [-63.9, 8.6], [-63.9, 8.68], [-63.98, 8.68], [-63.98, 8.6]]]}, "properties": {"id": "DEMO--63.9800-8.6000", "tipo": "demo", "sector": "demo", "estado": "desconocido", "score": 0.0816, "demo": true, "porosidad_pct": 26.6, "espesor_arena_neta_ft": 162.9, "fuente": "Modelo DEMO sobre datos sinteticos. Distribuciones de la tabla 1 del USGS FS 2009-3028; etiqueta y reparto espacial inventados. NO es un dato observado.", "confianza": "baja", "ultima_verificacion": "2026-09-09"}}, {"type": "Feature", "geometry": {"type": "Polygon", "coordinates": [[[-63.9, 8.6], [-63.82, 8.6], [-63.82, 8.68], [-63.9, 8.68], [-63.9, 8.6]]]}, "properties": {"id": "DEMO--63.9000-8.6000", "tipo": "demo", "sector": "demo", "estado": "desconocido", "score": 0.5976, "demo": true, "porosidad_pct": 32.0, "espesor_arena_neta_ft": 121.9, "fuente": "Modelo DEMO sobre datos sinteticos. Distribuciones de la tabla 1 del USGS FS 2009-3028; etiqueta y reparto espacial inventados. NO es un dato observado.", "confianza": "baja", "ultima_verificacion": "2026-09-09"}}, {"type": "Feature", "geometry": {"type": "Polygon", "coordinates": [[[-63.82, 8.6], [-63.74, 8.6], [-63.74, 8.68], [-63.82, 8.68], [-63.82, 8.6]]]}, "properties": {"id": "DEMO--63.8200-8.6000", "tipo": "demo", "sector": "demo", "estado": "desconocido", "score": 0.1751, "demo": true, "porosidad_pct": 28.9, "espesor_arena_neta_ft": 153.1, "fuente": "Modelo DEMO sobre datos sinteticos. Distribuciones de la tabla 1 del USGS FS 2009-3028; etiqueta y reparto espacial inventados. NO es un dato observado.", "confianza": "baja", "ultima_verificacion": "2026-09-09"}}, {"type": "Feature", "geometry": {"type": "Polygon", "coordinates": [[[-63.74, 8.6], [-63.660000000000004, 8.6], [-63.660000000000004, 8.68], [-63.74, 8.68], [-63.74, 8.6]]]}, "properties": {"id": "DEMO--63.7400-8.6000", "tipo": "demo", "sector": "demo", "estado": "desconocido", "score": 0.8461, "demo": true, "porosidad_pct": 30.3, "espesor_arena_neta_ft": 142.6, "fuente": "Modelo DEMO sobre datos sinteticos. Distribuciones de la tabla 1 del USGS FS 2009-3028; etiqueta y reparto espacial inventados. NO es un dato observado.", "confianza": "baja", "ultima_verificacion": "2026-09-09"}}, {"type": "Feature", "geometry": {"type": "Polygon", "coordinates": [[[-63.66, 8.6], [-63.58, 8.6], [-63.58, 8.68], [-63.66, 8.68], [-63.66, 8.6]]]}, "properties": {"id": "DEMO--63.6600-8.6000", "tipo": "demo", "sector": "demo", "estado": "desconocido", "score": 0.5694, "demo": true, "porosidad_pct": 29.6, "espesor_arena_neta_ft": 99.1, "fuente": "Modelo DEMO sobre datos sinteticos. Distribuciones de la tabla 1 del USGS FS 2009-3028; etiqueta y reparto espacial inventados. NO es un dato observado.", "confianza": "baja", "ultima_verificacion": "2026-09-09"}}, {"type": "Feature", "geometry": {"type": "Polygon", "coordinates": [[[-63.58, 8.6], [-63.5, 8.6], [-63.5, 8.68], [-63.58, 8.68], [-63.58, 8.6]]]}, "properties": {"id": "DEMO--63.5800-8.6000", "tipo": "demo", "sector": "demo", "estado": "desconocido", "score": 0.1511, "demo": true, "porosidad_pct": 28.4, "espesor_arena_neta_ft": 120.2, "fuente": "Modelo DEMO sobre datos sinteticos. Distribuciones de la tabla 1 del USGS FS 2009-3028; etiqueta y reparto espacial inventados. NO es un dato observado.", "confianza": "baja", "ultima_verificacion": "2026-09-09"}}, {"type": "Feature", "geometry": {"type": "Polygon", "coordinates": [[[-63.5, 8.6], [-63.42, 8.6], [-63.42, 8.68], [-63.5, 8.68], [-63.5, 8.6]]]}, "properties": {"id": "DEMO--63.5000-8.6000", "tipo": "demo", "sector": "demo", "estado": "desconocido", "score": 0.4105, "demo": true, "porosidad_pct": 33.1, "espesor_arena_neta_ft": 69.6, "fuente": "Modelo DEMO sobre datos sinteticos. Distribuciones de la tabla 1 del USGS FS 2009-3028; etiqueta y reparto espacial inventados. NO es un dato observado.", "confianza": "baja", "ultima_verificacion": "2026-09-09"}}, {"type": "Feature", "geometry": {"type": "Polygon", "coordinates": [[[-63.42, 8.6], [-63.34, 8.6], [-63.34, 8.68], [-63.42, 8.68], [-63.42, 8.6]]]}, "properties": {"id": "DEMO--63.4200-8.6000", "tipo": "demo", "sector": "demo", "estado": "desconocido", "score": 0.5793, "demo": true, "porosidad_pct": 30.0, "espesor_arena_neta_ft": 102.8, "fuente": "Modelo DEMO sobre datos sinteticos. Distribuciones de la tabla 1 del USGS FS 2009-3028; etiqueta y reparto espacial inventados. NO es un dato observado.", "confianza": "baja", "ultima_verificacion": "2026-09-09"}}, {"type": "Feature", "geometry": {"type": "Polygon", "coordinates": [[[-63.34, 8.6], [-63.260000000000005, 8.6], [-63.260000000000005, 8.68], [-63.34, 8.68], [-63.34, 8.6]]]}, "properties": {"id": "DEMO--63.3400-8.6000", "tipo": "demo", "sector": "demo", "estado": "desconocido", "score": 0.8016, "demo": true, "porosidad_pct": 29.7, "espesor_arena_neta_ft": 158.1, "fuente": "Modelo DEMO sobre datos sinteticos. Distribuciones de la tabla 1 del USGS FS 2009-3028; etiqueta y reparto espacial inventados. NO es un dato observado.", "confianza": "baja", "ultima_verificacion": "2026-09-09"}}, {"type": "Feature", "geometry": {"type": "Polygon", "coordinates": [[[-63.26, 8.6], [-63.18, 8.6], [-63.18, 8.68], [-63.26, 8.68], [-63.26, 8.6]]]}, "properties": {"id": "DEMO--63.2600-8.6000", "tipo": "demo", "sector": "demo", "estado": "desconocido", "score": 0.657, "demo": true, "porosidad_pct": 29.7, "espesor_arena_neta_ft": 118.0, "fuente": "Modelo DEMO sobre datos sinteticos. Distribuciones de la tabla 1 del USGS FS 2009-3028; etiqueta y reparto espacial inventados. NO es un dato observado.", "confianza": "baja", "ultima_verificacion": "2026-09-09"}}, {"type": "Feature", "geometry": {"type": "Polygon", "coordinates": [[[-63.18, 8.6], [-63.1, 8.6], [-63.1, 8.68], [-63.18, 8.68], [-63.18, 8.6]]]}, "properties": {"id": "DEMO--63.1800-8.6000", "tipo": "demo", "sector": "demo", "estado": "desconocido", "score": 0.6178, "demo": true, "porosidad_pct": 28.9, "espesor_arena_neta_ft": 179.0, "fuente": "Modelo DEMO sobre datos sinteticos. Distribuciones de la tabla 1 del USGS FS 2009-3028; etiqueta y reparto espacial inventados. NO es un dato observado.", "confianza": "baja", "ultima_verificacion": "2026-09-09"}}, {"type": "Feature", "geometry": {"type": "Polygon", "coordinates": [[[-63.1, 8.6], [-63.02, 8.6], [-63.02, 8.68], [-63.1, 8.68], [-63.1, 8.6]]]}, "properties": {"id": "DEMO--63.1000-8.6000", "tipo": "demo", "sector": "demo", "estado": "desconocido", "score": 0.931, "demo": true, "porosidad_pct": 36.4, "espesor_arena_neta_ft": 129.1, "fuente": "Modelo DEMO sobre datos sinteticos. Distribuciones de la tabla 1 del USGS FS 2009-3028; etiqueta y reparto espacial inventados. NO es un dato observado.", "confianza": "baja", "ultima_verificacion": "2026-09-09"}}, {"type": "Feature", "geometry": {"type": "Polygon", "coordinates": [[[-63.02, 8.6], [-62.940000000000005, 8.6], [-62.940000000000005, 8.68], [-63.02, 8.68], [-63.02, 8.6]]]}, "properties": {"id": "DEMO--63.0200-8.6000", "tipo": "demo", "sector": "demo", "estado": "desconocido", "score": 0.5986, "demo": true, "porosidad_pct": 28.3, "espesor_arena_neta_ft": 94.2, "fuente": "Modelo DEMO sobre datos sinteticos. Distribuciones de la tabla 1 del USGS FS 2009-3028; etiqueta y reparto espacial inventados. NO es un dato observado.", "confianza": "baja", "ultima_verificacion": "2026-09-09"}}, {"type": "Feature", "geometry": {"type": "Polygon", "coordinates": [[[-62.94, 8.6], [-62.86, 8.6], [-62.86, 8.68], [-62.94, 8.68], [-62.94, 8.6]]]}, "properties": {"id": "DEMO--62.9400-8.6000", "tipo": "demo", "sector": "demo", "estado": "desconocido", "score": 0.8933, "demo": true, "porosidad_pct": 31.3, "espesor_arena_neta_ft": 131.5, "fuente": "Modelo DEMO sobre datos sinteticos. Distribuciones de la tabla 1 del USGS FS 2009-3028; etiqueta y reparto espacial inventados. NO es un dato observado.", "confianza": "baja", "ultima_verificacion": "2026-09-09"}}, {"type": "Feature", "geometry": {"type": "Polygon", "coordinates": [[[-62.86, 8.6], [-62.78, 8.6], [-62.78, 8.68], [-62.86, 8.68], [-62.86, 8.6]]]}, "properties": {"id": "DEMO--62.8600-8.6000", "tipo": "demo", "sector": "demo", "estado": "desconocido", "score": 0.9351, "demo": true, "porosidad_pct": 32.2, "espesor_arena_neta_ft": 169.2, "fuente": "Modelo DEMO sobre datos sinteticos. Distribuciones de la tabla 1 del USGS FS 2009-3028; etiqueta y reparto espacial inventados. NO es un dato observado.", "confianza": "baja", "ultima_verificacion": "2026-09-09"}}, {"type": "Feature", "geometry": {"type": "Polygon", "coordinates": [[[-62.78, 8.6], [-62.7, 8.6], [-62.7, 8.68], [-62.78, 8.68], [-62.78, 8.6]]]}, "properties": {"id": "DEMO--62.7800-8.6000", "tipo": "demo", "sector": "demo", "estado": "desconocido", "score": 0.701, "demo": true, "porosidad_pct": 34.7, "espesor_arena_neta_ft": 147.2, "fuente": "Modelo DEMO sobre datos sinteticos. Distribuciones de la tabla 1 del USGS FS 2009-3028; etiqueta y reparto espacial inventados. NO es un dato observado.", "confianza": "baja", "ultima_verificacion": "2026-09-09"}}, {"type": "Feature", "geometry": {"type": "Polygon", "coordinates": [[[-62.7, 8.6], [-62.620000000000005, 8.6], [-62.620000000000005, 8.68], [-62.7, 8.68], [-62.7, 8.6]]]}, "properties": {"id": "DEMO--62.7000-8.6000", "tipo": "demo", "sector": "demo", "estado": "desconocido", "score": 0.5748, "demo": true, "porosidad_pct": 31.1, "espesor_arena_neta_ft": 161.2, "fuente": "Modelo DEMO sobre datos sinteticos. Distribuciones de la tabla 1 del USGS FS 2009-3028; etiqueta y reparto espacial inventados. NO es un dato observado.", "confianza": "baja", "ultima_verificacion": "2026-09-09"}}, {"type": "Feature", "geometry": {"type": "Polygon", "coordinates": [[[-62.62, 8.6], [-62.54, 8.6], [-62.54, 8.68], [-62.62, 8.68], [-62.62, 8.6]]]}, "properties": {"id": "DEMO--62.6200-8.6000", "tipo": "demo", "sector": "demo", "estado": "desconocido", "score": 0.7576, "demo": true, "porosidad_pct": 32.4, "espesor_arena_neta_ft": 113.4, "fuente": "Modelo DEMO sobre datos sinteticos. Distribuciones de la tabla 1 del USGS FS 2009-3028; etiqueta y reparto espacial inventados. NO es un dato observado.", "confianza": "baja", "ultima_verificacion": "2026-09-09"}}, {"type": "Feature", "geometry": {"type": "Polygon", "coordinates": [[[-62.54, 8.6], [-62.46, 8.6], [-62.46, 8.68], [-62.54, 8.68], [-62.54, 8.6]]]}, "properties": {"id": "DEMO--62.5400-8.6000", "tipo": "demo", "sector": "demo", "estado": "desconocido", "score": 0.24, "demo": true, "porosidad_pct": 28.7, "espesor_arena_neta_ft": 122.6, "fuente": "Modelo DEMO sobre datos sinteticos. Distribuciones de la tabla 1 del USGS FS 2009-3028; etiqueta y reparto espacial inventados. NO es un dato observado.", "confianza": "baja", "ultima_verificacion": "2026-09-09"}}, {"type": "Feature", "geometry": {"type": "Polygon", "coordinates": [[[-62.46, 8.6], [-62.38, 8.6], [-62.38, 8.68], [-62.46, 8.68], [-62.46, 8.6]]]}, "properties": {"id": "DEMO--62.4600-8.6000", "tipo": "demo", "sector": "demo", "estado": "desconocido", "score": 0.0941, "demo": true, "porosidad_pct": 28.3, "espesor_arena_neta_ft": 126.6, "fuente": "Modelo DEMO sobre datos sinteticos. Distribuciones de la tabla 1 del USGS FS 2009-3028; etiqueta y reparto espacial inventados. NO es un dato observado.", "confianza": "baja", "ultima_verificacion": "2026-09-09"}}, {"type": "Feature", "geometry": {"type": "Polygon", "coordinates": [[[-62.38, 8.6], [-62.300000000000004, 8.6], [-62.300000000000004, 8.68], [-62.38, 8.68], [-62.38, 8.6]]]}, "properties": {"id": "DEMO--62.3800-8.6000", "tipo": "demo", "sector": "demo", "estado": "desconocido", "score": 0.6552, "demo": true, "porosidad_pct": 33.1, "espesor_arena_neta_ft": 75.9, "fuente": "Modelo DEMO sobre datos sinteticos. Distribuciones de la tabla 1 del USGS FS 2009-3028; etiqueta y reparto espacial inventados. NO es un dato observado.", "confianza": "baja", "ultima_verificacion": "2026-09-09"}}, {"type": "Feature", "geometry": {"type": "Polygon", "coordinates": [[[-62.3, 8.6], [-62.22, 8.6], [-62.22, 8.68], [-62.3, 8.68], [-62.3, 8.6]]]}, "properties": {"id": "DEMO--62.3000-8.6000", "tipo": "demo", "sector": "demo", "estado": "desconocido", "score": 0.4921, "demo": true, "porosidad_pct": 29.4, "espesor_arena_neta_ft": 120.3, "fuente": "Modelo DEMO sobre datos sinteticos. Distribuciones de la tabla 1 del USGS FS 2009-3028; etiqueta y reparto espacial inventados. NO es un dato observado.", "confianza": "baja", "ultima_verificacion": "2026-09-09"}}, {"type": "Feature", "geometry": {"type": "Polygon", "coordinates": [[[-62.22, 8.6], [-62.14, 8.6], [-62.14, 8.68], [-62.22, 8.68], [-62.22, 8.6]]]}, "properties": {"id": "DEMO--62.2200-8.6000", "tipo": "demo", "sector": "demo", "estado": "desconocido", "score": 0.2257, "demo": true, "porosidad_pct": 32.6, "espesor_arena_neta_ft": 67.0, "fuente": "Modelo DEMO sobre datos sinteticos. Distribuciones de la tabla 1 del USGS FS 2009-3028; etiqueta y reparto espacial inventados. NO es un dato observado.", "confianza": "baja", "ultima_verificacion": "2026-09-09"}}, {"type": "Feature", "geometry": {"type": "Polygon", "coordinates": [[[-62.14, 8.6], [-62.06, 8.6], [-62.06, 8.68], [-62.14, 8.68], [-62.14, 8.6]]]}, "properties": {"id": "DEMO--62.1400-8.6000", "tipo": "demo", "sector": "demo", "estado": "desconocido", "score": 0.7637, "demo": true, "porosidad_pct": 30.1, "espesor_arena_neta_ft": 121.8, "fuente": "Modelo DEMO sobre datos sinteticos. Distribuciones de la tabla 1 del USGS FS 2009-3028; etiqueta y reparto espacial inventados. NO es un dato observado.", "confianza": "baja", "ultima_verificacion": "2026-09-09"}}, {"type": "Feature", "geometry": {"type": "Polygon", "coordinates": [[[-67.34, 8.68], [-67.26, 8.68], [-67.26, 8.76], [-67.34, 8.76], [-67.34, 8.68]]]}, "properties": {"id": "DEMO--67.3400-8.6800", "tipo": "demo", "sector": "demo", "estado": "desconocido", "score": 0.8704, "demo": true, "porosidad_pct": 29.7, "espesor_arena_neta_ft": 151.8, "fuente": "Modelo DEMO sobre datos sinteticos. Distribuciones de la tabla 1 del USGS FS 2009-3028; etiqueta y reparto espacial inventados. NO es un dato observado.", "confianza": "baja", "ultima_verificacion": "2026-09-09"}}, {"type": "Feature", "geometry": {"type": "Polygon", "coordinates": [[[-67.26, 8.68], [-67.18, 8.68], [-67.18, 8.76], [-67.26, 8.76], [-67.26, 8.68]]]}, "properties": {"id": "DEMO--67.2600-8.6800", "tipo": "demo", "sector": "demo", "estado": "desconocido", "score": 0.4187, "demo": true, "porosidad_pct": 28.1, "espesor_arena_neta_ft": 159.4, "fuente": "Modelo DEMO sobre datos sinteticos. Distribuciones de la tabla 1 del USGS FS 2009-3028; etiqueta y reparto espacial inventados. NO es un dato observado.", "confianza": "baja", "ultima_verificacion": "2026-09-09"}}, {"type": "Feature", "geometry": {"type": "Polygon", "coordinates": [[[-67.18, 8.68], [-67.10000000000001, 8.68], [-67.10000000000001, 8.76], [-67.18, 8.76], [-67.18, 8.68]]]}, "properties": {"id": "DEMO--67.1800-8.6800", "tipo": "demo", "sector": "demo", "estado": "desconocido", "score": 0.786, "demo": true, "porosidad_pct": 30.7, "espesor_arena_neta_ft": 221.7, "fuente": "Modelo DEMO sobre datos sinteticos. Distribuciones de la tabla 1 del USGS FS 2009-3028; etiqueta y reparto espacial inventados. NO es un dato observado.", "confianza": "baja", "ultima_verificacion": "2026-09-09"}}, {"type": "Feature", "geometry": {"type": "Polygon", "coordinates": [[[-67.1, 8.68], [-67.02, 8.68], [-67.02, 8.76], [-67.1, 8.76], [-67.1, 8.68]]]}, "properties": {"id": "DEMO--67.1000-8.6800", "tipo": "demo", "sector": "demo", "estado": "desconocido", "score": 0.5763, "demo": true, "porosidad_pct": 29.2, "espesor_arena_neta_ft": 151.2, "fuente": "Modelo DEMO sobre datos sinteticos. Distribuciones de la tabla 1 del USGS FS 2009-3028; etiqueta y reparto espacial inventados. NO es un dato observado.", "confianza": "baja", "ultima_verificacion": "2026-09-09"}}, {"type": "Feature", "geometry": {"type": "Polygon", "coordinates": [[[-67.02, 8.68], [-66.94, 8.68], [-66.94, 8.76], [-67.02, 8.76], [-67.02, 8.68]]]}, "properties": {"id": "DEMO--67.0200-8.6800", "tipo": "demo", "sector": "demo", "estado": "desconocido", "score": 0.8975, "demo": true, "porosidad_pct": 33.7, "espesor_arena_neta_ft": 168.7, "fuente": "Modelo DEMO sobre datos sinteticos. Distribuciones de la tabla 1 del USGS FS 2009-3028; etiqueta y reparto espacial inventados. NO es un dato observado.", "confianza": "baja", "ultima_verificacion": "2026-09-09"}}, {"type": "Feature", "geometry": {"type": "Polygon", "coordinates": [[[-66.94, 8.68], [-66.86, 8.68], [-66.86, 8.76], [-66.94, 8.76], [-66.94, 8.68]]]}, "properties": {"id": "DEMO--66.9400-8.6800", "tipo": "demo", "sector": "demo", "estado": "desconocido", "score": 0.6847, "demo": true, "porosidad_pct": 31.5, "espesor_arena_neta_ft": 104.7, "fuente": "Modelo DEMO sobre datos sinteticos. Distribuciones de la tabla 1 del USGS FS 2009-3028; etiqueta y reparto espacial inventados. NO es un dato observado.", "confianza": "baja", "ultima_verificacion": "2026-09-09"}}, {"type": "Feature", "geometry": {"type": "Polygon", "coordinates": [[[-66.86, 8.68], [-66.78, 8.68], [-66.78, 8.76], [-66.86, 8.76], [-66.86, 8.68]]]}, "properties": {"id": "DEMO--66.8600-8.6800", "tipo": "demo", "sector": "demo", "estado": "desconocido", "score": 0.1366, "demo": true, "porosidad_pct": 27.1, "espesor_arena_neta_ft": 58.5, "fuente": "Modelo DEMO sobre datos sinteticos. Distribuciones de la tabla 1 del USGS FS 2009-3028; etiqueta y reparto espacial inventados. NO es un dato observado.", "confianza": "baja", "ultima_verificacion": "2026-09-09"}}, {"type": "Feature", "geometry": {"type": "Polygon", "coordinates": [[[-66.78, 8.68], [-66.7, 8.68], [-66.7, 8.76], [-66.78, 8.76], [-66.78, 8.68]]]}, "properties": {"id": "DEMO--66.7800-8.6800", "tipo": "demo", "sector": "demo", "estado": "desconocido", "score": 0.4528, "demo": true, "porosidad_pct": 32.6, "espesor_arena_neta_ft": 125.9, "fuente": "Modelo DEMO sobre datos sinteticos. Distribuciones de la tabla 1 del USGS FS 2009-3028; etiqueta y reparto espacial inventados. NO es un dato observado.", "confianza": "baja", "ultima_verificacion": "2026-09-09"}}, {"type": "Feature", "geometry": {"type": "Polygon", "coordinates": [[[-66.7, 8.68], [-66.62, 8.68], [-66.62, 8.76], [-66.7, 8.76], [-66.7, 8.68]]]}, "properties": {"id": "DEMO--66.7000-8.6800", "tipo": "demo", "sector": "demo", "estado": "desconocido", "score": 0.2042, "demo": true, "porosidad_pct": 27.0, "espesor_arena_neta_ft": 150.6, "fuente": "Modelo DEMO sobre datos sinteticos. Distribuciones de la tabla 1 del USGS FS 2009-3028; etiqueta y reparto espacial inventados. NO es un dato observado.", "confianza": "baja", "ultima_verificacion": "2026-09-09"}}, {"type": "Feature", "geometry": {"type": "Polygon", "coordinates": [[[-66.62, 8.68], [-66.54, 8.68], [-66.54, 8.76], [-66.62, 8.76], [-66.62, 8.68]]]}, "properties": {"id": "DEMO--66.6200-8.6800", "tipo": "demo", "sector": "demo", "estado": "desconocido", "score": 0.8616, "demo": true, "porosidad_pct": 28.1, "espesor_arena_neta_ft": 176.3, "fuente": "Modelo DEMO sobre datos sinteticos. Distribuciones de la tabla 1 del USGS FS 2009-3028; etiqueta y reparto espacial inventados. NO es un dato observado.", "confianza": "baja", "ultima_verificacion": "2026-09-09"}}, {"type": "Feature", "geometry": {"type": "Polygon", "coordinates": [[[-66.54, 8.68], [-66.46000000000001, 8.68], [-66.46000000000001, 8.76], [-66.54, 8.76], [-66.54, 8.68]]]}, "properties": {"id": "DEMO--66.5400-8.6800", "tipo": "demo", "sector": "demo", "estado": "desconocido", "score": 0.5377, "demo": true, "porosidad_pct": 31.2, "espesor_arena_neta_ft": 112.6, "fuente": "Modelo DEMO sobre datos sinteticos. Distribuciones de la tabla 1 del USGS FS 2009-3028; etiqueta y reparto espacial inventados. NO es un dato observado.", "confianza": "baja", "ultima_verificacion": "2026-09-09"}}, {"type": "Feature", "geometry": {"type": "Polygon", "coordinates": [[[-66.46, 8.68], [-66.38, 8.68], [-66.38, 8.76], [-66.46, 8.76], [-66.46, 8.68]]]}, "properties": {"id": "DEMO--66.4600-8.6800", "tipo": "demo", "sector": "demo", "estado": "desconocido", "score": 0.8595, "demo": true, "porosidad_pct": 30.8, "espesor_arena_neta_ft": 130.2, "fuente": "Modelo DEMO sobre datos sinteticos. Distribuciones de la tabla 1 del USGS FS 2009-3028; etiqueta y reparto espacial inventados. NO es un dato observado.", "confianza": "baja", "ultima_verificacion": "2026-09-09"}}, {"type": "Feature", "geometry": {"type": "Polygon", "coordinates": [[[-66.38, 8.68], [-66.3, 8.68], [-66.3, 8.76], [-66.38, 8.76], [-66.38, 8.68]]]}, "properties": {"id": "DEMO--66.3800-8.6800", "tipo": "demo", "sector": "demo", "estado": "desconocido", "score": 0.8901, "demo": true, "porosidad_pct": 30.4, "espesor_arena_neta_ft": 177.1, "fuente": "Modelo DEMO sobre datos sinteticos. Distribuciones de la tabla 1 del USGS FS 2009-3028; etiqueta y reparto espacial inventados. NO es un dato observado.", "confianza": "baja", "ultima_verificacion": "2026-09-09"}}, {"type": "Feature", "geometry": {"type": "Polygon", "coordinates": [[[-66.3, 8.68], [-66.22, 8.68], [-66.22, 8.76], [-66.3, 8.76], [-66.3, 8.68]]]}, "properties": {"id": "DEMO--66.3000-8.6800", "tipo": "demo", "sector": "demo", "estado": "desconocido", "score": 0.5437, "demo": true, "porosidad_pct": 30.1, "espesor_arena_neta_ft": 117.6, "fuente": "Modelo DEMO sobre datos sinteticos. Distribuciones de la tabla 1 del USGS FS 2009-3028; etiqueta y reparto espacial inventados. NO es un dato observado.", "confianza": "baja", "ultima_verificacion": "2026-09-09"}}, {"type": "Feature", "geometry": {"type": "Polygon", "coordinates": [[[-66.22, 8.68], [-66.14, 8.68], [-66.14, 8.76], [-66.22, 8.76], [-66.22, 8.68]]]}, "properties": {"id": "DEMO--66.2200-8.6800", "tipo": "demo", "sector": "demo", "estado": "desconocido", "score": 0.9338, "demo": true, "porosidad_pct": 33.6, "espesor_arena_neta_ft": 166.2, "fuente": "Modelo DEMO sobre datos sinteticos. Distribuciones de la tabla 1 del USGS FS 2009-3028; etiqueta y reparto espacial inventados. NO es un dato observado.", "confianza": "baja", "ultima_verificacion": "2026-09-09"}}, {"type": "Feature", "geometry": {"type": "Polygon", "coordinates": [[[-66.14, 8.68], [-66.06, 8.68], [-66.06, 8.76], [-66.14, 8.76], [-66.14, 8.68]]]}, "properties": {"id": "DEMO--66.1400-8.6800", "tipo": "demo", "sector": "demo", "estado": "desconocido", "score": 0.0906, "demo": true, "porosidad_pct": 29.0, "espesor_arena_neta_ft": 78.8, "fuente": "Modelo DEMO sobre datos sinteticos. Distribuciones de la tabla 1 del USGS FS 2009-3028; etiqueta y reparto espacial inventados. NO es un dato observado.", "confianza": "baja", "ultima_verificacion": "2026-09-09"}}, {"type": "Feature", "geometry": {"type": "Polygon", "coordinates": [[[-66.06, 8.68], [-65.98, 8.68], [-65.98, 8.76], [-66.06, 8.76], [-66.06, 8.68]]]}, "properties": {"id": "DEMO--66.0600-8.6800", "tipo": "demo", "sector": "demo", "estado": "desconocido", "score": 0.3555, "demo": true, "porosidad_pct": 29.6, "espesor_arena_neta_ft": 61.7, "fuente": "Modelo DEMO sobre datos sinteticos. Distribuciones de la tabla 1 del USGS FS 2009-3028; etiqueta y reparto espacial inventados. NO es un dato observado.", "confianza": "baja", "ultima_verificacion": "2026-09-09"}}, {"type": "Feature", "geometry": {"type": "Polygon", "coordinates": [[[-65.98, 8.68], [-65.9, 8.68], [-65.9, 8.76], [-65.98, 8.76], [-65.98, 8.68]]]}, "properties": {"id": "DEMO--65.9800-8.6800", "tipo": "demo", "sector": "demo", "estado": "desconocido", "score": 0.9149, "demo": true, "porosidad_pct": 30.4, "espesor_arena_neta_ft": 158.3, "fuente": "Modelo DEMO sobre datos sinteticos. Distribuciones de la tabla 1 del USGS FS 2009-3028; etiqueta y reparto espacial inventados. NO es un dato observado.", "confianza": "baja", "ultima_verificacion": "2026-09-09"}}, {"type": "Feature", "geometry": {"type": "Polygon", "coordinates": [[[-65.9, 8.68], [-65.82000000000001, 8.68], [-65.82000000000001, 8.76], [-65.9, 8.76], [-65.9, 8.68]]]}, "properties": {"id": "DEMO--65.9000-8.6800", "tipo": "demo", "sector": "demo", "estado": "desconocido", "score": 0.1864, "demo": true, "porosidad_pct": 28.5, "espesor_arena_neta_ft": 96.5, "fuente": "Modelo DEMO sobre datos sinteticos. Distribuciones de la tabla 1 del USGS FS 2009-3028; etiqueta y reparto espacial inventados. NO es un dato observado.", "confianza": "baja", "ultima_verificacion": "2026-09-09"}}, {"type": "Feature", "geometry": {"type": "Polygon", "coordinates": [[[-65.82, 8.68], [-65.74, 8.68], [-65.74, 8.76], [-65.82, 8.76], [-65.82, 8.68]]]}, "properties": {"id": "DEMO--65.8200-8.6800", "tipo": "demo", "sector": "demo", "estado": "desconocido", "score": 0.4199, "demo": true, "porosidad_pct": 30.6, "espesor_arena_neta_ft": 62.0, "fuente": "Modelo DEMO sobre datos sinteticos. Distribuciones de la tabla 1 del USGS FS 2009-3028; etiqueta y reparto espacial inventados. NO es un dato observado.", "confianza": "baja", "ultima_verificacion": "2026-09-09"}}, {"type": "Feature", "geometry": {"type": "Polygon", "coordinates": [[[-65.74, 8.68], [-65.66, 8.68], [-65.66, 8.76], [-65.74, 8.76], [-65.74, 8.68]]]}, "properties": {"id": "DEMO--65.7400-8.6800", "tipo": "demo", "sector": "demo", "estado": "desconocido", "score": 0.6184, "demo": true, "porosidad_pct": 28.6, "espesor_arena_neta_ft": 180.0, "fuente": "Modelo DEMO sobre datos sinteticos. Distribuciones de la tabla 1 del USGS FS 2009-3028; etiqueta y reparto espacial inventados. NO es un dato observado.", "confianza": "baja", "ultima_verificacion": "2026-09-09"}}, {"type": "Feature", "geometry": {"type": "Polygon", "coordinates": [[[-65.66, 8.68], [-65.58, 8.68], [-65.58, 8.76], [-65.66, 8.76], [-65.66, 8.68]]]}, "properties": {"id": "DEMO--65.6600-8.6800", "tipo": "demo", "sector": "demo", "estado": "desconocido", "score": 0.8596, "demo": true, "porosidad_pct": 33.6, "espesor_arena_neta_ft": 147.6, "fuente": "Modelo DEMO sobre datos sinteticos. Distribuciones de la tabla 1 del USGS FS 2009-3028; etiqueta y reparto espacial inventados. NO es un dato observado.", "confianza": "baja", "ultima_verificacion": "2026-09-09"}}, {"type": "Feature", "geometry": {"type": "Polygon", "coordinates": [[[-65.58, 8.68], [-65.5, 8.68], [-65.5, 8.76], [-65.58, 8.76], [-65.58, 8.68]]]}, "properties": {"id": "DEMO--65.5800-8.6800", "tipo": "demo", "sector": "demo", "estado": "desconocido", "score": 0.6535, "demo": true, "porosidad_pct": 33.4, "espesor_arena_neta_ft": 112.2, "fuente": "Modelo DEMO sobre datos sinteticos. Distribuciones de la tabla 1 del USGS FS 2009-3028; etiqueta y reparto espacial inventados. NO es un dato observado.", "confianza": "baja", "ultima_verificacion": "2026-09-09"}}, {"type": "Feature", "geometry": {"type": "Polygon", "coordinates": [[[-65.5, 8.68], [-65.42, 8.68], [-65.42, 8.76], [-65.5, 8.76], [-65.5, 8.68]]]}, "properties": {"id": "DEMO--65.5000-8.6800", "tipo": "demo", "sector": "demo", "estado": "desconocido", "score": 0.7227, "demo": true, "porosidad_pct": 28.6, "espesor_arena_neta_ft": 194.4, "fuente": "Modelo DEMO sobre datos sinteticos. Distribuciones de la tabla 1 del USGS FS 2009-3028; etiqueta y reparto espacial inventados. NO es un dato observado.", "confianza": "baja", "ultima_verificacion": "2026-09-09"}}, {"type": "Feature", "geometry": {"type": "Polygon", "coordinates": [[[-65.42, 8.68], [-65.34, 8.68], [-65.34, 8.76], [-65.42, 8.76], [-65.42, 8.68]]]}, "properties": {"id": "DEMO--65.4200-8.6800", "tipo": "demo", "sector": "demo", "estado": "desconocido", "score": 0.831, "demo": true, "porosidad_pct": 30.6, "espesor_arena_neta_ft": 120.2, "fuente": "Modelo DEMO sobre datos sinteticos. Distribuciones de la tabla 1 del USGS FS 2009-3028; etiqueta y reparto espacial inventados. NO es un dato observado.", "confianza": "baja", "ultima_verificacion": "2026-09-09"}}, {"type": "Feature", "geometry": {"type": "Polygon", "coordinates": [[[-65.34, 8.68], [-65.26, 8.68], [-65.26, 8.76], [-65.34, 8.76], [-65.34, 8.68]]]}, "properties": {"id": "DEMO--65.3400-8.6800", "tipo": "demo", "sector": "demo", "estado": "desconocido", "score": 0.42, "demo": true, "porosidad_pct": 29.0, "espesor_arena_neta_ft": 105.5, "fuente": "Modelo DEMO sobre datos sinteticos. Distribuciones de la tabla 1 del USGS FS 2009-3028; etiqueta y reparto espacial inventados. NO es un dato observado.", "confianza": "baja", "ultima_verificacion": "2026-09-09"}}, {"type": "Feature", "geometry": {"type": "Polygon", "coordinates": [[[-65.26, 8.68], [-65.18, 8.68], [-65.18, 8.76], [-65.26, 8.76], [-65.26, 8.68]]]}, "properties": {"id": "DEMO--65.2600-8.6800", "tipo": "demo", "sector": "demo", "estado": "desconocido", "score": 0.5717, "demo": true, "porosidad_pct": 31.4, "espesor_arena_neta_ft": 148.2, "fuente": "Modelo DEMO sobre datos sinteticos. Distribuciones de la tabla 1 del USGS FS 2009-3028; etiqueta y reparto espacial inventados. NO es un dato observado.", "confianza": "baja", "ultima_verificacion": "2026-09-09"}}, {"type": "Feature", "geometry": {"type": "Polygon", "coordinates": [[[-65.18, 8.68], [-65.10000000000001, 8.68], [-65.10000000000001, 8.76], [-65.18, 8.76], [-65.18, 8.68]]]}, "properties": {"id": "DEMO--65.1800-8.6800", "tipo": "demo", "sector": "demo", "estado": "desconocido", "score": 0.6958, "demo": true, "porosidad_pct": 27.2, "espesor_arena_neta_ft": 230.9, "fuente": "Modelo DEMO sobre datos sinteticos. Distribuciones de la tabla 1 del USGS FS 2009-3028; etiqueta y reparto espacial inventados. NO es un dato observado.", "confianza": "baja", "ultima_verificacion": "2026-09-09"}}, {"type": "Feature", "geometry": {"type": "Polygon", "coordinates": [[[-65.1, 8.68], [-65.02, 8.68], [-65.02, 8.76], [-65.1, 8.76], [-65.1, 8.68]]]}, "properties": {"id": "DEMO--65.1000-8.6800", "tipo": "demo", "sector": "demo", "estado": "desconocido", "score": 0.2584, "demo": true, "porosidad_pct": 28.7, "espesor_arena_neta_ft": 197.6, "fuente": "Modelo DEMO sobre datos sinteticos. Distribuciones de la tabla 1 del USGS FS 2009-3028; etiqueta y reparto espacial inventados. NO es un dato observado.", "confianza": "baja", "ultima_verificacion": "2026-09-09"}}, {"type": "Feature", "geometry": {"type": "Polygon", "coordinates": [[[-65.02, 8.68], [-64.94, 8.68], [-64.94, 8.76], [-65.02, 8.76], [-65.02, 8.68]]]}, "properties": {"id": "DEMO--65.0200-8.6800", "tipo": "demo", "sector": "demo", "estado": "desconocido", "score": 0.662, "demo": true, "porosidad_pct": 26.2, "espesor_arena_neta_ft": 243.7, "fuente": "Modelo DEMO sobre datos sinteticos. Distribuciones de la tabla 1 del USGS FS 2009-3028; etiqueta y reparto espacial inventados. NO es un dato observado.", "confianza": "baja", "ultima_verificacion": "2026-09-09"}}, {"type": "Feature", "geometry": {"type": "Polygon", "coordinates": [[[-64.94, 8.68], [-64.86, 8.68], [-64.86, 8.76], [-64.94, 8.76], [-64.94, 8.68]]]}, "properties": {"id": "DEMO--64.9400-8.6800", "tipo": "demo", "sector": "demo", "estado": "desconocido", "score": 0.1711, "demo": true, "porosidad_pct": 26.8, "espesor_arena_neta_ft": 174.7, "fuente": "Modelo DEMO sobre datos sinteticos. Distribuciones de la tabla 1 del USGS FS 2009-3028; etiqueta y reparto espacial inventados. NO es un dato observado.", "confianza": "baja", "ultima_verificacion": "2026-09-09"}}, {"type": "Feature", "geometry": {"type": "Polygon", "coordinates": [[[-64.86, 8.68], [-64.78, 8.68], [-64.78, 8.76], [-64.86, 8.76], [-64.86, 8.68]]]}, "properties": {"id": "DEMO--64.8600-8.6800", "tipo": "demo", "sector": "demo", "estado": "desconocido", "score": 0.4798, "demo": true, "porosidad_pct": 29.4, "espesor_arena_neta_ft": 246.1, "fuente": "Modelo DEMO sobre datos sinteticos. Distribuciones de la tabla 1 del USGS FS 2009-3028; etiqueta y reparto espacial inventados. NO es un dato observado.", "confianza": "baja", "ultima_verificacion": "2026-09-09"}}, {"type": "Feature", "geometry": {"type": "Polygon", "coordinates": [[[-64.78, 8.68], [-64.7, 8.68], [-64.7, 8.76], [-64.78, 8.76], [-64.78, 8.68]]]}, "properties": {"id": "DEMO--64.7800-8.6800", "tipo": "demo", "sector": "demo", "estado": "desconocido", "score": 0.3506, "demo": true, "porosidad_pct": 27.9, "espesor_arena_neta_ft": 175.2, "fuente": "Modelo DEMO sobre datos sinteticos. Distribuciones de la tabla 1 del USGS FS 2009-3028; etiqueta y reparto espacial inventados. NO es un dato observado.", "confianza": "baja", "ultima_verificacion": "2026-09-09"}}, {"type": "Feature", "geometry": {"type": "Polygon", "coordinates": [[[-64.7, 8.68], [-64.62, 8.68], [-64.62, 8.76], [-64.7, 8.76], [-64.7, 8.68]]]}, "properties": {"id": "DEMO--64.7000-8.6800", "tipo": "demo", "sector": "demo", "estado": "desconocido", "score": 0.6347, "demo": true, "porosidad_pct": 27.2, "espesor_arena_neta_ft": 262.8, "fuente": "Modelo DEMO sobre datos sinteticos. Distribuciones de la tabla 1 del USGS FS 2009-3028; etiqueta y reparto espacial inventados. NO es un dato observado.", "confianza": "baja", "ultima_verificacion": "2026-09-09"}}, {"type": "Feature", "geometry": {"type": "Polygon", "coordinates": [[[-64.62, 8.68], [-64.54, 8.68], [-64.54, 8.76], [-64.62, 8.76], [-64.62, 8.68]]]}, "properties": {"id": "DEMO--64.6200-8.6800", "tipo": "demo", "sector": "demo", "estado": "desconocido", "score": 0.15, "demo": true, "porosidad_pct": 25.1, "espesor_arena_neta_ft": 180.1, "fuente": "Modelo DEMO sobre datos sinteticos. Distribuciones de la tabla 1 del USGS FS 2009-3028; etiqueta y reparto espacial inventados. NO es un dato observado.", "confianza": "baja", "ultima_verificacion": "2026-09-09"}}, {"type": "Feature", "geometry": {"type": "Polygon", "coordinates": [[[-64.54, 8.68], [-64.46000000000001, 8.68], [-64.46000000000001, 8.76], [-64.54, 8.76], [-64.54, 8.68]]]}, "properties": {"id": "DEMO--64.5400-8.6800", "tipo": "demo", "sector": "demo", "estado": "desconocido", "score": 0.0965, "demo": true, "porosidad_pct": 26.6, "espesor_arena_neta_ft": 184.2, "fuente": "Modelo DEMO sobre datos sinteticos. Distribuciones de la tabla 1 del USGS FS 2009-3028; etiqueta y reparto espacial inventados. NO es un dato observado.", "confianza": "baja", "ultima_verificacion": "2026-09-09"}}, {"type": "Feature", "geometry": {"type": "Polygon", "coordinates": [[[-64.46, 8.68], [-64.38, 8.68], [-64.38, 8.76], [-64.46, 8.76], [-64.46, 8.68]]]}, "properties": {"id": "DEMO--64.4600-8.6800", "tipo": "demo", "sector": "demo", "estado": "desconocido", "score": 0.0937, "demo": true, "porosidad_pct": 26.3, "espesor_arena_neta_ft": 138.7, "fuente": "Modelo DEMO sobre datos sinteticos. Distribuciones de la tabla 1 del USGS FS 2009-3028; etiqueta y reparto espacial inventados. NO es un dato observado.", "confianza": "baja", "ultima_verificacion": "2026-09-09"}}, {"type": "Feature", "geometry": {"type": "Polygon", "coordinates": [[[-64.38, 8.68], [-64.3, 8.68], [-64.3, 8.76], [-64.38, 8.76], [-64.38, 8.68]]]}, "properties": {"id": "DEMO--64.3800-8.6800", "tipo": "demo", "sector": "demo", "estado": "desconocido", "score": 0.2814, "demo": true, "porosidad_pct": 27.1, "espesor_arena_neta_ft": 135.6, "fuente": "Modelo DEMO sobre datos sinteticos. Distribuciones de la tabla 1 del USGS FS 2009-3028; etiqueta y reparto espacial inventados. NO es un dato observado.", "confianza": "baja", "ultima_verificacion": "2026-09-09"}}, {"type": "Feature", "geometry": {"type": "Polygon", "coordinates": [[[-64.3, 8.68], [-64.22, 8.68], [-64.22, 8.76], [-64.3, 8.76], [-64.3, 8.68]]]}, "properties": {"id": "DEMO--64.3000-8.6800", "tipo": "demo", "sector": "demo", "estado": "desconocido", "score": 0.2273, "demo": true, "porosidad_pct": 24.7, "espesor_arena_neta_ft": 180.9, "fuente": "Modelo DEMO sobre datos sinteticos. Distribuciones de la tabla 1 del USGS FS 2009-3028; etiqueta y reparto espacial inventados. NO es un dato observado.", "confianza": "baja", "ultima_verificacion": "2026-09-09"}}, {"type": "Feature", "geometry": {"type": "Polygon", "coordinates": [[[-64.22, 8.68], [-64.14, 8.68], [-64.14, 8.76], [-64.22, 8.76], [-64.22, 8.68]]]}, "properties": {"id": "DEMO--64.2200-8.6800", "tipo": "demo", "sector": "demo", "estado": "desconocido", "score": 0.0485, "demo": true, "porosidad_pct": 24.6, "espesor_arena_neta_ft": 137.1, "fuente": "Modelo DEMO sobre datos sinteticos. Distribuciones de la tabla 1 del USGS FS 2009-3028; etiqueta y reparto espacial inventados. NO es un dato observado.", "confianza": "baja", "ultima_verificacion": "2026-09-09"}}, {"type": "Feature", "geometry": {"type": "Polygon", "coordinates": [[[-64.14, 8.68], [-64.06, 8.68], [-64.06, 8.76], [-64.14, 8.76], [-64.14, 8.68]]]}, "properties": {"id": "DEMO--64.1400-8.6800", "tipo": "demo", "sector": "demo", "estado": "desconocido", "score": 0.3012, "demo": true, "porosidad_pct": 29.9, "espesor_arena_neta_ft": 127.5, "fuente": "Modelo DEMO sobre datos sinteticos. Distribuciones de la tabla 1 del USGS FS 2009-3028; etiqueta y reparto espacial inventados. NO es un dato observado.", "confianza": "baja", "ultima_verificacion": "2026-09-09"}}, {"type": "Feature", "geometry": {"type": "Polygon", "coordinates": [[[-64.06, 8.68], [-63.980000000000004, 8.68], [-63.980000000000004, 8.76], [-64.06, 8.76], [-64.06, 8.68]]]}, "properties": {"id": "DEMO--64.0600-8.6800", "tipo": "demo", "sector": "demo", "estado": "desconocido", "score": 0.678, "demo": true, "porosidad_pct": 30.3, "espesor_arena_neta_ft": 174.4, "fuente": "Modelo DEMO sobre datos sinteticos. Distribuciones de la tabla 1 del USGS FS 2009-3028; etiqueta y reparto espacial inventados. NO es un dato observado.", "confianza": "baja", "ultima_verificacion": "2026-09-09"}}, {"type": "Feature", "geometry": {"type": "Polygon", "coordinates": [[[-63.98, 8.68], [-63.9, 8.68], [-63.9, 8.76], [-63.98, 8.76], [-63.98, 8.68]]]}, "properties": {"id": "DEMO--63.9800-8.6800", "tipo": "demo", "sector": "demo", "estado": "desconocido", "score": 0.5933, "demo": true, "porosidad_pct": 29.4, "espesor_arena_neta_ft": 154.8, "fuente": "Modelo DEMO sobre datos sinteticos. Distribuciones de la tabla 1 del USGS FS 2009-3028; etiqueta y reparto espacial inventados. NO es un dato observado.", "confianza": "baja", "ultima_verificacion": "2026-09-09"}}, {"type": "Feature", "geometry": {"type": "Polygon", "coordinates": [[[-63.9, 8.68], [-63.82, 8.68], [-63.82, 8.76], [-63.9, 8.76], [-63.9, 8.68]]]}, "properties": {"id": "DEMO--63.9000-8.6800", "tipo": "demo", "sector": "demo", "estado": "desconocido", "score": 0.7596, "demo": true, "porosidad_pct": 30.6, "espesor_arena_neta_ft": 134.8, "fuente": "Modelo DEMO sobre datos sinteticos. Distribuciones de la tabla 1 del USGS FS 2009-3028; etiqueta y reparto espacial inventados. NO es un dato observado.", "confianza": "baja", "ultima_verificacion": "2026-09-09"}}, {"type": "Feature", "geometry": {"type": "Polygon", "coordinates": [[[-63.82, 8.68], [-63.74, 8.68], [-63.74, 8.76], [-63.82, 8.76], [-63.82, 8.68]]]}, "properties": {"id": "DEMO--63.8200-8.6800", "tipo": "demo", "sector": "demo", "estado": "desconocido", "score": 0.0627, "demo": true, "porosidad_pct": 26.4, "espesor_arena_neta_ft": 132.2, "fuente": "Modelo DEMO sobre datos sinteticos. Distribuciones de la tabla 1 del USGS FS 2009-3028; etiqueta y reparto espacial inventados. NO es un dato observado.", "confianza": "baja", "ultima_verificacion": "2026-09-09"}}, {"type": "Feature", "geometry": {"type": "Polygon", "coordinates": [[[-63.74, 8.68], [-63.660000000000004, 8.68], [-63.660000000000004, 8.76], [-63.74, 8.76], [-63.74, 8.68]]]}, "properties": {"id": "DEMO--63.7400-8.6800", "tipo": "demo", "sector": "demo", "estado": "desconocido", "score": 0.8096, "demo": true, "porosidad_pct": 29.7, "espesor_arena_neta_ft": 130.1, "fuente": "Modelo DEMO sobre datos sinteticos. Distribuciones de la tabla 1 del USGS FS 2009-3028; etiqueta y reparto espacial inventados. NO es un dato observado.", "confianza": "baja", "ultima_verificacion": "2026-09-09"}}, {"type": "Feature", "geometry": {"type": "Polygon", "coordinates": [[[-63.66, 8.68], [-63.58, 8.68], [-63.58, 8.76], [-63.66, 8.76], [-63.66, 8.68]]]}, "properties": {"id": "DEMO--63.6600-8.6800", "tipo": "demo", "sector": "demo", "estado": "desconocido", "score": 0.2607, "demo": true, "porosidad_pct": 28.8, "espesor_arena_neta_ft": 90.4, "fuente": "Modelo DEMO sobre datos sinteticos. Distribuciones de la tabla 1 del USGS FS 2009-3028; etiqueta y reparto espacial inventados. NO es un dato observado.", "confianza": "baja", "ultima_verificacion": "2026-09-09"}}, {"type": "Feature", "geometry": {"type": "Polygon", "coordinates": [[[-63.58, 8.68], [-63.5, 8.68], [-63.5, 8.76], [-63.58, 8.76], [-63.58, 8.68]]]}, "properties": {"id": "DEMO--63.5800-8.6800", "tipo": "demo", "sector": "demo", "estado": "desconocido", "score": 0.5284, "demo": true, "porosidad_pct": 25.8, "espesor_arena_neta_ft": 102.3, "fuente": "Modelo DEMO sobre datos sinteticos. Distribuciones de la tabla 1 del USGS FS 2009-3028; etiqueta y reparto espacial inventados. NO es un dato observado.", "confianza": "baja", "ultima_verificacion": "2026-09-09"}}, {"type": "Feature", "geometry": {"type": "Polygon", "coordinates": [[[-63.5, 8.68], [-63.42, 8.68], [-63.42, 8.76], [-63.5, 8.76], [-63.5, 8.68]]]}, "properties": {"id": "DEMO--63.5000-8.6800", "tipo": "demo", "sector": "demo", "estado": "desconocido", "score": 0.5083, "demo": true, "porosidad_pct": 29.6, "espesor_arena_neta_ft": 155.5, "fuente": "Modelo DEMO sobre datos sinteticos. Distribuciones de la tabla 1 del USGS FS 2009-3028; etiqueta y reparto espacial inventados. NO es un dato observado.", "confianza": "baja", "ultima_verificacion": "2026-09-09"}}, {"type": "Feature", "geometry": {"type": "Polygon", "coordinates": [[[-63.42, 8.68], [-63.34, 8.68], [-63.34, 8.76], [-63.42, 8.76], [-63.42, 8.68]]]}, "properties": {"id": "DEMO--63.4200-8.6800", "tipo": "demo", "sector": "demo", "estado": "desconocido", "score": 0.1389, "demo": true, "porosidad_pct": 31.0, "espesor_arena_neta_ft": 82.7, "fuente": "Modelo DEMO sobre datos sinteticos. Distribuciones de la tabla 1 del USGS FS 2009-3028; etiqueta y reparto espacial inventados. NO es un dato observado.", "confianza": "baja", "ultima_verificacion": "2026-09-09"}}, {"type": "Feature", "geometry": {"type": "Polygon", "coordinates": [[[-63.34, 8.68], [-63.260000000000005, 8.68], [-63.260000000000005, 8.76], [-63.34, 8.76], [-63.34, 8.68]]]}, "properties": {"id": "DEMO--63.3400-8.6800", "tipo": "demo", "sector": "demo", "estado": "desconocido", "score": 0.4932, "demo": true, "porosidad_pct": 30.4, "espesor_arena_neta_ft": 109.7, "fuente": "Modelo DEMO sobre datos sinteticos. Distribuciones de la tabla 1 del USGS FS 2009-3028; etiqueta y reparto espacial inventados. NO es un dato observado.", "confianza": "baja", "ultima_verificacion": "2026-09-09"}}, {"type": "Feature", "geometry": {"type": "Polygon", "coordinates": [[[-63.26, 8.68], [-63.18, 8.68], [-63.18, 8.76], [-63.26, 8.76], [-63.26, 8.68]]]}, "properties": {"id": "DEMO--63.2600-8.6800", "tipo": "demo", "sector": "demo", "estado": "desconocido", "score": 0.1856, "demo": true, "porosidad_pct": 27.9, "espesor_arena_neta_ft": 58.9, "fuente": "Modelo DEMO sobre datos sinteticos. Distribuciones de la tabla 1 del USGS FS 2009-3028; etiqueta y reparto espacial inventados. NO es un dato observado.", "confianza": "baja", "ultima_verificacion": "2026-09-09"}}, {"type": "Feature", "geometry": {"type": "Polygon", "coordinates": [[[-63.18, 8.68], [-63.1, 8.68], [-63.1, 8.76], [-63.18, 8.76], [-63.18, 8.68]]]}, "properties": {"id": "DEMO--63.1800-8.6800", "tipo": "demo", "sector": "demo", "estado": "desconocido", "score": 0.3736, "demo": true, "porosidad_pct": 31.2, "espesor_arena_neta_ft": 123.5, "fuente": "Modelo DEMO sobre datos sinteticos. Distribuciones de la tabla 1 del USGS FS 2009-3028; etiqueta y reparto espacial inventados. NO es un dato observado.", "confianza": "baja", "ultima_verificacion": "2026-09-09"}}, {"type": "Feature", "geometry": {"type": "Polygon", "coordinates": [[[-63.1, 8.68], [-63.02, 8.68], [-63.02, 8.76], [-63.1, 8.76], [-63.1, 8.68]]]}, "properties": {"id": "DEMO--63.1000-8.6800", "tipo": "demo", "sector": "demo", "estado": "desconocido", "score": 0.4956, "demo": true, "porosidad_pct": 31.8, "espesor_arena_neta_ft": 72.4, "fuente": "Modelo DEMO sobre datos sinteticos. Distribuciones de la tabla 1 del USGS FS 2009-3028; etiqueta y reparto espacial inventados. NO es un dato observado.", "confianza": "baja", "ultima_verificacion": "2026-09-09"}}, {"type": "Feature", "geometry": {"type": "Polygon", "coordinates": [[[-63.02, 8.68], [-62.940000000000005, 8.68], [-62.940000000000005, 8.76], [-63.02, 8.76], [-63.02, 8.68]]]}, "properties": {"id": "DEMO--63.0200-8.6800", "tipo": "demo", "sector": "demo", "estado": "desconocido", "score": 0.5609, "demo": true, "porosidad_pct": 31.0, "espesor_arena_neta_ft": 122.7, "fuente": "Modelo DEMO sobre datos sinteticos. Distribuciones de la tabla 1 del USGS FS 2009-3028; etiqueta y reparto espacial inventados. NO es un dato observado.", "confianza": "baja", "ultima_verificacion": "2026-09-09"}}, {"type": "Feature", "geometry": {"type": "Polygon", "coordinates": [[[-62.94, 8.68], [-62.86, 8.68], [-62.86, 8.76], [-62.94, 8.76], [-62.94, 8.68]]]}, "properties": {"id": "DEMO--62.9400-8.6800", "tipo": "demo", "sector": "demo", "estado": "desconocido", "score": 0.901, "demo": true, "porosidad_pct": 33.5, "espesor_arena_neta_ft": 143.6, "fuente": "Modelo DEMO sobre datos sinteticos. Distribuciones de la tabla 1 del USGS FS 2009-3028; etiqueta y reparto espacial inventados. NO es un dato observado.", "confianza": "baja", "ultima_verificacion": "2026-09-09"}}, {"type": "Feature", "geometry": {"type": "Polygon", "coordinates": [[[-62.86, 8.68], [-62.78, 8.68], [-62.78, 8.76], [-62.86, 8.76], [-62.86, 8.68]]]}, "properties": {"id": "DEMO--62.8600-8.6800", "tipo": "demo", "sector": "demo", "estado": "desconocido", "score": 0.9478, "demo": true, "porosidad_pct": 33.5, "espesor_arena_neta_ft": 198.7, "fuente": "Modelo DEMO sobre datos sinteticos. Distribuciones de la tabla 1 del USGS FS 2009-3028; etiqueta y reparto espacial inventados. NO es un dato observado.", "confianza": "baja", "ultima_verificacion": "2026-09-09"}}, {"type": "Feature", "geometry": {"type": "Polygon", "coordinates": [[[-62.78, 8.68], [-62.7, 8.68], [-62.7, 8.76], [-62.78, 8.76], [-62.78, 8.68]]]}, "properties": {"id": "DEMO--62.7800-8.6800", "tipo": "demo", "sector": "demo", "estado": "desconocido", "score": 0.9561, "demo": true, "porosidad_pct": 34.2, "espesor_arena_neta_ft": 207.0, "fuente": "Modelo DEMO sobre datos sinteticos. Distribuciones de la tabla 1 del USGS FS 2009-3028; etiqueta y reparto espacial inventados. NO es un dato observado.", "confianza": "baja", "ultima_verificacion": "2026-09-09"}}, {"type": "Feature", "geometry": {"type": "Polygon", "coordinates": [[[-62.7, 8.68], [-62.620000000000005, 8.68], [-62.620000000000005, 8.76], [-62.7, 8.76], [-62.7, 8.68]]]}, "properties": {"id": "DEMO--62.7000-8.6800", "tipo": "demo", "sector": "demo", "estado": "desconocido", "score": 0.9059, "demo": true, "porosidad_pct": 34.9, "espesor_arena_neta_ft": 185.2, "fuente": "Modelo DEMO sobre datos sinteticos. Distribuciones de la tabla 1 del USGS FS 2009-3028; etiqueta y reparto espacial inventados. NO es un dato observado.", "confianza": "baja", "ultima_verificacion": "2026-09-09"}}, {"type": "Feature", "geometry": {"type": "Polygon", "coordinates": [[[-62.62, 8.68], [-62.54, 8.68], [-62.54, 8.76], [-62.62, 8.76], [-62.62, 8.68]]]}, "properties": {"id": "DEMO--62.6200-8.6800", "tipo": "demo", "sector": "demo", "estado": "desconocido", "score": 0.7225, "demo": true, "porosidad_pct": 28.6, "espesor_arena_neta_ft": 157.4, "fuente": "Modelo DEMO sobre datos sinteticos. Distribuciones de la tabla 1 del USGS FS 2009-3028; etiqueta y reparto espacial inventados. NO es un dato observado.", "confianza": "baja", "ultima_verificacion": "2026-09-09"}}, {"type": "Feature", "geometry": {"type": "Polygon", "coordinates": [[[-62.54, 8.68], [-62.46, 8.68], [-62.46, 8.76], [-62.54, 8.76], [-62.54, 8.68]]]}, "properties": {"id": "DEMO--62.5400-8.6800", "tipo": "demo", "sector": "demo", "estado": "desconocido", "score": 0.9285, "demo": true, "porosidad_pct": 31.7, "espesor_arena_neta_ft": 156.2, "fuente": "Modelo DEMO sobre datos sinteticos. Distribuciones de la tabla 1 del USGS FS 2009-3028; etiqueta y reparto espacial inventados. NO es un dato observado.", "confianza": "baja", "ultima_verificacion": "2026-09-09"}}, {"type": "Feature", "geometry": {"type": "Polygon", "coordinates": [[[-62.46, 8.68], [-62.38, 8.68], [-62.38, 8.76], [-62.46, 8.76], [-62.46, 8.68]]]}, "properties": {"id": "DEMO--62.4600-8.6800", "tipo": "demo", "sector": "demo", "estado": "desconocido", "score": 0.5542, "demo": true, "porosidad_pct": 30.6, "espesor_arena_neta_ft": 123.6, "fuente": "Modelo DEMO sobre datos sinteticos. Distribuciones de la tabla 1 del USGS FS 2009-3028; etiqueta y reparto espacial inventados. NO es un dato observado.", "confianza": "baja", "ultima_verificacion": "2026-09-09"}}, {"type": "Feature", "geometry": {"type": "Polygon", "coordinates": [[[-62.38, 8.68], [-62.300000000000004, 8.68], [-62.300000000000004, 8.76], [-62.38, 8.76], [-62.38, 8.68]]]}, "properties": {"id": "DEMO--62.3800-8.6800", "tipo": "demo", "sector": "demo", "estado": "desconocido", "score": 0.294, "demo": true, "porosidad_pct": 29.4, "espesor_arena_neta_ft": 84.4, "fuente": "Modelo DEMO sobre datos sinteticos. Distribuciones de la tabla 1 del USGS FS 2009-3028; etiqueta y reparto espacial inventados. NO es un dato observado.", "confianza": "baja", "ultima_verificacion": "2026-09-09"}}, {"type": "Feature", "geometry": {"type": "Polygon", "coordinates": [[[-62.3, 8.68], [-62.22, 8.68], [-62.22, 8.76], [-62.3, 8.76], [-62.3, 8.68]]]}, "properties": {"id": "DEMO--62.3000-8.6800", "tipo": "demo", "sector": "demo", "estado": "desconocido", "score": 0.1815, "demo": true, "porosidad_pct": 30.5, "espesor_arena_neta_ft": 100.0, "fuente": "Modelo DEMO sobre datos sinteticos. Distribuciones de la tabla 1 del USGS FS 2009-3028; etiqueta y reparto espacial inventados. NO es un dato observado.", "confianza": "baja", "ultima_verificacion": "2026-09-09"}}, {"type": "Feature", "geometry": {"type": "Polygon", "coordinates": [[[-62.22, 8.68], [-62.14, 8.68], [-62.14, 8.76], [-62.22, 8.76], [-62.22, 8.68]]]}, "properties": {"id": "DEMO--62.2200-8.6800", "tipo": "demo", "sector": "demo", "estado": "desconocido", "score": 0.33, "demo": true, "porosidad_pct": 26.6, "espesor_arena_neta_ft": 150.0, "fuente": "Modelo DEMO sobre datos sinteticos. Distribuciones de la tabla 1 del USGS FS 2009-3028; etiqueta y reparto espacial inventados. NO es un dato observado.", "confianza": "baja", "ultima_verificacion": "2026-09-09"}}, {"type": "Feature", "geometry": {"type": "Polygon", "coordinates": [[[-62.14, 8.68], [-62.06, 8.68], [-62.06, 8.76], [-62.14, 8.76], [-62.14, 8.68]]]}, "properties": {"id": "DEMO--62.1400-8.6800", "tipo": "demo", "sector": "demo", "estado": "desconocido", "score": 0.4025, "demo": true, "porosidad_pct": 28.6, "espesor_arena_neta_ft": 117.5, "fuente": "Modelo DEMO sobre datos sinteticos. Distribuciones de la tabla 1 del USGS FS 2009-3028; etiqueta y reparto espacial inventados. NO es un dato observado.", "confianza": "baja", "ultima_verificacion": "2026-09-09"}}, {"type": "Feature", "geometry": {"type": "Polygon", "coordinates": [[[-67.34, 8.76], [-67.26, 8.76], [-67.26, 8.84], [-67.34, 8.84], [-67.34, 8.76]]]}, "properties": {"id": "DEMO--67.3400-8.7600", "tipo": "demo", "sector": "demo", "estado": "desconocido", "score": 0.3152, "demo": true, "porosidad_pct": 28.3, "espesor_arena_neta_ft": 185.2, "fuente": "Modelo DEMO sobre datos sinteticos. Distribuciones de la tabla 1 del USGS FS 2009-3028; etiqueta y reparto espacial inventados. NO es un dato observado.", "confianza": "baja", "ultima_verificacion": "2026-09-09"}}, {"type": "Feature", "geometry": {"type": "Polygon", "coordinates": [[[-67.26, 8.76], [-67.18, 8.76], [-67.18, 8.84], [-67.26, 8.84], [-67.26, 8.76]]]}, "properties": {"id": "DEMO--67.2600-8.7600", "tipo": "demo", "sector": "demo", "estado": "desconocido", "score": 0.4368, "demo": true, "porosidad_pct": 30.9, "espesor_arena_neta_ft": 102.4, "fuente": "Modelo DEMO sobre datos sinteticos. Distribuciones de la tabla 1 del USGS FS 2009-3028; etiqueta y reparto espacial inventados. NO es un dato observado.", "confianza": "baja", "ultima_verificacion": "2026-09-09"}}, {"type": "Feature", "geometry": {"type": "Polygon", "coordinates": [[[-67.18, 8.76], [-67.10000000000001, 8.76], [-67.10000000000001, 8.84], [-67.18, 8.84], [-67.18, 8.76]]]}, "properties": {"id": "DEMO--67.1800-8.7600", "tipo": "demo", "sector": "demo", "estado": "desconocido", "score": 0.6259, "demo": true, "porosidad_pct": 29.1, "espesor_arena_neta_ft": 187.0, "fuente": "Modelo DEMO sobre datos sinteticos. Distribuciones de la tabla 1 del USGS FS 2009-3028; etiqueta y reparto espacial inventados. NO es un dato observado.", "confianza": "baja", "ultima_verificacion": "2026-09-09"}}, {"type": "Feature", "geometry": {"type": "Polygon", "coordinates": [[[-67.1, 8.76], [-67.02, 8.76], [-67.02, 8.84], [-67.1, 8.84], [-67.1, 8.76]]]}, "properties": {"id": "DEMO--67.1000-8.7600", "tipo": "demo", "sector": "demo", "estado": "desconocido", "score": 0.1155, "demo": true, "porosidad_pct": 29.3, "espesor_arena_neta_ft": 75.7, "fuente": "Modelo DEMO sobre datos sinteticos. Distribuciones de la tabla 1 del USGS FS 2009-3028; etiqueta y reparto espacial inventados. NO es un dato observado.", "confianza": "baja", "ultima_verificacion": "2026-09-09"}}, {"type": "Feature", "geometry": {"type": "Polygon", "coordinates": [[[-67.02, 8.76], [-66.94, 8.76], [-66.94, 8.84], [-67.02, 8.84], [-67.02, 8.76]]]}, "properties": {"id": "DEMO--67.0200-8.7600", "tipo": "demo", "sector": "demo", "estado": "desconocido", "score": 0.5561, "demo": true, "porosidad_pct": 29.9, "espesor_arena_neta_ft": 75.6, "fuente": "Modelo DEMO sobre datos sinteticos. Distribuciones de la tabla 1 del USGS FS 2009-3028; etiqueta y reparto espacial inventados. NO es un dato observado.", "confianza": "baja", "ultima_verificacion": "2026-09-09"}}, {"type": "Feature", "geometry": {"type": "Polygon", "coordinates": [[[-66.94, 8.76], [-66.86, 8.76], [-66.86, 8.84], [-66.94, 8.84], [-66.94, 8.76]]]}, "properties": {"id": "DEMO--66.9400-8.7600", "tipo": "demo", "sector": "demo", "estado": "desconocido", "score": 0.1112, "demo": true, "porosidad_pct": 32.5, "espesor_arena_neta_ft": 102.0, "fuente": "Modelo DEMO sobre datos sinteticos. Distribuciones de la tabla 1 del USGS FS 2009-3028; etiqueta y reparto espacial inventados. NO es un dato observado.", "confianza": "baja", "ultima_verificacion": "2026-09-09"}}, {"type": "Feature", "geometry": {"type": "Polygon", "coordinates": [[[-66.86, 8.76], [-66.78, 8.76], [-66.78, 8.84], [-66.86, 8.84], [-66.86, 8.76]]]}, "properties": {"id": "DEMO--66.8600-8.7600", "tipo": "demo", "sector": "demo", "estado": "desconocido", "score": 0.5475, "demo": true, "porosidad_pct": 28.8, "espesor_arena_neta_ft": 210.2, "fuente": "Modelo DEMO sobre datos sinteticos. Distribuciones de la tabla 1 del USGS FS 2009-3028; etiqueta y reparto espacial inventados. NO es un dato observado.", "confianza": "baja", "ultima_verificacion": "2026-09-09"}}, {"type": "Feature", "geometry": {"type": "Polygon", "coordinates": [[[-66.78, 8.76], [-66.7, 8.76], [-66.7, 8.84], [-66.78, 8.84], [-66.78, 8.76]]]}, "properties": {"id": "DEMO--66.7800-8.7600", "tipo": "demo", "sector": "demo", "estado": "desconocido", "score": 0.2819, "demo": true, "porosidad_pct": 32.6, "espesor_arena_neta_ft": 68.5, "fuente": "Modelo DEMO sobre datos sinteticos. Distribuciones de la tabla 1 del USGS FS 2009-3028; etiqueta y reparto espacial inventados. NO es un dato observado.", "confianza": "baja", "ultima_verificacion": "2026-09-09"}}, {"type": "Feature", "geometry": {"type": "Polygon", "coordinates": [[[-66.7, 8.76], [-66.62, 8.76], [-66.62, 8.84], [-66.7, 8.84], [-66.7, 8.76]]]}, "properties": {"id": "DEMO--66.7000-8.7600", "tipo": "demo", "sector": "demo", "estado": "desconocido", "score": 0.835, "demo": true, "porosidad_pct": 28.8, "espesor_arena_neta_ft": 201.3, "fuente": "Modelo DEMO sobre datos sinteticos. Distribuciones de la tabla 1 del USGS FS 2009-3028; etiqueta y reparto espacial inventados. NO es un dato observado.", "confianza": "baja", "ultima_verificacion": "2026-09-09"}}, {"type": "Feature", "geometry": {"type": "Polygon", "coordinates": [[[-66.62, 8.76], [-66.54, 8.76], [-66.54, 8.84], [-66.62, 8.84], [-66.62, 8.76]]]}, "properties": {"id": "DEMO--66.6200-8.7600", "tipo": "demo", "sector": "demo", "estado": "desconocido", "score": 0.6299, "demo": true, "porosidad_pct": 29.8, "espesor_arena_neta_ft": 167.8, "fuente": "Modelo DEMO sobre datos sinteticos. Distribuciones de la tabla 1 del USGS FS 2009-3028; etiqueta y reparto espacial inventados. NO es un dato observado.", "confianza": "baja", "ultima_verificacion": "2026-09-09"}}, {"type": "Feature", "geometry": {"type": "Polygon", "coordinates": [[[-66.54, 8.76], [-66.46000000000001, 8.76], [-66.46000000000001, 8.84], [-66.54, 8.84], [-66.54, 8.76]]]}, "properties": {"id": "DEMO--66.5400-8.7600", "tipo": "demo", "sector": "demo", "estado": "desconocido", "score": 0.2695, "demo": true, "porosidad_pct": 30.6, "espesor_arena_neta_ft": 119.8, "fuente": "Modelo DEMO sobre datos sinteticos. Distribuciones de la tabla 1 del USGS FS 2009-3028; etiqueta y reparto espacial inventados. NO es un dato observado.", "confianza": "baja", "ultima_verificacion": "2026-09-09"}}, {"type": "Feature", "geometry": {"type": "Polygon", "coordinates": [[[-66.46, 8.76], [-66.38, 8.76], [-66.38, 8.84], [-66.46, 8.84], [-66.46, 8.76]]]}, "properties": {"id": "DEMO--66.4600-8.7600", "tipo": "demo", "sector": "demo", "estado": "desconocido", "score": 0.5593, "demo": true, "porosidad_pct": 34.7, "espesor_arena_neta_ft": 89.7, "fuente": "Modelo DEMO sobre datos sinteticos. Distribuciones de la tabla 1 del USGS FS 2009-3028; etiqueta y reparto espacial inventados. NO es un dato observado.", "confianza": "baja", "ultima_verificacion": "2026-09-09"}}, {"type": "Feature", "geometry": {"type": "Polygon", "coordinates": [[[-66.38, 8.76], [-66.3, 8.76], [-66.3, 8.84], [-66.38, 8.84], [-66.38, 8.76]]]}, "properties": {"id": "DEMO--66.3800-8.7600", "tipo": "demo", "sector": "demo", "estado": "desconocido", "score": 0.1305, "demo": true, "porosidad_pct": 27.8, "espesor_arena_neta_ft": 87.4, "fuente": "Modelo DEMO sobre datos sinteticos. Distribuciones de la tabla 1 del USGS FS 2009-3028; etiqueta y reparto espacial inventados. NO es un dato observado.", "confianza": "baja", "ultima_verificacion": "2026-09-09"}}, {"type": "Feature", "geometry": {"type": "Polygon", "coordinates": [[[-66.3, 8.76], [-66.22, 8.76], [-66.22, 8.84], [-66.3, 8.84], [-66.3, 8.76]]]}, "properties": {"id": "DEMO--66.3000-8.7600", "tipo": "demo", "sector": "demo", "estado": "desconocido", "score": 0.7726, "demo": true, "porosidad_pct": 31.5, "espesor_arena_neta_ft": 114.3, "fuente": "Modelo DEMO sobre datos sinteticos. Distribuciones de la tabla 1 del USGS FS 2009-3028; etiqueta y reparto espacial inventados. NO es un dato observado.", "confianza": "baja", "ultima_verificacion": "2026-09-09"}}, {"type": "Feature", "geometry": {"type": "Polygon", "coordinates": [[[-66.22, 8.76], [-66.14, 8.76], [-66.14, 8.84], [-66.22, 8.84], [-66.22, 8.76]]]}, "properties": {"id": "DEMO--66.2200-8.7600", "tipo": "demo", "sector": "demo", "estado": "desconocido", "score": 0.4377, "demo": true, "porosidad_pct": 30.1, "espesor_arena_neta_ft": 104.6, "fuente": "Modelo DEMO sobre datos sinteticos. Distribuciones de la tabla 1 del USGS FS 2009-3028; etiqueta y reparto espacial inventados. NO es un dato observado.", "confianza": "baja", "ultima_verificacion": "2026-09-09"}}, {"type": "Feature", "geometry": {"type": "Polygon", "coordinates": [[[-66.14, 8.76], [-66.06, 8.76], [-66.06, 8.84], [-66.14, 8.84], [-66.14, 8.76]]]}, "properties": {"id": "DEMO--66.1400-8.7600", "tipo": "demo", "sector": "demo", "estado": "desconocido", "score": 0.1682, "demo": true, "porosidad_pct": 29.5, "espesor_arena_neta_ft": 72.7, "fuente": "Modelo DEMO sobre datos sinteticos. Distribuciones de la tabla 1 del USGS FS 2009-3028; etiqueta y reparto espacial inventados. NO es un dato observado.", "confianza": "baja", "ultima_verificacion": "2026-09-09"}}, {"type": "Feature", "geometry": {"type": "Polygon", "coordinates": [[[-66.06, 8.76], [-65.98, 8.76], [-65.98, 8.84], [-66.06, 8.84], [-66.06, 8.76]]]}, "properties": {"id": "DEMO--66.0600-8.7600", "tipo": "demo", "sector": "demo", "estado": "desconocido", "score": 0.9446, "demo": true, "porosidad_pct": 34.2, "espesor_arena_neta_ft": 158.2, "fuente": "Modelo DEMO sobre datos sinteticos. Distribuciones de la tabla 1 del USGS FS 2009-3028; etiqueta y reparto espacial inventados. NO es un dato observado.", "confianza": "baja", "ultima_verificacion": "2026-09-09"}}, {"type": "Feature", "geometry": {"type": "Polygon", "coordinates": [[[-65.98, 8.76], [-65.9, 8.76], [-65.9, 8.84], [-65.98, 8.84], [-65.98, 8.76]]]}, "properties": {"id": "DEMO--65.9800-8.7600", "tipo": "demo", "sector": "demo", "estado": "desconocido", "score": 0.8793, "demo": true, "porosidad_pct": 30.6, "espesor_arena_neta_ft": 153.6, "fuente": "Modelo DEMO sobre datos sinteticos. Distribuciones de la tabla 1 del USGS FS 2009-3028; etiqueta y reparto espacial inventados. NO es un dato observado.", "confianza": "baja", "ultima_verificacion": "2026-09-09"}}, {"type": "Feature", "geometry": {"type": "Polygon", "coordinates": [[[-65.9, 8.76], [-65.82000000000001, 8.76], [-65.82000000000001, 8.84], [-65.9, 8.84], [-65.9, 8.76]]]}, "properties": {"id": "DEMO--65.9000-8.7600", "tipo": "demo", "sector": "demo", "estado": "desconocido", "score": 0.4266, "demo": true, "porosidad_pct": 32.4, "espesor_arena_neta_ft": 134.5, "fuente": "Modelo DEMO sobre datos sinteticos. Distribuciones de la tabla 1 del USGS FS 2009-3028; etiqueta y reparto espacial inventados. NO es un dato observado.", "confianza": "baja", "ultima_verificacion": "2026-09-09"}}, {"type": "Feature", "geometry": {"type": "Polygon", "coordinates": [[[-65.82, 8.76], [-65.74, 8.76], [-65.74, 8.84], [-65.82, 8.84], [-65.82, 8.76]]]}, "properties": {"id": "DEMO--65.8200-8.7600", "tipo": "demo", "sector": "demo", "estado": "desconocido", "score": 0.8079, "demo": true, "porosidad_pct": 31.6, "espesor_arena_neta_ft": 128.9, "fuente": "Modelo DEMO sobre datos sinteticos. Distribuciones de la tabla 1 del USGS FS 2009-3028; etiqueta y reparto espacial inventados. NO es un dato observado.", "confianza": "baja", "ultima_verificacion": "2026-09-09"}}, {"type": "Feature", "geometry": {"type": "Polygon", "coordinates": [[[-65.74, 8.76], [-65.66, 8.76], [-65.66, 8.84], [-65.74, 8.84], [-65.74, 8.76]]]}, "properties": {"id": "DEMO--65.7400-8.7600", "tipo": "demo", "sector": "demo", "estado": "desconocido", "score": 0.5925, "demo": true, "porosidad_pct": 30.2, "espesor_arena_neta_ft": 168.0, "fuente": "Modelo DEMO sobre datos sinteticos. Distribuciones de la tabla 1 del USGS FS 2009-3028; etiqueta y reparto espacial inventados. NO es un dato observado.", "confianza": "baja", "ultima_verificacion": "2026-09-09"}}, {"type": "Feature", "geometry": {"type": "Polygon", "coordinates": [[[-65.66, 8.76], [-65.58, 8.76], [-65.58, 8.84], [-65.66, 8.84], [-65.66, 8.76]]]}, "properties": {"id": "DEMO--65.6600-8.7600", "tipo": "demo", "sector": "demo", "estado": "desconocido", "score": 0.7346, "demo": true, "porosidad_pct": 31.4, "espesor_arena_neta_ft": 149.3, "fuente": "Modelo DEMO sobre datos sinteticos. Distribuciones de la tabla 1 del USGS FS 2009-3028; etiqueta y reparto espacial inventados. NO es un dato observado.", "confianza": "baja", "ultima_verificacion": "2026-09-09"}}, {"type": "Feature", "geometry": {"type": "Polygon", "coordinates": [[[-65.58, 8.76], [-65.5, 8.76], [-65.5, 8.84], [-65.58, 8.84], [-65.58, 8.76]]]}, "properties": {"id": "DEMO--65.5800-8.7600", "tipo": "demo", "sector": "demo", "estado": "desconocido", "score": 0.5624, "demo": true, "porosidad_pct": 29.6, "espesor_arena_neta_ft": 191.0, "fuente": "Modelo DEMO sobre datos sinteticos. Distribuciones de la tabla 1 del USGS FS 2009-3028; etiqueta y reparto espacial inventados. NO es un dato observado.", "confianza": "baja", "ultima_verificacion": "2026-09-09"}}, {"type": "Feature", "geometry": {"type": "Polygon", "coordinates": [[[-65.5, 8.76], [-65.42, 8.76], [-65.42, 8.84], [-65.5, 8.84], [-65.5, 8.76]]]}, "properties": {"id": "DEMO--65.5000-8.7600", "tipo": "demo", "sector": "demo", "estado": "desconocido", "score": 0.2921, "demo": true, "porosidad_pct": 31.7, "espesor_arena_neta_ft": 144.4, "fuente": "Modelo DEMO sobre datos sinteticos. Distribuciones de la tabla 1 del USGS FS 2009-3028; etiqueta y reparto espacial inventados. NO es un dato observado.", "confianza": "baja", "ultima_verificacion": "2026-09-09"}}, {"type": "Feature", "geometry": {"type": "Polygon", "coordinates": [[[-65.42, 8.76], [-65.34, 8.76], [-65.34, 8.84], [-65.42, 8.84], [-65.42, 8.76]]]}, "properties": {"id": "DEMO--65.4200-8.7600", "tipo": "demo", "sector": "demo", "estado": "desconocido", "score": 0.5382, "demo": true, "porosidad_pct": 31.1, "espesor_arena_neta_ft": 136.8, "fuente": "Modelo DEMO sobre datos sinteticos. Distribuciones de la tabla 1 del USGS FS 2009-3028; etiqueta y reparto espacial inventados. NO es un dato observado.", "confianza": "baja", "ultima_verificacion": "2026-09-09"}}, {"type": "Feature", "geometry": {"type": "Polygon", "coordinates": [[[-65.34, 8.76], [-65.26, 8.76], [-65.26, 8.84], [-65.34, 8.84], [-65.34, 8.76]]]}, "properties": {"id": "DEMO--65.3400-8.7600", "tipo": "demo", "sector": "demo", "estado": "desconocido", "score": 0.8893, "demo": true, "porosidad_pct": 30.8, "espesor_arena_neta_ft": 220.6, "fuente": "Modelo DEMO sobre datos sinteticos. Distribuciones de la tabla 1 del USGS FS 2009-3028; etiqueta y reparto espacial inventados. NO es un dato observado.", "confianza": "baja", "ultima_verificacion": "2026-09-09"}}, {"type": "Feature", "geometry": {"type": "Polygon", "coordinates": [[[-65.26, 8.76], [-65.18, 8.76], [-65.18, 8.84], [-65.26, 8.84], [-65.26, 8.76]]]}, "properties": {"id": "DEMO--65.2600-8.7600", "tipo": "demo", "sector": "demo", "estado": "desconocido", "score": 0.0968, "demo": true, "porosidad_pct": 27.2, "espesor_arena_neta_ft": 158.7, "fuente": "Modelo DEMO sobre datos sinteticos. Distribuciones de la tabla 1 del USGS FS 2009-3028; etiqueta y reparto espacial inventados. NO es un dato observado.", "confianza": "baja", "ultima_verificacion": "2026-09-09"}}, {"type": "Feature", "geometry": {"type": "Polygon", "coordinates": [[[-65.18, 8.76], [-65.10000000000001, 8.76], [-65.10000000000001, 8.84], [-65.18, 8.84], [-65.18, 8.76]]]}, "properties": {"id": "DEMO--65.1800-8.7600", "tipo": "demo", "sector": "demo", "estado": "desconocido", "score": 0.2702, "demo": true, "porosidad_pct": 27.7, "espesor_arena_neta_ft": 143.6, "fuente": "Modelo DEMO sobre datos sinteticos. Distribuciones de la tabla 1 del USGS FS 2009-3028; etiqueta y reparto espacial inventados. NO es un dato observado.", "confianza": "baja", "ultima_verificacion": "2026-09-09"}}, {"type": "Feature", "geometry": {"type": "Polygon", "coordinates": [[[-65.1, 8.76], [-65.02, 8.76], [-65.02, 8.84], [-65.1, 8.84], [-65.1, 8.76]]]}, "properties": {"id": "DEMO--65.1000-8.7600", "tipo": "demo", "sector": "demo", "estado": "desconocido", "score": 0.3623, "demo": true, "porosidad_pct": 26.8, "espesor_arena_neta_ft": 250.8, "fuente": "Modelo DEMO sobre datos sinteticos. Distribuciones de la tabla 1 del USGS FS 2009-3028; etiqueta y reparto espacial inventados. NO es un dato observado.", "confianza": "baja", "ultima_verificacion": "2026-09-09"}}, {"type": "Feature", "geometry": {"type": "Polygon", "coordinates": [[[-65.02, 8.76], [-64.94, 8.76], [-64.94, 8.84], [-65.02, 8.84], [-65.02, 8.76]]]}, "properties": {"id": "DEMO--65.0200-8.7600", "tipo": "demo", "sector": "demo", "estado": "desconocido", "score": 0.4767, "demo": true, "porosidad_pct": 27.4, "espesor_arena_neta_ft": 204.0, "fuente": "Modelo DEMO sobre datos sinteticos. Distribuciones de la tabla 1 del USGS FS 2009-3028; etiqueta y reparto espacial inventados. NO es un dato observado.", "confianza": "baja", "ultima_verificacion": "2026-09-09"}}, {"type": "Feature", "geometry": {"type": "Polygon", "coordinates": [[[-64.94, 8.76], [-64.86, 8.76], [-64.86, 8.84], [-64.94, 8.84], [-64.94, 8.76]]]}, "properties": {"id": "DEMO--64.9400-8.7600", "tipo": "demo", "sector": "demo", "estado": "desconocido", "score": 0.0582, "demo": true, "porosidad_pct": 24.7, "espesor_arena_neta_ft": 196.3, "fuente": "Modelo DEMO sobre datos sinteticos. Distribuciones de la tabla 1 del USGS FS 2009-3028; etiqueta y reparto espacial inventados. NO es un dato observado.", "confianza": "baja", "ultima_verificacion": "2026-09-09"}}, {"type": "Feature", "geometry": {"type": "Polygon", "coordinates": [[[-64.86, 8.76], [-64.78, 8.76], [-64.78, 8.84], [-64.86, 8.84], [-64.86, 8.76]]]}, "properties": {"id": "DEMO--64.8600-8.7600", "tipo": "demo", "sector": "demo", "estado": "desconocido", "score": 0.3776, "demo": true, "porosidad_pct": 26.1, "espesor_arena_neta_ft": 210.5, "fuente": "Modelo DEMO sobre datos sinteticos. Distribuciones de la tabla 1 del USGS FS 2009-3028; etiqueta y reparto espacial inventados. NO es un dato observado.", "confianza": "baja", "ultima_verificacion": "2026-09-09"}}, {"type": "Feature", "geometry": {"type": "Polygon", "coordinates": [[[-64.78, 8.76], [-64.7, 8.76], [-64.7, 8.84], [-64.78, 8.84], [-64.78, 8.76]]]}, "properties": {"id": "DEMO--64.7800-8.7600", "tipo": "demo", "sector": "demo", "estado": "desconocido", "score": 0.5099, "demo": true, "porosidad_pct": 25.6, "espesor_arena_neta_ft": 256.2, "fuente": "Modelo DEMO sobre datos sinteticos. Distribuciones de la tabla 1 del USGS FS 2009-3028; etiqueta y reparto espacial inventados. NO es un dato observado.", "confianza": "baja", "ultima_verificacion": "2026-09-09"}}, {"type": "Feature", "geometry": {"type": "Polygon", "coordinates": [[[-64.7, 8.76], [-64.62, 8.76], [-64.62, 8.84], [-64.7, 8.84], [-64.7, 8.76]]]}, "properties": {"id": "DEMO--64.7000-8.7600", "tipo": "demo", "sector": "demo", "estado": "desconocido", "score": 0.2966, "demo": true, "porosidad_pct": 25.8, "espesor_arena_neta_ft": 236.4, "fuente": "Modelo DEMO sobre datos sinteticos. Distribuciones de la tabla 1 del USGS FS 2009-3028; etiqueta y reparto espacial inventados. NO es un dato observado.", "confianza": "baja", "ultima_verificacion": "2026-09-09"}}, {"type": "Feature", "geometry": {"type": "Polygon", "coordinates": [[[-64.62, 8.76], [-64.54, 8.76], [-64.54, 8.84], [-64.62, 8.84], [-64.62, 8.76]]]}, "properties": {"id": "DEMO--64.6200-8.7600", "tipo": "demo", "sector": "demo", "estado": "desconocido", "score": 0.249, "demo": true, "porosidad_pct": 27.6, "espesor_arena_neta_ft": 163.0, "fuente": "Modelo DEMO sobre datos sinteticos. Distribuciones de la tabla 1 del USGS FS 2009-3028; etiqueta y reparto espacial inventados. NO es un dato observado.", "confianza": "baja", "ultima_verificacion": "2026-09-09"}}, {"type": "Feature", "geometry": {"type": "Polygon", "coordinates": [[[-64.54, 8.76], [-64.46000000000001, 8.76], [-64.46000000000001, 8.84], [-64.54, 8.84], [-64.54, 8.76]]]}, "properties": {"id": "DEMO--64.5400-8.7600", "tipo": "demo", "sector": "demo", "estado": "desconocido", "score": 0.0932, "demo": true, "porosidad_pct": 26.9, "espesor_arena_neta_ft": 156.1, "fuente": "Modelo DEMO sobre datos sinteticos. Distribuciones de la tabla 1 del USGS FS 2009-3028; etiqueta y reparto espacial inventados. NO es un dato observado.", "confianza": "baja", "ultima_verificacion": "2026-09-09"}}, {"type": "Feature", "geometry": {"type": "Polygon", "coordinates": [[[-64.46, 8.76], [-64.38, 8.76], [-64.38, 8.84], [-64.46, 8.84], [-64.46, 8.76]]]}, "properties": {"id": "DEMO--64.4600-8.7600", "tipo": "demo", "sector": "demo", "estado": "desconocido", "score": 0.5142, "demo": true, "porosidad_pct": 25.8, "espesor_arena_neta_ft": 200.3, "fuente": "Modelo DEMO sobre datos sinteticos. Distribuciones de la tabla 1 del USGS FS 2009-3028; etiqueta y reparto espacial inventados. NO es un dato observado.", "confianza": "baja", "ultima_verificacion": "2026-09-09"}}, {"type": "Feature", "geometry": {"type": "Polygon", "coordinates": [[[-64.38, 8.76], [-64.3, 8.76], [-64.3, 8.84], [-64.38, 8.84], [-64.38, 8.76]]]}, "properties": {"id": "DEMO--64.3800-8.7600", "tipo": "demo", "sector": "demo", "estado": "desconocido", "score": 0.0459, "demo": true, "porosidad_pct": 24.4, "espesor_arena_neta_ft": 184.4, "fuente": "Modelo DEMO sobre datos sinteticos. Distribuciones de la tabla 1 del USGS FS 2009-3028; etiqueta y reparto espacial inventados. NO es un dato observado.", "confianza": "baja", "ultima_verificacion": "2026-09-09"}}, {"type": "Feature", "geometry": {"type": "Polygon", "coordinates": [[[-64.3, 8.76], [-64.22, 8.76], [-64.22, 8.84], [-64.3, 8.84], [-64.3, 8.76]]]}, "properties": {"id": "DEMO--64.3000-8.7600", "tipo": "demo", "sector": "demo", "estado": "desconocido", "score": 0.5179, "demo": true, "porosidad_pct": 29.2, "espesor_arena_neta_ft": 164.8, "fuente": "Modelo DEMO sobre datos sinteticos. Distribuciones de la tabla 1 del USGS FS 2009-3028; etiqueta y reparto espacial inventados. NO es un dato observado.", "confianza": "baja", "ultima_verificacion": "2026-09-09"}}, {"type": "Feature", "geometry": {"type": "Polygon", "coordinates": [[[-64.22, 8.76], [-64.14, 8.76], [-64.14, 8.84], [-64.22, 8.84], [-64.22, 8.76]]]}, "properties": {"id": "DEMO--64.2200-8.7600", "tipo": "demo", "sector": "demo", "estado": "desconocido", "score": 0.4975, "demo": true, "porosidad_pct": 28.9, "espesor_arena_neta_ft": 236.8, "fuente": "Modelo DEMO sobre datos sinteticos. Distribuciones de la tabla 1 del USGS FS 2009-3028; etiqueta y reparto espacial inventados. NO es un dato observado.", "confianza": "baja", "ultima_verificacion": "2026-09-09"}}, {"type": "Feature", "geometry": {"type": "Polygon", "coordinates": [[[-64.14, 8.76], [-64.06, 8.76], [-64.06, 8.84], [-64.14, 8.84], [-64.14, 8.76]]]}, "properties": {"id": "DEMO--64.1400-8.7600", "tipo": "demo", "sector": "demo", "estado": "desconocido", "score": 0.0505, "demo": true, "porosidad_pct": 28.1, "espesor_arena_neta_ft": 112.1, "fuente": "Modelo DEMO sobre datos sinteticos. Distribuciones de la tabla 1 del USGS FS 2009-3028; etiqueta y reparto espacial inventados. NO es un dato observado.", "confianza": "baja", "ultima_verificacion": "2026-09-09"}}, {"type": "Feature", "geometry": {"type": "Polygon", "coordinates": [[[-64.06, 8.76], [-63.980000000000004, 8.76], [-63.980000000000004, 8.84], [-64.06, 8.84], [-64.06, 8.76]]]}, "properties": {"id": "DEMO--64.0600-8.7600", "tipo": "demo", "sector": "demo", "estado": "desconocido", "score": 0.0707, "demo": true, "porosidad_pct": 27.7, "espesor_arena_neta_ft": 135.7, "fuente": "Modelo DEMO sobre datos sinteticos. Distribuciones de la tabla 1 del USGS FS 2009-3028; etiqueta y reparto espacial inventados. NO es un dato observado.", "confianza": "baja", "ultima_verificacion": "2026-09-09"}}, {"type": "Feature", "geometry": {"type": "Polygon", "coordinates": [[[-63.98, 8.76], [-63.9, 8.76], [-63.9, 8.84], [-63.98, 8.84], [-63.98, 8.76]]]}, "properties": {"id": "DEMO--63.9800-8.7600", "tipo": "demo", "sector": "demo", "estado": "desconocido", "score": 0.5472, "demo": true, "porosidad_pct": 32.3, "espesor_arena_neta_ft": 138.6, "fuente": "Modelo DEMO sobre datos sinteticos. Distribuciones de la tabla 1 del USGS FS 2009-3028; etiqueta y reparto espacial inventados. NO es un dato observado.", "confianza": "baja", "ultima_verificacion": "2026-09-09"}}, {"type": "Feature", "geometry": {"type": "Polygon", "coordinates": [[[-63.9, 8.76], [-63.82, 8.76], [-63.82, 8.84], [-63.9, 8.84], [-63.9, 8.76]]]}, "properties": {"id": "DEMO--63.9000-8.7600", "tipo": "demo", "sector": "demo", "estado": "desconocido", "score": 0.1089, "demo": true, "porosidad_pct": 28.3, "espesor_arena_neta_ft": 148.2, "fuente": "Modelo DEMO sobre datos sinteticos. Distribuciones de la tabla 1 del USGS FS 2009-3028; etiqueta y reparto espacial inventados. NO es un dato observado.", "confianza": "baja", "ultima_verificacion": "2026-09-09"}}, {"type": "Feature", "geometry": {"type": "Polygon", "coordinates": [[[-63.82, 8.76], [-63.74, 8.76], [-63.74, 8.84], [-63.82, 8.84], [-63.82, 8.76]]]}, "properties": {"id": "DEMO--63.8200-8.7600", "tipo": "demo", "sector": "demo", "estado": "desconocido", "score": 0.2033, "demo": true, "porosidad_pct": 27.7, "espesor_arena_neta_ft": 209.7, "fuente": "Modelo DEMO sobre datos sinteticos. Distribuciones de la tabla 1 del USGS FS 2009-3028; etiqueta y reparto espacial inventados. NO es un dato observado.", "confianza": "baja", "ultima_verificacion": "2026-09-09"}}, {"type": "Feature", "geometry": {"type": "Polygon", "coordinates": [[[-63.74, 8.76], [-63.660000000000004, 8.76], [-63.660000000000004, 8.84], [-63.74, 8.84], [-63.74, 8.76]]]}, "properties": {"id": "DEMO--63.7400-8.7600", "tipo": "demo", "sector": "demo", "estado": "desconocido", "score": 0.1008, "demo": true, "porosidad_pct": 27.4, "espesor_arena_neta_ft": 140.1, "fuente": "Modelo DEMO sobre datos sinteticos. Distribuciones de la tabla 1 del USGS FS 2009-3028; etiqueta y reparto espacial inventados. NO es un dato observado.", "confianza": "baja", "ultima_verificacion": "2026-09-09"}}, {"type": "Feature", "geometry": {"type": "Polygon", "coordinates": [[[-63.66, 8.76], [-63.58, 8.76], [-63.58, 8.84], [-63.66, 8.84], [-63.66, 8.76]]]}, "properties": {"id": "DEMO--63.6600-8.7600", "tipo": "demo", "sector": "demo", "estado": "desconocido", "score": 0.0355, "demo": true, "porosidad_pct": 27.0, "espesor_arena_neta_ft": 113.8, "fuente": "Modelo DEMO sobre datos sinteticos. Distribuciones de la tabla 1 del USGS FS 2009-3028; etiqueta y reparto espacial inventados. NO es un dato observado.", "confianza": "baja", "ultima_verificacion": "2026-09-09"}}, {"type": "Feature", "geometry": {"type": "Polygon", "coordinates": [[[-63.58, 8.76], [-63.5, 8.76], [-63.5, 8.84], [-63.58, 8.84], [-63.58, 8.76]]]}, "properties": {"id": "DEMO--63.5800-8.7600", "tipo": "demo", "sector": "demo", "estado": "desconocido", "score": 0.0809, "demo": true, "porosidad_pct": 26.7, "espesor_arena_neta_ft": 75.7, "fuente": "Modelo DEMO sobre datos sinteticos. Distribuciones de la tabla 1 del USGS FS 2009-3028; etiqueta y reparto espacial inventados. NO es un dato observado.", "confianza": "baja", "ultima_verificacion": "2026-09-09"}}, {"type": "Feature", "geometry": {"type": "Polygon", "coordinates": [[[-63.5, 8.76], [-63.42, 8.76], [-63.42, 8.84], [-63.5, 8.84], [-63.5, 8.76]]]}, "properties": {"id": "DEMO--63.5000-8.7600", "tipo": "demo", "sector": "demo", "estado": "desconocido", "score": 0.3422, "demo": true, "porosidad_pct": 28.0, "espesor_arena_neta_ft": 215.4, "fuente": "Modelo DEMO sobre datos sinteticos. Distribuciones de la tabla 1 del USGS FS 2009-3028; etiqueta y reparto espacial inventados. NO es un dato observado.", "confianza": "baja", "ultima_verificacion": "2026-09-09"}}, {"type": "Feature", "geometry": {"type": "Polygon", "coordinates": [[[-63.42, 8.76], [-63.34, 8.76], [-63.34, 8.84], [-63.42, 8.84], [-63.42, 8.76]]]}, "properties": {"id": "DEMO--63.4200-8.7600", "tipo": "demo", "sector": "demo", "estado": "desconocido", "score": 0.7192, "demo": true, "porosidad_pct": 31.2, "espesor_arena_neta_ft": 188.1, "fuente": "Modelo DEMO sobre datos sinteticos. Distribuciones de la tabla 1 del USGS FS 2009-3028; etiqueta y reparto espacial inventados. NO es un dato observado.", "confianza": "baja", "ultima_verificacion": "2026-09-09"}}, {"type": "Feature", "geometry": {"type": "Polygon", "coordinates": [[[-63.34, 8.76], [-63.260000000000005, 8.76], [-63.260000000000005, 8.84], [-63.34, 8.84], [-63.34, 8.76]]]}, "properties": {"id": "DEMO--63.3400-8.7600", "tipo": "demo", "sector": "demo", "estado": "desconocido", "score": 0.2997, "demo": true, "porosidad_pct": 28.0, "espesor_arena_neta_ft": 118.0, "fuente": "Modelo DEMO sobre datos sinteticos. Distribuciones de la tabla 1 del USGS FS 2009-3028; etiqueta y reparto espacial inventados. NO es un dato observado.", "confianza": "baja", "ultima_verificacion": "2026-09-09"}}, {"type": "Feature", "geometry": {"type": "Polygon", "coordinates": [[[-63.26, 8.76], [-63.18, 8.76], [-63.18, 8.84], [-63.26, 8.84], [-63.26, 8.76]]]}, "properties": {"id": "DEMO--63.2600-8.7600", "tipo": "demo", "sector": "demo", "estado": "desconocido", "score": 0.6805, "demo": true, "porosidad_pct": 33.1, "espesor_arena_neta_ft": 151.1, "fuente": "Modelo DEMO sobre datos sinteticos. Distribuciones de la tabla 1 del USGS FS 2009-3028; etiqueta y reparto espacial inventados. NO es un dato observado.", "confianza": "baja", "ultima_verificacion": "2026-09-09"}}, {"type": "Feature", "geometry": {"type": "Polygon", "coordinates": [[[-63.18, 8.76], [-63.1, 8.76], [-63.1, 8.84], [-63.18, 8.84], [-63.18, 8.76]]]}, "properties": {"id": "DEMO--63.1800-8.7600", "tipo": "demo", "sector": "demo", "estado": "desconocido", "score": 0.5599, "demo": true, "porosidad_pct": 30.3, "espesor_arena_neta_ft": 165.2, "fuente": "Modelo DEMO sobre datos sinteticos. Distribuciones de la tabla 1 del USGS FS 2009-3028; etiqueta y reparto espacial inventados. NO es un dato observado.", "confianza": "baja", "ultima_verificacion": "2026-09-09"}}, {"type": "Feature", "geometry": {"type": "Polygon", "coordinates": [[[-63.1, 8.76], [-63.02, 8.76], [-63.02, 8.84], [-63.1, 8.84], [-63.1, 8.76]]]}, "properties": {"id": "DEMO--63.1000-8.7600", "tipo": "demo", "sector": "demo", "estado": "desconocido", "score": 0.7736, "demo": true, "porosidad_pct": 29.7, "espesor_arena_neta_ft": 116.6, "fuente": "Modelo DEMO sobre datos sinteticos. Distribuciones de la tabla 1 del USGS FS 2009-3028; etiqueta y reparto espacial inventados. NO es un dato observado.", "confianza": "baja", "ultima_verificacion": "2026-09-09"}}, {"type": "Feature", "geometry": {"type": "Polygon", "coordinates": [[[-63.02, 8.76], [-62.940000000000005, 8.76], [-62.940000000000005, 8.84], [-63.02, 8.84], [-63.02, 8.76]]]}, "properties": {"id": "DEMO--63.0200-8.7600", "tipo": "demo", "sector": "demo", "estado": "desconocido", "score": 0.4474, "demo": true, "porosidad_pct": 28.8, "espesor_arena_neta_ft": 140.5, "fuente": "Modelo DEMO sobre datos sinteticos. Distribuciones de la tabla 1 del USGS FS 2009-3028; etiqueta y reparto espacial inventados. NO es un dato observado.", "confianza": "baja", "ultima_verificacion": "2026-09-09"}}, {"type": "Feature", "geometry": {"type": "Polygon", "coordinates": [[[-62.94, 8.76], [-62.86, 8.76], [-62.86, 8.84], [-62.94, 8.84], [-62.94, 8.76]]]}, "properties": {"id": "DEMO--62.9400-8.7600", "tipo": "demo", "sector": "demo", "estado": "desconocido", "score": 0.2194, "demo": true, "porosidad_pct": 28.5, "espesor_arena_neta_ft": 135.2, "fuente": "Modelo DEMO sobre datos sinteticos. Distribuciones de la tabla 1 del USGS FS 2009-3028; etiqueta y reparto espacial inventados. NO es un dato observado.", "confianza": "baja", "ultima_verificacion": "2026-09-09"}}, {"type": "Feature", "geometry": {"type": "Polygon", "coordinates": [[[-62.86, 8.76], [-62.78, 8.76], [-62.78, 8.84], [-62.86, 8.84], [-62.86, 8.76]]]}, "properties": {"id": "DEMO--62.8600-8.7600", "tipo": "demo", "sector": "demo", "estado": "desconocido", "score": 0.9714, "demo": true, "porosidad_pct": 34.8, "espesor_arena_neta_ft": 233.3, "fuente": "Modelo DEMO sobre datos sinteticos. Distribuciones de la tabla 1 del USGS FS 2009-3028; etiqueta y reparto espacial inventados. NO es un dato observado.", "confianza": "baja", "ultima_verificacion": "2026-09-09"}}, {"type": "Feature", "geometry": {"type": "Polygon", "coordinates": [[[-62.78, 8.76], [-62.7, 8.76], [-62.7, 8.84], [-62.78, 8.84], [-62.78, 8.76]]]}, "properties": {"id": "DEMO--62.7800-8.7600", "tipo": "demo", "sector": "demo", "estado": "desconocido", "score": 0.7529, "demo": true, "porosidad_pct": 30.4, "espesor_arena_neta_ft": 199.6, "fuente": "Modelo DEMO sobre datos sinteticos. Distribuciones de la tabla 1 del USGS FS 2009-3028; etiqueta y reparto espacial inventados. NO es un dato observado.", "confianza": "baja", "ultima_verificacion": "2026-09-09"}}, {"type": "Feature", "geometry": {"type": "Polygon", "coordinates": [[[-62.7, 8.76], [-62.620000000000005, 8.76], [-62.620000000000005, 8.84], [-62.7, 8.84], [-62.7, 8.76]]]}, "properties": {"id": "DEMO--62.7000-8.7600", "tipo": "demo", "sector": "demo", "estado": "desconocido", "score": 0.9288, "demo": true, "porosidad_pct": 31.0, "espesor_arena_neta_ft": 162.2, "fuente": "Modelo DEMO sobre datos sinteticos. Distribuciones de la tabla 1 del USGS FS 2009-3028; etiqueta y reparto espacial inventados. NO es un dato observado.", "confianza": "baja", "ultima_verificacion": "2026-09-09"}}, {"type": "Feature", "geometry": {"type": "Polygon", "coordinates": [[[-62.62, 8.76], [-62.54, 8.76], [-62.54, 8.84], [-62.62, 8.84], [-62.62, 8.76]]]}, "properties": {"id": "DEMO--62.6200-8.7600", "tipo": "demo", "sector": "demo", "estado": "desconocido", "score": 0.2186, "demo": true, "porosidad_pct": 28.3, "espesor_arena_neta_ft": 171.8, "fuente": "Modelo DEMO sobre datos sinteticos. Distribuciones de la tabla 1 del USGS FS 2009-3028; etiqueta y reparto espacial inventados. NO es un dato observado.", "confianza": "baja", "ultima_verificacion": "2026-09-09"}}, {"type": "Feature", "geometry": {"type": "Polygon", "coordinates": [[[-62.54, 8.76], [-62.46, 8.76], [-62.46, 8.84], [-62.54, 8.84], [-62.54, 8.76]]]}, "properties": {"id": "DEMO--62.5400-8.7600", "tipo": "demo", "sector": "demo", "estado": "desconocido", "score": 0.9127, "demo": true, "porosidad_pct": 35.1, "espesor_arena_neta_ft": 158.9, "fuente": "Modelo DEMO sobre datos sinteticos. Distribuciones de la tabla 1 del USGS FS 2009-3028; etiqueta y reparto espacial inventados. NO es un dato observado.", "confianza": "baja", "ultima_verificacion": "2026-09-09"}}, {"type": "Feature", "geometry": {"type": "Polygon", "coordinates": [[[-62.46, 8.76], [-62.38, 8.76], [-62.38, 8.84], [-62.46, 8.84], [-62.46, 8.76]]]}, "properties": {"id": "DEMO--62.4600-8.7600", "tipo": "demo", "sector": "demo", "estado": "desconocido", "score": 0.9392, "demo": true, "porosidad_pct": 32.8, "espesor_arena_neta_ft": 133.6, "fuente": "Modelo DEMO sobre datos sinteticos. Distribuciones de la tabla 1 del USGS FS 2009-3028; etiqueta y reparto espacial inventados. NO es un dato observado.", "confianza": "baja", "ultima_verificacion": "2026-09-09"}}, {"type": "Feature", "geometry": {"type": "Polygon", "coordinates": [[[-62.38, 8.76], [-62.300000000000004, 8.76], [-62.300000000000004, 8.84], [-62.38, 8.84], [-62.38, 8.76]]]}, "properties": {"id": "DEMO--62.3800-8.7600", "tipo": "demo", "sector": "demo", "estado": "desconocido", "score": 0.7104, "demo": true, "porosidad_pct": 28.4, "espesor_arena_neta_ft": 185.1, "fuente": "Modelo DEMO sobre datos sinteticos. Distribuciones de la tabla 1 del USGS FS 2009-3028; etiqueta y reparto espacial inventados. NO es un dato observado.", "confianza": "baja", "ultima_verificacion": "2026-09-09"}}, {"type": "Feature", "geometry": {"type": "Polygon", "coordinates": [[[-62.3, 8.76], [-62.22, 8.76], [-62.22, 8.84], [-62.3, 8.84], [-62.3, 8.76]]]}, "properties": {"id": "DEMO--62.3000-8.7600", "tipo": "demo", "sector": "demo", "estado": "desconocido", "score": 0.736, "demo": true, "porosidad_pct": 34.6, "espesor_arena_neta_ft": 217.0, "fuente": "Modelo DEMO sobre datos sinteticos. Distribuciones de la tabla 1 del USGS FS 2009-3028; etiqueta y reparto espacial inventados. NO es un dato observado.", "confianza": "baja", "ultima_verificacion": "2026-09-09"}}, {"type": "Feature", "geometry": {"type": "Polygon", "coordinates": [[[-62.22, 8.76], [-62.14, 8.76], [-62.14, 8.84], [-62.22, 8.84], [-62.22, 8.76]]]}, "properties": {"id": "DEMO--62.2200-8.7600", "tipo": "demo", "sector": "demo", "estado": "desconocido", "score": 0.374, "demo": true, "porosidad_pct": 29.4, "espesor_arena_neta_ft": 114.3, "fuente": "Modelo DEMO sobre datos sinteticos. Distribuciones de la tabla 1 del USGS FS 2009-3028; etiqueta y reparto espacial inventados. NO es un dato observado.", "confianza": "baja", "ultima_verificacion": "2026-09-09"}}, {"type": "Feature", "geometry": {"type": "Polygon", "coordinates": [[[-62.14, 8.76], [-62.06, 8.76], [-62.06, 8.84], [-62.14, 8.84], [-62.14, 8.76]]]}, "properties": {"id": "DEMO--62.1400-8.7600", "tipo": "demo", "sector": "demo", "estado": "desconocido", "score": 0.89, "demo": true, "porosidad_pct": 34.2, "espesor_arena_neta_ft": 127.3, "fuente": "Modelo DEMO sobre datos sinteticos. Distribuciones de la tabla 1 del USGS FS 2009-3028; etiqueta y reparto espacial inventados. NO es un dato observado.", "confianza": "baja", "ultima_verificacion": "2026-09-09"}}, {"type": "Feature", "geometry": {"type": "Polygon", "coordinates": [[[-67.34, 8.84], [-67.26, 8.84], [-67.26, 8.92], [-67.34, 8.92], [-67.34, 8.84]]]}, "properties": {"id": "DEMO--67.3400-8.8400", "tipo": "demo", "sector": "demo", "estado": "desconocido", "score": 0.1991, "demo": true, "porosidad_pct": 28.3, "espesor_arena_neta_ft": 193.2, "fuente": "Modelo DEMO sobre datos sinteticos. Distribuciones de la tabla 1 del USGS FS 2009-3028; etiqueta y reparto espacial inventados. NO es un dato observado.", "confianza": "baja", "ultima_verificacion": "2026-09-09"}}, {"type": "Feature", "geometry": {"type": "Polygon", "coordinates": [[[-67.26, 8.84], [-67.18, 8.84], [-67.18, 8.92], [-67.26, 8.92], [-67.26, 8.84]]]}, "properties": {"id": "DEMO--67.2600-8.8400", "tipo": "demo", "sector": "demo", "estado": "desconocido", "score": 0.625, "demo": true, "porosidad_pct": 30.7, "espesor_arena_neta_ft": 198.3, "fuente": "Modelo DEMO sobre datos sinteticos. Distribuciones de la tabla 1 del USGS FS 2009-3028; etiqueta y reparto espacial inventados. NO es un dato observado.", "confianza": "baja", "ultima_verificacion": "2026-09-09"}}, {"type": "Feature", "geometry": {"type": "Polygon", "coordinates": [[[-67.18, 8.84], [-67.10000000000001, 8.84], [-67.10000000000001, 8.92], [-67.18, 8.92], [-67.18, 8.84]]]}, "properties": {"id": "DEMO--67.1800-8.8400", "tipo": "demo", "sector": "demo", "estado": "desconocido", "score": 0.2493, "demo": true, "porosidad_pct": 29.1, "espesor_arena_neta_ft": 122.4, "fuente": "Modelo DEMO sobre datos sinteticos. Distribuciones de la tabla 1 del USGS FS 2009-3028; etiqueta y reparto espacial inventados. NO es un dato observado.", "confianza": "baja", "ultima_verificacion": "2026-09-09"}}, {"type": "Feature", "geometry": {"type": "Polygon", "coordinates": [[[-67.1, 8.84], [-67.02, 8.84], [-67.02, 8.92], [-67.1, 8.92], [-67.1, 8.84]]]}, "properties": {"id": "DEMO--67.1000-8.8400", "tipo": "demo", "sector": "demo", "estado": "desconocido", "score": 0.5166, "demo": true, "porosidad_pct": 29.8, "espesor_arena_neta_ft": 147.0, "fuente": "Modelo DEMO sobre datos sinteticos. Distribuciones de la tabla 1 del USGS FS 2009-3028; etiqueta y reparto espacial inventados. NO es un dato observado.", "confianza": "baja", "ultima_verificacion": "2026-09-09"}}, {"type": "Feature", "geometry": {"type": "Polygon", "coordinates": [[[-67.02, 8.84], [-66.94, 8.84], [-66.94, 8.92], [-67.02, 8.92], [-67.02, 8.84]]]}, "properties": {"id": "DEMO--67.0200-8.8400", "tipo": "demo", "sector": "demo", "estado": "desconocido", "score": 0.2733, "demo": true, "porosidad_pct": 28.6, "espesor_arena_neta_ft": 176.0, "fuente": "Modelo DEMO sobre datos sinteticos. Distribuciones de la tabla 1 del USGS FS 2009-3028; etiqueta y reparto espacial inventados. NO es un dato observado.", "confianza": "baja", "ultima_verificacion": "2026-09-09"}}, {"type": "Feature", "geometry": {"type": "Polygon", "coordinates": [[[-66.94, 8.84], [-66.86, 8.84], [-66.86, 8.92], [-66.94, 8.92], [-66.94, 8.84]]]}, "properties": {"id": "DEMO--66.9400-8.8400", "tipo": "demo", "sector": "demo", "estado": "desconocido", "score": 0.3551, "demo": true, "porosidad_pct": 32.4, "espesor_arena_neta_ft": 127.2, "fuente": "Modelo DEMO sobre datos sinteticos. Distribuciones de la tabla 1 del USGS FS 2009-3028; etiqueta y reparto espacial inventados. NO es un dato observado.", "confianza": "baja", "ultima_verificacion": "2026-09-09"}}, {"type": "Feature", "geometry": {"type": "Polygon", "coordinates": [[[-66.86, 8.84], [-66.78, 8.84], [-66.78, 8.92], [-66.86, 8.92], [-66.86, 8.84]]]}, "properties": {"id": "DEMO--66.8600-8.8400", "tipo": "demo", "sector": "demo", "estado": "desconocido", "score": 0.2744, "demo": true, "porosidad_pct": 31.4, "espesor_arena_neta_ft": 130.6, "fuente": "Modelo DEMO sobre datos sinteticos. Distribuciones de la tabla 1 del USGS FS 2009-3028; etiqueta y reparto espacial inventados. NO es un dato observado.", "confianza": "baja", "ultima_verificacion": "2026-09-09"}}, {"type": "Feature", "geometry": {"type": "Polygon", "coordinates": [[[-66.78, 8.84], [-66.7, 8.84], [-66.7, 8.92], [-66.78, 8.92], [-66.78, 8.84]]]}, "properties": {"id": "DEMO--66.7800-8.8400", "tipo": "demo", "sector": "demo", "estado": "desconocido", "score": 0.6367, "demo": true, "porosidad_pct": 30.3, "espesor_arena_neta_ft": 87.1, "fuente": "Modelo DEMO sobre datos sinteticos. Distribuciones de la tabla 1 del USGS FS 2009-3028; etiqueta y reparto espacial inventados. NO es un dato observado.", "confianza": "baja", "ultima_verificacion": "2026-09-09"}}, {"type": "Feature", "geometry": {"type": "Polygon", "coordinates": [[[-66.7, 8.84], [-66.62, 8.84], [-66.62, 8.92], [-66.7, 8.92], [-66.7, 8.84]]]}, "properties": {"id": "DEMO--66.7000-8.8400", "tipo": "demo", "sector": "demo", "estado": "desconocido", "score": 0.3337, "demo": true, "porosidad_pct": 32.1, "espesor_arena_neta_ft": 108.5, "fuente": "Modelo DEMO sobre datos sinteticos. Distribuciones de la tabla 1 del USGS FS 2009-3028; etiqueta y reparto espacial inventados. NO es un dato observado.", "confianza": "baja", "ultima_verificacion": "2026-09-09"}}, {"type": "Feature", "geometry": {"type": "Polygon", "coordinates": [[[-66.62, 8.84], [-66.54, 8.84], [-66.54, 8.92], [-66.62, 8.92], [-66.62, 8.84]]]}, "properties": {"id": "DEMO--66.6200-8.8400", "tipo": "demo", "sector": "demo", "estado": "desconocido", "score": 0.4904, "demo": true, "porosidad_pct": 34.8, "espesor_arena_neta_ft": 160.4, "fuente": "Modelo DEMO sobre datos sinteticos. Distribuciones de la tabla 1 del USGS FS 2009-3028; etiqueta y reparto espacial inventados. NO es un dato observado.", "confianza": "baja", "ultima_verificacion": "2026-09-09"}}, {"type": "Feature", "geometry": {"type": "Polygon", "coordinates": [[[-66.54, 8.84], [-66.46000000000001, 8.84], [-66.46000000000001, 8.92], [-66.54, 8.92], [-66.54, 8.84]]]}, "properties": {"id": "DEMO--66.5400-8.8400", "tipo": "demo", "sector": "demo", "estado": "desconocido", "score": 0.0748, "demo": true, "porosidad_pct": 29.2, "espesor_arena_neta_ft": 80.0, "fuente": "Modelo DEMO sobre datos sinteticos. Distribuciones de la tabla 1 del USGS FS 2009-3028; etiqueta y reparto espacial inventados. NO es un dato observado.", "confianza": "baja", "ultima_verificacion": "2026-09-09"}}, {"type": "Feature", "geometry": {"type": "Polygon", "coordinates": [[[-66.46, 8.84], [-66.38, 8.84], [-66.38, 8.92], [-66.46, 8.92], [-66.46, 8.84]]]}, "properties": {"id": "DEMO--66.4600-8.8400", "tipo": "demo", "sector": "demo", "estado": "desconocido", "score": 0.4513, "demo": true, "porosidad_pct": 27.9, "espesor_arena_neta_ft": 143.8, "fuente": "Modelo DEMO sobre datos sinteticos. Distribuciones de la tabla 1 del USGS FS 2009-3028; etiqueta y reparto espacial inventados. NO es un dato observado.", "confianza": "baja", "ultima_verificacion": "2026-09-09"}}, {"type": "Feature", "geometry": {"type": "Polygon", "coordinates": [[[-66.38, 8.84], [-66.3, 8.84], [-66.3, 8.92], [-66.38, 8.92], [-66.38, 8.84]]]}, "properties": {"id": "DEMO--66.3800-8.8400", "tipo": "demo", "sector": "demo", "estado": "desconocido", "score": 0.5274, "demo": true, "porosidad_pct": 31.4, "espesor_arena_neta_ft": 112.6, "fuente": "Modelo DEMO sobre datos sinteticos. Distribuciones de la tabla 1 del USGS FS 2009-3028; etiqueta y reparto espacial inventados. NO es un dato observado.", "confianza": "baja", "ultima_verificacion": "2026-09-09"}}, {"type": "Feature", "geometry": {"type": "Polygon", "coordinates": [[[-66.3, 8.84], [-66.22, 8.84], [-66.22, 8.92], [-66.3, 8.92], [-66.3, 8.84]]]}, "properties": {"id": "DEMO--66.3000-8.8400", "tipo": "demo", "sector": "demo", "estado": "desconocido", "score": 0.5227, "demo": true, "porosidad_pct": 32.6, "espesor_arena_neta_ft": 72.8, "fuente": "Modelo DEMO sobre datos sinteticos. Distribuciones de la tabla 1 del USGS FS 2009-3028; etiqueta y reparto espacial inventados. NO es un dato observado.", "confianza": "baja", "ultima_verificacion": "2026-09-09"}}, {"type": "Feature", "geometry": {"type": "Polygon", "coordinates": [[[-66.22, 8.84], [-66.14, 8.84], [-66.14, 8.92], [-66.22, 8.92], [-66.22, 8.84]]]}, "properties": {"id": "DEMO--66.2200-8.8400", "tipo": "demo", "sector": "demo", "estado": "desconocido", "score": 0.2848, "demo": true, "porosidad_pct": 29.8, "espesor_arena_neta_ft": 61.2, "fuente": "Modelo DEMO sobre datos sinteticos. Distribuciones de la tabla 1 del USGS FS 2009-3028; etiqueta y reparto espacial inventados. NO es un dato observado.", "confianza": "baja", "ultima_verificacion": "2026-09-09"}}, {"type": "Feature", "geometry": {"type": "Polygon", "coordinates": [[[-66.14, 8.84], [-66.06, 8.84], [-66.06, 8.92], [-66.14, 8.92], [-66.14, 8.84]]]}, "properties": {"id": "DEMO--66.1400-8.8400", "tipo": "demo", "sector": "demo", "estado": "desconocido", "score": 0.4682, "demo": true, "porosidad_pct": 33.9, "espesor_arena_neta_ft": 65.6, "fuente": "Modelo DEMO sobre datos sinteticos. Distribuciones de la tabla 1 del USGS FS 2009-3028; etiqueta y reparto espacial inventados. NO es un dato observado.", "confianza": "baja", "ultima_verificacion": "2026-09-09"}}, {"type": "Feature", "geometry": {"type": "Polygon", "coordinates": [[[-66.06, 8.84], [-65.98, 8.84], [-65.98, 8.92], [-66.06, 8.92], [-66.06, 8.84]]]}, "properties": {"id": "DEMO--66.0600-8.8400", "tipo": "demo", "sector": "demo", "estado": "desconocido", "score": 0.8278, "demo": true, "porosidad_pct": 30.8, "espesor_arena_neta_ft": 147.9, "fuente": "Modelo DEMO sobre datos sinteticos. Distribuciones de la tabla 1 del USGS FS 2009-3028; etiqueta y reparto espacial inventados. NO es un dato observado.", "confianza": "baja", "ultima_verificacion": "2026-09-09"}}, {"type": "Feature", "geometry": {"type": "Polygon", "coordinates": [[[-65.98, 8.84], [-65.9, 8.84], [-65.9, 8.92], [-65.98, 8.92], [-65.98, 8.84]]]}, "properties": {"id": "DEMO--65.9800-8.8400", "tipo": "demo", "sector": "demo", "estado": "desconocido", "score": 0.8517, "demo": true, "porosidad_pct": 31.7, "espesor_arena_neta_ft": 120.6, "fuente": "Modelo DEMO sobre datos sinteticos. Distribuciones de la tabla 1 del USGS FS 2009-3028; etiqueta y reparto espacial inventados. NO es un dato observado.", "confianza": "baja", "ultima_verificacion": "2026-09-09"}}, {"type": "Feature", "geometry": {"type": "Polygon", "coordinates": [[[-65.9, 8.84], [-65.82000000000001, 8.84], [-65.82000000000001, 8.92], [-65.9, 8.92], [-65.9, 8.84]]]}, "properties": {"id": "DEMO--65.9000-8.8400", "tipo": "demo", "sector": "demo", "estado": "desconocido", "score": 0.7709, "demo": true, "porosidad_pct": 35.0, "espesor_arena_neta_ft": 82.1, "fuente": "Modelo DEMO sobre datos sinteticos. Distribuciones de la tabla 1 del USGS FS 2009-3028; etiqueta y reparto espacial inventados. NO es un dato observado.", "confianza": "baja", "ultima_verificacion": "2026-09-09"}}, {"type": "Feature", "geometry": {"type": "Polygon", "coordinates": [[[-65.82, 8.84], [-65.74, 8.84], [-65.74, 8.92], [-65.82, 8.92], [-65.82, 8.84]]]}, "properties": {"id": "DEMO--65.8200-8.8400", "tipo": "demo", "sector": "demo", "estado": "desconocido", "score": 0.7347, "demo": true, "porosidad_pct": 29.0, "espesor_arena_neta_ft": 183.5, "fuente": "Modelo DEMO sobre datos sinteticos. Distribuciones de la tabla 1 del USGS FS 2009-3028; etiqueta y reparto espacial inventados. NO es un dato observado.", "confianza": "baja", "ultima_verificacion": "2026-09-09"}}, {"type": "Feature", "geometry": {"type": "Polygon", "coordinates": [[[-65.74, 8.84], [-65.66, 8.84], [-65.66, 8.92], [-65.74, 8.92], [-65.74, 8.84]]]}, "properties": {"id": "DEMO--65.7400-8.8400", "tipo": "demo", "sector": "demo", "estado": "desconocido", "score": 0.888, "demo": true, "porosidad_pct": 33.3, "espesor_arena_neta_ft": 118.0, "fuente": "Modelo DEMO sobre datos sinteticos. Distribuciones de la tabla 1 del USGS FS 2009-3028; etiqueta y reparto espacial inventados. NO es un dato observado.", "confianza": "baja", "ultima_verificacion": "2026-09-09"}}, {"type": "Feature", "geometry": {"type": "Polygon", "coordinates": [[[-65.66, 8.84], [-65.58, 8.84], [-65.58, 8.92], [-65.66, 8.92], [-65.66, 8.84]]]}, "properties": {"id": "DEMO--65.6600-8.8400", "tipo": "demo", "sector": "demo", "estado": "desconocido", "score": 0.873, "demo": true, "porosidad_pct": 33.9, "espesor_arena_neta_ft": 113.1, "fuente": "Modelo DEMO sobre datos sinteticos. Distribuciones de la tabla 1 del USGS FS 2009-3028; etiqueta y reparto espacial inventados. NO es un dato observado.", "confianza": "baja", "ultima_verificacion": "2026-09-09"}}, {"type": "Feature", "geometry": {"type": "Polygon", "coordinates": [[[-65.58, 8.84], [-65.5, 8.84], [-65.5, 8.92], [-65.58, 8.92], [-65.58, 8.84]]]}, "properties": {"id": "DEMO--65.5800-8.8400", "tipo": "demo", "sector": "demo", "estado": "desconocido", "score": 0.5725, "demo": true, "porosidad_pct": 29.5, "espesor_arena_neta_ft": 163.0, "fuente": "Modelo DEMO sobre datos sinteticos. Distribuciones de la tabla 1 del USGS FS 2009-3028; etiqueta y reparto espacial inventados. NO es un dato observado.", "confianza": "baja", "ultima_verificacion": "2026-09-09"}}, {"type": "Feature", "geometry": {"type": "Polygon", "coordinates": [[[-65.5, 8.84], [-65.42, 8.84], [-65.42, 8.92], [-65.5, 8.92], [-65.5, 8.84]]]}, "properties": {"id": "DEMO--65.5000-8.8400", "tipo": "demo", "sector": "demo", "estado": "desconocido", "score": 0.7001, "demo": true, "porosidad_pct": 31.0, "espesor_arena_neta_ft": 140.5, "fuente": "Modelo DEMO sobre datos sinteticos. Distribuciones de la tabla 1 del USGS FS 2009-3028; etiqueta y reparto espacial inventados. NO es un dato observado.", "confianza": "baja", "ultima_verificacion": "2026-09-09"}}, {"type": "Feature", "geometry": {"type": "Polygon", "coordinates": [[[-65.42, 8.84], [-65.34, 8.84], [-65.34, 8.92], [-65.42, 8.92], [-65.42, 8.84]]]}, "properties": {"id": "DEMO--65.4200-8.8400", "tipo": "demo", "sector": "demo", "estado": "desconocido", "score": 0.409, "demo": true, "porosidad_pct": 28.5, "espesor_arena_neta_ft": 160.0, "fuente": "Modelo DEMO sobre datos sinteticos. Distribuciones de la tabla 1 del USGS FS 2009-3028; etiqueta y reparto espacial inventados. NO es un dato observado.", "confianza": "baja", "ultima_verificacion": "2026-09-09"}}, {"type": "Feature", "geometry": {"type": "Polygon", "coordinates": [[[-65.34, 8.84], [-65.26, 8.84], [-65.26, 8.92], [-65.34, 8.92], [-65.34, 8.84]]]}, "properties": {"id": "DEMO--65.3400-8.8400", "tipo": "demo", "sector": "demo", "estado": "desconocido", "score": 0.5487, "demo": true, "porosidad_pct": 28.3, "espesor_arena_neta_ft": 261.2, "fuente": "Modelo DEMO sobre datos sinteticos. Distribuciones de la tabla 1 del USGS FS 2009-3028; etiqueta y reparto espacial inventados. NO es un dato observado.", "confianza": "baja", "ultima_verificacion": "2026-09-09"}}, {"type": "Feature", "geometry": {"type": "Polygon", "coordinates": [[[-65.26, 8.84], [-65.18, 8.84], [-65.18, 8.92], [-65.26, 8.92], [-65.26, 8.84]]]}, "properties": {"id": "DEMO--65.2600-8.8400", "tipo": "demo", "sector": "demo", "estado": "desconocido", "score": 0.3504, "demo": true, "porosidad_pct": 28.5, "espesor_arena_neta_ft": 180.7, "fuente": "Modelo DEMO sobre datos sinteticos. Distribuciones de la tabla 1 del USGS FS 2009-3028; etiqueta y reparto espacial inventados. NO es un dato observado.", "confianza": "baja", "ultima_verificacion": "2026-09-09"}}, {"type": "Feature", "geometry": {"type": "Polygon", "coordinates": [[[-65.18, 8.84], [-65.10000000000001, 8.84], [-65.10000000000001, 8.92], [-65.18, 8.92], [-65.18, 8.84]]]}, "properties": {"id": "DEMO--65.1800-8.8400", "tipo": "demo", "sector": "demo", "estado": "desconocido", "score": 0.817, "demo": true, "porosidad_pct": 32.7, "espesor_arena_neta_ft": 228.1, "fuente": "Modelo DEMO sobre datos sinteticos. Distribuciones de la tabla 1 del USGS FS 2009-3028; etiqueta y reparto espacial inventados. NO es un dato observado.", "confianza": "baja", "ultima_verificacion": "2026-09-09"}}, {"type": "Feature", "geometry": {"type": "Polygon", "coordinates": [[[-65.1, 8.84], [-65.02, 8.84], [-65.02, 8.92], [-65.1, 8.92], [-65.1, 8.84]]]}, "properties": {"id": "DEMO--65.1000-8.8400", "tipo": "demo", "sector": "demo", "estado": "desconocido", "score": 0.0565, "demo": true, "porosidad_pct": 26.7, "espesor_arena_neta_ft": 173.7, "fuente": "Modelo DEMO sobre datos sinteticos. Distribuciones de la tabla 1 del USGS FS 2009-3028; etiqueta y reparto espacial inventados. NO es un dato observado.", "confianza": "baja", "ultima_verificacion": "2026-09-09"}}, {"type": "Feature", "geometry": {"type": "Polygon", "coordinates": [[[-65.02, 8.84], [-64.94, 8.84], [-64.94, 8.92], [-65.02, 8.92], [-65.02, 8.84]]]}, "properties": {"id": "DEMO--65.0200-8.8400", "tipo": "demo", "sector": "demo", "estado": "desconocido", "score": 0.7437, "demo": true, "porosidad_pct": 30.2, "espesor_arena_neta_ft": 256.0, "fuente": "Modelo DEMO sobre datos sinteticos. Distribuciones de la tabla 1 del USGS FS 2009-3028; etiqueta y reparto espacial inventados. NO es un dato observado.", "confianza": "baja", "ultima_verificacion": "2026-09-09"}}, {"type": "Feature", "geometry": {"type": "Polygon", "coordinates": [[[-64.94, 8.84], [-64.86, 8.84], [-64.86, 8.92], [-64.94, 8.92], [-64.94, 8.84]]]}, "properties": {"id": "DEMO--64.9400-8.8400", "tipo": "demo", "sector": "demo", "estado": "desconocido", "score": 0.121, "demo": true, "porosidad_pct": 27.3, "espesor_arena_neta_ft": 182.7, "fuente": "Modelo DEMO sobre datos sinteticos. Distribuciones de la tabla 1 del USGS FS 2009-3028; etiqueta y reparto espacial inventados. NO es un dato observado.", "confianza": "baja", "ultima_verificacion": "2026-09-09"}}, {"type": "Feature", "geometry": {"type": "Polygon", "coordinates": [[[-64.86, 8.84], [-64.78, 8.84], [-64.78, 8.92], [-64.86, 8.92], [-64.86, 8.84]]]}, "properties": {"id": "DEMO--64.8600-8.8400", "tipo": "demo", "sector": "demo", "estado": "desconocido", "score": 0.5128, "demo": true, "porosidad_pct": 26.5, "espesor_arena_neta_ft": 236.3, "fuente": "Modelo DEMO sobre datos sinteticos. Distribuciones de la tabla 1 del USGS FS 2009-3028; etiqueta y reparto espacial inventados. NO es un dato observado.", "confianza": "baja", "ultima_verificacion": "2026-09-09"}}, {"type": "Feature", "geometry": {"type": "Polygon", "coordinates": [[[-64.78, 8.84], [-64.7, 8.84], [-64.7, 8.92], [-64.78, 8.92], [-64.78, 8.84]]]}, "properties": {"id": "DEMO--64.7800-8.8400", "tipo": "demo", "sector": "demo", "estado": "desconocido", "score": 0.4825, "demo": true, "porosidad_pct": 31.3, "espesor_arena_neta_ft": 199.2, "fuente": "Modelo DEMO sobre datos sinteticos. Distribuciones de la tabla 1 del USGS FS 2009-3028; etiqueta y reparto espacial inventados. NO es un dato observado.", "confianza": "baja", "ultima_verificacion": "2026-09-09"}}, {"type": "Feature", "geometry": {"type": "Polygon", "coordinates": [[[-64.7, 8.84], [-64.62, 8.84], [-64.62, 8.92], [-64.7, 8.92], [-64.7, 8.84]]]}, "properties": {"id": "DEMO--64.7000-8.8400", "tipo": "demo", "sector": "demo", "estado": "desconocido", "score": 0.2987, "demo": true, "porosidad_pct": 28.6, "espesor_arena_neta_ft": 224.6, "fuente": "Modelo DEMO sobre datos sinteticos. Distribuciones de la tabla 1 del USGS FS 2009-3028; etiqueta y reparto espacial inventados. NO es un dato observado.", "confianza": "baja", "ultima_verificacion": "2026-09-09"}}, {"type": "Feature", "geometry": {"type": "Polygon", "coordinates": [[[-64.62, 8.84], [-64.54, 8.84], [-64.54, 8.92], [-64.62, 8.92], [-64.62, 8.84]]]}, "properties": {"id": "DEMO--64.6200-8.8400", "tipo": "demo", "sector": "demo", "estado": "desconocido", "score": 0.1432, "demo": true, "porosidad_pct": 26.7, "espesor_arena_neta_ft": 186.1, "fuente": "Modelo DEMO sobre datos sinteticos. Distribuciones de la tabla 1 del USGS FS 2009-3028; etiqueta y reparto espacial inventados. NO es un dato observado.", "confianza": "baja", "ultima_verificacion": "2026-09-09"}}, {"type": "Feature", "geometry": {"type": "Polygon", "coordinates": [[[-64.54, 8.84], [-64.46000000000001, 8.84], [-64.46000000000001, 8.92], [-64.54, 8.92], [-64.54, 8.84]]]}, "properties": {"id": "DEMO--64.5400-8.8400", "tipo": "demo", "sector": "demo", "estado": "desconocido", "score": 0.8475, "demo": true, "porosidad_pct": 29.2, "espesor_arena_neta_ft": 213.3, "fuente": "Modelo DEMO sobre datos sinteticos. Distribuciones de la tabla 1 del USGS FS 2009-3028; etiqueta y reparto espacial inventados. NO es un dato observado.", "confianza": "baja", "ultima_verificacion": "2026-09-09"}}, {"type": "Feature", "geometry": {"type": "Polygon", "coordinates": [[[-64.46, 8.84], [-64.38, 8.84], [-64.38, 8.92], [-64.46, 8.92], [-64.46, 8.84]]]}, "properties": {"id": "DEMO--64.4600-8.8400", "tipo": "demo", "sector": "demo", "estado": "desconocido", "score": 0.4829, "demo": true, "porosidad_pct": 29.2, "espesor_arena_neta_ft": 240.0, "fuente": "Modelo DEMO sobre datos sinteticos. Distribuciones de la tabla 1 del USGS FS 2009-3028; etiqueta y reparto espacial inventados. NO es un dato observado.", "confianza": "baja", "ultima_verificacion": "2026-09-09"}}, {"type": "Feature", "geometry": {"type": "Polygon", "coordinates": [[[-64.38, 8.84], [-64.3, 8.84], [-64.3, 8.92], [-64.38, 8.92], [-64.38, 8.84]]]}, "properties": {"id": "DEMO--64.3800-8.8400", "tipo": "demo", "sector": "demo", "estado": "desconocido", "score": 0.0663, "demo": true, "porosidad_pct": 25.4, "espesor_arena_neta_ft": 187.8, "fuente": "Modelo DEMO sobre datos sinteticos. Distribuciones de la tabla 1 del USGS FS 2009-3028; etiqueta y reparto espacial inventados. NO es un dato observado.", "confianza": "baja", "ultima_verificacion": "2026-09-09"}}, {"type": "Feature", "geometry": {"type": "Polygon", "coordinates": [[[-64.3, 8.84], [-64.22, 8.84], [-64.22, 8.92], [-64.3, 8.92], [-64.3, 8.84]]]}, "properties": {"id": "DEMO--64.3000-8.8400", "tipo": "demo", "sector": "demo", "estado": "desconocido", "score": 0.0945, "demo": true, "porosidad_pct": 26.6, "espesor_arena_neta_ft": 206.0, "fuente": "Modelo DEMO sobre datos sinteticos. Distribuciones de la tabla 1 del USGS FS 2009-3028; etiqueta y reparto espacial inventados. NO es un dato observado.", "confianza": "baja", "ultima_verificacion": "2026-09-09"}}, {"type": "Feature", "geometry": {"type": "Polygon", "coordinates": [[[-64.22, 8.84], [-64.14, 8.84], [-64.14, 8.92], [-64.22, 8.92], [-64.22, 8.84]]]}, "properties": {"id": "DEMO--64.2200-8.8400", "tipo": "demo", "sector": "demo", "estado": "desconocido", "score": 0.0483, "demo": true, "porosidad_pct": 24.9, "espesor_arena_neta_ft": 136.3, "fuente": "Modelo DEMO sobre datos sinteticos. Distribuciones de la tabla 1 del USGS FS 2009-3028; etiqueta y reparto espacial inventados. NO es un dato observado.", "confianza": "baja", "ultima_verificacion": "2026-09-09"}}, {"type": "Feature", "geometry": {"type": "Polygon", "coordinates": [[[-64.14, 8.84], [-64.06, 8.84], [-64.06, 8.92], [-64.14, 8.92], [-64.14, 8.84]]]}, "properties": {"id": "DEMO--64.1400-8.8400", "tipo": "demo", "sector": "demo", "estado": "desconocido", "score": 0.5628, "demo": true, "porosidad_pct": 29.4, "espesor_arena_neta_ft": 255.1, "fuente": "Modelo DEMO sobre datos sinteticos. Distribuciones de la tabla 1 del USGS FS 2009-3028; etiqueta y reparto espacial inventados. NO es un dato observado.", "confianza": "baja", "ultima_verificacion": "2026-09-09"}}, {"type": "Feature", "geometry": {"type": "Polygon", "coordinates": [[[-64.06, 8.84], [-63.980000000000004, 8.84], [-63.980000000000004, 8.92], [-64.06, 8.92], [-64.06, 8.84]]]}, "properties": {"id": "DEMO--64.0600-8.8400", "tipo": "demo", "sector": "demo", "estado": "desconocido", "score": 0.305, "demo": true, "porosidad_pct": 30.8, "espesor_arena_neta_ft": 122.2, "fuente": "Modelo DEMO sobre datos sinteticos. Distribuciones de la tabla 1 del USGS FS 2009-3028; etiqueta y reparto espacial inventados. NO es un dato observado.", "confianza": "baja", "ultima_verificacion": "2026-09-09"}}, {"type": "Feature", "geometry": {"type": "Polygon", "coordinates": [[[-63.98, 8.84], [-63.9, 8.84], [-63.9, 8.92], [-63.98, 8.92], [-63.98, 8.84]]]}, "properties": {"id": "DEMO--63.9800-8.8400", "tipo": "demo", "sector": "demo", "estado": "desconocido", "score": 0.0609, "demo": true, "porosidad_pct": 25.6, "espesor_arena_neta_ft": 109.1, "fuente": "Modelo DEMO sobre datos sinteticos. Distribuciones de la tabla 1 del USGS FS 2009-3028; etiqueta y reparto espacial inventados. NO es un dato observado.", "confianza": "baja", "ultima_verificacion": "2026-09-09"}}, {"type": "Feature", "geometry": {"type": "Polygon", "coordinates": [[[-63.9, 8.84], [-63.82, 8.84], [-63.82, 8.92], [-63.9, 8.92], [-63.9, 8.84]]]}, "properties": {"id": "DEMO--63.9000-8.8400", "tipo": "demo", "sector": "demo", "estado": "desconocido", "score": 0.692, "demo": true, "porosidad_pct": 29.9, "espesor_arena_neta_ft": 121.9, "fuente": "Modelo DEMO sobre datos sinteticos. Distribuciones de la tabla 1 del USGS FS 2009-3028; etiqueta y reparto espacial inventados. NO es un dato observado.", "confianza": "baja", "ultima_verificacion": "2026-09-09"}}, {"type": "Feature", "geometry": {"type": "Polygon", "coordinates": [[[-63.82, 8.84], [-63.74, 8.84], [-63.74, 8.92], [-63.82, 8.92], [-63.82, 8.84]]]}, "properties": {"id": "DEMO--63.8200-8.8400", "tipo": "demo", "sector": "demo", "estado": "desconocido", "score": 0.1435, "demo": true, "porosidad_pct": 28.0, "espesor_arena_neta_ft": 166.9, "fuente": "Modelo DEMO sobre datos sinteticos. Distribuciones de la tabla 1 del USGS FS 2009-3028; etiqueta y reparto espacial inventados. NO es un dato observado.", "confianza": "baja", "ultima_verificacion": "2026-09-09"}}, {"type": "Feature", "geometry": {"type": "Polygon", "coordinates": [[[-63.74, 8.84], [-63.660000000000004, 8.84], [-63.660000000000004, 8.92], [-63.74, 8.92], [-63.74, 8.84]]]}, "properties": {"id": "DEMO--63.7400-8.8400", "tipo": "demo", "sector": "demo", "estado": "desconocido", "score": 0.1256, "demo": true, "porosidad_pct": 30.0, "espesor_arena_neta_ft": 88.8, "fuente": "Modelo DEMO sobre datos sinteticos. Distribuciones de la tabla 1 del USGS FS 2009-3028; etiqueta y reparto espacial inventados. NO es un dato observado.", "confianza": "baja", "ultima_verificacion": "2026-09-09"}}, {"type": "Feature", "geometry": {"type": "Polygon", "coordinates": [[[-63.66, 8.84], [-63.58, 8.84], [-63.58, 8.92], [-63.66, 8.92], [-63.66, 8.84]]]}, "properties": {"id": "DEMO--63.6600-8.8400", "tipo": "demo", "sector": "demo", "estado": "desconocido", "score": 0.5105, "demo": true, "porosidad_pct": 31.6, "espesor_arena_neta_ft": 183.0, "fuente": "Modelo DEMO sobre datos sinteticos. Distribuciones de la tabla 1 del USGS FS 2009-3028; etiqueta y reparto espacial inventados. NO es un dato observado.", "confianza": "baja", "ultima_verificacion": "2026-09-09"}}, {"type": "Feature", "geometry": {"type": "Polygon", "coordinates": [[[-63.58, 8.84], [-63.5, 8.84], [-63.5, 8.92], [-63.58, 8.92], [-63.58, 8.84]]]}, "properties": {"id": "DEMO--63.5800-8.8400", "tipo": "demo", "sector": "demo", "estado": "desconocido", "score": 0.7161, "demo": true, "porosidad_pct": 30.0, "espesor_arena_neta_ft": 149.5, "fuente": "Modelo DEMO sobre datos sinteticos. Distribuciones de la tabla 1 del USGS FS 2009-3028; etiqueta y reparto espacial inventados. NO es un dato observado.", "confianza": "baja", "ultima_verificacion": "2026-09-09"}}, {"type": "Feature", "geometry": {"type": "Polygon", "coordinates": [[[-63.5, 8.84], [-63.42, 8.84], [-63.42, 8.92], [-63.5, 8.92], [-63.5, 8.84]]]}, "properties": {"id": "DEMO--63.5000-8.8400", "tipo": "demo", "sector": "demo", "estado": "desconocido", "score": 0.3537, "demo": true, "porosidad_pct": 33.5, "espesor_arena_neta_ft": 130.8, "fuente": "Modelo DEMO sobre datos sinteticos. Distribuciones de la tabla 1 del USGS FS 2009-3028; etiqueta y reparto espacial inventados. NO es un dato observado.", "confianza": "baja", "ultima_verificacion": "2026-09-09"}}, {"type": "Feature", "geometry": {"type": "Polygon", "coordinates": [[[-63.42, 8.84], [-63.34, 8.84], [-63.34, 8.92], [-63.42, 8.92], [-63.42, 8.84]]]}, "properties": {"id": "DEMO--63.4200-8.8400", "tipo": "demo", "sector": "demo", "estado": "desconocido", "score": 0.3856, "demo": true, "porosidad_pct": 29.9, "espesor_arena_neta_ft": 124.2, "fuente": "Modelo DEMO sobre datos sinteticos. Distribuciones de la tabla 1 del USGS FS 2009-3028; etiqueta y reparto espacial inventados. NO es un dato observado.", "confianza": "baja", "ultima_verificacion": "2026-09-09"}}, {"type": "Feature", "geometry": {"type": "Polygon", "coordinates": [[[-63.34, 8.84], [-63.260000000000005, 8.84], [-63.260000000000005, 8.92], [-63.34, 8.92], [-63.34, 8.84]]]}, "properties": {"id": "DEMO--63.3400-8.8400", "tipo": "demo", "sector": "demo", "estado": "desconocido", "score": 0.7504, "demo": true, "porosidad_pct": 29.4, "espesor_arena_neta_ft": 203.7, "fuente": "Modelo DEMO sobre datos sinteticos. Distribuciones de la tabla 1 del USGS FS 2009-3028; etiqueta y reparto espacial inventados. NO es un dato observado.", "confianza": "baja", "ultima_verificacion": "2026-09-09"}}, {"type": "Feature", "geometry": {"type": "Polygon", "coordinates": [[[-63.26, 8.84], [-63.18, 8.84], [-63.18, 8.92], [-63.26, 8.92], [-63.26, 8.84]]]}, "properties": {"id": "DEMO--63.2600-8.8400", "tipo": "demo", "sector": "demo", "estado": "desconocido", "score": 0.6, "demo": true, "porosidad_pct": 29.7, "espesor_arena_neta_ft": 136.5, "fuente": "Modelo DEMO sobre datos sinteticos. Distribuciones de la tabla 1 del USGS FS 2009-3028; etiqueta y reparto espacial inventados. NO es un dato observado.", "confianza": "baja", "ultima_verificacion": "2026-09-09"}}, {"type": "Feature", "geometry": {"type": "Polygon", "coordinates": [[[-63.18, 8.84], [-63.1, 8.84], [-63.1, 8.92], [-63.18, 8.92], [-63.18, 8.84]]]}, "properties": {"id": "DEMO--63.1800-8.8400", "tipo": "demo", "sector": "demo", "estado": "desconocido", "score": 0.4867, "demo": true, "porosidad_pct": 26.8, "espesor_arena_neta_ft": 122.5, "fuente": "Modelo DEMO sobre datos sinteticos. Distribuciones de la tabla 1 del USGS FS 2009-3028; etiqueta y reparto espacial inventados. NO es un dato observado.", "confianza": "baja", "ultima_verificacion": "2026-09-09"}}, {"type": "Feature", "geometry": {"type": "Polygon", "coordinates": [[[-63.1, 8.84], [-63.02, 8.84], [-63.02, 8.92], [-63.1, 8.92], [-63.1, 8.84]]]}, "properties": {"id": "DEMO--63.1000-8.8400", "tipo": "demo", "sector": "demo", "estado": "desconocido", "score": 0.9142, "demo": true, "porosidad_pct": 34.5, "espesor_arena_neta_ft": 112.9, "fuente": "Modelo DEMO sobre datos sinteticos. Distribuciones de la tabla 1 del USGS FS 2009-3028; etiqueta y reparto espacial inventados. NO es un dato observado.", "confianza": "baja", "ultima_verificacion": "2026-09-09"}}, {"type": "Feature", "geometry": {"type": "Polygon", "coordinates": [[[-63.02, 8.84], [-62.940000000000005, 8.84], [-62.940000000000005, 8.92], [-63.02, 8.92], [-63.02, 8.84]]]}, "properties": {"id": "DEMO--63.0200-8.8400", "tipo": "demo", "sector": "demo", "estado": "desconocido", "score": 0.1332, "demo": true, "porosidad_pct": 29.4, "espesor_arena_neta_ft": 98.2, "fuente": "Modelo DEMO sobre datos sinteticos. Distribuciones de la tabla 1 del USGS FS 2009-3028; etiqueta y reparto espacial inventados. NO es un dato observado.", "confianza": "baja", "ultima_verificacion": "2026-09-09"}}, {"type": "Feature", "geometry": {"type": "Polygon", "coordinates": [[[-62.94, 8.84], [-62.86, 8.84], [-62.86, 8.92], [-62.94, 8.92], [-62.94, 8.84]]]}, "properties": {"id": "DEMO--62.9400-8.8400", "tipo": "demo", "sector": "demo", "estado": "desconocido", "score": 0.1414, "demo": true, "porosidad_pct": 29.6, "espesor_arena_neta_ft": 70.0, "fuente": "Modelo DEMO sobre datos sinteticos. Distribuciones de la tabla 1 del USGS FS 2009-3028; etiqueta y reparto espacial inventados. NO es un dato observado.", "confianza": "baja", "ultima_verificacion": "2026-09-09"}}, {"type": "Feature", "geometry": {"type": "Polygon", "coordinates": [[[-62.86, 8.84], [-62.78, 8.84], [-62.78, 8.92], [-62.86, 8.92], [-62.86, 8.84]]]}, "properties": {"id": "DEMO--62.8600-8.8400", "tipo": "demo", "sector": "demo", "estado": "desconocido", "score": 0.1738, "demo": true, "porosidad_pct": 29.5, "espesor_arena_neta_ft": 95.6, "fuente": "Modelo DEMO sobre datos sinteticos. Distribuciones de la tabla 1 del USGS FS 2009-3028; etiqueta y reparto espacial inventados. NO es un dato observado.", "confianza": "baja", "ultima_verificacion": "2026-09-09"}}, {"type": "Feature", "geometry": {"type": "Polygon", "coordinates": [[[-62.78, 8.84], [-62.7, 8.84], [-62.7, 8.92], [-62.78, 8.92], [-62.78, 8.84]]]}, "properties": {"id": "DEMO--62.7800-8.8400", "tipo": "demo", "sector": "demo", "estado": "desconocido", "score": 0.7106, "demo": true, "porosidad_pct": 35.3, "espesor_arena_neta_ft": 81.8, "fuente": "Modelo DEMO sobre datos sinteticos. Distribuciones de la tabla 1 del USGS FS 2009-3028; etiqueta y reparto espacial inventados. NO es un dato observado.", "confianza": "baja", "ultima_verificacion": "2026-09-09"}}, {"type": "Feature", "geometry": {"type": "Polygon", "coordinates": [[[-62.7, 8.84], [-62.620000000000005, 8.84], [-62.620000000000005, 8.92], [-62.7, 8.92], [-62.7, 8.84]]]}, "properties": {"id": "DEMO--62.7000-8.8400", "tipo": "demo", "sector": "demo", "estado": "desconocido", "score": 0.0802, "demo": true, "porosidad_pct": 28.3, "espesor_arena_neta_ft": 134.1, "fuente": "Modelo DEMO sobre datos sinteticos. Distribuciones de la tabla 1 del USGS FS 2009-3028; etiqueta y reparto espacial inventados. NO es un dato observado.", "confianza": "baja", "ultima_verificacion": "2026-09-09"}}, {"type": "Feature", "geometry": {"type": "Polygon", "coordinates": [[[-62.62, 8.84], [-62.54, 8.84], [-62.54, 8.92], [-62.62, 8.92], [-62.62, 8.84]]]}, "properties": {"id": "DEMO--62.6200-8.8400", "tipo": "demo", "sector": "demo", "estado": "desconocido", "score": 0.9118, "demo": true, "porosidad_pct": 32.9, "espesor_arena_neta_ft": 134.1, "fuente": "Modelo DEMO sobre datos sinteticos. Distribuciones de la tabla 1 del USGS FS 2009-3028; etiqueta y reparto espacial inventados. NO es un dato observado.", "confianza": "baja", "ultima_verificacion": "2026-09-09"}}, {"type": "Feature", "geometry": {"type": "Polygon", "coordinates": [[[-62.54, 8.84], [-62.46, 8.84], [-62.46, 8.92], [-62.54, 8.92], [-62.54, 8.84]]]}, "properties": {"id": "DEMO--62.5400-8.8400", "tipo": "demo", "sector": "demo", "estado": "desconocido", "score": 0.1836, "demo": true, "porosidad_pct": 28.1, "espesor_arena_neta_ft": 120.9, "fuente": "Modelo DEMO sobre datos sinteticos. Distribuciones de la tabla 1 del USGS FS 2009-3028; etiqueta y reparto espacial inventados. NO es un dato observado.", "confianza": "baja", "ultima_verificacion": "2026-09-09"}}, {"type": "Feature", "geometry": {"type": "Polygon", "coordinates": [[[-62.46, 8.84], [-62.38, 8.84], [-62.38, 8.92], [-62.46, 8.92], [-62.46, 8.84]]]}, "properties": {"id": "DEMO--62.4600-8.8400", "tipo": "demo", "sector": "demo", "estado": "desconocido", "score": 0.2081, "demo": true, "porosidad_pct": 30.7, "espesor_arena_neta_ft": 104.8, "fuente": "Modelo DEMO sobre datos sinteticos. Distribuciones de la tabla 1 del USGS FS 2009-3028; etiqueta y reparto espacial inventados. NO es un dato observado.", "confianza": "baja", "ultima_verificacion": "2026-09-09"}}, {"type": "Feature", "geometry": {"type": "Polygon", "coordinates": [[[-62.38, 8.84], [-62.300000000000004, 8.84], [-62.300000000000004, 8.92], [-62.38, 8.92], [-62.38, 8.84]]]}, "properties": {"id": "DEMO--62.3800-8.8400", "tipo": "demo", "sector": "demo", "estado": "desconocido", "score": 0.6878, "demo": true, "porosidad_pct": 29.9, "espesor_arena_neta_ft": 151.0, "fuente": "Modelo DEMO sobre datos sinteticos. Distribuciones de la tabla 1 del USGS FS 2009-3028; etiqueta y reparto espacial inventados. NO es un dato observado.", "confianza": "baja", "ultima_verificacion": "2026-09-09"}}, {"type": "Feature", "geometry": {"type": "Polygon", "coordinates": [[[-62.3, 8.84], [-62.22, 8.84], [-62.22, 8.92], [-62.3, 8.92], [-62.3, 8.84]]]}, "properties": {"id": "DEMO--62.3000-8.8400", "tipo": "demo", "sector": "demo", "estado": "desconocido", "score": 0.2472, "demo": true, "porosidad_pct": 32.2, "espesor_arena_neta_ft": 83.0, "fuente": "Modelo DEMO sobre datos sinteticos. Distribuciones de la tabla 1 del USGS FS 2009-3028; etiqueta y reparto espacial inventados. NO es un dato observado.", "confianza": "baja", "ultima_verificacion": "2026-09-09"}}, {"type": "Feature", "geometry": {"type": "Polygon", "coordinates": [[[-62.22, 8.84], [-62.14, 8.84], [-62.14, 8.92], [-62.22, 8.92], [-62.22, 8.84]]]}, "properties": {"id": "DEMO--62.2200-8.8400", "tipo": "demo", "sector": "demo", "estado": "desconocido", "score": 0.1406, "demo": true, "porosidad_pct": 27.8, "espesor_arena_neta_ft": 80.1, "fuente": "Modelo DEMO sobre datos sinteticos. Distribuciones de la tabla 1 del USGS FS 2009-3028; etiqueta y reparto espacial inventados. NO es un dato observado.", "confianza": "baja", "ultima_verificacion": "2026-09-09"}}, {"type": "Feature", "geometry": {"type": "Polygon", "coordinates": [[[-62.14, 8.84], [-62.06, 8.84], [-62.06, 8.92], [-62.14, 8.92], [-62.14, 8.84]]]}, "properties": {"id": "DEMO--62.1400-8.8400", "tipo": "demo", "sector": "demo", "estado": "desconocido", "score": 0.4533, "demo": true, "porosidad_pct": 33.9, "espesor_arena_neta_ft": 137.8, "fuente": "Modelo DEMO sobre datos sinteticos. Distribuciones de la tabla 1 del USGS FS 2009-3028; etiqueta y reparto espacial inventados. NO es un dato observado.", "confianza": "baja", "ultima_verificacion": "2026-09-09"}}, {"type": "Feature", "geometry": {"type": "Polygon", "coordinates": [[[-67.34, 8.92], [-67.26, 8.92], [-67.26, 9.0], [-67.34, 9.0], [-67.34, 8.92]]]}, "properties": {"id": "DEMO--67.3400-8.9200", "tipo": "demo", "sector": "demo", "estado": "desconocido", "score": 0.4913, "demo": true, "porosidad_pct": 30.8, "espesor_arena_neta_ft": 180.5, "fuente": "Modelo DEMO sobre datos sinteticos. Distribuciones de la tabla 1 del USGS FS 2009-3028; etiqueta y reparto espacial inventados. NO es un dato observado.", "confianza": "baja", "ultima_verificacion": "2026-09-09"}}, {"type": "Feature", "geometry": {"type": "Polygon", "coordinates": [[[-67.26, 8.92], [-67.18, 8.92], [-67.18, 9.0], [-67.26, 9.0], [-67.26, 8.92]]]}, "properties": {"id": "DEMO--67.2600-8.9200", "tipo": "demo", "sector": "demo", "estado": "desconocido", "score": 0.2252, "demo": true, "porosidad_pct": 25.7, "espesor_arena_neta_ft": 222.7, "fuente": "Modelo DEMO sobre datos sinteticos. Distribuciones de la tabla 1 del USGS FS 2009-3028; etiqueta y reparto espacial inventados. NO es un dato observado.", "confianza": "baja", "ultima_verificacion": "2026-09-09"}}, {"type": "Feature", "geometry": {"type": "Polygon", "coordinates": [[[-67.18, 8.92], [-67.10000000000001, 8.92], [-67.10000000000001, 9.0], [-67.18, 9.0], [-67.18, 8.92]]]}, "properties": {"id": "DEMO--67.1800-8.9200", "tipo": "demo", "sector": "demo", "estado": "desconocido", "score": 0.4047, "demo": true, "porosidad_pct": 30.4, "espesor_arena_neta_ft": 185.7, "fuente": "Modelo DEMO sobre datos sinteticos. Distribuciones de la tabla 1 del USGS FS 2009-3028; etiqueta y reparto espacial inventados. NO es un dato observado.", "confianza": "baja", "ultima_verificacion": "2026-09-09"}}, {"type": "Feature", "geometry": {"type": "Polygon", "coordinates": [[[-67.1, 8.92], [-67.02, 8.92], [-67.02, 9.0], [-67.1, 9.0], [-67.1, 8.92]]]}, "properties": {"id": "DEMO--67.1000-8.9200", "tipo": "demo", "sector": "demo", "estado": "desconocido", "score": 0.9475, "demo": true, "porosidad_pct": 31.3, "espesor_arena_neta_ft": 238.7, "fuente": "Modelo DEMO sobre datos sinteticos. Distribuciones de la tabla 1 del USGS FS 2009-3028; etiqueta y reparto espacial inventados. NO es un dato observado.", "confianza": "baja", "ultima_verificacion": "2026-09-09"}}, {"type": "Feature", "geometry": {"type": "Polygon", "coordinates": [[[-67.02, 8.92], [-66.94, 8.92], [-66.94, 9.0], [-67.02, 9.0], [-67.02, 8.92]]]}, "properties": {"id": "DEMO--67.0200-8.9200", "tipo": "demo", "sector": "demo", "estado": "desconocido", "score": 0.0954, "demo": true, "porosidad_pct": 27.8, "espesor_arena_neta_ft": 91.7, "fuente": "Modelo DEMO sobre datos sinteticos. Distribuciones de la tabla 1 del USGS FS 2009-3028; etiqueta y reparto espacial inventados. NO es un dato observado.", "confianza": "baja", "ultima_verificacion": "2026-09-09"}}, {"type": "Feature", "geometry": {"type": "Polygon", "coordinates": [[[-66.94, 8.92], [-66.86, 8.92], [-66.86, 9.0], [-66.94, 9.0], [-66.94, 8.92]]]}, "properties": {"id": "DEMO--66.9400-8.9200", "tipo": "demo", "sector": "demo", "estado": "desconocido", "score": 0.4208, "demo": true, "porosidad_pct": 27.7, "espesor_arena_neta_ft": 136.8, "fuente": "Modelo DEMO sobre datos sinteticos. Distribuciones de la tabla 1 del USGS FS 2009-3028; etiqueta y reparto espacial inventados. NO es un dato observado.", "confianza": "baja", "ultima_verificacion": "2026-09-09"}}, {"type": "Feature", "geometry": {"type": "Polygon", "coordinates": [[[-66.86, 8.92], [-66.78, 8.92], [-66.78, 9.0], [-66.86, 9.0], [-66.86, 8.92]]]}, "properties": {"id": "DEMO--66.8600-8.9200", "tipo": "demo", "sector": "demo", "estado": "desconocido", "score": 0.055, "demo": true, "porosidad_pct": 25.7, "espesor_arena_neta_ft": 126.1, "fuente": "Modelo DEMO sobre datos sinteticos. Distribuciones de la tabla 1 del USGS FS 2009-3028; etiqueta y reparto espacial inventados. NO es un dato observado.", "confianza": "baja", "ultima_verificacion": "2026-09-09"}}, {"type": "Feature", "geometry": {"type": "Polygon", "coordinates": [[[-66.78, 8.92], [-66.7, 8.92], [-66.7, 9.0], [-66.78, 9.0], [-66.78, 8.92]]]}, "properties": {"id": "DEMO--66.7800-8.9200", "tipo": "demo", "sector": "demo", "estado": "desconocido", "score": 0.383, "demo": true, "porosidad_pct": 28.6, "espesor_arena_neta_ft": 163.8, "fuente": "Modelo DEMO sobre datos sinteticos. Distribuciones de la tabla 1 del USGS FS 2009-3028; etiqueta y reparto espacial inventados. NO es un dato observado.", "confianza": "baja", "ultima_verificacion": "2026-09-09"}}, {"type": "Feature", "geometry": {"type": "Polygon", "coordinates": [[[-66.7, 8.92], [-66.62, 8.92], [-66.62, 9.0], [-66.7, 9.0], [-66.7, 8.92]]]}, "properties": {"id": "DEMO--66.7000-8.9200", "tipo": "demo", "sector": "demo", "estado": "desconocido", "score": 0.0495, "demo": true, "porosidad_pct": 27.6, "espesor_arena_neta_ft": 102.2, "fuente": "Modelo DEMO sobre datos sinteticos. Distribuciones de la tabla 1 del USGS FS 2009-3028; etiqueta y reparto espacial inventados. NO es un dato observado.", "confianza": "baja", "ultima_verificacion": "2026-09-09"}}, {"type": "Feature", "geometry": {"type": "Polygon", "coordinates": [[[-66.62, 8.92], [-66.54, 8.92], [-66.54, 9.0], [-66.62, 9.0], [-66.62, 8.92]]]}, "properties": {"id": "DEMO--66.6200-8.9200", "tipo": "demo", "sector": "demo", "estado": "desconocido", "score": 0.0427, "demo": true, "porosidad_pct": 27.0, "espesor_arena_neta_ft": 46.1, "fuente": "Modelo DEMO sobre datos sinteticos. Distribuciones de la tabla 1 del USGS FS 2009-3028; etiqueta y reparto espacial inventados. NO es un dato observado.", "confianza": "baja", "ultima_verificacion": "2026-09-09"}}, {"type": "Feature", "geometry": {"type": "Polygon", "coordinates": [[[-66.54, 8.92], [-66.46000000000001, 8.92], [-66.46000000000001, 9.0], [-66.54, 9.0], [-66.54, 8.92]]]}, "properties": {"id": "DEMO--66.5400-8.9200", "tipo": "demo", "sector": "demo", "estado": "desconocido", "score": 0.3553, "demo": true, "porosidad_pct": 27.3, "espesor_arena_neta_ft": 121.2, "fuente": "Modelo DEMO sobre datos sinteticos. Distribuciones de la tabla 1 del USGS FS 2009-3028; etiqueta y reparto espacial inventados. NO es un dato observado.", "confianza": "baja", "ultima_verificacion": "2026-09-09"}}, {"type": "Feature", "geometry": {"type": "Polygon", "coordinates": [[[-66.46, 8.92], [-66.38, 8.92], [-66.38, 9.0], [-66.46, 9.0], [-66.46, 8.92]]]}, "properties": {"id": "DEMO--66.4600-8.9200", "tipo": "demo", "sector": "demo", "estado": "desconocido", "score": 0.0795, "demo": true, "porosidad_pct": 27.7, "espesor_arena_neta_ft": 132.0, "fuente": "Modelo DEMO sobre datos sinteticos. Distribuciones de la tabla 1 del USGS FS 2009-3028; etiqueta y reparto espacial inventados. NO es un dato observado.", "confianza": "baja", "ultima_verificacion": "2026-09-09"}}, {"type": "Feature", "geometry": {"type": "Polygon", "coordinates": [[[-66.38, 8.92], [-66.3, 8.92], [-66.3, 9.0], [-66.38, 9.0], [-66.38, 8.92]]]}, "properties": {"id": "DEMO--66.3800-8.9200", "tipo": "demo", "sector": "demo", "estado": "desconocido", "score": 0.6631, "demo": true, "porosidad_pct": 28.3, "espesor_arena_neta_ft": 174.3, "fuente": "Modelo DEMO sobre datos sinteticos. Distribuciones de la tabla 1 del USGS FS 2009-3028; etiqueta y reparto espacial inventados. NO es un dato observado.", "confianza": "baja", "ultima_verificacion": "2026-09-09"}}, {"type": "Feature", "geometry": {"type": "Polygon", "coordinates": [[[-66.3, 8.92], [-66.22, 8.92], [-66.22, 9.0], [-66.3, 9.0], [-66.3, 8.92]]]}, "properties": {"id": "DEMO--66.3000-8.9200", "tipo": "demo", "sector": "demo", "estado": "desconocido", "score": 0.8345, "demo": true, "porosidad_pct": 30.4, "espesor_arena_neta_ft": 109.5, "fuente": "Modelo DEMO sobre datos sinteticos. Distribuciones de la tabla 1 del USGS FS 2009-3028; etiqueta y reparto espacial inventados. NO es un dato observado.", "confianza": "baja", "ultima_verificacion": "2026-09-09"}}, {"type": "Feature", "geometry": {"type": "Polygon", "coordinates": [[[-66.22, 8.92], [-66.14, 8.92], [-66.14, 9.0], [-66.22, 9.0], [-66.22, 8.92]]]}, "properties": {"id": "DEMO--66.2200-8.9200", "tipo": "demo", "sector": "demo", "estado": "desconocido", "score": 0.7789, "demo": true, "porosidad_pct": 32.1, "espesor_arena_neta_ft": 152.7, "fuente": "Modelo DEMO sobre datos sinteticos. Distribuciones de la tabla 1 del USGS FS 2009-3028; etiqueta y reparto espacial inventados. NO es un dato observado.", "confianza": "baja", "ultima_verificacion": "2026-09-09"}}, {"type": "Feature", "geometry": {"type": "Polygon", "coordinates": [[[-66.14, 8.92], [-66.06, 8.92], [-66.06, 9.0], [-66.14, 9.0], [-66.14, 8.92]]]}, "properties": {"id": "DEMO--66.1400-8.9200", "tipo": "demo", "sector": "demo", "estado": "desconocido", "score": 0.4038, "demo": true, "porosidad_pct": 29.5, "espesor_arena_neta_ft": 128.6, "fuente": "Modelo DEMO sobre datos sinteticos. Distribuciones de la tabla 1 del USGS FS 2009-3028; etiqueta y reparto espacial inventados. NO es un dato observado.", "confianza": "baja", "ultima_verificacion": "2026-09-09"}}, {"type": "Feature", "geometry": {"type": "Polygon", "coordinates": [[[-66.06, 8.92], [-65.98, 8.92], [-65.98, 9.0], [-66.06, 9.0], [-66.06, 8.92]]]}, "properties": {"id": "DEMO--66.0600-8.9200", "tipo": "demo", "sector": "demo", "estado": "desconocido", "score": 0.3573, "demo": true, "porosidad_pct": 30.9, "espesor_arena_neta_ft": 112.1, "fuente": "Modelo DEMO sobre datos sinteticos. Distribuciones de la tabla 1 del USGS FS 2009-3028; etiqueta y reparto espacial inventados. NO es un dato observado.", "confianza": "baja", "ultima_verificacion": "2026-09-09"}}, {"type": "Feature", "geometry": {"type": "Polygon", "coordinates": [[[-65.98, 8.92], [-65.9, 8.92], [-65.9, 9.0], [-65.98, 9.0], [-65.98, 8.92]]]}, "properties": {"id": "DEMO--65.9800-8.9200", "tipo": "demo", "sector": "demo", "estado": "desconocido", "score": 0.6994, "demo": true, "porosidad_pct": 32.7, "espesor_arena_neta_ft": 123.0, "fuente": "Modelo DEMO sobre datos sinteticos. Distribuciones de la tabla 1 del USGS FS 2009-3028; etiqueta y reparto espacial inventados. NO es un dato observado.", "confianza": "baja", "ultima_verificacion": "2026-09-09"}}, {"type": "Feature", "geometry": {"type": "Polygon", "coordinates": [[[-65.9, 8.92], [-65.82000000000001, 8.92], [-65.82000000000001, 9.0], [-65.9, 9.0], [-65.9, 8.92]]]}, "properties": {"id": "DEMO--65.9000-8.9200", "tipo": "demo", "sector": "demo", "estado": "desconocido", "score": 0.6396, "demo": true, "porosidad_pct": 32.0, "espesor_arena_neta_ft": 108.3, "fuente": "Modelo DEMO sobre datos sinteticos. Distribuciones de la tabla 1 del USGS FS 2009-3028; etiqueta y reparto espacial inventados. NO es un dato observado.", "confianza": "baja", "ultima_verificacion": "2026-09-09"}}, {"type": "Feature", "geometry": {"type": "Polygon", "coordinates": [[[-65.82, 8.92], [-65.74, 8.92], [-65.74, 9.0], [-65.82, 9.0], [-65.82, 8.92]]]}, "properties": {"id": "DEMO--65.8200-8.9200", "tipo": "demo", "sector": "demo", "estado": "desconocido", "score": 0.9118, "demo": true, "porosidad_pct": 31.1, "espesor_arena_neta_ft": 190.6, "fuente": "Modelo DEMO sobre datos sinteticos. Distribuciones de la tabla 1 del USGS FS 2009-3028; etiqueta y reparto espacial inventados. NO es un dato observado.", "confianza": "baja", "ultima_verificacion": "2026-09-09"}}, {"type": "Feature", "geometry": {"type": "Polygon", "coordinates": [[[-65.74, 8.92], [-65.66, 8.92], [-65.66, 9.0], [-65.74, 9.0], [-65.74, 8.92]]]}, "properties": {"id": "DEMO--65.7400-8.9200", "tipo": "demo", "sector": "demo", "estado": "desconocido", "score": 0.9153, "demo": true, "porosidad_pct": 34.2, "espesor_arena_neta_ft": 156.4, "fuente": "Modelo DEMO sobre datos sinteticos. Distribuciones de la tabla 1 del USGS FS 2009-3028; etiqueta y reparto espacial inventados. NO es un dato observado.", "confianza": "baja", "ultima_verificacion": "2026-09-09"}}, {"type": "Feature", "geometry": {"type": "Polygon", "coordinates": [[[-65.66, 8.92], [-65.58, 8.92], [-65.58, 9.0], [-65.66, 9.0], [-65.66, 8.92]]]}, "properties": {"id": "DEMO--65.6600-8.9200", "tipo": "demo", "sector": "demo", "estado": "desconocido", "score": 0.7991, "demo": true, "porosidad_pct": 29.3, "espesor_arena_neta_ft": 238.8, "fuente": "Modelo DEMO sobre datos sinteticos. Distribuciones de la tabla 1 del USGS FS 2009-3028; etiqueta y reparto espacial inventados. NO es un dato observado.", "confianza": "baja", "ultima_verificacion": "2026-09-09"}}, {"type": "Feature", "geometry": {"type": "Polygon", "coordinates": [[[-65.58, 8.92], [-65.5, 8.92], [-65.5, 9.0], [-65.58, 9.0], [-65.58, 8.92]]]}, "properties": {"id": "DEMO--65.5800-8.9200", "tipo": "demo", "sector": "demo", "estado": "desconocido", "score": 0.8272, "demo": true, "porosidad_pct": 31.1, "espesor_arena_neta_ft": 200.8, "fuente": "Modelo DEMO sobre datos sinteticos. Distribuciones de la tabla 1 del USGS FS 2009-3028; etiqueta y reparto espacial inventados. NO es un dato observado.", "confianza": "baja", "ultima_verificacion": "2026-09-09"}}, {"type": "Feature", "geometry": {"type": "Polygon", "coordinates": [[[-65.5, 8.92], [-65.42, 8.92], [-65.42, 9.0], [-65.5, 9.0], [-65.5, 8.92]]]}, "properties": {"id": "DEMO--65.5000-8.9200", "tipo": "demo", "sector": "demo", "estado": "desconocido", "score": 0.8406, "demo": true, "porosidad_pct": 34.2, "espesor_arena_neta_ft": 272.9, "fuente": "Modelo DEMO sobre datos sinteticos. Distribuciones de la tabla 1 del USGS FS 2009-3028; etiqueta y reparto espacial inventados. NO es un dato observado.", "confianza": "baja", "ultima_verificacion": "2026-09-09"}}, {"type": "Feature", "geometry": {"type": "Polygon", "coordinates": [[[-65.42, 8.92], [-65.34, 8.92], [-65.34, 9.0], [-65.42, 9.0], [-65.42, 8.92]]]}, "properties": {"id": "DEMO--65.4200-8.9200", "tipo": "demo", "sector": "demo", "estado": "desconocido", "score": 0.1675, "demo": true, "porosidad_pct": 28.9, "espesor_arena_neta_ft": 165.7, "fuente": "Modelo DEMO sobre datos sinteticos. Distribuciones de la tabla 1 del USGS FS 2009-3028; etiqueta y reparto espacial inventados. NO es un dato observado.", "confianza": "baja", "ultima_verificacion": "2026-09-09"}}, {"type": "Feature", "geometry": {"type": "Polygon", "coordinates": [[[-65.34, 8.92], [-65.26, 8.92], [-65.26, 9.0], [-65.34, 9.0], [-65.34, 8.92]]]}, "properties": {"id": "DEMO--65.3400-8.9200", "tipo": "demo", "sector": "demo", "estado": "desconocido", "score": 0.2378, "demo": true, "porosidad_pct": 26.0, "espesor_arena_neta_ft": 221.7, "fuente": "Modelo DEMO sobre datos sinteticos. Distribuciones de la tabla 1 del USGS FS 2009-3028; etiqueta y reparto espacial inventados. NO es un dato observado.", "confianza": "baja", "ultima_verificacion": "2026-09-09"}}, {"type": "Feature", "geometry": {"type": "Polygon", "coordinates": [[[-65.26, 8.92], [-65.18, 8.92], [-65.18, 9.0], [-65.26, 9.0], [-65.26, 8.92]]]}, "properties": {"id": "DEMO--65.2600-8.9200", "tipo": "demo", "sector": "demo", "estado": "desconocido", "score": 0.5369, "demo": true, "porosidad_pct": 27.2, "espesor_arena_neta_ft": 266.9, "fuente": "Modelo DEMO sobre datos sinteticos. Distribuciones de la tabla 1 del USGS FS 2009-3028; etiqueta y reparto espacial inventados. NO es un dato observado.", "confianza": "baja", "ultima_verificacion": "2026-09-09"}}, {"type": "Feature", "geometry": {"type": "Polygon", "coordinates": [[[-65.18, 8.92], [-65.10000000000001, 8.92], [-65.10000000000001, 9.0], [-65.18, 9.0], [-65.18, 8.92]]]}, "properties": {"id": "DEMO--65.1800-8.9200", "tipo": "demo", "sector": "demo", "estado": "desconocido", "score": 0.3764, "demo": true, "porosidad_pct": 27.3, "espesor_arena_neta_ft": 237.1, "fuente": "Modelo DEMO sobre datos sinteticos. Distribuciones de la tabla 1 del USGS FS 2009-3028; etiqueta y reparto espacial inventados. NO es un dato observado.", "confianza": "baja", "ultima_verificacion": "2026-09-09"}}, {"type": "Feature", "geometry": {"type": "Polygon", "coordinates": [[[-65.1, 8.92], [-65.02, 8.92], [-65.02, 9.0], [-65.1, 9.0], [-65.1, 8.92]]]}, "properties": {"id": "DEMO--65.1000-8.9200", "tipo": "demo", "sector": "demo", "estado": "desconocido", "score": 0.1735, "demo": true, "porosidad_pct": 28.4, "espesor_arena_neta_ft": 186.0, "fuente": "Modelo DEMO sobre datos sinteticos. Distribuciones de la tabla 1 del USGS FS 2009-3028; etiqueta y reparto espacial inventados. NO es un dato observado.", "confianza": "baja", "ultima_verificacion": "2026-09-09"}}, {"type": "Feature", "geometry": {"type": "Polygon", "coordinates": [[[-65.02, 8.92], [-64.94, 8.92], [-64.94, 9.0], [-65.02, 9.0], [-65.02, 8.92]]]}, "properties": {"id": "DEMO--65.0200-8.9200", "tipo": "demo", "sector": "demo", "estado": "desconocido", "score": 0.2058, "demo": true, "porosidad_pct": 27.3, "espesor_arena_neta_ft": 232.3, "fuente": "Modelo DEMO sobre datos sinteticos. Distribuciones de la tabla 1 del USGS FS 2009-3028; etiqueta y reparto espacial inventados. NO es un dato observado.", "confianza": "baja", "ultima_verificacion": "2026-09-09"}}, {"type": "Feature", "geometry": {"type": "Polygon", "coordinates": [[[-64.94, 8.92], [-64.86, 8.92], [-64.86, 9.0], [-64.94, 9.0], [-64.94, 8.92]]]}, "properties": {"id": "DEMO--64.9400-8.9200", "tipo": "demo", "sector": "demo", "estado": "desconocido", "score": 0.2479, "demo": true, "porosidad_pct": 28.3, "espesor_arena_neta_ft": 188.1, "fuente": "Modelo DEMO sobre datos sinteticos. Distribuciones de la tabla 1 del USGS FS 2009-3028; etiqueta y reparto espacial inventados. NO es un dato observado.", "confianza": "baja", "ultima_verificacion": "2026-09-09"}}, {"type": "Feature", "geometry": {"type": "Polygon", "coordinates": [[[-64.86, 8.92], [-64.78, 8.92], [-64.78, 9.0], [-64.86, 9.0], [-64.86, 8.92]]]}, "properties": {"id": "DEMO--64.8600-8.9200", "tipo": "demo", "sector": "demo", "estado": "desconocido", "score": 0.307, "demo": true, "porosidad_pct": 27.3, "espesor_arena_neta_ft": 233.0, "fuente": "Modelo DEMO sobre datos sinteticos. Distribuciones de la tabla 1 del USGS FS 2009-3028; etiqueta y reparto espacial inventados. NO es un dato observado.", "confianza": "baja", "ultima_verificacion": "2026-09-09"}}, {"type": "Feature", "geometry": {"type": "Polygon", "coordinates": [[[-64.78, 8.92], [-64.7, 8.92], [-64.7, 9.0], [-64.78, 9.0], [-64.78, 8.92]]]}, "properties": {"id": "DEMO--64.7800-8.9200", "tipo": "demo", "sector": "demo", "estado": "desconocido", "score": 0.5483, "demo": true, "porosidad_pct": 26.7, "espesor_arena_neta_ft": 265.0, "fuente": "Modelo DEMO sobre datos sinteticos. Distribuciones de la tabla 1 del USGS FS 2009-3028; etiqueta y reparto espacial inventados. NO es un dato observado.", "confianza": "baja", "ultima_verificacion": "2026-09-09"}}, {"type": "Feature", "geometry": {"type": "Polygon", "coordinates": [[[-64.7, 8.92], [-64.62, 8.92], [-64.62, 9.0], [-64.7, 9.0], [-64.7, 8.92]]]}, "properties": {"id": "DEMO--64.7000-8.9200", "tipo": "demo", "sector": "demo", "estado": "desconocido", "score": 0.0741, "demo": true, "porosidad_pct": 25.1, "espesor_arena_neta_ft": 193.7, "fuente": "Modelo DEMO sobre datos sinteticos. Distribuciones de la tabla 1 del USGS FS 2009-3028; etiqueta y reparto espacial inventados. NO es un dato observado.", "confianza": "baja", "ultima_verificacion": "2026-09-09"}}, {"type": "Feature", "geometry": {"type": "Polygon", "coordinates": [[[-64.62, 8.92], [-64.54, 8.92], [-64.54, 9.0], [-64.62, 9.0], [-64.62, 8.92]]]}, "properties": {"id": "DEMO--64.6200-8.9200", "tipo": "demo", "sector": "demo", "estado": "desconocido", "score": 0.3556, "demo": true, "porosidad_pct": 26.0, "espesor_arena_neta_ft": 202.0, "fuente": "Modelo DEMO sobre datos sinteticos. Distribuciones de la tabla 1 del USGS FS 2009-3028; etiqueta y reparto espacial inventados. NO es un dato observado.", "confianza": "baja", "ultima_verificacion": "2026-09-09"}}, {"type": "Feature", "geometry": {"type": "Polygon", "coordinates": [[[-64.54, 8.92], [-64.46000000000001, 8.92], [-64.46000000000001, 9.0], [-64.54, 9.0], [-64.54, 8.92]]]}, "properties": {"id": "DEMO--64.5400-8.9200", "tipo": "demo", "sector": "demo", "estado": "desconocido", "score": 0.114, "demo": true, "porosidad_pct": 23.8, "espesor_arena_neta_ft": 212.0, "fuente": "Modelo DEMO sobre datos sinteticos. Distribuciones de la tabla 1 del USGS FS 2009-3028; etiqueta y reparto espacial inventados. NO es un dato observado.", "confianza": "baja", "ultima_verificacion": "2026-09-09"}}, {"type": "Feature", "geometry": {"type": "Polygon", "coordinates": [[[-64.46, 8.92], [-64.38, 8.92], [-64.38, 9.0], [-64.46, 9.0], [-64.46, 8.92]]]}, "properties": {"id": "DEMO--64.4600-8.9200", "tipo": "demo", "sector": "demo", "estado": "desconocido", "score": 0.1958, "demo": true, "porosidad_pct": 26.1, "espesor_arena_neta_ft": 225.0, "fuente": "Modelo DEMO sobre datos sinteticos. Distribuciones de la tabla 1 del USGS FS 2009-3028; etiqueta y reparto espacial inventados. NO es un dato observado.", "confianza": "baja", "ultima_verificacion": "2026-09-09"}}, {"type": "Feature", "geometry": {"type": "Polygon", "coordinates": [[[-64.38, 8.92], [-64.3, 8.92], [-64.3, 9.0], [-64.38, 9.0], [-64.38, 8.92]]]}, "properties": {"id": "DEMO--64.3800-8.9200", "tipo": "demo", "sector": "demo", "estado": "desconocido", "score": 0.7759, "demo": true, "porosidad_pct": 29.6, "espesor_arena_neta_ft": 291.4, "fuente": "Modelo DEMO sobre datos sinteticos. Distribuciones de la tabla 1 del USGS FS 2009-3028; etiqueta y reparto espacial inventados. NO es un dato observado.", "confianza": "baja", "ultima_verificacion": "2026-09-09"}}, {"type": "Feature", "geometry": {"type": "Polygon", "coordinates": [[[-64.3, 8.92], [-64.22, 8.92], [-64.22, 9.0], [-64.3, 9.0], [-64.3, 8.92]]]}, "properties": {"id": "DEMO--64.3000-8.9200", "tipo": "demo", "sector": "demo", "estado": "desconocido", "score": 0.0527, "demo": true, "porosidad_pct": 26.6, "espesor_arena_neta_ft": 176.3, "fuente": "Modelo DEMO sobre datos sinteticos. Distribuciones de la tabla 1 del USGS FS 2009-3028; etiqueta y reparto espacial inventados. NO es un dato observado.", "confianza": "baja", "ultima_verificacion": "2026-09-09"}}, {"type": "Feature", "geometry": {"type": "Polygon", "coordinates": [[[-64.22, 8.92], [-64.14, 8.92], [-64.14, 9.0], [-64.22, 9.0], [-64.22, 8.92]]]}, "properties": {"id": "DEMO--64.2200-8.9200", "tipo": "demo", "sector": "demo", "estado": "desconocido", "score": 0.3317, "demo": true, "porosidad_pct": 27.0, "espesor_arena_neta_ft": 262.2, "fuente": "Modelo DEMO sobre datos sinteticos. Distribuciones de la tabla 1 del USGS FS 2009-3028; etiqueta y reparto espacial inventados. NO es un dato observado.", "confianza": "baja", "ultima_verificacion": "2026-09-09"}}, {"type": "Feature", "geometry": {"type": "Polygon", "coordinates": [[[-64.14, 8.92], [-64.06, 8.92], [-64.06, 9.0], [-64.14, 9.0], [-64.14, 8.92]]]}, "properties": {"id": "DEMO--64.1400-8.9200", "tipo": "demo", "sector": "demo", "estado": "desconocido", "score": 0.0164, "demo": true, "porosidad_pct": 24.7, "espesor_arena_neta_ft": 147.2, "fuente": "Modelo DEMO sobre datos sinteticos. Distribuciones de la tabla 1 del USGS FS 2009-3028; etiqueta y reparto espacial inventados. NO es un dato observado.", "confianza": "baja", "ultima_verificacion": "2026-09-09"}}, {"type": "Feature", "geometry": {"type": "Polygon", "coordinates": [[[-64.06, 8.92], [-63.980000000000004, 8.92], [-63.980000000000004, 9.0], [-64.06, 9.0], [-64.06, 8.92]]]}, "properties": {"id": "DEMO--64.0600-8.9200", "tipo": "demo", "sector": "demo", "estado": "desconocido", "score": 0.0442, "demo": true, "porosidad_pct": 24.1, "espesor_arena_neta_ft": 180.7, "fuente": "Modelo DEMO sobre datos sinteticos. Distribuciones de la tabla 1 del USGS FS 2009-3028; etiqueta y reparto espacial inventados. NO es un dato observado.", "confianza": "baja", "ultima_verificacion": "2026-09-09"}}, {"type": "Feature", "geometry": {"type": "Polygon", "coordinates": [[[-63.98, 8.92], [-63.9, 8.92], [-63.9, 9.0], [-63.98, 9.0], [-63.98, 8.92]]]}, "properties": {"id": "DEMO--63.9800-8.9200", "tipo": "demo", "sector": "demo", "estado": "desconocido", "score": 0.0443, "demo": true, "porosidad_pct": 27.2, "espesor_arena_neta_ft": 113.8, "fuente": "Modelo DEMO sobre datos sinteticos. Distribuciones de la tabla 1 del USGS FS 2009-3028; etiqueta y reparto espacial inventados. NO es un dato observado.", "confianza": "baja", "ultima_verificacion": "2026-09-09"}}, {"type": "Feature", "geometry": {"type": "Polygon", "coordinates": [[[-63.9, 8.92], [-63.82, 8.92], [-63.82, 9.0], [-63.9, 9.0], [-63.9, 8.92]]]}, "properties": {"id": "DEMO--63.9000-8.9200", "tipo": "demo", "sector": "demo", "estado": "desconocido", "score": 0.8631, "demo": true, "porosidad_pct": 29.0, "espesor_arena_neta_ft": 227.9, "fuente": "Modelo DEMO sobre datos sinteticos. Distribuciones de la tabla 1 del USGS FS 2009-3028; etiqueta y reparto espacial inventados. NO es un dato observado.", "confianza": "baja", "ultima_verificacion": "2026-09-09"}}, {"type": "Feature", "geometry": {"type": "Polygon", "coordinates": [[[-63.82, 8.92], [-63.74, 8.92], [-63.74, 9.0], [-63.82, 9.0], [-63.82, 8.92]]]}, "properties": {"id": "DEMO--63.8200-8.9200", "tipo": "demo", "sector": "demo", "estado": "desconocido", "score": 0.1109, "demo": true, "porosidad_pct": 26.5, "espesor_arena_neta_ft": 169.4, "fuente": "Modelo DEMO sobre datos sinteticos. Distribuciones de la tabla 1 del USGS FS 2009-3028; etiqueta y reparto espacial inventados. NO es un dato observado.", "confianza": "baja", "ultima_verificacion": "2026-09-09"}}, {"type": "Feature", "geometry": {"type": "Polygon", "coordinates": [[[-63.74, 8.92], [-63.660000000000004, 8.92], [-63.660000000000004, 9.0], [-63.74, 9.0], [-63.74, 8.92]]]}, "properties": {"id": "DEMO--63.7400-8.9200", "tipo": "demo", "sector": "demo", "estado": "desconocido", "score": 0.761, "demo": true, "porosidad_pct": 29.1, "espesor_arena_neta_ft": 147.7, "fuente": "Modelo DEMO sobre datos sinteticos. Distribuciones de la tabla 1 del USGS FS 2009-3028; etiqueta y reparto espacial inventados. NO es un dato observado.", "confianza": "baja", "ultima_verificacion": "2026-09-09"}}, {"type": "Feature", "geometry": {"type": "Polygon", "coordinates": [[[-63.66, 8.92], [-63.58, 8.92], [-63.58, 9.0], [-63.66, 9.0], [-63.66, 8.92]]]}, "properties": {"id": "DEMO--63.6600-8.9200", "tipo": "demo", "sector": "demo", "estado": "desconocido", "score": 0.085, "demo": true, "porosidad_pct": 28.3, "espesor_arena_neta_ft": 81.8, "fuente": "Modelo DEMO sobre datos sinteticos. Distribuciones de la tabla 1 del USGS FS 2009-3028; etiqueta y reparto espacial inventados. NO es un dato observado.", "confianza": "baja", "ultima_verificacion": "2026-09-09"}}, {"type": "Feature", "geometry": {"type": "Polygon", "coordinates": [[[-63.58, 8.92], [-63.5, 8.92], [-63.5, 9.0], [-63.58, 9.0], [-63.58, 8.92]]]}, "properties": {"id": "DEMO--63.5800-8.9200", "tipo": "demo", "sector": "demo", "estado": "desconocido", "score": 0.5112, "demo": true, "porosidad_pct": 33.7, "espesor_arena_neta_ft": 107.7, "fuente": "Modelo DEMO sobre datos sinteticos. Distribuciones de la tabla 1 del USGS FS 2009-3028; etiqueta y reparto espacial inventados. NO es un dato observado.", "confianza": "baja", "ultima_verificacion": "2026-09-09"}}, {"type": "Feature", "geometry": {"type": "Polygon", "coordinates": [[[-63.5, 8.92], [-63.42, 8.92], [-63.42, 9.0], [-63.5, 9.0], [-63.5, 8.92]]]}, "properties": {"id": "DEMO--63.5000-8.9200", "tipo": "demo", "sector": "demo", "estado": "desconocido", "score": 0.279, "demo": true, "porosidad_pct": 28.2, "espesor_arena_neta_ft": 93.0, "fuente": "Modelo DEMO sobre datos sinteticos. Distribuciones de la tabla 1 del USGS FS 2009-3028; etiqueta y reparto espacial inventados. NO es un dato observado.", "confianza": "baja", "ultima_verificacion": "2026-09-09"}}, {"type": "Feature", "geometry": {"type": "Polygon", "coordinates": [[[-63.42, 8.92], [-63.34, 8.92], [-63.34, 9.0], [-63.42, 9.0], [-63.42, 8.92]]]}, "properties": {"id": "DEMO--63.4200-8.9200", "tipo": "demo", "sector": "demo", "estado": "desconocido", "score": 0.0862, "demo": true, "porosidad_pct": 27.0, "espesor_arena_neta_ft": 169.1, "fuente": "Modelo DEMO sobre datos sinteticos. Distribuciones de la tabla 1 del USGS FS 2009-3028; etiqueta y reparto espacial inventados. NO es un dato observado.", "confianza": "baja", "ultima_verificacion": "2026-09-09"}}, {"type": "Feature", "geometry": {"type": "Polygon", "coordinates": [[[-63.34, 8.92], [-63.260000000000005, 8.92], [-63.260000000000005, 9.0], [-63.34, 9.0], [-63.34, 8.92]]]}, "properties": {"id": "DEMO--63.3400-8.9200", "tipo": "demo", "sector": "demo", "estado": "desconocido", "score": 0.9787, "demo": true, "porosidad_pct": 34.4, "espesor_arena_neta_ft": 222.9, "fuente": "Modelo DEMO sobre datos sinteticos. Distribuciones de la tabla 1 del USGS FS 2009-3028; etiqueta y reparto espacial inventados. NO es un dato observado.", "confianza": "baja", "ultima_verificacion": "2026-09-09"}}, {"type": "Feature", "geometry": {"type": "Polygon", "coordinates": [[[-63.26, 8.92], [-63.18, 8.92], [-63.18, 9.0], [-63.26, 9.0], [-63.26, 8.92]]]}, "properties": {"id": "DEMO--63.2600-8.9200", "tipo": "demo", "sector": "demo", "estado": "desconocido", "score": 0.0811, "demo": true, "porosidad_pct": 27.1, "espesor_arena_neta_ft": 148.1, "fuente": "Modelo DEMO sobre datos sinteticos. Distribuciones de la tabla 1 del USGS FS 2009-3028; etiqueta y reparto espacial inventados. NO es un dato observado.", "confianza": "baja", "ultima_verificacion": "2026-09-09"}}, {"type": "Feature", "geometry": {"type": "Polygon", "coordinates": [[[-63.18, 8.92], [-63.1, 8.92], [-63.1, 9.0], [-63.18, 9.0], [-63.18, 8.92]]]}, "properties": {"id": "DEMO--63.1800-8.9200", "tipo": "demo", "sector": "demo", "estado": "desconocido", "score": 0.5761, "demo": true, "porosidad_pct": 28.4, "espesor_arena_neta_ft": 167.6, "fuente": "Modelo DEMO sobre datos sinteticos. Distribuciones de la tabla 1 del USGS FS 2009-3028; etiqueta y reparto espacial inventados. NO es un dato observado.", "confianza": "baja", "ultima_verificacion": "2026-09-09"}}, {"type": "Feature", "geometry": {"type": "Polygon", "coordinates": [[[-63.1, 8.92], [-63.02, 8.92], [-63.02, 9.0], [-63.1, 9.0], [-63.1, 8.92]]]}, "properties": {"id": "DEMO--63.1000-8.9200", "tipo": "demo", "sector": "demo", "estado": "desconocido", "score": 0.2432, "demo": true, "porosidad_pct": 27.2, "espesor_arena_neta_ft": 210.8, "fuente": "Modelo DEMO sobre datos sinteticos. Distribuciones de la tabla 1 del USGS FS 2009-3028; etiqueta y reparto espacial inventados. NO es un dato observado.", "confianza": "baja", "ultima_verificacion": "2026-09-09"}}, {"type": "Feature", "geometry": {"type": "Polygon", "coordinates": [[[-63.02, 8.92], [-62.940000000000005, 8.92], [-62.940000000000005, 9.0], [-63.02, 9.0], [-63.02, 8.92]]]}, "properties": {"id": "DEMO--63.0200-8.9200", "tipo": "demo", "sector": "demo", "estado": "desconocido", "score": 0.9565, "demo": true, "porosidad_pct": 32.3, "espesor_arena_neta_ft": 201.5, "fuente": "Modelo DEMO sobre datos sinteticos. Distribuciones de la tabla 1 del USGS FS 2009-3028; etiqueta y reparto espacial inventados. NO es un dato observado.", "confianza": "baja", "ultima_verificacion": "2026-09-09"}}, {"type": "Feature", "geometry": {"type": "Polygon", "coordinates": [[[-62.94, 8.92], [-62.86, 8.92], [-62.86, 9.0], [-62.94, 9.0], [-62.94, 8.92]]]}, "properties": {"id": "DEMO--62.9400-8.9200", "tipo": "demo", "sector": "demo", "estado": "desconocido", "score": 0.9485, "demo": true, "porosidad_pct": 35.7, "espesor_arena_neta_ft": 178.2, "fuente": "Modelo DEMO sobre datos sinteticos. Distribuciones de la tabla 1 del USGS FS 2009-3028; etiqueta y reparto espacial inventados. NO es un dato observado.", "confianza": "baja", "ultima_verificacion": "2026-09-09"}}, {"type": "Feature", "geometry": {"type": "Polygon", "coordinates": [[[-62.86, 8.92], [-62.78, 8.92], [-62.78, 9.0], [-62.86, 9.0], [-62.86, 8.92]]]}, "properties": {"id": "DEMO--62.8600-8.9200", "tipo": "demo", "sector": "demo", "estado": "desconocido", "score": 0.0445, "demo": true, "porosidad_pct": 28.8, "espesor_arena_neta_ft": 70.6, "fuente": "Modelo DEMO sobre datos sinteticos. Distribuciones de la tabla 1 del USGS FS 2009-3028; etiqueta y reparto espacial inventados. NO es un dato observado.", "confianza": "baja", "ultima_verificacion": "2026-09-09"}}, {"type": "Feature", "geometry": {"type": "Polygon", "coordinates": [[[-62.78, 8.92], [-62.7, 8.92], [-62.7, 9.0], [-62.78, 9.0], [-62.78, 8.92]]]}, "properties": {"id": "DEMO--62.7800-8.9200", "tipo": "demo", "sector": "demo", "estado": "desconocido", "score": 0.198, "demo": true, "porosidad_pct": 27.7, "espesor_arena_neta_ft": 121.8, "fuente": "Modelo DEMO sobre datos sinteticos. Distribuciones de la tabla 1 del USGS FS 2009-3028; etiqueta y reparto espacial inventados. NO es un dato observado.", "confianza": "baja", "ultima_verificacion": "2026-09-09"}}, {"type": "Feature", "geometry": {"type": "Polygon", "coordinates": [[[-62.7, 8.92], [-62.620000000000005, 8.92], [-62.620000000000005, 9.0], [-62.7, 9.0], [-62.7, 8.92]]]}, "properties": {"id": "DEMO--62.7000-8.9200", "tipo": "demo", "sector": "demo", "estado": "desconocido", "score": 0.5125, "demo": true, "porosidad_pct": 33.4, "espesor_arena_neta_ft": 128.3, "fuente": "Modelo DEMO sobre datos sinteticos. Distribuciones de la tabla 1 del USGS FS 2009-3028; etiqueta y reparto espacial inventados. NO es un dato observado.", "confianza": "baja", "ultima_verificacion": "2026-09-09"}}, {"type": "Feature", "geometry": {"type": "Polygon", "coordinates": [[[-62.62, 8.92], [-62.54, 8.92], [-62.54, 9.0], [-62.62, 9.0], [-62.62, 8.92]]]}, "properties": {"id": "DEMO--62.6200-8.9200", "tipo": "demo", "sector": "demo", "estado": "desconocido", "score": 0.4638, "demo": true, "porosidad_pct": 28.3, "espesor_arena_neta_ft": 224.8, "fuente": "Modelo DEMO sobre datos sinteticos. Distribuciones de la tabla 1 del USGS FS 2009-3028; etiqueta y reparto espacial inventados. NO es un dato observado.", "confianza": "baja", "ultima_verificacion": "2026-09-09"}}, {"type": "Feature", "geometry": {"type": "Polygon", "coordinates": [[[-62.54, 8.92], [-62.46, 8.92], [-62.46, 9.0], [-62.54, 9.0], [-62.54, 8.92]]]}, "properties": {"id": "DEMO--62.5400-8.9200", "tipo": "demo", "sector": "demo", "estado": "desconocido", "score": 0.7598, "demo": true, "porosidad_pct": 28.7, "espesor_arena_neta_ft": 145.1, "fuente": "Modelo DEMO sobre datos sinteticos. Distribuciones de la tabla 1 del USGS FS 2009-3028; etiqueta y reparto espacial inventados. NO es un dato observado.", "confianza": "baja", "ultima_verificacion": "2026-09-09"}}, {"type": "Feature", "geometry": {"type": "Polygon", "coordinates": [[[-62.46, 8.92], [-62.38, 8.92], [-62.38, 9.0], [-62.46, 9.0], [-62.46, 8.92]]]}, "properties": {"id": "DEMO--62.4600-8.9200", "tipo": "demo", "sector": "demo", "estado": "desconocido", "score": 0.418, "demo": true, "porosidad_pct": 35.3, "espesor_arena_neta_ft": 128.3, "fuente": "Modelo DEMO sobre datos sinteticos. Distribuciones de la tabla 1 del USGS FS 2009-3028; etiqueta y reparto espacial inventados. NO es un dato observado.", "confianza": "baja", "ultima_verificacion": "2026-09-09"}}, {"type": "Feature", "geometry": {"type": "Polygon", "coordinates": [[[-62.38, 8.92], [-62.300000000000004, 8.92], [-62.300000000000004, 9.0], [-62.38, 9.0], [-62.38, 8.92]]]}, "properties": {"id": "DEMO--62.3800-8.9200", "tipo": "demo", "sector": "demo", "estado": "desconocido", "score": 0.9264, "demo": true, "porosidad_pct": 33.0, "espesor_arena_neta_ft": 115.2, "fuente": "Modelo DEMO sobre datos sinteticos. Distribuciones de la tabla 1 del USGS FS 2009-3028; etiqueta y reparto espacial inventados. NO es un dato observado.", "confianza": "baja", "ultima_verificacion": "2026-09-09"}}, {"type": "Feature", "geometry": {"type": "Polygon", "coordinates": [[[-62.3, 8.92], [-62.22, 8.92], [-62.22, 9.0], [-62.3, 9.0], [-62.3, 8.92]]]}, "properties": {"id": "DEMO--62.3000-8.9200", "tipo": "demo", "sector": "demo", "estado": "desconocido", "score": 0.282, "demo": true, "porosidad_pct": 29.6, "espesor_arena_neta_ft": 115.3, "fuente": "Modelo DEMO sobre datos sinteticos. Distribuciones de la tabla 1 del USGS FS 2009-3028; etiqueta y reparto espacial inventados. NO es un dato observado.", "confianza": "baja", "ultima_verificacion": "2026-09-09"}}, {"type": "Feature", "geometry": {"type": "Polygon", "coordinates": [[[-62.22, 8.92], [-62.14, 8.92], [-62.14, 9.0], [-62.22, 9.0], [-62.22, 8.92]]]}, "properties": {"id": "DEMO--62.2200-8.9200", "tipo": "demo", "sector": "demo", "estado": "desconocido", "score": 0.1689, "demo": true, "porosidad_pct": 29.6, "espesor_arena_neta_ft": 117.6, "fuente": "Modelo DEMO sobre datos sinteticos. Distribuciones de la tabla 1 del USGS FS 2009-3028; etiqueta y reparto espacial inventados. NO es un dato observado.", "confianza": "baja", "ultima_verificacion": "2026-09-09"}}, {"type": "Feature", "geometry": {"type": "Polygon", "coordinates": [[[-62.14, 8.92], [-62.06, 8.92], [-62.06, 9.0], [-62.14, 9.0], [-62.14, 8.92]]]}, "properties": {"id": "DEMO--62.1400-8.9200", "tipo": "demo", "sector": "demo", "estado": "desconocido", "score": 0.0706, "demo": true, "porosidad_pct": 28.3, "espesor_arena_neta_ft": 112.0, "fuente": "Modelo DEMO sobre datos sinteticos. Distribuciones de la tabla 1 del USGS FS 2009-3028; etiqueta y reparto espacial inventados. NO es un dato observado.", "confianza": "baja", "ultima_verificacion": "2026-09-09"}}, {"type": "Feature", "geometry": {"type": "Polygon", "coordinates": [[[-67.34, 9.0], [-67.26, 9.0], [-67.26, 9.08], [-67.34, 9.08], [-67.34, 9.0]]]}, "properties": {"id": "DEMO--67.3400-9.0000", "tipo": "demo", "sector": "demo", "estado": "desconocido", "score": 0.8311, "demo": true, "porosidad_pct": 32.8, "espesor_arena_neta_ft": 191.7, "fuente": "Modelo DEMO sobre datos sinteticos. Distribuciones de la tabla 1 del USGS FS 2009-3028; etiqueta y reparto espacial inventados. NO es un dato observado.", "confianza": "baja", "ultima_verificacion": "2026-09-09"}}, {"type": "Feature", "geometry": {"type": "Polygon", "coordinates": [[[-67.26, 9.0], [-67.18, 9.0], [-67.18, 9.08], [-67.26, 9.08], [-67.26, 9.0]]]}, "properties": {"id": "DEMO--67.2600-9.0000", "tipo": "demo", "sector": "demo", "estado": "desconocido", "score": 0.3255, "demo": true, "porosidad_pct": 27.2, "espesor_arena_neta_ft": 160.9, "fuente": "Modelo DEMO sobre datos sinteticos. Distribuciones de la tabla 1 del USGS FS 2009-3028; etiqueta y reparto espacial inventados. NO es un dato observado.", "confianza": "baja", "ultima_verificacion": "2026-09-09"}}, {"type": "Feature", "geometry": {"type": "Polygon", "coordinates": [[[-67.18, 9.0], [-67.10000000000001, 9.0], [-67.10000000000001, 9.08], [-67.18, 9.08], [-67.18, 9.0]]]}, "properties": {"id": "DEMO--67.1800-9.0000", "tipo": "demo", "sector": "demo", "estado": "desconocido", "score": 0.4004, "demo": true, "porosidad_pct": 33.9, "espesor_arena_neta_ft": 151.0, "fuente": "Modelo DEMO sobre datos sinteticos. Distribuciones de la tabla 1 del USGS FS 2009-3028; etiqueta y reparto espacial inventados. NO es un dato observado.", "confianza": "baja", "ultima_verificacion": "2026-09-09"}}, {"type": "Feature", "geometry": {"type": "Polygon", "coordinates": [[[-67.1, 9.0], [-67.02, 9.0], [-67.02, 9.08], [-67.1, 9.08], [-67.1, 9.0]]]}, "properties": {"id": "DEMO--67.1000-9.0000", "tipo": "demo", "sector": "demo", "estado": "desconocido", "score": 0.293, "demo": true, "porosidad_pct": 29.2, "espesor_arena_neta_ft": 169.8, "fuente": "Modelo DEMO sobre datos sinteticos. Distribuciones de la tabla 1 del USGS FS 2009-3028; etiqueta y reparto espacial inventados. NO es un dato observado.", "confianza": "baja", "ultima_verificacion": "2026-09-09"}}, {"type": "Feature", "geometry": {"type": "Polygon", "coordinates": [[[-67.02, 9.0], [-66.94, 9.0], [-66.94, 9.08], [-67.02, 9.08], [-67.02, 9.0]]]}, "properties": {"id": "DEMO--67.0200-9.0000", "tipo": "demo", "sector": "demo", "estado": "desconocido", "score": 0.4588, "demo": true, "porosidad_pct": 32.6, "espesor_arena_neta_ft": 169.6, "fuente": "Modelo DEMO sobre datos sinteticos. Distribuciones de la tabla 1 del USGS FS 2009-3028; etiqueta y reparto espacial inventados. NO es un dato observado.", "confianza": "baja", "ultima_verificacion": "2026-09-09"}}, {"type": "Feature", "geometry": {"type": "Polygon", "coordinates": [[[-66.94, 9.0], [-66.86, 9.0], [-66.86, 9.08], [-66.94, 9.08], [-66.94, 9.0]]]}, "properties": {"id": "DEMO--66.9400-9.0000", "tipo": "demo", "sector": "demo", "estado": "desconocido", "score": 0.7687, "demo": true, "porosidad_pct": 33.9, "espesor_arena_neta_ft": 165.0, "fuente": "Modelo DEMO sobre datos sinteticos. Distribuciones de la tabla 1 del USGS FS 2009-3028; etiqueta y reparto espacial inventados. NO es un dato observado.", "confianza": "baja", "ultima_verificacion": "2026-09-09"}}, {"type": "Feature", "geometry": {"type": "Polygon", "coordinates": [[[-66.86, 9.0], [-66.78, 9.0], [-66.78, 9.08], [-66.86, 9.08], [-66.86, 9.0]]]}, "properties": {"id": "DEMO--66.8600-9.0000", "tipo": "demo", "sector": "demo", "estado": "desconocido", "score": 0.2392, "demo": true, "porosidad_pct": 32.5, "espesor_arena_neta_ft": 93.8, "fuente": "Modelo DEMO sobre datos sinteticos. Distribuciones de la tabla 1 del USGS FS 2009-3028; etiqueta y reparto espacial inventados. NO es un dato observado.", "confianza": "baja", "ultima_verificacion": "2026-09-09"}}, {"type": "Feature", "geometry": {"type": "Polygon", "coordinates": [[[-66.78, 9.0], [-66.7, 9.0], [-66.7, 9.08], [-66.78, 9.08], [-66.78, 9.0]]]}, "properties": {"id": "DEMO--66.7800-9.0000", "tipo": "demo", "sector": "demo", "estado": "desconocido", "score": 0.5759, "demo": true, "porosidad_pct": 33.8, "espesor_arena_neta_ft": 146.8, "fuente": "Modelo DEMO sobre datos sinteticos. Distribuciones de la tabla 1 del USGS FS 2009-3028; etiqueta y reparto espacial inventados. NO es un dato observado.", "confianza": "baja", "ultima_verificacion": "2026-09-09"}}, {"type": "Feature", "geometry": {"type": "Polygon", "coordinates": [[[-66.7, 9.0], [-66.62, 9.0], [-66.62, 9.08], [-66.7, 9.08], [-66.7, 9.0]]]}, "properties": {"id": "DEMO--66.7000-9.0000", "tipo": "demo", "sector": "demo", "estado": "desconocido", "score": 0.2309, "demo": true, "porosidad_pct": 30.6, "espesor_arena_neta_ft": 157.8, "fuente": "Modelo DEMO sobre datos sinteticos. Distribuciones de la tabla 1 del USGS FS 2009-3028; etiqueta y reparto espacial inventados. NO es un dato observado.", "confianza": "baja", "ultima_verificacion": "2026-09-09"}}, {"type": "Feature", "geometry": {"type": "Polygon", "coordinates": [[[-66.62, 9.0], [-66.54, 9.0], [-66.54, 9.08], [-66.62, 9.08], [-66.62, 9.0]]]}, "properties": {"id": "DEMO--66.6200-9.0000", "tipo": "demo", "sector": "demo", "estado": "desconocido", "score": 0.1076, "demo": true, "porosidad_pct": 28.3, "espesor_arena_neta_ft": 114.5, "fuente": "Modelo DEMO sobre datos sinteticos. Distribuciones de la tabla 1 del USGS FS 2009-3028; etiqueta y reparto espacial inventados. NO es un dato observado.", "confianza": "baja", "ultima_verificacion": "2026-09-09"}}, {"type": "Feature", "geometry": {"type": "Polygon", "coordinates": [[[-66.54, 9.0], [-66.46000000000001, 9.0], [-66.46000000000001, 9.08], [-66.54, 9.08], [-66.54, 9.0]]]}, "properties": {"id": "DEMO--66.5400-9.0000", "tipo": "demo", "sector": "demo", "estado": "desconocido", "score": 0.5208, "demo": true, "porosidad_pct": 34.2, "espesor_arena_neta_ft": 83.8, "fuente": "Modelo DEMO sobre datos sinteticos. Distribuciones de la tabla 1 del USGS FS 2009-3028; etiqueta y reparto espacial inventados. NO es un dato observado.", "confianza": "baja", "ultima_verificacion": "2026-09-09"}}, {"type": "Feature", "geometry": {"type": "Polygon", "coordinates": [[[-66.46, 9.0], [-66.38, 9.0], [-66.38, 9.08], [-66.46, 9.08], [-66.46, 9.0]]]}, "properties": {"id": "DEMO--66.4600-9.0000", "tipo": "demo", "sector": "demo", "estado": "desconocido", "score": 0.1899, "demo": true, "porosidad_pct": 27.0, "espesor_arena_neta_ft": 87.0, "fuente": "Modelo DEMO sobre datos sinteticos. Distribuciones de la tabla 1 del USGS FS 2009-3028; etiqueta y reparto espacial inventados. NO es un dato observado.", "confianza": "baja", "ultima_verificacion": "2026-09-09"}}, {"type": "Feature", "geometry": {"type": "Polygon", "coordinates": [[[-66.38, 9.0], [-66.3, 9.0], [-66.3, 9.08], [-66.38, 9.08], [-66.38, 9.0]]]}, "properties": {"id": "DEMO--66.3800-9.0000", "tipo": "demo", "sector": "demo", "estado": "desconocido", "score": 0.6614, "demo": true, "porosidad_pct": 31.6, "espesor_arena_neta_ft": 89.1, "fuente": "Modelo DEMO sobre datos sinteticos. Distribuciones de la tabla 1 del USGS FS 2009-3028; etiqueta y reparto espacial inventados. NO es un dato observado.", "confianza": "baja", "ultima_verificacion": "2026-09-09"}}, {"type": "Feature", "geometry": {"type": "Polygon", "coordinates": [[[-66.3, 9.0], [-66.22, 9.0], [-66.22, 9.08], [-66.3, 9.08], [-66.3, 9.0]]]}, "properties": {"id": "DEMO--66.3000-9.0000", "tipo": "demo", "sector": "demo", "estado": "desconocido", "score": 0.8923, "demo": true, "porosidad_pct": 33.8, "espesor_arena_neta_ft": 170.4, "fuente": "Modelo DEMO sobre datos sinteticos. Distribuciones de la tabla 1 del USGS FS 2009-3028; etiqueta y reparto espacial inventados. NO es un dato observado.", "confianza": "baja", "ultima_verificacion": "2026-09-09"}}, {"type": "Feature", "geometry": {"type": "Polygon", "coordinates": [[[-66.22, 9.0], [-66.14, 9.0], [-66.14, 9.08], [-66.22, 9.08], [-66.22, 9.0]]]}, "properties": {"id": "DEMO--66.2200-9.0000", "tipo": "demo", "sector": "demo", "estado": "desconocido", "score": 0.8635, "demo": true, "porosidad_pct": 34.8, "espesor_arena_neta_ft": 141.3, "fuente": "Modelo DEMO sobre datos sinteticos. Distribuciones de la tabla 1 del USGS FS 2009-3028; etiqueta y reparto espacial inventados. NO es un dato observado.", "confianza": "baja", "ultima_verificacion": "2026-09-09"}}, {"type": "Feature", "geometry": {"type": "Polygon", "coordinates": [[[-66.14, 9.0], [-66.06, 9.0], [-66.06, 9.08], [-66.14, 9.08], [-66.14, 9.0]]]}, "properties": {"id": "DEMO--66.1400-9.0000", "tipo": "demo", "sector": "demo", "estado": "desconocido", "score": 0.4563, "demo": true, "porosidad_pct": 30.4, "espesor_arena_neta_ft": 199.6, "fuente": "Modelo DEMO sobre datos sinteticos. Distribuciones de la tabla 1 del USGS FS 2009-3028; etiqueta y reparto espacial inventados. NO es un dato observado.", "confianza": "baja", "ultima_verificacion": "2026-09-09"}}, {"type": "Feature", "geometry": {"type": "Polygon", "coordinates": [[[-66.06, 9.0], [-65.98, 9.0], [-65.98, 9.08], [-66.06, 9.08], [-66.06, 9.0]]]}, "properties": {"id": "DEMO--66.0600-9.0000", "tipo": "demo", "sector": "demo", "estado": "desconocido", "score": 0.6068, "demo": true, "porosidad_pct": 30.2, "espesor_arena_neta_ft": 130.2, "fuente": "Modelo DEMO sobre datos sinteticos. Distribuciones de la tabla 1 del USGS FS 2009-3028; etiqueta y reparto espacial inventados. NO es un dato observado.", "confianza": "baja", "ultima_verificacion": "2026-09-09"}}, {"type": "Feature", "geometry": {"type": "Polygon", "coordinates": [[[-65.98, 9.0], [-65.9, 9.0], [-65.9, 9.08], [-65.98, 9.08], [-65.98, 9.0]]]}, "properties": {"id": "DEMO--65.9800-9.0000", "tipo": "demo", "sector": "demo", "estado": "desconocido", "score": 0.1661, "demo": true, "porosidad_pct": 29.5, "espesor_arena_neta_ft": 161.0, "fuente": "Modelo DEMO sobre datos sinteticos. Distribuciones de la tabla 1 del USGS FS 2009-3028; etiqueta y reparto espacial inventados. NO es un dato observado.", "confianza": "baja", "ultima_verificacion": "2026-09-09"}}, {"type": "Feature", "geometry": {"type": "Polygon", "coordinates": [[[-65.9, 9.0], [-65.82000000000001, 9.0], [-65.82000000000001, 9.08], [-65.9, 9.08], [-65.9, 9.0]]]}, "properties": {"id": "DEMO--65.9000-9.0000", "tipo": "demo", "sector": "demo", "estado": "desconocido", "score": 0.9294, "demo": true, "porosidad_pct": 31.8, "espesor_arena_neta_ft": 159.5, "fuente": "Modelo DEMO sobre datos sinteticos. Distribuciones de la tabla 1 del USGS FS 2009-3028; etiqueta y reparto espacial inventados. NO es un dato observado.", "confianza": "baja", "ultima_verificacion": "2026-09-09"}}, {"type": "Feature", "geometry": {"type": "Polygon", "coordinates": [[[-65.82, 9.0], [-65.74, 9.0], [-65.74, 9.08], [-65.82, 9.08], [-65.82, 9.0]]]}, "properties": {"id": "DEMO--65.8200-9.0000", "tipo": "demo", "sector": "demo", "estado": "desconocido", "score": 0.2612, "demo": true, "porosidad_pct": 33.0, "espesor_arena_neta_ft": 64.7, "fuente": "Modelo DEMO sobre datos sinteticos. Distribuciones de la tabla 1 del USGS FS 2009-3028; etiqueta y reparto espacial inventados. NO es un dato observado.", "confianza": "baja", "ultima_verificacion": "2026-09-09"}}, {"type": "Feature", "geometry": {"type": "Polygon", "coordinates": [[[-65.74, 9.0], [-65.66, 9.0], [-65.66, 9.08], [-65.74, 9.08], [-65.74, 9.0]]]}, "properties": {"id": "DEMO--65.7400-9.0000", "tipo": "demo", "sector": "demo", "estado": "desconocido", "score": 0.1071, "demo": true, "porosidad_pct": 28.2, "espesor_arena_neta_ft": 167.0, "fuente": "Modelo DEMO sobre datos sinteticos. Distribuciones de la tabla 1 del USGS FS 2009-3028; etiqueta y reparto espacial inventados. NO es un dato observado.", "confianza": "baja", "ultima_verificacion": "2026-09-09"}}, {"type": "Feature", "geometry": {"type": "Polygon", "coordinates": [[[-65.66, 9.0], [-65.58, 9.0], [-65.58, 9.08], [-65.66, 9.08], [-65.66, 9.0]]]}, "properties": {"id": "DEMO--65.6600-9.0000", "tipo": "demo", "sector": "demo", "estado": "desconocido", "score": 0.6483, "demo": true, "porosidad_pct": 29.1, "espesor_arena_neta_ft": 200.4, "fuente": "Modelo DEMO sobre datos sinteticos. Distribuciones de la tabla 1 del USGS FS 2009-3028; etiqueta y reparto espacial inventados. NO es un dato observado.", "confianza": "baja", "ultima_verificacion": "2026-09-09"}}, {"type": "Feature", "geometry": {"type": "Polygon", "coordinates": [[[-65.58, 9.0], [-65.5, 9.0], [-65.5, 9.08], [-65.58, 9.08], [-65.58, 9.0]]]}, "properties": {"id": "DEMO--65.5800-9.0000", "tipo": "demo", "sector": "demo", "estado": "desconocido", "score": 0.3206, "demo": true, "porosidad_pct": 30.1, "espesor_arena_neta_ft": 157.5, "fuente": "Modelo DEMO sobre datos sinteticos. Distribuciones de la tabla 1 del USGS FS 2009-3028; etiqueta y reparto espacial inventados. NO es un dato observado.", "confianza": "baja", "ultima_verificacion": "2026-09-09"}}, {"type": "Feature", "geometry": {"type": "Polygon", "coordinates": [[[-65.5, 9.0], [-65.42, 9.0], [-65.42, 9.08], [-65.5, 9.08], [-65.5, 9.0]]]}, "properties": {"id": "DEMO--65.5000-9.0000", "tipo": "demo", "sector": "demo", "estado": "desconocido", "score": 0.3395, "demo": true, "porosidad_pct": 27.2, "espesor_arena_neta_ft": 205.0, "fuente": "Modelo DEMO sobre datos sinteticos. Distribuciones de la tabla 1 del USGS FS 2009-3028; etiqueta y reparto espacial inventados. NO es un dato observado.", "confianza": "baja", "ultima_verificacion": "2026-09-09"}}, {"type": "Feature", "geometry": {"type": "Polygon", "coordinates": [[[-65.42, 9.0], [-65.34, 9.0], [-65.34, 9.08], [-65.42, 9.08], [-65.42, 9.0]]]}, "properties": {"id": "DEMO--65.4200-9.0000", "tipo": "demo", "sector": "demo", "estado": "desconocido", "score": 0.3379, "demo": true, "porosidad_pct": 26.4, "espesor_arena_neta_ft": 235.5, "fuente": "Modelo DEMO sobre datos sinteticos. Distribuciones de la tabla 1 del USGS FS 2009-3028; etiqueta y reparto espacial inventados. NO es un dato observado.", "confianza": "baja", "ultima_verificacion": "2026-09-09"}}, {"type": "Feature", "geometry": {"type": "Polygon", "coordinates": [[[-65.34, 9.0], [-65.26, 9.0], [-65.26, 9.08], [-65.34, 9.08], [-65.34, 9.0]]]}, "properties": {"id": "DEMO--65.3400-9.0000", "tipo": "demo", "sector": "demo", "estado": "desconocido", "score": 0.3367, "demo": true, "porosidad_pct": 31.2, "espesor_arena_neta_ft": 116.5, "fuente": "Modelo DEMO sobre datos sinteticos. Distribuciones de la tabla 1 del USGS FS 2009-3028; etiqueta y reparto espacial inventados. NO es un dato observado.", "confianza": "baja", "ultima_verificacion": "2026-09-09"}}, {"type": "Feature", "geometry": {"type": "Polygon", "coordinates": [[[-65.26, 9.0], [-65.18, 9.0], [-65.18, 9.08], [-65.26, 9.08], [-65.26, 9.0]]]}, "properties": {"id": "DEMO--65.2600-9.0000", "tipo": "demo", "sector": "demo", "estado": "desconocido", "score": 0.3235, "demo": true, "porosidad_pct": 27.1, "espesor_arena_neta_ft": 247.5, "fuente": "Modelo DEMO sobre datos sinteticos. Distribuciones de la tabla 1 del USGS FS 2009-3028; etiqueta y reparto espacial inventados. NO es un dato observado.", "confianza": "baja", "ultima_verificacion": "2026-09-09"}}, {"type": "Feature", "geometry": {"type": "Polygon", "coordinates": [[[-65.18, 9.0], [-65.10000000000001, 9.0], [-65.10000000000001, 9.08], [-65.18, 9.08], [-65.18, 9.0]]]}, "properties": {"id": "DEMO--65.1800-9.0000", "tipo": "demo", "sector": "demo", "estado": "desconocido", "score": 0.246, "demo": true, "porosidad_pct": 26.6, "espesor_arena_neta_ft": 147.8, "fuente": "Modelo DEMO sobre datos sinteticos. Distribuciones de la tabla 1 del USGS FS 2009-3028; etiqueta y reparto espacial inventados. NO es un dato observado.", "confianza": "baja", "ultima_verificacion": "2026-09-09"}}, {"type": "Feature", "geometry": {"type": "Polygon", "coordinates": [[[-65.1, 9.0], [-65.02, 9.0], [-65.02, 9.08], [-65.1, 9.08], [-65.1, 9.0]]]}, "properties": {"id": "DEMO--65.1000-9.0000", "tipo": "demo", "sector": "demo", "estado": "desconocido", "score": 0.1688, "demo": true, "porosidad_pct": 25.2, "espesor_arena_neta_ft": 190.0, "fuente": "Modelo DEMO sobre datos sinteticos. Distribuciones de la tabla 1 del USGS FS 2009-3028; etiqueta y reparto espacial inventados. NO es un dato observado.", "confianza": "baja", "ultima_verificacion": "2026-09-09"}}, {"type": "Feature", "geometry": {"type": "Polygon", "coordinates": [[[-65.02, 9.0], [-64.94, 9.0], [-64.94, 9.08], [-65.02, 9.08], [-65.02, 9.0]]]}, "properties": {"id": "DEMO--65.0200-9.0000", "tipo": "demo", "sector": "demo", "estado": "desconocido", "score": 0.1235, "demo": true, "porosidad_pct": 26.3, "espesor_arena_neta_ft": 191.4, "fuente": "Modelo DEMO sobre datos sinteticos. Distribuciones de la tabla 1 del USGS FS 2009-3028; etiqueta y reparto espacial inventados. NO es un dato observado.", "confianza": "baja", "ultima_verificacion": "2026-09-09"}}, {"type": "Feature", "geometry": {"type": "Polygon", "coordinates": [[[-64.94, 9.0], [-64.86, 9.0], [-64.86, 9.08], [-64.94, 9.08], [-64.94, 9.0]]]}, "properties": {"id": "DEMO--64.9400-9.0000", "tipo": "demo", "sector": "demo", "estado": "desconocido", "score": 0.1749, "demo": true, "porosidad_pct": 25.5, "espesor_arena_neta_ft": 206.2, "fuente": "Modelo DEMO sobre datos sinteticos. Distribuciones de la tabla 1 del USGS FS 2009-3028; etiqueta y reparto espacial inventados. NO es un dato observado.", "confianza": "baja", "ultima_verificacion": "2026-09-09"}}, {"type": "Feature", "geometry": {"type": "Polygon", "coordinates": [[[-64.86, 9.0], [-64.78, 9.0], [-64.78, 9.08], [-64.86, 9.08], [-64.86, 9.0]]]}, "properties": {"id": "DEMO--64.8600-9.0000", "tipo": "demo", "sector": "demo", "estado": "desconocido", "score": 0.1356, "demo": true, "porosidad_pct": 25.9, "espesor_arena_neta_ft": 195.5, "fuente": "Modelo DEMO sobre datos sinteticos. Distribuciones de la tabla 1 del USGS FS 2009-3028; etiqueta y reparto espacial inventados. NO es un dato observado.", "confianza": "baja", "ultima_verificacion": "2026-09-09"}}, {"type": "Feature", "geometry": {"type": "Polygon", "coordinates": [[[-64.78, 9.0], [-64.7, 9.0], [-64.7, 9.08], [-64.78, 9.08], [-64.78, 9.0]]]}, "properties": {"id": "DEMO--64.7800-9.0000", "tipo": "demo", "sector": "demo", "estado": "desconocido", "score": 0.2542, "demo": true, "porosidad_pct": 24.8, "espesor_arena_neta_ft": 270.4, "fuente": "Modelo DEMO sobre datos sinteticos. Distribuciones de la tabla 1 del USGS FS 2009-3028; etiqueta y reparto espacial inventados. NO es un dato observado.", "confianza": "baja", "ultima_verificacion": "2026-09-09"}}, {"type": "Feature", "geometry": {"type": "Polygon", "coordinates": [[[-64.7, 9.0], [-64.62, 9.0], [-64.62, 9.08], [-64.7, 9.08], [-64.7, 9.0]]]}, "properties": {"id": "DEMO--64.7000-9.0000", "tipo": "demo", "sector": "demo", "estado": "desconocido", "score": 0.2099, "demo": true, "porosidad_pct": 27.4, "espesor_arena_neta_ft": 219.1, "fuente": "Modelo DEMO sobre datos sinteticos. Distribuciones de la tabla 1 del USGS FS 2009-3028; etiqueta y reparto espacial inventados. NO es un dato observado.", "confianza": "baja", "ultima_verificacion": "2026-09-09"}}, {"type": "Feature", "geometry": {"type": "Polygon", "coordinates": [[[-64.62, 9.0], [-64.54, 9.0], [-64.54, 9.08], [-64.62, 9.08], [-64.62, 9.0]]]}, "properties": {"id": "DEMO--64.6200-9.0000", "tipo": "demo", "sector": "demo", "estado": "desconocido", "score": 0.2538, "demo": true, "porosidad_pct": 27.8, "espesor_arena_neta_ft": 215.3, "fuente": "Modelo DEMO sobre datos sinteticos. Distribuciones de la tabla 1 del USGS FS 2009-3028; etiqueta y reparto espacial inventados. NO es un dato observado.", "confianza": "baja", "ultima_verificacion": "2026-09-09"}}, {"type": "Feature", "geometry": {"type": "Polygon", "coordinates": [[[-64.54, 9.0], [-64.46000000000001, 9.0], [-64.46000000000001, 9.08], [-64.54, 9.08], [-64.54, 9.0]]]}, "properties": {"id": "DEMO--64.5400-9.0000", "tipo": "demo", "sector": "demo", "estado": "desconocido", "score": 0.8745, "demo": true, "porosidad_pct": 30.9, "espesor_arena_neta_ft": 232.6, "fuente": "Modelo DEMO sobre datos sinteticos. Distribuciones de la tabla 1 del USGS FS 2009-3028; etiqueta y reparto espacial inventados. NO es un dato observado.", "confianza": "baja", "ultima_verificacion": "2026-09-09"}}, {"type": "Feature", "geometry": {"type": "Polygon", "coordinates": [[[-64.46, 9.0], [-64.38, 9.0], [-64.38, 9.08], [-64.46, 9.08], [-64.46, 9.0]]]}, "properties": {"id": "DEMO--64.4600-9.0000", "tipo": "demo", "sector": "demo", "estado": "desconocido", "score": 0.355, "demo": true, "porosidad_pct": 29.6, "espesor_arena_neta_ft": 203.5, "fuente": "Modelo DEMO sobre datos sinteticos. Distribuciones de la tabla 1 del USGS FS 2009-3028; etiqueta y reparto espacial inventados. NO es un dato observado.", "confianza": "baja", "ultima_verificacion": "2026-09-09"}}, {"type": "Feature", "geometry": {"type": "Polygon", "coordinates": [[[-64.38, 9.0], [-64.3, 9.0], [-64.3, 9.08], [-64.38, 9.08], [-64.38, 9.0]]]}, "properties": {"id": "DEMO--64.3800-9.0000", "tipo": "demo", "sector": "demo", "estado": "desconocido", "score": 0.2952, "demo": true, "porosidad_pct": 25.4, "espesor_arena_neta_ft": 201.0, "fuente": "Modelo DEMO sobre datos sinteticos. Distribuciones de la tabla 1 del USGS FS 2009-3028; etiqueta y reparto espacial inventados. NO es un dato observado.", "confianza": "baja", "ultima_verificacion": "2026-09-09"}}, {"type": "Feature", "geometry": {"type": "Polygon", "coordinates": [[[-64.3, 9.0], [-64.22, 9.0], [-64.22, 9.08], [-64.3, 9.08], [-64.3, 9.0]]]}, "properties": {"id": "DEMO--64.3000-9.0000", "tipo": "demo", "sector": "demo", "estado": "desconocido", "score": 0.3927, "demo": true, "porosidad_pct": 28.1, "espesor_arena_neta_ft": 272.6, "fuente": "Modelo DEMO sobre datos sinteticos. Distribuciones de la tabla 1 del USGS FS 2009-3028; etiqueta y reparto espacial inventados. NO es un dato observado.", "confianza": "baja", "ultima_verificacion": "2026-09-09"}}, {"type": "Feature", "geometry": {"type": "Polygon", "coordinates": [[[-64.22, 9.0], [-64.14, 9.0], [-64.14, 9.08], [-64.22, 9.08], [-64.22, 9.0]]]}, "properties": {"id": "DEMO--64.2200-9.0000", "tipo": "demo", "sector": "demo", "estado": "desconocido", "score": 0.2645, "demo": true, "porosidad_pct": 26.5, "espesor_arena_neta_ft": 230.5, "fuente": "Modelo DEMO sobre datos sinteticos. Distribuciones de la tabla 1 del USGS FS 2009-3028; etiqueta y reparto espacial inventados. NO es un dato observado.", "confianza": "baja", "ultima_verificacion": "2026-09-09"}}, {"type": "Feature", "geometry": {"type": "Polygon", "coordinates": [[[-64.14, 9.0], [-64.06, 9.0], [-64.06, 9.08], [-64.14, 9.08], [-64.14, 9.0]]]}, "properties": {"id": "DEMO--64.1400-9.0000", "tipo": "demo", "sector": "demo", "estado": "desconocido", "score": 0.5365, "demo": true, "porosidad_pct": 25.3, "espesor_arena_neta_ft": 233.5, "fuente": "Modelo DEMO sobre datos sinteticos. Distribuciones de la tabla 1 del USGS FS 2009-3028; etiqueta y reparto espacial inventados. NO es un dato observado.", "confianza": "baja", "ultima_verificacion": "2026-09-09"}}, {"type": "Feature", "geometry": {"type": "Polygon", "coordinates": [[[-64.06, 9.0], [-63.980000000000004, 9.0], [-63.980000000000004, 9.08], [-64.06, 9.08], [-64.06, 9.0]]]}, "properties": {"id": "DEMO--64.0600-9.0000", "tipo": "demo", "sector": "demo", "estado": "desconocido", "score": 0.1084, "demo": true, "porosidad_pct": 24.8, "espesor_arena_neta_ft": 176.4, "fuente": "Modelo DEMO sobre datos sinteticos. Distribuciones de la tabla 1 del USGS FS 2009-3028; etiqueta y reparto espacial inventados. NO es un dato observado.", "confianza": "baja", "ultima_verificacion": "2026-09-09"}}, {"type": "Feature", "geometry": {"type": "Polygon", "coordinates": [[[-63.98, 9.0], [-63.9, 9.0], [-63.9, 9.08], [-63.98, 9.08], [-63.98, 9.0]]]}, "properties": {"id": "DEMO--63.9800-9.0000", "tipo": "demo", "sector": "demo", "estado": "desconocido", "score": 0.3673, "demo": true, "porosidad_pct": 30.5, "espesor_arena_neta_ft": 146.0, "fuente": "Modelo DEMO sobre datos sinteticos. Distribuciones de la tabla 1 del USGS FS 2009-3028; etiqueta y reparto espacial inventados. NO es un dato observado.", "confianza": "baja", "ultima_verificacion": "2026-09-09"}}, {"type": "Feature", "geometry": {"type": "Polygon", "coordinates": [[[-63.9, 9.0], [-63.82, 9.0], [-63.82, 9.08], [-63.9, 9.08], [-63.9, 9.0]]]}, "properties": {"id": "DEMO--63.9000-9.0000", "tipo": "demo", "sector": "demo", "estado": "desconocido", "score": 0.2036, "demo": true, "porosidad_pct": 27.0, "espesor_arena_neta_ft": 229.1, "fuente": "Modelo DEMO sobre datos sinteticos. Distribuciones de la tabla 1 del USGS FS 2009-3028; etiqueta y reparto espacial inventados. NO es un dato observado.", "confianza": "baja", "ultima_verificacion": "2026-09-09"}}, {"type": "Feature", "geometry": {"type": "Polygon", "coordinates": [[[-63.82, 9.0], [-63.74, 9.0], [-63.74, 9.08], [-63.82, 9.08], [-63.82, 9.0]]]}, "properties": {"id": "DEMO--63.8200-9.0000", "tipo": "demo", "sector": "demo", "estado": "desconocido", "score": 0.8726, "demo": true, "porosidad_pct": 30.0, "espesor_arena_neta_ft": 211.5, "fuente": "Modelo DEMO sobre datos sinteticos. Distribuciones de la tabla 1 del USGS FS 2009-3028; etiqueta y reparto espacial inventados. NO es un dato observado.", "confianza": "baja", "ultima_verificacion": "2026-09-09"}}, {"type": "Feature", "geometry": {"type": "Polygon", "coordinates": [[[-63.74, 9.0], [-63.660000000000004, 9.0], [-63.660000000000004, 9.08], [-63.74, 9.08], [-63.74, 9.0]]]}, "properties": {"id": "DEMO--63.7400-9.0000", "tipo": "demo", "sector": "demo", "estado": "desconocido", "score": 0.5163, "demo": true, "porosidad_pct": 29.3, "espesor_arena_neta_ft": 124.3, "fuente": "Modelo DEMO sobre datos sinteticos. Distribuciones de la tabla 1 del USGS FS 2009-3028; etiqueta y reparto espacial inventados. NO es un dato observado.", "confianza": "baja", "ultima_verificacion": "2026-09-09"}}, {"type": "Feature", "geometry": {"type": "Polygon", "coordinates": [[[-63.66, 9.0], [-63.58, 9.0], [-63.58, 9.08], [-63.66, 9.08], [-63.66, 9.0]]]}, "properties": {"id": "DEMO--63.6600-9.0000", "tipo": "demo", "sector": "demo", "estado": "desconocido", "score": 0.0348, "demo": true, "porosidad_pct": 25.8, "espesor_arena_neta_ft": 142.4, "fuente": "Modelo DEMO sobre datos sinteticos. Distribuciones de la tabla 1 del USGS FS 2009-3028; etiqueta y reparto espacial inventados. NO es un dato observado.", "confianza": "baja", "ultima_verificacion": "2026-09-09"}}, {"type": "Feature", "geometry": {"type": "Polygon", "coordinates": [[[-63.58, 9.0], [-63.5, 9.0], [-63.5, 9.08], [-63.58, 9.08], [-63.58, 9.0]]]}, "properties": {"id": "DEMO--63.5800-9.0000", "tipo": "demo", "sector": "demo", "estado": "desconocido", "score": 0.6095, "demo": true, "porosidad_pct": 27.8, "espesor_arena_neta_ft": 180.1, "fuente": "Modelo DEMO sobre datos sinteticos. Distribuciones de la tabla 1 del USGS FS 2009-3028; etiqueta y reparto espacial inventados. NO es un dato observado.", "confianza": "baja", "ultima_verificacion": "2026-09-09"}}, {"type": "Feature", "geometry": {"type": "Polygon", "coordinates": [[[-63.5, 9.0], [-63.42, 9.0], [-63.42, 9.08], [-63.5, 9.08], [-63.5, 9.0]]]}, "properties": {"id": "DEMO--63.5000-9.0000", "tipo": "demo", "sector": "demo", "estado": "desconocido", "score": 0.5219, "demo": true, "porosidad_pct": 29.8, "espesor_arena_neta_ft": 137.4, "fuente": "Modelo DEMO sobre datos sinteticos. Distribuciones de la tabla 1 del USGS FS 2009-3028; etiqueta y reparto espacial inventados. NO es un dato observado.", "confianza": "baja", "ultima_verificacion": "2026-09-09"}}, {"type": "Feature", "geometry": {"type": "Polygon", "coordinates": [[[-63.42, 9.0], [-63.34, 9.0], [-63.34, 9.08], [-63.42, 9.08], [-63.42, 9.0]]]}, "properties": {"id": "DEMO--63.4200-9.0000", "tipo": "demo", "sector": "demo", "estado": "desconocido", "score": 0.3045, "demo": true, "porosidad_pct": 26.1, "espesor_arena_neta_ft": 164.2, "fuente": "Modelo DEMO sobre datos sinteticos. Distribuciones de la tabla 1 del USGS FS 2009-3028; etiqueta y reparto espacial inventados. NO es un dato observado.", "confianza": "baja", "ultima_verificacion": "2026-09-09"}}, {"type": "Feature", "geometry": {"type": "Polygon", "coordinates": [[[-63.34, 9.0], [-63.260000000000005, 9.0], [-63.260000000000005, 9.08], [-63.34, 9.08], [-63.34, 9.0]]]}, "properties": {"id": "DEMO--63.3400-9.0000", "tipo": "demo", "sector": "demo", "estado": "desconocido", "score": 0.7606, "demo": true, "porosidad_pct": 32.0, "espesor_arena_neta_ft": 225.8, "fuente": "Modelo DEMO sobre datos sinteticos. Distribuciones de la tabla 1 del USGS FS 2009-3028; etiqueta y reparto espacial inventados. NO es un dato observado.", "confianza": "baja", "ultima_verificacion": "2026-09-09"}}, {"type": "Feature", "geometry": {"type": "Polygon", "coordinates": [[[-63.26, 9.0], [-63.18, 9.0], [-63.18, 9.08], [-63.26, 9.08], [-63.26, 9.0]]]}, "properties": {"id": "DEMO--63.2600-9.0000", "tipo": "demo", "sector": "demo", "estado": "desconocido", "score": 0.8305, "demo": true, "porosidad_pct": 31.5, "espesor_arena_neta_ft": 164.8, "fuente": "Modelo DEMO sobre datos sinteticos. Distribuciones de la tabla 1 del USGS FS 2009-3028; etiqueta y reparto espacial inventados. NO es un dato observado.", "confianza": "baja", "ultima_verificacion": "2026-09-09"}}, {"type": "Feature", "geometry": {"type": "Polygon", "coordinates": [[[-63.18, 9.0], [-63.1, 9.0], [-63.1, 9.08], [-63.18, 9.08], [-63.18, 9.0]]]}, "properties": {"id": "DEMO--63.1800-9.0000", "tipo": "demo", "sector": "demo", "estado": "desconocido", "score": 0.1576, "demo": true, "porosidad_pct": 31.4, "espesor_arena_neta_ft": 77.5, "fuente": "Modelo DEMO sobre datos sinteticos. Distribuciones de la tabla 1 del USGS FS 2009-3028; etiqueta y reparto espacial inventados. NO es un dato observado.", "confianza": "baja", "ultima_verificacion": "2026-09-09"}}, {"type": "Feature", "geometry": {"type": "Polygon", "coordinates": [[[-63.1, 9.0], [-63.02, 9.0], [-63.02, 9.08], [-63.1, 9.08], [-63.1, 9.0]]]}, "properties": {"id": "DEMO--63.1000-9.0000", "tipo": "demo", "sector": "demo", "estado": "desconocido", "score": 0.0609, "demo": true, "porosidad_pct": 26.4, "espesor_arena_neta_ft": 150.9, "fuente": "Modelo DEMO sobre datos sinteticos. Distribuciones de la tabla 1 del USGS FS 2009-3028; etiqueta y reparto espacial inventados. NO es un dato observado.", "confianza": "baja", "ultima_verificacion": "2026-09-09"}}, {"type": "Feature", "geometry": {"type": "Polygon", "coordinates": [[[-63.02, 9.0], [-62.940000000000005, 9.0], [-62.940000000000005, 9.08], [-63.02, 9.08], [-63.02, 9.0]]]}, "properties": {"id": "DEMO--63.0200-9.0000", "tipo": "demo", "sector": "demo", "estado": "desconocido", "score": 0.8326, "demo": true, "porosidad_pct": 31.8, "espesor_arena_neta_ft": 212.9, "fuente": "Modelo DEMO sobre datos sinteticos. Distribuciones de la tabla 1 del USGS FS 2009-3028; etiqueta y reparto espacial inventados. NO es un dato observado.", "confianza": "baja", "ultima_verificacion": "2026-09-09"}}, {"type": "Feature", "geometry": {"type": "Polygon", "coordinates": [[[-62.94, 9.0], [-62.86, 9.0], [-62.86, 9.08], [-62.94, 9.08], [-62.94, 9.0]]]}, "properties": {"id": "DEMO--62.9400-9.0000", "tipo": "demo", "sector": "demo", "estado": "desconocido", "score": 0.5778, "demo": true, "porosidad_pct": 27.1, "espesor_arena_neta_ft": 111.1, "fuente": "Modelo DEMO sobre datos sinteticos. Distribuciones de la tabla 1 del USGS FS 2009-3028; etiqueta y reparto espacial inventados. NO es un dato observado.", "confianza": "baja", "ultima_verificacion": "2026-09-09"}}, {"type": "Feature", "geometry": {"type": "Polygon", "coordinates": [[[-62.86, 9.0], [-62.78, 9.0], [-62.78, 9.08], [-62.86, 9.08], [-62.86, 9.0]]]}, "properties": {"id": "DEMO--62.8600-9.0000", "tipo": "demo", "sector": "demo", "estado": "desconocido", "score": 0.2428, "demo": true, "porosidad_pct": 30.1, "espesor_arena_neta_ft": 113.3, "fuente": "Modelo DEMO sobre datos sinteticos. Distribuciones de la tabla 1 del USGS FS 2009-3028; etiqueta y reparto espacial inventados. NO es un dato observado.", "confianza": "baja", "ultima_verificacion": "2026-09-09"}}, {"type": "Feature", "geometry": {"type": "Polygon", "coordinates": [[[-62.78, 9.0], [-62.7, 9.0], [-62.7, 9.08], [-62.78, 9.08], [-62.78, 9.0]]]}, "properties": {"id": "DEMO--62.7800-9.0000", "tipo": "demo", "sector": "demo", "estado": "desconocido", "score": 0.9643, "demo": true, "porosidad_pct": 33.0, "espesor_arena_neta_ft": 223.5, "fuente": "Modelo DEMO sobre datos sinteticos. Distribuciones de la tabla 1 del USGS FS 2009-3028; etiqueta y reparto espacial inventados. NO es un dato observado.", "confianza": "baja", "ultima_verificacion": "2026-09-09"}}, {"type": "Feature", "geometry": {"type": "Polygon", "coordinates": [[[-62.7, 9.0], [-62.620000000000005, 9.0], [-62.620000000000005, 9.08], [-62.7, 9.08], [-62.7, 9.0]]]}, "properties": {"id": "DEMO--62.7000-9.0000", "tipo": "demo", "sector": "demo", "estado": "desconocido", "score": 0.199, "demo": true, "porosidad_pct": 29.6, "espesor_arena_neta_ft": 65.8, "fuente": "Modelo DEMO sobre datos sinteticos. Distribuciones de la tabla 1 del USGS FS 2009-3028; etiqueta y reparto espacial inventados. NO es un dato observado.", "confianza": "baja", "ultima_verificacion": "2026-09-09"}}, {"type": "Feature", "geometry": {"type": "Polygon", "coordinates": [[[-62.62, 9.0], [-62.54, 9.0], [-62.54, 9.08], [-62.62, 9.08], [-62.62, 9.0]]]}, "properties": {"id": "DEMO--62.6200-9.0000", "tipo": "demo", "sector": "demo", "estado": "desconocido", "score": 0.2245, "demo": true, "porosidad_pct": 28.7, "espesor_arena_neta_ft": 221.9, "fuente": "Modelo DEMO sobre datos sinteticos. Distribuciones de la tabla 1 del USGS FS 2009-3028; etiqueta y reparto espacial inventados. NO es un dato observado.", "confianza": "baja", "ultima_verificacion": "2026-09-09"}}, {"type": "Feature", "geometry": {"type": "Polygon", "coordinates": [[[-62.54, 9.0], [-62.46, 9.0], [-62.46, 9.08], [-62.54, 9.08], [-62.54, 9.0]]]}, "properties": {"id": "DEMO--62.5400-9.0000", "tipo": "demo", "sector": "demo", "estado": "desconocido", "score": 0.1294, "demo": true, "porosidad_pct": 26.5, "espesor_arena_neta_ft": 226.8, "fuente": "Modelo DEMO sobre datos sinteticos. Distribuciones de la tabla 1 del USGS FS 2009-3028; etiqueta y reparto espacial inventados. NO es un dato observado.", "confianza": "baja", "ultima_verificacion": "2026-09-09"}}, {"type": "Feature", "geometry": {"type": "Polygon", "coordinates": [[[-62.46, 9.0], [-62.38, 9.0], [-62.38, 9.08], [-62.46, 9.08], [-62.46, 9.0]]]}, "properties": {"id": "DEMO--62.4600-9.0000", "tipo": "demo", "sector": "demo", "estado": "desconocido", "score": 0.4694, "demo": true, "porosidad_pct": 30.3, "espesor_arena_neta_ft": 104.2, "fuente": "Modelo DEMO sobre datos sinteticos. Distribuciones de la tabla 1 del USGS FS 2009-3028; etiqueta y reparto espacial inventados. NO es un dato observado.", "confianza": "baja", "ultima_verificacion": "2026-09-09"}}, {"type": "Feature", "geometry": {"type": "Polygon", "coordinates": [[[-62.38, 9.0], [-62.300000000000004, 9.0], [-62.300000000000004, 9.08], [-62.38, 9.08], [-62.38, 9.0]]]}, "properties": {"id": "DEMO--62.3800-9.0000", "tipo": "demo", "sector": "demo", "estado": "desconocido", "score": 0.1832, "demo": true, "porosidad_pct": 28.7, "espesor_arena_neta_ft": 143.4, "fuente": "Modelo DEMO sobre datos sinteticos. Distribuciones de la tabla 1 del USGS FS 2009-3028; etiqueta y reparto espacial inventados. NO es un dato observado.", "confianza": "baja", "ultima_verificacion": "2026-09-09"}}, {"type": "Feature", "geometry": {"type": "Polygon", "coordinates": [[[-62.3, 9.0], [-62.22, 9.0], [-62.22, 9.08], [-62.3, 9.08], [-62.3, 9.0]]]}, "properties": {"id": "DEMO--62.3000-9.0000", "tipo": "demo", "sector": "demo", "estado": "desconocido", "score": 0.8881, "demo": true, "porosidad_pct": 35.3, "espesor_arena_neta_ft": 103.9, "fuente": "Modelo DEMO sobre datos sinteticos. Distribuciones de la tabla 1 del USGS FS 2009-3028; etiqueta y reparto espacial inventados. NO es un dato observado.", "confianza": "baja", "ultima_verificacion": "2026-09-09"}}, {"type": "Feature", "geometry": {"type": "Polygon", "coordinates": [[[-62.22, 9.0], [-62.14, 9.0], [-62.14, 9.08], [-62.22, 9.08], [-62.22, 9.0]]]}, "properties": {"id": "DEMO--62.2200-9.0000", "tipo": "demo", "sector": "demo", "estado": "desconocido", "score": 0.3015, "demo": true, "porosidad_pct": 31.0, "espesor_arena_neta_ft": 110.5, "fuente": "Modelo DEMO sobre datos sinteticos. Distribuciones de la tabla 1 del USGS FS 2009-3028; etiqueta y reparto espacial inventados. NO es un dato observado.", "confianza": "baja", "ultima_verificacion": "2026-09-09"}}, {"type": "Feature", "geometry": {"type": "Polygon", "coordinates": [[[-62.14, 9.0], [-62.06, 9.0], [-62.06, 9.08], [-62.14, 9.08], [-62.14, 9.0]]]}, "properties": {"id": "DEMO--62.1400-9.0000", "tipo": "demo", "sector": "demo", "estado": "desconocido", "score": 0.9601, "demo": true, "porosidad_pct": 33.8, "espesor_arena_neta_ft": 172.1, "fuente": "Modelo DEMO sobre datos sinteticos. Distribuciones de la tabla 1 del USGS FS 2009-3028; etiqueta y reparto espacial inventados. NO es un dato observado.", "confianza": "baja", "ultima_verificacion": "2026-09-09"}}, {"type": "Feature", "geometry": {"type": "Polygon", "coordinates": [[[-67.34, 9.08], [-67.26, 9.08], [-67.26, 9.16], [-67.34, 9.16], [-67.34, 9.08]]]}, "properties": {"id": "DEMO--67.3400-9.0800", "tipo": "demo", "sector": "demo", "estado": "desconocido", "score": 0.0908, "demo": true, "porosidad_pct": 25.6, "espesor_arena_neta_ft": 190.5, "fuente": "Modelo DEMO sobre datos sinteticos. Distribuciones de la tabla 1 del USGS FS 2009-3028; etiqueta y reparto espacial inventados. NO es un dato observado.", "confianza": "baja", "ultima_verificacion": "2026-09-09"}}, {"type": "Feature", "geometry": {"type": "Polygon", "coordinates": [[[-67.26, 9.08], [-67.18, 9.08], [-67.18, 9.16], [-67.26, 9.16], [-67.26, 9.08]]]}, "properties": {"id": "DEMO--67.2600-9.0800", "tipo": "demo", "sector": "demo", "estado": "desconocido", "score": 0.8567, "demo": true, "porosidad_pct": 32.1, "espesor_arena_neta_ft": 188.3, "fuente": "Modelo DEMO sobre datos sinteticos. Distribuciones de la tabla 1 del USGS FS 2009-3028; etiqueta y reparto espacial inventados. NO es un dato observado.", "confianza": "baja", "ultima_verificacion": "2026-09-09"}}, {"type": "Feature", "geometry": {"type": "Polygon", "coordinates": [[[-67.18, 9.08], [-67.10000000000001, 9.08], [-67.10000000000001, 9.16], [-67.18, 9.16], [-67.18, 9.08]]]}, "properties": {"id": "DEMO--67.1800-9.0800", "tipo": "demo", "sector": "demo", "estado": "desconocido", "score": 0.0584, "demo": true, "porosidad_pct": 27.8, "espesor_arena_neta_ft": 126.6, "fuente": "Modelo DEMO sobre datos sinteticos. Distribuciones de la tabla 1 del USGS FS 2009-3028; etiqueta y reparto espacial inventados. NO es un dato observado.", "confianza": "baja", "ultima_verificacion": "2026-09-09"}}, {"type": "Feature", "geometry": {"type": "Polygon", "coordinates": [[[-67.1, 9.08], [-67.02, 9.08], [-67.02, 9.16], [-67.1, 9.16], [-67.1, 9.08]]]}, "properties": {"id": "DEMO--67.1000-9.0800", "tipo": "demo", "sector": "demo", "estado": "desconocido", "score": 0.3976, "demo": true, "porosidad_pct": 29.6, "espesor_arena_neta_ft": 100.3, "fuente": "Modelo DEMO sobre datos sinteticos. Distribuciones de la tabla 1 del USGS FS 2009-3028; etiqueta y reparto espacial inventados. NO es un dato observado.", "confianza": "baja", "ultima_verificacion": "2026-09-09"}}, {"type": "Feature", "geometry": {"type": "Polygon", "coordinates": [[[-67.02, 9.08], [-66.94, 9.08], [-66.94, 9.16], [-67.02, 9.16], [-67.02, 9.08]]]}, "properties": {"id": "DEMO--67.0200-9.0800", "tipo": "demo", "sector": "demo", "estado": "desconocido", "score": 0.0386, "demo": true, "porosidad_pct": 25.5, "espesor_arena_neta_ft": 147.6, "fuente": "Modelo DEMO sobre datos sinteticos. Distribuciones de la tabla 1 del USGS FS 2009-3028; etiqueta y reparto espacial inventados. NO es un dato observado.", "confianza": "baja", "ultima_verificacion": "2026-09-09"}}, {"type": "Feature", "geometry": {"type": "Polygon", "coordinates": [[[-66.94, 9.08], [-66.86, 9.08], [-66.86, 9.16], [-66.94, 9.16], [-66.94, 9.08]]]}, "properties": {"id": "DEMO--66.9400-9.0800", "tipo": "demo", "sector": "demo", "estado": "desconocido", "score": 0.3346, "demo": true, "porosidad_pct": 27.6, "espesor_arena_neta_ft": 161.5, "fuente": "Modelo DEMO sobre datos sinteticos. Distribuciones de la tabla 1 del USGS FS 2009-3028; etiqueta y reparto espacial inventados. NO es un dato observado.", "confianza": "baja", "ultima_verificacion": "2026-09-09"}}, {"type": "Feature", "geometry": {"type": "Polygon", "coordinates": [[[-66.86, 9.08], [-66.78, 9.08], [-66.78, 9.16], [-66.86, 9.16], [-66.86, 9.08]]]}, "properties": {"id": "DEMO--66.8600-9.0800", "tipo": "demo", "sector": "demo", "estado": "desconocido", "score": 0.1541, "demo": true, "porosidad_pct": 29.2, "espesor_arena_neta_ft": 135.9, "fuente": "Modelo DEMO sobre datos sinteticos. Distribuciones de la tabla 1 del USGS FS 2009-3028; etiqueta y reparto espacial inventados. NO es un dato observado.", "confianza": "baja", "ultima_verificacion": "2026-09-09"}}, {"type": "Feature", "geometry": {"type": "Polygon", "coordinates": [[[-66.78, 9.08], [-66.7, 9.08], [-66.7, 9.16], [-66.78, 9.16], [-66.78, 9.08]]]}, "properties": {"id": "DEMO--66.7800-9.0800", "tipo": "demo", "sector": "demo", "estado": "desconocido", "score": 0.2668, "demo": true, "porosidad_pct": 28.7, "espesor_arena_neta_ft": 106.1, "fuente": "Modelo DEMO sobre datos sinteticos. Distribuciones de la tabla 1 del USGS FS 2009-3028; etiqueta y reparto espacial inventados. NO es un dato observado.", "confianza": "baja", "ultima_verificacion": "2026-09-09"}}, {"type": "Feature", "geometry": {"type": "Polygon", "coordinates": [[[-66.7, 9.08], [-66.62, 9.08], [-66.62, 9.16], [-66.7, 9.16], [-66.7, 9.08]]]}, "properties": {"id": "DEMO--66.7000-9.0800", "tipo": "demo", "sector": "demo", "estado": "desconocido", "score": 0.4004, "demo": true, "porosidad_pct": 28.9, "espesor_arena_neta_ft": 157.5, "fuente": "Modelo DEMO sobre datos sinteticos. Distribuciones de la tabla 1 del USGS FS 2009-3028; etiqueta y reparto espacial inventados. NO es un dato observado.", "confianza": "baja", "ultima_verificacion": "2026-09-09"}}, {"type": "Feature", "geometry": {"type": "Polygon", "coordinates": [[[-66.62, 9.08], [-66.54, 9.08], [-66.54, 9.16], [-66.62, 9.16], [-66.62, 9.08]]]}, "properties": {"id": "DEMO--66.6200-9.0800", "tipo": "demo", "sector": "demo", "estado": "desconocido", "score": 0.5752, "demo": true, "porosidad_pct": 27.9, "espesor_arena_neta_ft": 172.0, "fuente": "Modelo DEMO sobre datos sinteticos. Distribuciones de la tabla 1 del USGS FS 2009-3028; etiqueta y reparto espacial inventados. NO es un dato observado.", "confianza": "baja", "ultima_verificacion": "2026-09-09"}}, {"type": "Feature", "geometry": {"type": "Polygon", "coordinates": [[[-66.54, 9.08], [-66.46000000000001, 9.08], [-66.46000000000001, 9.16], [-66.54, 9.16], [-66.54, 9.08]]]}, "properties": {"id": "DEMO--66.5400-9.0800", "tipo": "demo", "sector": "demo", "estado": "desconocido", "score": 0.2346, "demo": true, "porosidad_pct": 31.6, "espesor_arena_neta_ft": 129.2, "fuente": "Modelo DEMO sobre datos sinteticos. Distribuciones de la tabla 1 del USGS FS 2009-3028; etiqueta y reparto espacial inventados. NO es un dato observado.", "confianza": "baja", "ultima_verificacion": "2026-09-09"}}, {"type": "Feature", "geometry": {"type": "Polygon", "coordinates": [[[-66.46, 9.08], [-66.38, 9.08], [-66.38, 9.16], [-66.46, 9.16], [-66.46, 9.08]]]}, "properties": {"id": "DEMO--66.4600-9.0800", "tipo": "demo", "sector": "demo", "estado": "desconocido", "score": 0.57, "demo": true, "porosidad_pct": 33.4, "espesor_arena_neta_ft": 113.7, "fuente": "Modelo DEMO sobre datos sinteticos. Distribuciones de la tabla 1 del USGS FS 2009-3028; etiqueta y reparto espacial inventados. NO es un dato observado.", "confianza": "baja", "ultima_verificacion": "2026-09-09"}}, {"type": "Feature", "geometry": {"type": "Polygon", "coordinates": [[[-66.38, 9.08], [-66.3, 9.08], [-66.3, 9.16], [-66.38, 9.16], [-66.38, 9.08]]]}, "properties": {"id": "DEMO--66.3800-9.0800", "tipo": "demo", "sector": "demo", "estado": "desconocido", "score": 0.1207, "demo": true, "porosidad_pct": 28.8, "espesor_arena_neta_ft": 75.1, "fuente": "Modelo DEMO sobre datos sinteticos. Distribuciones de la tabla 1 del USGS FS 2009-3028; etiqueta y reparto espacial inventados. NO es un dato observado.", "confianza": "baja", "ultima_verificacion": "2026-09-09"}}, {"type": "Feature", "geometry": {"type": "Polygon", "coordinates": [[[-66.3, 9.08], [-66.22, 9.08], [-66.22, 9.16], [-66.3, 9.16], [-66.3, 9.08]]]}, "properties": {"id": "DEMO--66.3000-9.0800", "tipo": "demo", "sector": "demo", "estado": "desconocido", "score": 0.2854, "demo": true, "porosidad_pct": 28.7, "espesor_arena_neta_ft": 77.0, "fuente": "Modelo DEMO sobre datos sinteticos. Distribuciones de la tabla 1 del USGS FS 2009-3028; etiqueta y reparto espacial inventados. NO es un dato observado.", "confianza": "baja", "ultima_verificacion": "2026-09-09"}}, {"type": "Feature", "geometry": {"type": "Polygon", "coordinates": [[[-66.22, 9.08], [-66.14, 9.08], [-66.14, 9.16], [-66.22, 9.16], [-66.22, 9.08]]]}, "properties": {"id": "DEMO--66.2200-9.0800", "tipo": "demo", "sector": "demo", "estado": "desconocido", "score": 0.2815, "demo": true, "porosidad_pct": 30.9, "espesor_arena_neta_ft": 161.7, "fuente": "Modelo DEMO sobre datos sinteticos. Distribuciones de la tabla 1 del USGS FS 2009-3028; etiqueta y reparto espacial inventados. NO es un dato observado.", "confianza": "baja", "ultima_verificacion": "2026-09-09"}}, {"type": "Feature", "geometry": {"type": "Polygon", "coordinates": [[[-66.14, 9.08], [-66.06, 9.08], [-66.06, 9.16], [-66.14, 9.16], [-66.14, 9.08]]]}, "properties": {"id": "DEMO--66.1400-9.0800", "tipo": "demo", "sector": "demo", "estado": "desconocido", "score": 0.4502, "demo": true, "porosidad_pct": 31.5, "espesor_arena_neta_ft": 68.1, "fuente": "Modelo DEMO sobre datos sinteticos. Distribuciones de la tabla 1 del USGS FS 2009-3028; etiqueta y reparto espacial inventados. NO es un dato observado.", "confianza": "baja", "ultima_verificacion": "2026-09-09"}}, {"type": "Feature", "geometry": {"type": "Polygon", "coordinates": [[[-66.06, 9.08], [-65.98, 9.08], [-65.98, 9.16], [-66.06, 9.16], [-66.06, 9.08]]]}, "properties": {"id": "DEMO--66.0600-9.0800", "tipo": "demo", "sector": "demo", "estado": "desconocido", "score": 0.3777, "demo": true, "porosidad_pct": 32.1, "espesor_arena_neta_ft": 101.9, "fuente": "Modelo DEMO sobre datos sinteticos. Distribuciones de la tabla 1 del USGS FS 2009-3028; etiqueta y reparto espacial inventados. NO es un dato observado.", "confianza": "baja", "ultima_verificacion": "2026-09-09"}}, {"type": "Feature", "geometry": {"type": "Polygon", "coordinates": [[[-65.98, 9.08], [-65.9, 9.08], [-65.9, 9.16], [-65.98, 9.16], [-65.98, 9.08]]]}, "properties": {"id": "DEMO--65.9800-9.0800", "tipo": "demo", "sector": "demo", "estado": "desconocido", "score": 0.6402, "demo": true, "porosidad_pct": 30.9, "espesor_arena_neta_ft": 114.8, "fuente": "Modelo DEMO sobre datos sinteticos. Distribuciones de la tabla 1 del USGS FS 2009-3028; etiqueta y reparto espacial inventados. NO es un dato observado.", "confianza": "baja", "ultima_verificacion": "2026-09-09"}}, {"type": "Feature", "geometry": {"type": "Polygon", "coordinates": [[[-65.9, 9.08], [-65.82000000000001, 9.08], [-65.82000000000001, 9.16], [-65.9, 9.16], [-65.9, 9.08]]]}, "properties": {"id": "DEMO--65.9000-9.0800", "tipo": "demo", "sector": "demo", "estado": "desconocido", "score": 0.7296, "demo": true, "porosidad_pct": 30.5, "espesor_arena_neta_ft": 177.6, "fuente": "Modelo DEMO sobre datos sinteticos. Distribuciones de la tabla 1 del USGS FS 2009-3028; etiqueta y reparto espacial inventados. NO es un dato observado.", "confianza": "baja", "ultima_verificacion": "2026-09-09"}}, {"type": "Feature", "geometry": {"type": "Polygon", "coordinates": [[[-65.82, 9.08], [-65.74, 9.08], [-65.74, 9.16], [-65.82, 9.16], [-65.82, 9.08]]]}, "properties": {"id": "DEMO--65.8200-9.0800", "tipo": "demo", "sector": "demo", "estado": "desconocido", "score": 0.9293, "demo": true, "porosidad_pct": 35.0, "espesor_arena_neta_ft": 196.2, "fuente": "Modelo DEMO sobre datos sinteticos. Distribuciones de la tabla 1 del USGS FS 2009-3028; etiqueta y reparto espacial inventados. NO es un dato observado.", "confianza": "baja", "ultima_verificacion": "2026-09-09"}}, {"type": "Feature", "geometry": {"type": "Polygon", "coordinates": [[[-65.74, 9.08], [-65.66, 9.08], [-65.66, 9.16], [-65.74, 9.16], [-65.74, 9.08]]]}, "properties": {"id": "DEMO--65.7400-9.0800", "tipo": "demo", "sector": "demo", "estado": "desconocido", "score": 0.6903, "demo": true, "porosidad_pct": 29.1, "espesor_arena_neta_ft": 265.7, "fuente": "Modelo DEMO sobre datos sinteticos. Distribuciones de la tabla 1 del USGS FS 2009-3028; etiqueta y reparto espacial inventados. NO es un dato observado.", "confianza": "baja", "ultima_verificacion": "2026-09-09"}}, {"type": "Feature", "geometry": {"type": "Polygon", "coordinates": [[[-65.66, 9.08], [-65.58, 9.08], [-65.58, 9.16], [-65.66, 9.16], [-65.66, 9.08]]]}, "properties": {"id": "DEMO--65.6600-9.0800", "tipo": "demo", "sector": "demo", "estado": "desconocido", "score": 0.4274, "demo": true, "porosidad_pct": 30.7, "espesor_arena_neta_ft": 202.3, "fuente": "Modelo DEMO sobre datos sinteticos. Distribuciones de la tabla 1 del USGS FS 2009-3028; etiqueta y reparto espacial inventados. NO es un dato observado.", "confianza": "baja", "ultima_verificacion": "2026-09-09"}}, {"type": "Feature", "geometry": {"type": "Polygon", "coordinates": [[[-65.58, 9.08], [-65.5, 9.08], [-65.5, 9.16], [-65.58, 9.16], [-65.58, 9.08]]]}, "properties": {"id": "DEMO--65.5800-9.0800", "tipo": "demo", "sector": "demo", "estado": "desconocido", "score": 0.7244, "demo": true, "porosidad_pct": 32.0, "espesor_arena_neta_ft": 134.8, "fuente": "Modelo DEMO sobre datos sinteticos. Distribuciones de la tabla 1 del USGS FS 2009-3028; etiqueta y reparto espacial inventados. NO es un dato observado.", "confianza": "baja", "ultima_verificacion": "2026-09-09"}}, {"type": "Feature", "geometry": {"type": "Polygon", "coordinates": [[[-65.5, 9.08], [-65.42, 9.08], [-65.42, 9.16], [-65.5, 9.16], [-65.5, 9.08]]]}, "properties": {"id": "DEMO--65.5000-9.0800", "tipo": "demo", "sector": "demo", "estado": "desconocido", "score": 0.4663, "demo": true, "porosidad_pct": 29.4, "espesor_arena_neta_ft": 186.6, "fuente": "Modelo DEMO sobre datos sinteticos. Distribuciones de la tabla 1 del USGS FS 2009-3028; etiqueta y reparto espacial inventados. NO es un dato observado.", "confianza": "baja", "ultima_verificacion": "2026-09-09"}}, {"type": "Feature", "geometry": {"type": "Polygon", "coordinates": [[[-65.42, 9.08], [-65.34, 9.08], [-65.34, 9.16], [-65.42, 9.16], [-65.42, 9.08]]]}, "properties": {"id": "DEMO--65.4200-9.0800", "tipo": "demo", "sector": "demo", "estado": "desconocido", "score": 0.3091, "demo": true, "porosidad_pct": 27.1, "espesor_arena_neta_ft": 233.0, "fuente": "Modelo DEMO sobre datos sinteticos. Distribuciones de la tabla 1 del USGS FS 2009-3028; etiqueta y reparto espacial inventados. NO es un dato observado.", "confianza": "baja", "ultima_verificacion": "2026-09-09"}}, {"type": "Feature", "geometry": {"type": "Polygon", "coordinates": [[[-65.34, 9.08], [-65.26, 9.08], [-65.26, 9.16], [-65.34, 9.16], [-65.34, 9.08]]]}, "properties": {"id": "DEMO--65.3400-9.0800", "tipo": "demo", "sector": "demo", "estado": "desconocido", "score": 0.3089, "demo": true, "porosidad_pct": 28.6, "espesor_arena_neta_ft": 184.4, "fuente": "Modelo DEMO sobre datos sinteticos. Distribuciones de la tabla 1 del USGS FS 2009-3028; etiqueta y reparto espacial inventados. NO es un dato observado.", "confianza": "baja", "ultima_verificacion": "2026-09-09"}}, {"type": "Feature", "geometry": {"type": "Polygon", "coordinates": [[[-65.26, 9.08], [-65.18, 9.08], [-65.18, 9.16], [-65.26, 9.16], [-65.26, 9.08]]]}, "properties": {"id": "DEMO--65.2600-9.0800", "tipo": "demo", "sector": "demo", "estado": "desconocido", "score": 0.3417, "demo": true, "porosidad_pct": 28.3, "espesor_arena_neta_ft": 269.8, "fuente": "Modelo DEMO sobre datos sinteticos. Distribuciones de la tabla 1 del USGS FS 2009-3028; etiqueta y reparto espacial inventados. NO es un dato observado.", "confianza": "baja", "ultima_verificacion": "2026-09-09"}}, {"type": "Feature", "geometry": {"type": "Polygon", "coordinates": [[[-65.18, 9.08], [-65.10000000000001, 9.08], [-65.10000000000001, 9.16], [-65.18, 9.16], [-65.18, 9.08]]]}, "properties": {"id": "DEMO--65.1800-9.0800", "tipo": "demo", "sector": "demo", "estado": "desconocido", "score": 0.6326, "demo": true, "porosidad_pct": 27.3, "espesor_arena_neta_ft": 213.9, "fuente": "Modelo DEMO sobre datos sinteticos. Distribuciones de la tabla 1 del USGS FS 2009-3028; etiqueta y reparto espacial inventados. NO es un dato observado.", "confianza": "baja", "ultima_verificacion": "2026-09-09"}}, {"type": "Feature", "geometry": {"type": "Polygon", "coordinates": [[[-65.1, 9.08], [-65.02, 9.08], [-65.02, 9.16], [-65.1, 9.16], [-65.1, 9.08]]]}, "properties": {"id": "DEMO--65.1000-9.0800", "tipo": "demo", "sector": "demo", "estado": "desconocido", "score": 0.4327, "demo": true, "porosidad_pct": 28.6, "espesor_arena_neta_ft": 283.9, "fuente": "Modelo DEMO sobre datos sinteticos. Distribuciones de la tabla 1 del USGS FS 2009-3028; etiqueta y reparto espacial inventados. NO es un dato observado.", "confianza": "baja", "ultima_verificacion": "2026-09-09"}}, {"type": "Feature", "geometry": {"type": "Polygon", "coordinates": [[[-65.02, 9.08], [-64.94, 9.08], [-64.94, 9.16], [-65.02, 9.16], [-65.02, 9.08]]]}, "properties": {"id": "DEMO--65.0200-9.0800", "tipo": "demo", "sector": "demo", "estado": "desconocido", "score": 0.0134, "demo": true, "porosidad_pct": 25.1, "espesor_arena_neta_ft": 182.6, "fuente": "Modelo DEMO sobre datos sinteticos. Distribuciones de la tabla 1 del USGS FS 2009-3028; etiqueta y reparto espacial inventados. NO es un dato observado.", "confianza": "baja", "ultima_verificacion": "2026-09-09"}}, {"type": "Feature", "geometry": {"type": "Polygon", "coordinates": [[[-64.94, 9.08], [-64.86, 9.08], [-64.86, 9.16], [-64.94, 9.16], [-64.94, 9.08]]]}, "properties": {"id": "DEMO--64.9400-9.0800", "tipo": "demo", "sector": "demo", "estado": "desconocido", "score": 0.7392, "demo": true, "porosidad_pct": 27.8, "espesor_arena_neta_ft": 281.0, "fuente": "Modelo DEMO sobre datos sinteticos. Distribuciones de la tabla 1 del USGS FS 2009-3028; etiqueta y reparto espacial inventados. NO es un dato observado.", "confianza": "baja", "ultima_verificacion": "2026-09-09"}}, {"type": "Feature", "geometry": {"type": "Polygon", "coordinates": [[[-64.86, 9.08], [-64.78, 9.08], [-64.78, 9.16], [-64.86, 9.16], [-64.86, 9.08]]]}, "properties": {"id": "DEMO--64.8600-9.0800", "tipo": "demo", "sector": "demo", "estado": "desconocido", "score": 0.3239, "demo": true, "porosidad_pct": 28.0, "espesor_arena_neta_ft": 243.8, "fuente": "Modelo DEMO sobre datos sinteticos. Distribuciones de la tabla 1 del USGS FS 2009-3028; etiqueta y reparto espacial inventados. NO es un dato observado.", "confianza": "baja", "ultima_verificacion": "2026-09-09"}}, {"type": "Feature", "geometry": {"type": "Polygon", "coordinates": [[[-64.78, 9.08], [-64.7, 9.08], [-64.7, 9.16], [-64.78, 9.16], [-64.78, 9.08]]]}, "properties": {"id": "DEMO--64.7800-9.0800", "tipo": "demo", "sector": "demo", "estado": "desconocido", "score": 0.4181, "demo": true, "porosidad_pct": 26.0, "espesor_arena_neta_ft": 222.3, "fuente": "Modelo DEMO sobre datos sinteticos. Distribuciones de la tabla 1 del USGS FS 2009-3028; etiqueta y reparto espacial inventados. NO es un dato observado.", "confianza": "baja", "ultima_verificacion": "2026-09-09"}}, {"type": "Feature", "geometry": {"type": "Polygon", "coordinates": [[[-64.7, 9.08], [-64.62, 9.08], [-64.62, 9.16], [-64.7, 9.16], [-64.7, 9.08]]]}, "properties": {"id": "DEMO--64.7000-9.0800", "tipo": "demo", "sector": "demo", "estado": "desconocido", "score": 0.0492, "demo": true, "porosidad_pct": 26.9, "espesor_arena_neta_ft": 192.0, "fuente": "Modelo DEMO sobre datos sinteticos. Distribuciones de la tabla 1 del USGS FS 2009-3028; etiqueta y reparto espacial inventados. NO es un dato observado.", "confianza": "baja", "ultima_verificacion": "2026-09-09"}}, {"type": "Feature", "geometry": {"type": "Polygon", "coordinates": [[[-64.62, 9.08], [-64.54, 9.08], [-64.54, 9.16], [-64.62, 9.16], [-64.62, 9.08]]]}, "properties": {"id": "DEMO--64.6200-9.0800", "tipo": "demo", "sector": "demo", "estado": "desconocido", "score": 0.2696, "demo": true, "porosidad_pct": 27.5, "espesor_arena_neta_ft": 200.7, "fuente": "Modelo DEMO sobre datos sinteticos. Distribuciones de la tabla 1 del USGS FS 2009-3028; etiqueta y reparto espacial inventados. NO es un dato observado.", "confianza": "baja", "ultima_verificacion": "2026-09-09"}}, {"type": "Feature", "geometry": {"type": "Polygon", "coordinates": [[[-64.54, 9.08], [-64.46000000000001, 9.08], [-64.46000000000001, 9.16], [-64.54, 9.16], [-64.54, 9.08]]]}, "properties": {"id": "DEMO--64.5400-9.0800", "tipo": "demo", "sector": "demo", "estado": "desconocido", "score": 0.0393, "demo": true, "porosidad_pct": 24.3, "espesor_arena_neta_ft": 199.2, "fuente": "Modelo DEMO sobre datos sinteticos. Distribuciones de la tabla 1 del USGS FS 2009-3028; etiqueta y reparto espacial inventados. NO es un dato observado.", "confianza": "baja", "ultima_verificacion": "2026-09-09"}}, {"type": "Feature", "geometry": {"type": "Polygon", "coordinates": [[[-64.46, 9.08], [-64.38, 9.08], [-64.38, 9.16], [-64.46, 9.16], [-64.46, 9.08]]]}, "properties": {"id": "DEMO--64.4600-9.0800", "tipo": "demo", "sector": "demo", "estado": "desconocido", "score": 0.3146, "demo": true, "porosidad_pct": 25.8, "espesor_arena_neta_ft": 271.7, "fuente": "Modelo DEMO sobre datos sinteticos. Distribuciones de la tabla 1 del USGS FS 2009-3028; etiqueta y reparto espacial inventados. NO es un dato observado.", "confianza": "baja", "ultima_verificacion": "2026-09-09"}}, {"type": "Feature", "geometry": {"type": "Polygon", "coordinates": [[[-64.38, 9.08], [-64.3, 9.08], [-64.3, 9.16], [-64.38, 9.16], [-64.38, 9.08]]]}, "properties": {"id": "DEMO--64.3800-9.0800", "tipo": "demo", "sector": "demo", "estado": "desconocido", "score": 0.1216, "demo": true, "porosidad_pct": 27.1, "espesor_arena_neta_ft": 155.0, "fuente": "Modelo DEMO sobre datos sinteticos. Distribuciones de la tabla 1 del USGS FS 2009-3028; etiqueta y reparto espacial inventados. NO es un dato observado.", "confianza": "baja", "ultima_verificacion": "2026-09-09"}}, {"type": "Feature", "geometry": {"type": "Polygon", "coordinates": [[[-64.3, 9.08], [-64.22, 9.08], [-64.22, 9.16], [-64.3, 9.16], [-64.3, 9.08]]]}, "properties": {"id": "DEMO--64.3000-9.0800", "tipo": "demo", "sector": "demo", "estado": "desconocido", "score": 0.3782, "demo": true, "porosidad_pct": 28.1, "espesor_arena_neta_ft": 167.3, "fuente": "Modelo DEMO sobre datos sinteticos. Distribuciones de la tabla 1 del USGS FS 2009-3028; etiqueta y reparto espacial inventados. NO es un dato observado.", "confianza": "baja", "ultima_verificacion": "2026-09-09"}}, {"type": "Feature", "geometry": {"type": "Polygon", "coordinates": [[[-64.22, 9.08], [-64.14, 9.08], [-64.14, 9.16], [-64.22, 9.16], [-64.22, 9.08]]]}, "properties": {"id": "DEMO--64.2200-9.0800", "tipo": "demo", "sector": "demo", "estado": "desconocido", "score": 0.049, "demo": true, "porosidad_pct": 24.1, "espesor_arena_neta_ft": 194.2, "fuente": "Modelo DEMO sobre datos sinteticos. Distribuciones de la tabla 1 del USGS FS 2009-3028; etiqueta y reparto espacial inventados. NO es un dato observado.", "confianza": "baja", "ultima_verificacion": "2026-09-09"}}, {"type": "Feature", "geometry": {"type": "Polygon", "coordinates": [[[-64.14, 9.08], [-64.06, 9.08], [-64.06, 9.16], [-64.14, 9.16], [-64.14, 9.08]]]}, "properties": {"id": "DEMO--64.1400-9.0800", "tipo": "demo", "sector": "demo", "estado": "desconocido", "score": 0.6729, "demo": true, "porosidad_pct": 27.5, "espesor_arena_neta_ft": 201.4, "fuente": "Modelo DEMO sobre datos sinteticos. Distribuciones de la tabla 1 del USGS FS 2009-3028; etiqueta y reparto espacial inventados. NO es un dato observado.", "confianza": "baja", "ultima_verificacion": "2026-09-09"}}, {"type": "Feature", "geometry": {"type": "Polygon", "coordinates": [[[-64.06, 9.08], [-63.980000000000004, 9.08], [-63.980000000000004, 9.16], [-64.06, 9.16], [-64.06, 9.08]]]}, "properties": {"id": "DEMO--64.0600-9.0800", "tipo": "demo", "sector": "demo", "estado": "desconocido", "score": 0.2088, "demo": true, "porosidad_pct": 28.2, "espesor_arena_neta_ft": 184.6, "fuente": "Modelo DEMO sobre datos sinteticos. Distribuciones de la tabla 1 del USGS FS 2009-3028; etiqueta y reparto espacial inventados. NO es un dato observado.", "confianza": "baja", "ultima_verificacion": "2026-09-09"}}, {"type": "Feature", "geometry": {"type": "Polygon", "coordinates": [[[-63.98, 9.08], [-63.9, 9.08], [-63.9, 9.16], [-63.98, 9.16], [-63.98, 9.08]]]}, "properties": {"id": "DEMO--63.9800-9.0800", "tipo": "demo", "sector": "demo", "estado": "desconocido", "score": 0.1082, "demo": true, "porosidad_pct": 26.6, "espesor_arena_neta_ft": 156.9, "fuente": "Modelo DEMO sobre datos sinteticos. Distribuciones de la tabla 1 del USGS FS 2009-3028; etiqueta y reparto espacial inventados. NO es un dato observado.", "confianza": "baja", "ultima_verificacion": "2026-09-09"}}, {"type": "Feature", "geometry": {"type": "Polygon", "coordinates": [[[-63.9, 9.08], [-63.82, 9.08], [-63.82, 9.16], [-63.9, 9.16], [-63.9, 9.08]]]}, "properties": {"id": "DEMO--63.9000-9.0800", "tipo": "demo", "sector": "demo", "estado": "desconocido", "score": 0.5089, "demo": true, "porosidad_pct": 30.3, "espesor_arena_neta_ft": 171.8, "fuente": "Modelo DEMO sobre datos sinteticos. Distribuciones de la tabla 1 del USGS FS 2009-3028; etiqueta y reparto espacial inventados. NO es un dato observado.", "confianza": "baja", "ultima_verificacion": "2026-09-09"}}, {"type": "Feature", "geometry": {"type": "Polygon", "coordinates": [[[-63.82, 9.08], [-63.74, 9.08], [-63.74, 9.16], [-63.82, 9.16], [-63.82, 9.08]]]}, "properties": {"id": "DEMO--63.8200-9.0800", "tipo": "demo", "sector": "demo", "estado": "desconocido", "score": 0.6257, "demo": true, "porosidad_pct": 28.7, "espesor_arena_neta_ft": 200.4, "fuente": "Modelo DEMO sobre datos sinteticos. Distribuciones de la tabla 1 del USGS FS 2009-3028; etiqueta y reparto espacial inventados. NO es un dato observado.", "confianza": "baja", "ultima_verificacion": "2026-09-09"}}, {"type": "Feature", "geometry": {"type": "Polygon", "coordinates": [[[-63.74, 9.08], [-63.660000000000004, 9.08], [-63.660000000000004, 9.16], [-63.74, 9.16], [-63.74, 9.08]]]}, "properties": {"id": "DEMO--63.7400-9.0800", "tipo": "demo", "sector": "demo", "estado": "desconocido", "score": 0.0368, "demo": true, "porosidad_pct": 25.5, "espesor_arena_neta_ft": 127.4, "fuente": "Modelo DEMO sobre datos sinteticos. Distribuciones de la tabla 1 del USGS FS 2009-3028; etiqueta y reparto espacial inventados. NO es un dato observado.", "confianza": "baja", "ultima_verificacion": "2026-09-09"}}, {"type": "Feature", "geometry": {"type": "Polygon", "coordinates": [[[-63.66, 9.08], [-63.58, 9.08], [-63.58, 9.16], [-63.66, 9.16], [-63.66, 9.08]]]}, "properties": {"id": "DEMO--63.6600-9.0800", "tipo": "demo", "sector": "demo", "estado": "desconocido", "score": 0.3921, "demo": true, "porosidad_pct": 28.2, "espesor_arena_neta_ft": 243.0, "fuente": "Modelo DEMO sobre datos sinteticos. Distribuciones de la tabla 1 del USGS FS 2009-3028; etiqueta y reparto espacial inventados. NO es un dato observado.", "confianza": "baja", "ultima_verificacion": "2026-09-09"}}, {"type": "Feature", "geometry": {"type": "Polygon", "coordinates": [[[-63.58, 9.08], [-63.5, 9.08], [-63.5, 9.16], [-63.58, 9.16], [-63.58, 9.08]]]}, "properties": {"id": "DEMO--63.5800-9.0800", "tipo": "demo", "sector": "demo", "estado": "desconocido", "score": 0.2697, "demo": true, "porosidad_pct": 28.6, "espesor_arena_neta_ft": 196.0, "fuente": "Modelo DEMO sobre datos sinteticos. Distribuciones de la tabla 1 del USGS FS 2009-3028; etiqueta y reparto espacial inventados. NO es un dato observado.", "confianza": "baja", "ultima_verificacion": "2026-09-09"}}, {"type": "Feature", "geometry": {"type": "Polygon", "coordinates": [[[-63.5, 9.08], [-63.42, 9.08], [-63.42, 9.16], [-63.5, 9.16], [-63.5, 9.08]]]}, "properties": {"id": "DEMO--63.5000-9.0800", "tipo": "demo", "sector": "demo", "estado": "desconocido", "score": 0.1578, "demo": true, "porosidad_pct": 28.0, "espesor_arena_neta_ft": 154.7, "fuente": "Modelo DEMO sobre datos sinteticos. Distribuciones de la tabla 1 del USGS FS 2009-3028; etiqueta y reparto espacial inventados. NO es un dato observado.", "confianza": "baja", "ultima_verificacion": "2026-09-09"}}, {"type": "Feature", "geometry": {"type": "Polygon", "coordinates": [[[-63.42, 9.08], [-63.34, 9.08], [-63.34, 9.16], [-63.42, 9.16], [-63.42, 9.08]]]}, "properties": {"id": "DEMO--63.4200-9.0800", "tipo": "demo", "sector": "demo", "estado": "desconocido", "score": 0.9292, "demo": true, "porosidad_pct": 31.1, "espesor_arena_neta_ft": 220.9, "fuente": "Modelo DEMO sobre datos sinteticos. Distribuciones de la tabla 1 del USGS FS 2009-3028; etiqueta y reparto espacial inventados. NO es un dato observado.", "confianza": "baja", "ultima_verificacion": "2026-09-09"}}, {"type": "Feature", "geometry": {"type": "Polygon", "coordinates": [[[-63.34, 9.08], [-63.260000000000005, 9.08], [-63.260000000000005, 9.16], [-63.34, 9.16], [-63.34, 9.08]]]}, "properties": {"id": "DEMO--63.3400-9.0800", "tipo": "demo", "sector": "demo", "estado": "desconocido", "score": 0.7724, "demo": true, "porosidad_pct": 34.1, "espesor_arena_neta_ft": 162.8, "fuente": "Modelo DEMO sobre datos sinteticos. Distribuciones de la tabla 1 del USGS FS 2009-3028; etiqueta y reparto espacial inventados. NO es un dato observado.", "confianza": "baja", "ultima_verificacion": "2026-09-09"}}, {"type": "Feature", "geometry": {"type": "Polygon", "coordinates": [[[-63.26, 9.08], [-63.18, 9.08], [-63.18, 9.16], [-63.26, 9.16], [-63.26, 9.08]]]}, "properties": {"id": "DEMO--63.2600-9.0800", "tipo": "demo", "sector": "demo", "estado": "desconocido", "score": 0.6197, "demo": true, "porosidad_pct": 32.8, "espesor_arena_neta_ft": 192.3, "fuente": "Modelo DEMO sobre datos sinteticos. Distribuciones de la tabla 1 del USGS FS 2009-3028; etiqueta y reparto espacial inventados. NO es un dato observado.", "confianza": "baja", "ultima_verificacion": "2026-09-09"}}, {"type": "Feature", "geometry": {"type": "Polygon", "coordinates": [[[-63.18, 9.08], [-63.1, 9.08], [-63.1, 9.16], [-63.18, 9.16], [-63.18, 9.08]]]}, "properties": {"id": "DEMO--63.1800-9.0800", "tipo": "demo", "sector": "demo", "estado": "desconocido", "score": 0.1616, "demo": true, "porosidad_pct": 27.2, "espesor_arena_neta_ft": 202.4, "fuente": "Modelo DEMO sobre datos sinteticos. Distribuciones de la tabla 1 del USGS FS 2009-3028; etiqueta y reparto espacial inventados. NO es un dato observado.", "confianza": "baja", "ultima_verificacion": "2026-09-09"}}, {"type": "Feature", "geometry": {"type": "Polygon", "coordinates": [[[-63.1, 9.08], [-63.02, 9.08], [-63.02, 9.16], [-63.1, 9.16], [-63.1, 9.08]]]}, "properties": {"id": "DEMO--63.1000-9.0800", "tipo": "demo", "sector": "demo", "estado": "desconocido", "score": 0.1073, "demo": true, "porosidad_pct": 27.9, "espesor_arena_neta_ft": 128.4, "fuente": "Modelo DEMO sobre datos sinteticos. Distribuciones de la tabla 1 del USGS FS 2009-3028; etiqueta y reparto espacial inventados. NO es un dato observado.", "confianza": "baja", "ultima_verificacion": "2026-09-09"}}, {"type": "Feature", "geometry": {"type": "Polygon", "coordinates": [[[-63.02, 9.08], [-62.940000000000005, 9.08], [-62.940000000000005, 9.16], [-63.02, 9.16], [-63.02, 9.08]]]}, "properties": {"id": "DEMO--63.0200-9.0800", "tipo": "demo", "sector": "demo", "estado": "desconocido", "score": 0.4132, "demo": true, "porosidad_pct": 27.6, "espesor_arena_neta_ft": 88.6, "fuente": "Modelo DEMO sobre datos sinteticos. Distribuciones de la tabla 1 del USGS FS 2009-3028; etiqueta y reparto espacial inventados. NO es un dato observado.", "confianza": "baja", "ultima_verificacion": "2026-09-09"}}, {"type": "Feature", "geometry": {"type": "Polygon", "coordinates": [[[-62.94, 9.08], [-62.86, 9.08], [-62.86, 9.16], [-62.94, 9.16], [-62.94, 9.08]]]}, "properties": {"id": "DEMO--62.9400-9.0800", "tipo": "demo", "sector": "demo", "estado": "desconocido", "score": 0.381, "demo": true, "porosidad_pct": 31.8, "espesor_arena_neta_ft": 82.8, "fuente": "Modelo DEMO sobre datos sinteticos. Distribuciones de la tabla 1 del USGS FS 2009-3028; etiqueta y reparto espacial inventados. NO es un dato observado.", "confianza": "baja", "ultima_verificacion": "2026-09-09"}}, {"type": "Feature", "geometry": {"type": "Polygon", "coordinates": [[[-62.86, 9.08], [-62.78, 9.08], [-62.78, 9.16], [-62.86, 9.16], [-62.86, 9.08]]]}, "properties": {"id": "DEMO--62.8600-9.0800", "tipo": "demo", "sector": "demo", "estado": "desconocido", "score": 0.6675, "demo": true, "porosidad_pct": 31.1, "espesor_arena_neta_ft": 172.3, "fuente": "Modelo DEMO sobre datos sinteticos. Distribuciones de la tabla 1 del USGS FS 2009-3028; etiqueta y reparto espacial inventados. NO es un dato observado.", "confianza": "baja", "ultima_verificacion": "2026-09-09"}}, {"type": "Feature", "geometry": {"type": "Polygon", "coordinates": [[[-62.78, 9.08], [-62.7, 9.08], [-62.7, 9.16], [-62.78, 9.16], [-62.78, 9.08]]]}, "properties": {"id": "DEMO--62.7800-9.0800", "tipo": "demo", "sector": "demo", "estado": "desconocido", "score": 0.0723, "demo": true, "porosidad_pct": 29.1, "espesor_arena_neta_ft": 82.2, "fuente": "Modelo DEMO sobre datos sinteticos. Distribuciones de la tabla 1 del USGS FS 2009-3028; etiqueta y reparto espacial inventados. NO es un dato observado.", "confianza": "baja", "ultima_verificacion": "2026-09-09"}}, {"type": "Feature", "geometry": {"type": "Polygon", "coordinates": [[[-62.7, 9.08], [-62.620000000000005, 9.08], [-62.620000000000005, 9.16], [-62.7, 9.16], [-62.7, 9.08]]]}, "properties": {"id": "DEMO--62.7000-9.0800", "tipo": "demo", "sector": "demo", "estado": "desconocido", "score": 0.504, "demo": true, "porosidad_pct": 31.9, "espesor_arena_neta_ft": 138.1, "fuente": "Modelo DEMO sobre datos sinteticos. Distribuciones de la tabla 1 del USGS FS 2009-3028; etiqueta y reparto espacial inventados. NO es un dato observado.", "confianza": "baja", "ultima_verificacion": "2026-09-09"}}, {"type": "Feature", "geometry": {"type": "Polygon", "coordinates": [[[-62.62, 9.08], [-62.54, 9.08], [-62.54, 9.16], [-62.62, 9.16], [-62.62, 9.08]]]}, "properties": {"id": "DEMO--62.6200-9.0800", "tipo": "demo", "sector": "demo", "estado": "desconocido", "score": 0.2485, "demo": true, "porosidad_pct": 31.1, "espesor_arena_neta_ft": 113.8, "fuente": "Modelo DEMO sobre datos sinteticos. Distribuciones de la tabla 1 del USGS FS 2009-3028; etiqueta y reparto espacial inventados. NO es un dato observado.", "confianza": "baja", "ultima_verificacion": "2026-09-09"}}, {"type": "Feature", "geometry": {"type": "Polygon", "coordinates": [[[-62.54, 9.08], [-62.46, 9.08], [-62.46, 9.16], [-62.54, 9.16], [-62.54, 9.08]]]}, "properties": {"id": "DEMO--62.5400-9.0800", "tipo": "demo", "sector": "demo", "estado": "desconocido", "score": 0.3936, "demo": true, "porosidad_pct": 28.4, "espesor_arena_neta_ft": 130.6, "fuente": "Modelo DEMO sobre datos sinteticos. Distribuciones de la tabla 1 del USGS FS 2009-3028; etiqueta y reparto espacial inventados. NO es un dato observado.", "confianza": "baja", "ultima_verificacion": "2026-09-09"}}, {"type": "Feature", "geometry": {"type": "Polygon", "coordinates": [[[-62.46, 9.08], [-62.38, 9.08], [-62.38, 9.16], [-62.46, 9.16], [-62.46, 9.08]]]}, "properties": {"id": "DEMO--62.4600-9.0800", "tipo": "demo", "sector": "demo", "estado": "desconocido", "score": 0.1305, "demo": true, "porosidad_pct": 29.8, "espesor_arena_neta_ft": 127.3, "fuente": "Modelo DEMO sobre datos sinteticos. Distribuciones de la tabla 1 del USGS FS 2009-3028; etiqueta y reparto espacial inventados. NO es un dato observado.", "confianza": "baja", "ultima_verificacion": "2026-09-09"}}, {"type": "Feature", "geometry": {"type": "Polygon", "coordinates": [[[-62.38, 9.08], [-62.300000000000004, 9.08], [-62.300000000000004, 9.16], [-62.38, 9.16], [-62.38, 9.08]]]}, "properties": {"id": "DEMO--62.3800-9.0800", "tipo": "demo", "sector": "demo", "estado": "desconocido", "score": 0.2638, "demo": true, "porosidad_pct": 28.7, "espesor_arena_neta_ft": 118.4, "fuente": "Modelo DEMO sobre datos sinteticos. Distribuciones de la tabla 1 del USGS FS 2009-3028; etiqueta y reparto espacial inventados. NO es un dato observado.", "confianza": "baja", "ultima_verificacion": "2026-09-09"}}, {"type": "Feature", "geometry": {"type": "Polygon", "coordinates": [[[-62.3, 9.08], [-62.22, 9.08], [-62.22, 9.16], [-62.3, 9.16], [-62.3, 9.08]]]}, "properties": {"id": "DEMO--62.3000-9.0800", "tipo": "demo", "sector": "demo", "estado": "desconocido", "score": 0.4277, "demo": true, "porosidad_pct": 29.0, "espesor_arena_neta_ft": 134.5, "fuente": "Modelo DEMO sobre datos sinteticos. Distribuciones de la tabla 1 del USGS FS 2009-3028; etiqueta y reparto espacial inventados. NO es un dato observado.", "confianza": "baja", "ultima_verificacion": "2026-09-09"}}, {"type": "Feature", "geometry": {"type": "Polygon", "coordinates": [[[-62.22, 9.08], [-62.14, 9.08], [-62.14, 9.16], [-62.22, 9.16], [-62.22, 9.08]]]}, "properties": {"id": "DEMO--62.2200-9.0800", "tipo": "demo", "sector": "demo", "estado": "desconocido", "score": 0.2679, "demo": true, "porosidad_pct": 32.1, "espesor_arena_neta_ft": 97.9, "fuente": "Modelo DEMO sobre datos sinteticos. Distribuciones de la tabla 1 del USGS FS 2009-3028; etiqueta y reparto espacial inventados. NO es un dato observado.", "confianza": "baja", "ultima_verificacion": "2026-09-09"}}, {"type": "Feature", "geometry": {"type": "Polygon", "coordinates": [[[-62.14, 9.08], [-62.06, 9.08], [-62.06, 9.16], [-62.14, 9.16], [-62.14, 9.08]]]}, "properties": {"id": "DEMO--62.1400-9.0800", "tipo": "demo", "sector": "demo", "estado": "desconocido", "score": 0.4933, "demo": true, "porosidad_pct": 30.2, "espesor_arena_neta_ft": 135.1, "fuente": "Modelo DEMO sobre datos sinteticos. Distribuciones de la tabla 1 del USGS FS 2009-3028; etiqueta y reparto espacial inventados. NO es un dato observado.", "confianza": "baja", "ultima_verificacion": "2026-09-09"}}, {"type": "Feature", "geometry": {"type": "Polygon", "coordinates": [[[-67.34, 9.16], [-67.26, 9.16], [-67.26, 9.24], [-67.34, 9.24], [-67.34, 9.16]]]}, "properties": {"id": "DEMO--67.3400-9.1600", "tipo": "demo", "sector": "demo", "estado": "desconocido", "score": 0.2233, "demo": true, "porosidad_pct": 26.5, "espesor_arena_neta_ft": 234.7, "fuente": "Modelo DEMO sobre datos sinteticos. Distribuciones de la tabla 1 del USGS FS 2009-3028; etiqueta y reparto espacial inventados. NO es un dato observado.", "confianza": "baja", "ultima_verificacion": "2026-09-09"}}, {"type": "Feature", "geometry": {"type": "Polygon", "coordinates": [[[-67.26, 9.16], [-67.18, 9.16], [-67.18, 9.24], [-67.26, 9.24], [-67.26, 9.16]]]}, "properties": {"id": "DEMO--67.2600-9.1600", "tipo": "demo", "sector": "demo", "estado": "desconocido", "score": 0.0747, "demo": true, "porosidad_pct": 27.0, "espesor_arena_neta_ft": 184.2, "fuente": "Modelo DEMO sobre datos sinteticos. Distribuciones de la tabla 1 del USGS FS 2009-3028; etiqueta y reparto espacial inventados. NO es un dato observado.", "confianza": "baja", "ultima_verificacion": "2026-09-09"}}, {"type": "Feature", "geometry": {"type": "Polygon", "coordinates": [[[-67.18, 9.16], [-67.10000000000001, 9.16], [-67.10000000000001, 9.24], [-67.18, 9.24], [-67.18, 9.16]]]}, "properties": {"id": "DEMO--67.1800-9.1600", "tipo": "demo", "sector": "demo", "estado": "desconocido", "score": 0.5675, "demo": true, "porosidad_pct": 32.5, "espesor_arena_neta_ft": 196.8, "fuente": "Modelo DEMO sobre datos sinteticos. Distribuciones de la tabla 1 del USGS FS 2009-3028; etiqueta y reparto espacial inventados. NO es un dato observado.", "confianza": "baja", "ultima_verificacion": "2026-09-09"}}, {"type": "Feature", "geometry": {"type": "Polygon", "coordinates": [[[-67.1, 9.16], [-67.02, 9.16], [-67.02, 9.24], [-67.1, 9.24], [-67.1, 9.16]]]}, "properties": {"id": "DEMO--67.1000-9.1600", "tipo": "demo", "sector": "demo", "estado": "desconocido", "score": 0.4125, "demo": true, "porosidad_pct": 29.1, "espesor_arena_neta_ft": 137.0, "fuente": "Modelo DEMO sobre datos sinteticos. Distribuciones de la tabla 1 del USGS FS 2009-3028; etiqueta y reparto espacial inventados. NO es un dato observado.", "confianza": "baja", "ultima_verificacion": "2026-09-09"}}, {"type": "Feature", "geometry": {"type": "Polygon", "coordinates": [[[-67.02, 9.16], [-66.94, 9.16], [-66.94, 9.24], [-67.02, 9.24], [-67.02, 9.16]]]}, "properties": {"id": "DEMO--67.0200-9.1600", "tipo": "demo", "sector": "demo", "estado": "desconocido", "score": 0.5896, "demo": true, "porosidad_pct": 30.4, "espesor_arena_neta_ft": 195.3, "fuente": "Modelo DEMO sobre datos sinteticos. Distribuciones de la tabla 1 del USGS FS 2009-3028; etiqueta y reparto espacial inventados. NO es un dato observado.", "confianza": "baja", "ultima_verificacion": "2026-09-09"}}, {"type": "Feature", "geometry": {"type": "Polygon", "coordinates": [[[-66.94, 9.16], [-66.86, 9.16], [-66.86, 9.24], [-66.94, 9.24], [-66.94, 9.16]]]}, "properties": {"id": "DEMO--66.9400-9.1600", "tipo": "demo", "sector": "demo", "estado": "desconocido", "score": 0.5392, "demo": true, "porosidad_pct": 30.3, "espesor_arena_neta_ft": 215.9, "fuente": "Modelo DEMO sobre datos sinteticos. Distribuciones de la tabla 1 del USGS FS 2009-3028; etiqueta y reparto espacial inventados. NO es un dato observado.", "confianza": "baja", "ultima_verificacion": "2026-09-09"}}, {"type": "Feature", "geometry": {"type": "Polygon", "coordinates": [[[-66.86, 9.16], [-66.78, 9.16], [-66.78, 9.24], [-66.86, 9.24], [-66.86, 9.16]]]}, "properties": {"id": "DEMO--66.8600-9.1600", "tipo": "demo", "sector": "demo", "estado": "desconocido", "score": 0.0359, "demo": true, "porosidad_pct": 27.5, "espesor_arena_neta_ft": 138.8, "fuente": "Modelo DEMO sobre datos sinteticos. Distribuciones de la tabla 1 del USGS FS 2009-3028; etiqueta y reparto espacial inventados. NO es un dato observado.", "confianza": "baja", "ultima_verificacion": "2026-09-09"}}, {"type": "Feature", "geometry": {"type": "Polygon", "coordinates": [[[-66.78, 9.16], [-66.7, 9.16], [-66.7, 9.24], [-66.78, 9.24], [-66.78, 9.16]]]}, "properties": {"id": "DEMO--66.7800-9.1600", "tipo": "demo", "sector": "demo", "estado": "desconocido", "score": 0.3673, "demo": true, "porosidad_pct": 31.1, "espesor_arena_neta_ft": 173.2, "fuente": "Modelo DEMO sobre datos sinteticos. Distribuciones de la tabla 1 del USGS FS 2009-3028; etiqueta y reparto espacial inventados. NO es un dato observado.", "confianza": "baja", "ultima_verificacion": "2026-09-09"}}, {"type": "Feature", "geometry": {"type": "Polygon", "coordinates": [[[-66.7, 9.16], [-66.62, 9.16], [-66.62, 9.24], [-66.7, 9.24], [-66.7, 9.16]]]}, "properties": {"id": "DEMO--66.7000-9.1600", "tipo": "demo", "sector": "demo", "estado": "desconocido", "score": 0.0348, "demo": true, "porosidad_pct": 27.4, "espesor_arena_neta_ft": 105.4, "fuente": "Modelo DEMO sobre datos sinteticos. Distribuciones de la tabla 1 del USGS FS 2009-3028; etiqueta y reparto espacial inventados. NO es un dato observado.", "confianza": "baja", "ultima_verificacion": "2026-09-09"}}, {"type": "Feature", "geometry": {"type": "Polygon", "coordinates": [[[-66.62, 9.16], [-66.54, 9.16], [-66.54, 9.24], [-66.62, 9.24], [-66.62, 9.16]]]}, "properties": {"id": "DEMO--66.6200-9.1600", "tipo": "demo", "sector": "demo", "estado": "desconocido", "score": 0.5813, "demo": true, "porosidad_pct": 30.3, "espesor_arena_neta_ft": 100.5, "fuente": "Modelo DEMO sobre datos sinteticos. Distribuciones de la tabla 1 del USGS FS 2009-3028; etiqueta y reparto espacial inventados. NO es un dato observado.", "confianza": "baja", "ultima_verificacion": "2026-09-09"}}, {"type": "Feature", "geometry": {"type": "Polygon", "coordinates": [[[-66.54, 9.16], [-66.46000000000001, 9.16], [-66.46000000000001, 9.24], [-66.54, 9.24], [-66.54, 9.16]]]}, "properties": {"id": "DEMO--66.5400-9.1600", "tipo": "demo", "sector": "demo", "estado": "desconocido", "score": 0.332, "demo": true, "porosidad_pct": 28.5, "espesor_arena_neta_ft": 166.4, "fuente": "Modelo DEMO sobre datos sinteticos. Distribuciones de la tabla 1 del USGS FS 2009-3028; etiqueta y reparto espacial inventados. NO es un dato observado.", "confianza": "baja", "ultima_verificacion": "2026-09-09"}}, {"type": "Feature", "geometry": {"type": "Polygon", "coordinates": [[[-66.46, 9.16], [-66.38, 9.16], [-66.38, 9.24], [-66.46, 9.24], [-66.46, 9.16]]]}, "properties": {"id": "DEMO--66.4600-9.1600", "tipo": "demo", "sector": "demo", "estado": "desconocido", "score": 0.5387, "demo": true, "porosidad_pct": 34.7, "espesor_arena_neta_ft": 133.5, "fuente": "Modelo DEMO sobre datos sinteticos. Distribuciones de la tabla 1 del USGS FS 2009-3028; etiqueta y reparto espacial inventados. NO es un dato observado.", "confianza": "baja", "ultima_verificacion": "2026-09-09"}}, {"type": "Feature", "geometry": {"type": "Polygon", "coordinates": [[[-66.38, 9.16], [-66.3, 9.16], [-66.3, 9.24], [-66.38, 9.24], [-66.38, 9.16]]]}, "properties": {"id": "DEMO--66.3800-9.1600", "tipo": "demo", "sector": "demo", "estado": "desconocido", "score": 0.9164, "demo": true, "porosidad_pct": 31.6, "espesor_arena_neta_ft": 168.0, "fuente": "Modelo DEMO sobre datos sinteticos. Distribuciones de la tabla 1 del USGS FS 2009-3028; etiqueta y reparto espacial inventados. NO es un dato observado.", "confianza": "baja", "ultima_verificacion": "2026-09-09"}}, {"type": "Feature", "geometry": {"type": "Polygon", "coordinates": [[[-66.3, 9.16], [-66.22, 9.16], [-66.22, 9.24], [-66.3, 9.24], [-66.3, 9.16]]]}, "properties": {"id": "DEMO--66.3000-9.1600", "tipo": "demo", "sector": "demo", "estado": "desconocido", "score": 0.4357, "demo": true, "porosidad_pct": 29.2, "espesor_arena_neta_ft": 87.3, "fuente": "Modelo DEMO sobre datos sinteticos. Distribuciones de la tabla 1 del USGS FS 2009-3028; etiqueta y reparto espacial inventados. NO es un dato observado.", "confianza": "baja", "ultima_verificacion": "2026-09-09"}}, {"type": "Feature", "geometry": {"type": "Polygon", "coordinates": [[[-66.22, 9.16], [-66.14, 9.16], [-66.14, 9.24], [-66.22, 9.24], [-66.22, 9.16]]]}, "properties": {"id": "DEMO--66.2200-9.1600", "tipo": "demo", "sector": "demo", "estado": "desconocido", "score": 0.1553, "demo": true, "porosidad_pct": 29.1, "espesor_arena_neta_ft": 136.3, "fuente": "Modelo DEMO sobre datos sinteticos. Distribuciones de la tabla 1 del USGS FS 2009-3028; etiqueta y reparto espacial inventados. NO es un dato observado.", "confianza": "baja", "ultima_verificacion": "2026-09-09"}}, {"type": "Feature", "geometry": {"type": "Polygon", "coordinates": [[[-66.14, 9.16], [-66.06, 9.16], [-66.06, 9.24], [-66.14, 9.24], [-66.14, 9.16]]]}, "properties": {"id": "DEMO--66.1400-9.1600", "tipo": "demo", "sector": "demo", "estado": "desconocido", "score": 0.4494, "demo": true, "porosidad_pct": 31.6, "espesor_arena_neta_ft": 148.5, "fuente": "Modelo DEMO sobre datos sinteticos. Distribuciones de la tabla 1 del USGS FS 2009-3028; etiqueta y reparto espacial inventados. NO es un dato observado.", "confianza": "baja", "ultima_verificacion": "2026-09-09"}}, {"type": "Feature", "geometry": {"type": "Polygon", "coordinates": [[[-66.06, 9.16], [-65.98, 9.16], [-65.98, 9.24], [-66.06, 9.24], [-66.06, 9.16]]]}, "properties": {"id": "DEMO--66.0600-9.1600", "tipo": "demo", "sector": "demo", "estado": "desconocido", "score": 0.2375, "demo": true, "porosidad_pct": 30.7, "espesor_arena_neta_ft": 114.5, "fuente": "Modelo DEMO sobre datos sinteticos. Distribuciones de la tabla 1 del USGS FS 2009-3028; etiqueta y reparto espacial inventados. NO es un dato observado.", "confianza": "baja", "ultima_verificacion": "2026-09-09"}}, {"type": "Feature", "geometry": {"type": "Polygon", "coordinates": [[[-65.98, 9.16], [-65.9, 9.16], [-65.9, 9.24], [-65.98, 9.24], [-65.98, 9.16]]]}, "properties": {"id": "DEMO--65.9800-9.1600", "tipo": "demo", "sector": "demo", "estado": "desconocido", "score": 0.0773, "demo": true, "porosidad_pct": 27.2, "espesor_arena_neta_ft": 168.6, "fuente": "Modelo DEMO sobre datos sinteticos. Distribuciones de la tabla 1 del USGS FS 2009-3028; etiqueta y reparto espacial inventados. NO es un dato observado.", "confianza": "baja", "ultima_verificacion": "2026-09-09"}}, {"type": "Feature", "geometry": {"type": "Polygon", "coordinates": [[[-65.9, 9.16], [-65.82000000000001, 9.16], [-65.82000000000001, 9.24], [-65.9, 9.24], [-65.9, 9.16]]]}, "properties": {"id": "DEMO--65.9000-9.1600", "tipo": "demo", "sector": "demo", "estado": "desconocido", "score": 0.089, "demo": true, "porosidad_pct": 27.8, "espesor_arena_neta_ft": 80.3, "fuente": "Modelo DEMO sobre datos sinteticos. Distribuciones de la tabla 1 del USGS FS 2009-3028; etiqueta y reparto espacial inventados. NO es un dato observado.", "confianza": "baja", "ultima_verificacion": "2026-09-09"}}, {"type": "Feature", "geometry": {"type": "Polygon", "coordinates": [[[-65.82, 9.16], [-65.74, 9.16], [-65.74, 9.24], [-65.82, 9.24], [-65.82, 9.16]]]}, "properties": {"id": "DEMO--65.8200-9.1600", "tipo": "demo", "sector": "demo", "estado": "desconocido", "score": 0.1572, "demo": true, "porosidad_pct": 27.7, "espesor_arena_neta_ft": 109.8, "fuente": "Modelo DEMO sobre datos sinteticos. Distribuciones de la tabla 1 del USGS FS 2009-3028; etiqueta y reparto espacial inventados. NO es un dato observado.", "confianza": "baja", "ultima_verificacion": "2026-09-09"}}, {"type": "Feature", "geometry": {"type": "Polygon", "coordinates": [[[-65.74, 9.16], [-65.66, 9.16], [-65.66, 9.24], [-65.74, 9.24], [-65.74, 9.16]]]}, "properties": {"id": "DEMO--65.7400-9.1600", "tipo": "demo", "sector": "demo", "estado": "desconocido", "score": 0.2359, "demo": true, "porosidad_pct": 30.3, "espesor_arena_neta_ft": 89.8, "fuente": "Modelo DEMO sobre datos sinteticos. Distribuciones de la tabla 1 del USGS FS 2009-3028; etiqueta y reparto espacial inventados. NO es un dato observado.", "confianza": "baja", "ultima_verificacion": "2026-09-09"}}, {"type": "Feature", "geometry": {"type": "Polygon", "coordinates": [[[-65.66, 9.16], [-65.58, 9.16], [-65.58, 9.24], [-65.66, 9.24], [-65.66, 9.16]]]}, "properties": {"id": "DEMO--65.6600-9.1600", "tipo": "demo", "sector": "demo", "estado": "desconocido", "score": 0.7215, "demo": true, "porosidad_pct": 29.6, "espesor_arena_neta_ft": 224.5, "fuente": "Modelo DEMO sobre datos sinteticos. Distribuciones de la tabla 1 del USGS FS 2009-3028; etiqueta y reparto espacial inventados. NO es un dato observado.", "confianza": "baja", "ultima_verificacion": "2026-09-09"}}, {"type": "Feature", "geometry": {"type": "Polygon", "coordinates": [[[-65.58, 9.16], [-65.5, 9.16], [-65.5, 9.24], [-65.58, 9.24], [-65.58, 9.16]]]}, "properties": {"id": "DEMO--65.5800-9.1600", "tipo": "demo", "sector": "demo", "estado": "desconocido", "score": 0.7314, "demo": true, "porosidad_pct": 34.1, "espesor_arena_neta_ft": 270.2, "fuente": "Modelo DEMO sobre datos sinteticos. Distribuciones de la tabla 1 del USGS FS 2009-3028; etiqueta y reparto espacial inventados. NO es un dato observado.", "confianza": "baja", "ultima_verificacion": "2026-09-09"}}, {"type": "Feature", "geometry": {"type": "Polygon", "coordinates": [[[-65.5, 9.16], [-65.42, 9.16], [-65.42, 9.24], [-65.5, 9.24], [-65.5, 9.16]]]}, "properties": {"id": "DEMO--65.5000-9.1600", "tipo": "demo", "sector": "demo", "estado": "desconocido", "score": 0.8467, "demo": true, "porosidad_pct": 33.7, "espesor_arena_neta_ft": 237.5, "fuente": "Modelo DEMO sobre datos sinteticos. Distribuciones de la tabla 1 del USGS FS 2009-3028; etiqueta y reparto espacial inventados. NO es un dato observado.", "confianza": "baja", "ultima_verificacion": "2026-09-09"}}, {"type": "Feature", "geometry": {"type": "Polygon", "coordinates": [[[-65.42, 9.16], [-65.34, 9.16], [-65.34, 9.24], [-65.42, 9.24], [-65.42, 9.16]]]}, "properties": {"id": "DEMO--65.4200-9.1600", "tipo": "demo", "sector": "demo", "estado": "desconocido", "score": 0.2175, "demo": true, "porosidad_pct": 27.5, "espesor_arena_neta_ft": 226.5, "fuente": "Modelo DEMO sobre datos sinteticos. Distribuciones de la tabla 1 del USGS FS 2009-3028; etiqueta y reparto espacial inventados. NO es un dato observado.", "confianza": "baja", "ultima_verificacion": "2026-09-09"}}, {"type": "Feature", "geometry": {"type": "Polygon", "coordinates": [[[-65.34, 9.16], [-65.26, 9.16], [-65.26, 9.24], [-65.34, 9.24], [-65.34, 9.16]]]}, "properties": {"id": "DEMO--65.3400-9.1600", "tipo": "demo", "sector": "demo", "estado": "desconocido", "score": 0.2533, "demo": true, "porosidad_pct": 26.8, "espesor_arena_neta_ft": 200.3, "fuente": "Modelo DEMO sobre datos sinteticos. Distribuciones de la tabla 1 del USGS FS 2009-3028; etiqueta y reparto espacial inventados. NO es un dato observado.", "confianza": "baja", "ultima_verificacion": "2026-09-09"}}, {"type": "Feature", "geometry": {"type": "Polygon", "coordinates": [[[-65.26, 9.16], [-65.18, 9.16], [-65.18, 9.24], [-65.26, 9.24], [-65.26, 9.16]]]}, "properties": {"id": "DEMO--65.2600-9.1600", "tipo": "demo", "sector": "demo", "estado": "desconocido", "score": 0.404, "demo": true, "porosidad_pct": 29.5, "espesor_arena_neta_ft": 233.4, "fuente": "Modelo DEMO sobre datos sinteticos. Distribuciones de la tabla 1 del USGS FS 2009-3028; etiqueta y reparto espacial inventados. NO es un dato observado.", "confianza": "baja", "ultima_verificacion": "2026-09-09"}}, {"type": "Feature", "geometry": {"type": "Polygon", "coordinates": [[[-65.18, 9.16], [-65.10000000000001, 9.16], [-65.10000000000001, 9.24], [-65.18, 9.24], [-65.18, 9.16]]]}, "properties": {"id": "DEMO--65.1800-9.1600", "tipo": "demo", "sector": "demo", "estado": "desconocido", "score": 0.2395, "demo": true, "porosidad_pct": 28.2, "espesor_arena_neta_ft": 236.4, "fuente": "Modelo DEMO sobre datos sinteticos. Distribuciones de la tabla 1 del USGS FS 2009-3028; etiqueta y reparto espacial inventados. NO es un dato observado.", "confianza": "baja", "ultima_verificacion": "2026-09-09"}}, {"type": "Feature", "geometry": {"type": "Polygon", "coordinates": [[[-65.1, 9.16], [-65.02, 9.16], [-65.02, 9.24], [-65.1, 9.24], [-65.1, 9.16]]]}, "properties": {"id": "DEMO--65.1000-9.1600", "tipo": "demo", "sector": "demo", "estado": "desconocido", "score": 0.1919, "demo": true, "porosidad_pct": 26.3, "espesor_arena_neta_ft": 195.9, "fuente": "Modelo DEMO sobre datos sinteticos. Distribuciones de la tabla 1 del USGS FS 2009-3028; etiqueta y reparto espacial inventados. NO es un dato observado.", "confianza": "baja", "ultima_verificacion": "2026-09-09"}}, {"type": "Feature", "geometry": {"type": "Polygon", "coordinates": [[[-65.02, 9.16], [-64.94, 9.16], [-64.94, 9.24], [-65.02, 9.24], [-65.02, 9.16]]]}, "properties": {"id": "DEMO--65.0200-9.1600", "tipo": "demo", "sector": "demo", "estado": "desconocido", "score": 0.488, "demo": true, "porosidad_pct": 29.7, "espesor_arena_neta_ft": 205.3, "fuente": "Modelo DEMO sobre datos sinteticos. Distribuciones de la tabla 1 del USGS FS 2009-3028; etiqueta y reparto espacial inventados. NO es un dato observado.", "confianza": "baja", "ultima_verificacion": "2026-09-09"}}, {"type": "Feature", "geometry": {"type": "Polygon", "coordinates": [[[-64.94, 9.16], [-64.86, 9.16], [-64.86, 9.24], [-64.94, 9.24], [-64.94, 9.16]]]}, "properties": {"id": "DEMO--64.9400-9.1600", "tipo": "demo", "sector": "demo", "estado": "desconocido", "score": 0.4412, "demo": true, "porosidad_pct": 29.7, "espesor_arena_neta_ft": 166.7, "fuente": "Modelo DEMO sobre datos sinteticos. Distribuciones de la tabla 1 del USGS FS 2009-3028; etiqueta y reparto espacial inventados. NO es un dato observado.", "confianza": "baja", "ultima_verificacion": "2026-09-09"}}, {"type": "Feature", "geometry": {"type": "Polygon", "coordinates": [[[-64.86, 9.16], [-64.78, 9.16], [-64.78, 9.24], [-64.86, 9.24], [-64.86, 9.16]]]}, "properties": {"id": "DEMO--64.8600-9.1600", "tipo": "demo", "sector": "demo", "estado": "desconocido", "score": 0.244, "demo": true, "porosidad_pct": 24.1, "espesor_arena_neta_ft": 229.5, "fuente": "Modelo DEMO sobre datos sinteticos. Distribuciones de la tabla 1 del USGS FS 2009-3028; etiqueta y reparto espacial inventados. NO es un dato observado.", "confianza": "baja", "ultima_verificacion": "2026-09-09"}}, {"type": "Feature", "geometry": {"type": "Polygon", "coordinates": [[[-64.78, 9.16], [-64.7, 9.16], [-64.7, 9.24], [-64.78, 9.24], [-64.78, 9.16]]]}, "properties": {"id": "DEMO--64.7800-9.1600", "tipo": "demo", "sector": "demo", "estado": "desconocido", "score": 0.1326, "demo": true, "porosidad_pct": 28.5, "espesor_arena_neta_ft": 141.4, "fuente": "Modelo DEMO sobre datos sinteticos. Distribuciones de la tabla 1 del USGS FS 2009-3028; etiqueta y reparto espacial inventados. NO es un dato observado.", "confianza": "baja", "ultima_verificacion": "2026-09-09"}}, {"type": "Feature", "geometry": {"type": "Polygon", "coordinates": [[[-64.7, 9.16], [-64.62, 9.16], [-64.62, 9.24], [-64.7, 9.24], [-64.7, 9.16]]]}, "properties": {"id": "DEMO--64.7000-9.1600", "tipo": "demo", "sector": "demo", "estado": "desconocido", "score": 0.3833, "demo": true, "porosidad_pct": 30.6, "espesor_arena_neta_ft": 175.7, "fuente": "Modelo DEMO sobre datos sinteticos. Distribuciones de la tabla 1 del USGS FS 2009-3028; etiqueta y reparto espacial inventados. NO es un dato observado.", "confianza": "baja", "ultima_verificacion": "2026-09-09"}}, {"type": "Feature", "geometry": {"type": "Polygon", "coordinates": [[[-64.62, 9.16], [-64.54, 9.16], [-64.54, 9.24], [-64.62, 9.24], [-64.62, 9.16]]]}, "properties": {"id": "DEMO--64.6200-9.1600", "tipo": "demo", "sector": "demo", "estado": "desconocido", "score": 0.3057, "demo": true, "porosidad_pct": 27.2, "espesor_arena_neta_ft": 240.9, "fuente": "Modelo DEMO sobre datos sinteticos. Distribuciones de la tabla 1 del USGS FS 2009-3028; etiqueta y reparto espacial inventados. NO es un dato observado.", "confianza": "baja", "ultima_verificacion": "2026-09-09"}}, {"type": "Feature", "geometry": {"type": "Polygon", "coordinates": [[[-64.54, 9.16], [-64.46000000000001, 9.16], [-64.46000000000001, 9.24], [-64.54, 9.24], [-64.54, 9.16]]]}, "properties": {"id": "DEMO--64.5400-9.1600", "tipo": "demo", "sector": "demo", "estado": "desconocido", "score": 0.2751, "demo": true, "porosidad_pct": 22.9, "espesor_arena_neta_ft": 224.0, "fuente": "Modelo DEMO sobre datos sinteticos. Distribuciones de la tabla 1 del USGS FS 2009-3028; etiqueta y reparto espacial inventados. NO es un dato observado.", "confianza": "baja", "ultima_verificacion": "2026-09-09"}}, {"type": "Feature", "geometry": {"type": "Polygon", "coordinates": [[[-64.46, 9.16], [-64.38, 9.16], [-64.38, 9.24], [-64.46, 9.24], [-64.46, 9.16]]]}, "properties": {"id": "DEMO--64.4600-9.1600", "tipo": "demo", "sector": "demo", "estado": "desconocido", "score": 0.0541, "demo": true, "porosidad_pct": 24.1, "espesor_arena_neta_ft": 198.4, "fuente": "Modelo DEMO sobre datos sinteticos. Distribuciones de la tabla 1 del USGS FS 2009-3028; etiqueta y reparto espacial inventados. NO es un dato observado.", "confianza": "baja", "ultima_verificacion": "2026-09-09"}}, {"type": "Feature", "geometry": {"type": "Polygon", "coordinates": [[[-64.38, 9.16], [-64.3, 9.16], [-64.3, 9.24], [-64.38, 9.24], [-64.38, 9.16]]]}, "properties": {"id": "DEMO--64.3800-9.1600", "tipo": "demo", "sector": "demo", "estado": "desconocido", "score": 0.5084, "demo": true, "porosidad_pct": 27.8, "espesor_arena_neta_ft": 256.5, "fuente": "Modelo DEMO sobre datos sinteticos. Distribuciones de la tabla 1 del USGS FS 2009-3028; etiqueta y reparto espacial inventados. NO es un dato observado.", "confianza": "baja", "ultima_verificacion": "2026-09-09"}}, {"type": "Feature", "geometry": {"type": "Polygon", "coordinates": [[[-64.3, 9.16], [-64.22, 9.16], [-64.22, 9.24], [-64.3, 9.24], [-64.3, 9.16]]]}, "properties": {"id": "DEMO--64.3000-9.1600", "tipo": "demo", "sector": "demo", "estado": "desconocido", "score": 0.1032, "demo": true, "porosidad_pct": 23.4, "espesor_arena_neta_ft": 212.4, "fuente": "Modelo DEMO sobre datos sinteticos. Distribuciones de la tabla 1 del USGS FS 2009-3028; etiqueta y reparto espacial inventados. NO es un dato observado.", "confianza": "baja", "ultima_verificacion": "2026-09-09"}}, {"type": "Feature", "geometry": {"type": "Polygon", "coordinates": [[[-64.22, 9.16], [-64.14, 9.16], [-64.14, 9.24], [-64.22, 9.24], [-64.22, 9.16]]]}, "properties": {"id": "DEMO--64.2200-9.1600", "tipo": "demo", "sector": "demo", "estado": "desconocido", "score": 0.1703, "demo": true, "porosidad_pct": 25.1, "espesor_arena_neta_ft": 209.5, "fuente": "Modelo DEMO sobre datos sinteticos. Distribuciones de la tabla 1 del USGS FS 2009-3028; etiqueta y reparto espacial inventados. NO es un dato observado.", "confianza": "baja", "ultima_verificacion": "2026-09-09"}}, {"type": "Feature", "geometry": {"type": "Polygon", "coordinates": [[[-64.14, 9.16], [-64.06, 9.16], [-64.06, 9.24], [-64.14, 9.24], [-64.14, 9.16]]]}, "properties": {"id": "DEMO--64.1400-9.1600", "tipo": "demo", "sector": "demo", "estado": "desconocido", "score": 0.0831, "demo": true, "porosidad_pct": 26.5, "espesor_arena_neta_ft": 235.9, "fuente": "Modelo DEMO sobre datos sinteticos. Distribuciones de la tabla 1 del USGS FS 2009-3028; etiqueta y reparto espacial inventados. NO es un dato observado.", "confianza": "baja", "ultima_verificacion": "2026-09-09"}}, {"type": "Feature", "geometry": {"type": "Polygon", "coordinates": [[[-64.06, 9.16], [-63.980000000000004, 9.16], [-63.980000000000004, 9.24], [-64.06, 9.24], [-64.06, 9.16]]]}, "properties": {"id": "DEMO--64.0600-9.1600", "tipo": "demo", "sector": "demo", "estado": "desconocido", "score": 0.6308, "demo": true, "porosidad_pct": 31.4, "espesor_arena_neta_ft": 126.7, "fuente": "Modelo DEMO sobre datos sinteticos. Distribuciones de la tabla 1 del USGS FS 2009-3028; etiqueta y reparto espacial inventados. NO es un dato observado.", "confianza": "baja", "ultima_verificacion": "2026-09-09"}}, {"type": "Feature", "geometry": {"type": "Polygon", "coordinates": [[[-63.98, 9.16], [-63.9, 9.16], [-63.9, 9.24], [-63.98, 9.24], [-63.98, 9.16]]]}, "properties": {"id": "DEMO--63.9800-9.1600", "tipo": "demo", "sector": "demo", "estado": "desconocido", "score": 0.3511, "demo": true, "porosidad_pct": 30.5, "espesor_arena_neta_ft": 182.7, "fuente": "Modelo DEMO sobre datos sinteticos. Distribuciones de la tabla 1 del USGS FS 2009-3028; etiqueta y reparto espacial inventados. NO es un dato observado.", "confianza": "baja", "ultima_verificacion": "2026-09-09"}}, {"type": "Feature", "geometry": {"type": "Polygon", "coordinates": [[[-63.9, 9.16], [-63.82, 9.16], [-63.82, 9.24], [-63.9, 9.24], [-63.9, 9.16]]]}, "properties": {"id": "DEMO--63.9000-9.1600", "tipo": "demo", "sector": "demo", "estado": "desconocido", "score": 0.3002, "demo": true, "porosidad_pct": 26.9, "espesor_arena_neta_ft": 212.3, "fuente": "Modelo DEMO sobre datos sinteticos. Distribuciones de la tabla 1 del USGS FS 2009-3028; etiqueta y reparto espacial inventados. NO es un dato observado.", "confianza": "baja", "ultima_verificacion": "2026-09-09"}}, {"type": "Feature", "geometry": {"type": "Polygon", "coordinates": [[[-63.82, 9.16], [-63.74, 9.16], [-63.74, 9.24], [-63.82, 9.24], [-63.82, 9.16]]]}, "properties": {"id": "DEMO--63.8200-9.1600", "tipo": "demo", "sector": "demo", "estado": "desconocido", "score": 0.0568, "demo": true, "porosidad_pct": 25.2, "espesor_arena_neta_ft": 217.8, "fuente": "Modelo DEMO sobre datos sinteticos. Distribuciones de la tabla 1 del USGS FS 2009-3028; etiqueta y reparto espacial inventados. NO es un dato observado.", "confianza": "baja", "ultima_verificacion": "2026-09-09"}}, {"type": "Feature", "geometry": {"type": "Polygon", "coordinates": [[[-63.74, 9.16], [-63.660000000000004, 9.16], [-63.660000000000004, 9.24], [-63.74, 9.24], [-63.74, 9.16]]]}, "properties": {"id": "DEMO--63.7400-9.1600", "tipo": "demo", "sector": "demo", "estado": "desconocido", "score": 0.0677, "demo": true, "porosidad_pct": 25.1, "espesor_arena_neta_ft": 163.7, "fuente": "Modelo DEMO sobre datos sinteticos. Distribuciones de la tabla 1 del USGS FS 2009-3028; etiqueta y reparto espacial inventados. NO es un dato observado.", "confianza": "baja", "ultima_verificacion": "2026-09-09"}}, {"type": "Feature", "geometry": {"type": "Polygon", "coordinates": [[[-63.66, 9.16], [-63.58, 9.16], [-63.58, 9.24], [-63.66, 9.24], [-63.66, 9.16]]]}, "properties": {"id": "DEMO--63.6600-9.1600", "tipo": "demo", "sector": "demo", "estado": "desconocido", "score": 0.4522, "demo": true, "porosidad_pct": 32.2, "espesor_arena_neta_ft": 153.3, "fuente": "Modelo DEMO sobre datos sinteticos. Distribuciones de la tabla 1 del USGS FS 2009-3028; etiqueta y reparto espacial inventados. NO es un dato observado.", "confianza": "baja", "ultima_verificacion": "2026-09-09"}}, {"type": "Feature", "geometry": {"type": "Polygon", "coordinates": [[[-63.58, 9.16], [-63.5, 9.16], [-63.5, 9.24], [-63.58, 9.24], [-63.58, 9.16]]]}, "properties": {"id": "DEMO--63.5800-9.1600", "tipo": "demo", "sector": "demo", "estado": "desconocido", "score": 0.3668, "demo": true, "porosidad_pct": 27.4, "espesor_arena_neta_ft": 216.5, "fuente": "Modelo DEMO sobre datos sinteticos. Distribuciones de la tabla 1 del USGS FS 2009-3028; etiqueta y reparto espacial inventados. NO es un dato observado.", "confianza": "baja", "ultima_verificacion": "2026-09-09"}}, {"type": "Feature", "geometry": {"type": "Polygon", "coordinates": [[[-63.5, 9.16], [-63.42, 9.16], [-63.42, 9.24], [-63.5, 9.24], [-63.5, 9.16]]]}, "properties": {"id": "DEMO--63.5000-9.1600", "tipo": "demo", "sector": "demo", "estado": "desconocido", "score": 0.472, "demo": true, "porosidad_pct": 27.4, "espesor_arena_neta_ft": 153.4, "fuente": "Modelo DEMO sobre datos sinteticos. Distribuciones de la tabla 1 del USGS FS 2009-3028; etiqueta y reparto espacial inventados. NO es un dato observado.", "confianza": "baja", "ultima_verificacion": "2026-09-09"}}, {"type": "Feature", "geometry": {"type": "Polygon", "coordinates": [[[-63.42, 9.16], [-63.34, 9.16], [-63.34, 9.24], [-63.42, 9.24], [-63.42, 9.16]]]}, "properties": {"id": "DEMO--63.4200-9.1600", "tipo": "demo", "sector": "demo", "estado": "desconocido", "score": 0.4458, "demo": true, "porosidad_pct": 29.0, "espesor_arena_neta_ft": 127.2, "fuente": "Modelo DEMO sobre datos sinteticos. Distribuciones de la tabla 1 del USGS FS 2009-3028; etiqueta y reparto espacial inventados. NO es un dato observado.", "confianza": "baja", "ultima_verificacion": "2026-09-09"}}, {"type": "Feature", "geometry": {"type": "Polygon", "coordinates": [[[-63.34, 9.16], [-63.260000000000005, 9.16], [-63.260000000000005, 9.24], [-63.34, 9.24], [-63.34, 9.16]]]}, "properties": {"id": "DEMO--63.3400-9.1600", "tipo": "demo", "sector": "demo", "estado": "desconocido", "score": 0.5439, "demo": true, "porosidad_pct": 30.4, "espesor_arena_neta_ft": 155.7, "fuente": "Modelo DEMO sobre datos sinteticos. Distribuciones de la tabla 1 del USGS FS 2009-3028; etiqueta y reparto espacial inventados. NO es un dato observado.", "confianza": "baja", "ultima_verificacion": "2026-09-09"}}, {"type": "Feature", "geometry": {"type": "Polygon", "coordinates": [[[-63.26, 9.16], [-63.18, 9.16], [-63.18, 9.24], [-63.26, 9.24], [-63.26, 9.16]]]}, "properties": {"id": "DEMO--63.2600-9.1600", "tipo": "demo", "sector": "demo", "estado": "desconocido", "score": 0.4955, "demo": true, "porosidad_pct": 26.7, "espesor_arena_neta_ft": 188.0, "fuente": "Modelo DEMO sobre datos sinteticos. Distribuciones de la tabla 1 del USGS FS 2009-3028; etiqueta y reparto espacial inventados. NO es un dato observado.", "confianza": "baja", "ultima_verificacion": "2026-09-09"}}, {"type": "Feature", "geometry": {"type": "Polygon", "coordinates": [[[-63.18, 9.16], [-63.1, 9.16], [-63.1, 9.24], [-63.18, 9.24], [-63.18, 9.16]]]}, "properties": {"id": "DEMO--63.1800-9.1600", "tipo": "demo", "sector": "demo", "estado": "desconocido", "score": 0.4705, "demo": true, "porosidad_pct": 30.9, "espesor_arena_neta_ft": 114.7, "fuente": "Modelo DEMO sobre datos sinteticos. Distribuciones de la tabla 1 del USGS FS 2009-3028; etiqueta y reparto espacial inventados. NO es un dato observado.", "confianza": "baja", "ultima_verificacion": "2026-09-09"}}, {"type": "Feature", "geometry": {"type": "Polygon", "coordinates": [[[-63.1, 9.16], [-63.02, 9.16], [-63.02, 9.24], [-63.1, 9.24], [-63.1, 9.16]]]}, "properties": {"id": "DEMO--63.1000-9.1600", "tipo": "demo", "sector": "demo", "estado": "desconocido", "score": 0.1248, "demo": true, "porosidad_pct": 26.6, "espesor_arena_neta_ft": 232.7, "fuente": "Modelo DEMO sobre datos sinteticos. Distribuciones de la tabla 1 del USGS FS 2009-3028; etiqueta y reparto espacial inventados. NO es un dato observado.", "confianza": "baja", "ultima_verificacion": "2026-09-09"}}, {"type": "Feature", "geometry": {"type": "Polygon", "coordinates": [[[-63.02, 9.16], [-62.940000000000005, 9.16], [-62.940000000000005, 9.24], [-63.02, 9.24], [-63.02, 9.16]]]}, "properties": {"id": "DEMO--63.0200-9.1600", "tipo": "demo", "sector": "demo", "estado": "desconocido", "score": 0.4268, "demo": true, "porosidad_pct": 31.0, "espesor_arena_neta_ft": 170.4, "fuente": "Modelo DEMO sobre datos sinteticos. Distribuciones de la tabla 1 del USGS FS 2009-3028; etiqueta y reparto espacial inventados. NO es un dato observado.", "confianza": "baja", "ultima_verificacion": "2026-09-09"}}, {"type": "Feature", "geometry": {"type": "Polygon", "coordinates": [[[-62.94, 9.16], [-62.86, 9.16], [-62.86, 9.24], [-62.94, 9.24], [-62.94, 9.16]]]}, "properties": {"id": "DEMO--62.9400-9.1600", "tipo": "demo", "sector": "demo", "estado": "desconocido", "score": 0.0406, "demo": true, "porosidad_pct": 27.3, "espesor_arena_neta_ft": 105.2, "fuente": "Modelo DEMO sobre datos sinteticos. Distribuciones de la tabla 1 del USGS FS 2009-3028; etiqueta y reparto espacial inventados. NO es un dato observado.", "confianza": "baja", "ultima_verificacion": "2026-09-09"}}, {"type": "Feature", "geometry": {"type": "Polygon", "coordinates": [[[-62.86, 9.16], [-62.78, 9.16], [-62.78, 9.24], [-62.86, 9.24], [-62.86, 9.16]]]}, "properties": {"id": "DEMO--62.8600-9.1600", "tipo": "demo", "sector": "demo", "estado": "desconocido", "score": 0.1697, "demo": true, "porosidad_pct": 29.8, "espesor_arena_neta_ft": 134.7, "fuente": "Modelo DEMO sobre datos sinteticos. Distribuciones de la tabla 1 del USGS FS 2009-3028; etiqueta y reparto espacial inventados. NO es un dato observado.", "confianza": "baja", "ultima_verificacion": "2026-09-09"}}, {"type": "Feature", "geometry": {"type": "Polygon", "coordinates": [[[-62.78, 9.16], [-62.7, 9.16], [-62.7, 9.24], [-62.78, 9.24], [-62.78, 9.16]]]}, "properties": {"id": "DEMO--62.7800-9.1600", "tipo": "demo", "sector": "demo", "estado": "desconocido", "score": 0.138, "demo": true, "porosidad_pct": 27.9, "espesor_arena_neta_ft": 147.0, "fuente": "Modelo DEMO sobre datos sinteticos. Distribuciones de la tabla 1 del USGS FS 2009-3028; etiqueta y reparto espacial inventados. NO es un dato observado.", "confianza": "baja", "ultima_verificacion": "2026-09-09"}}, {"type": "Feature", "geometry": {"type": "Polygon", "coordinates": [[[-62.7, 9.16], [-62.620000000000005, 9.16], [-62.620000000000005, 9.24], [-62.7, 9.24], [-62.7, 9.16]]]}, "properties": {"id": "DEMO--62.7000-9.1600", "tipo": "demo", "sector": "demo", "estado": "desconocido", "score": 0.1594, "demo": true, "porosidad_pct": 28.5, "espesor_arena_neta_ft": 82.2, "fuente": "Modelo DEMO sobre datos sinteticos. Distribuciones de la tabla 1 del USGS FS 2009-3028; etiqueta y reparto espacial inventados. NO es un dato observado.", "confianza": "baja", "ultima_verificacion": "2026-09-09"}}, {"type": "Feature", "geometry": {"type": "Polygon", "coordinates": [[[-62.62, 9.16], [-62.54, 9.16], [-62.54, 9.24], [-62.62, 9.24], [-62.62, 9.16]]]}, "properties": {"id": "DEMO--62.6200-9.1600", "tipo": "demo", "sector": "demo", "estado": "desconocido", "score": 0.6853, "demo": true, "porosidad_pct": 30.7, "espesor_arena_neta_ft": 146.5, "fuente": "Modelo DEMO sobre datos sinteticos. Distribuciones de la tabla 1 del USGS FS 2009-3028; etiqueta y reparto espacial inventados. NO es un dato observado.", "confianza": "baja", "ultima_verificacion": "2026-09-09"}}, {"type": "Feature", "geometry": {"type": "Polygon", "coordinates": [[[-62.54, 9.16], [-62.46, 9.16], [-62.46, 9.24], [-62.54, 9.24], [-62.54, 9.16]]]}, "properties": {"id": "DEMO--62.5400-9.1600", "tipo": "demo", "sector": "demo", "estado": "desconocido", "score": 0.1961, "demo": true, "porosidad_pct": 29.4, "espesor_arena_neta_ft": 148.1, "fuente": "Modelo DEMO sobre datos sinteticos. Distribuciones de la tabla 1 del USGS FS 2009-3028; etiqueta y reparto espacial inventados. NO es un dato observado.", "confianza": "baja", "ultima_verificacion": "2026-09-09"}}, {"type": "Feature", "geometry": {"type": "Polygon", "coordinates": [[[-62.46, 9.16], [-62.38, 9.16], [-62.38, 9.24], [-62.46, 9.24], [-62.46, 9.16]]]}, "properties": {"id": "DEMO--62.4600-9.1600", "tipo": "demo", "sector": "demo", "estado": "desconocido", "score": 0.516, "demo": true, "porosidad_pct": 27.4, "espesor_arena_neta_ft": 178.1, "fuente": "Modelo DEMO sobre datos sinteticos. Distribuciones de la tabla 1 del USGS FS 2009-3028; etiqueta y reparto espacial inventados. NO es un dato observado.", "confianza": "baja", "ultima_verificacion": "2026-09-09"}}, {"type": "Feature", "geometry": {"type": "Polygon", "coordinates": [[[-62.38, 9.16], [-62.300000000000004, 9.16], [-62.300000000000004, 9.24], [-62.38, 9.24], [-62.38, 9.16]]]}, "properties": {"id": "DEMO--62.3800-9.1600", "tipo": "demo", "sector": "demo", "estado": "desconocido", "score": 0.5745, "demo": true, "porosidad_pct": 28.4, "espesor_arena_neta_ft": 129.6, "fuente": "Modelo DEMO sobre datos sinteticos. Distribuciones de la tabla 1 del USGS FS 2009-3028; etiqueta y reparto espacial inventados. NO es un dato observado.", "confianza": "baja", "ultima_verificacion": "2026-09-09"}}, {"type": "Feature", "geometry": {"type": "Polygon", "coordinates": [[[-62.3, 9.16], [-62.22, 9.16], [-62.22, 9.24], [-62.3, 9.24], [-62.3, 9.16]]]}, "properties": {"id": "DEMO--62.3000-9.1600", "tipo": "demo", "sector": "demo", "estado": "desconocido", "score": 0.5988, "demo": true, "porosidad_pct": 30.2, "espesor_arena_neta_ft": 200.8, "fuente": "Modelo DEMO sobre datos sinteticos. Distribuciones de la tabla 1 del USGS FS 2009-3028; etiqueta y reparto espacial inventados. NO es un dato observado.", "confianza": "baja", "ultima_verificacion": "2026-09-09"}}, {"type": "Feature", "geometry": {"type": "Polygon", "coordinates": [[[-62.22, 9.16], [-62.14, 9.16], [-62.14, 9.24], [-62.22, 9.24], [-62.22, 9.16]]]}, "properties": {"id": "DEMO--62.2200-9.1600", "tipo": "demo", "sector": "demo", "estado": "desconocido", "score": 0.6991, "demo": true, "porosidad_pct": 29.3, "espesor_arena_neta_ft": 181.7, "fuente": "Modelo DEMO sobre datos sinteticos. Distribuciones de la tabla 1 del USGS FS 2009-3028; etiqueta y reparto espacial inventados. NO es un dato observado.", "confianza": "baja", "ultima_verificacion": "2026-09-09"}}, {"type": "Feature", "geometry": {"type": "Polygon", "coordinates": [[[-62.14, 9.16], [-62.06, 9.16], [-62.06, 9.24], [-62.14, 9.24], [-62.14, 9.16]]]}, "properties": {"id": "DEMO--62.1400-9.1600", "tipo": "demo", "sector": "demo", "estado": "desconocido", "score": 0.7506, "demo": true, "porosidad_pct": 34.0, "espesor_arena_neta_ft": 164.1, "fuente": "Modelo DEMO sobre datos sinteticos. Distribuciones de la tabla 1 del USGS FS 2009-3028; etiqueta y reparto espacial inventados. NO es un dato observado.", "confianza": "baja", "ultima_verificacion": "2026-09-09"}}, {"type": "Feature", "geometry": {"type": "Polygon", "coordinates": [[[-67.34, 9.24], [-67.26, 9.24], [-67.26, 9.32], [-67.34, 9.32], [-67.34, 9.24]]]}, "properties": {"id": "DEMO--67.3400-9.2400", "tipo": "demo", "sector": "demo", "estado": "desconocido", "score": 0.0666, "demo": true, "porosidad_pct": 25.2, "espesor_arena_neta_ft": 206.9, "fuente": "Modelo DEMO sobre datos sinteticos. Distribuciones de la tabla 1 del USGS FS 2009-3028; etiqueta y reparto espacial inventados. NO es un dato observado.", "confianza": "baja", "ultima_verificacion": "2026-09-09"}}, {"type": "Feature", "geometry": {"type": "Polygon", "coordinates": [[[-67.26, 9.24], [-67.18, 9.24], [-67.18, 9.32], [-67.26, 9.32], [-67.26, 9.24]]]}, "properties": {"id": "DEMO--67.2600-9.2400", "tipo": "demo", "sector": "demo", "estado": "desconocido", "score": 0.0956, "demo": true, "porosidad_pct": 27.1, "espesor_arena_neta_ft": 201.3, "fuente": "Modelo DEMO sobre datos sinteticos. Distribuciones de la tabla 1 del USGS FS 2009-3028; etiqueta y reparto espacial inventados. NO es un dato observado.", "confianza": "baja", "ultima_verificacion": "2026-09-09"}}, {"type": "Feature", "geometry": {"type": "Polygon", "coordinates": [[[-67.18, 9.24], [-67.10000000000001, 9.24], [-67.10000000000001, 9.32], [-67.18, 9.32], [-67.18, 9.24]]]}, "properties": {"id": "DEMO--67.1800-9.2400", "tipo": "demo", "sector": "demo", "estado": "desconocido", "score": 0.0283, "demo": true, "porosidad_pct": 26.9, "espesor_arena_neta_ft": 127.5, "fuente": "Modelo DEMO sobre datos sinteticos. Distribuciones de la tabla 1 del USGS FS 2009-3028; etiqueta y reparto espacial inventados. NO es un dato observado.", "confianza": "baja", "ultima_verificacion": "2026-09-09"}}, {"type": "Feature", "geometry": {"type": "Polygon", "coordinates": [[[-67.1, 9.24], [-67.02, 9.24], [-67.02, 9.32], [-67.1, 9.32], [-67.1, 9.24]]]}, "properties": {"id": "DEMO--67.1000-9.2400", "tipo": "demo", "sector": "demo", "estado": "desconocido", "score": 0.0904, "demo": true, "porosidad_pct": 26.6, "espesor_arena_neta_ft": 153.6, "fuente": "Modelo DEMO sobre datos sinteticos. Distribuciones de la tabla 1 del USGS FS 2009-3028; etiqueta y reparto espacial inventados. NO es un dato observado.", "confianza": "baja", "ultima_verificacion": "2026-09-09"}}, {"type": "Feature", "geometry": {"type": "Polygon", "coordinates": [[[-67.02, 9.24], [-66.94, 9.24], [-66.94, 9.32], [-67.02, 9.32], [-67.02, 9.24]]]}, "properties": {"id": "DEMO--67.0200-9.2400", "tipo": "demo", "sector": "demo", "estado": "desconocido", "score": 0.0214, "demo": true, "porosidad_pct": 26.4, "espesor_arena_neta_ft": 124.6, "fuente": "Modelo DEMO sobre datos sinteticos. Distribuciones de la tabla 1 del USGS FS 2009-3028; etiqueta y reparto espacial inventados. NO es un dato observado.", "confianza": "baja", "ultima_verificacion": "2026-09-09"}}, {"type": "Feature", "geometry": {"type": "Polygon", "coordinates": [[[-66.94, 9.24], [-66.86, 9.24], [-66.86, 9.32], [-66.94, 9.32], [-66.94, 9.24]]]}, "properties": {"id": "DEMO--66.9400-9.2400", "tipo": "demo", "sector": "demo", "estado": "desconocido", "score": 0.1106, "demo": true, "porosidad_pct": 28.4, "espesor_arena_neta_ft": 147.6, "fuente": "Modelo DEMO sobre datos sinteticos. Distribuciones de la tabla 1 del USGS FS 2009-3028; etiqueta y reparto espacial inventados. NO es un dato observado.", "confianza": "baja", "ultima_verificacion": "2026-09-09"}}, {"type": "Feature", "geometry": {"type": "Polygon", "coordinates": [[[-66.86, 9.24], [-66.78, 9.24], [-66.78, 9.32], [-66.86, 9.32], [-66.86, 9.24]]]}, "properties": {"id": "DEMO--66.8600-9.2400", "tipo": "demo", "sector": "demo", "estado": "desconocido", "score": 0.1515, "demo": true, "porosidad_pct": 27.2, "espesor_arena_neta_ft": 182.9, "fuente": "Modelo DEMO sobre datos sinteticos. Distribuciones de la tabla 1 del USGS FS 2009-3028; etiqueta y reparto espacial inventados. NO es un dato observado.", "confianza": "baja", "ultima_verificacion": "2026-09-09"}}, {"type": "Feature", "geometry": {"type": "Polygon", "coordinates": [[[-66.78, 9.24], [-66.7, 9.24], [-66.7, 9.32], [-66.78, 9.32], [-66.78, 9.24]]]}, "properties": {"id": "DEMO--66.7800-9.2400", "tipo": "demo", "sector": "demo", "estado": "desconocido", "score": 0.0981, "demo": true, "porosidad_pct": 28.6, "espesor_arena_neta_ft": 129.9, "fuente": "Modelo DEMO sobre datos sinteticos. Distribuciones de la tabla 1 del USGS FS 2009-3028; etiqueta y reparto espacial inventados. NO es un dato observado.", "confianza": "baja", "ultima_verificacion": "2026-09-09"}}, {"type": "Feature", "geometry": {"type": "Polygon", "coordinates": [[[-66.7, 9.24], [-66.62, 9.24], [-66.62, 9.32], [-66.7, 9.32], [-66.7, 9.24]]]}, "properties": {"id": "DEMO--66.7000-9.2400", "tipo": "demo", "sector": "demo", "estado": "desconocido", "score": 0.0724, "demo": true, "porosidad_pct": 26.3, "espesor_arena_neta_ft": 188.5, "fuente": "Modelo DEMO sobre datos sinteticos. Distribuciones de la tabla 1 del USGS FS 2009-3028; etiqueta y reparto espacial inventados. NO es un dato observado.", "confianza": "baja", "ultima_verificacion": "2026-09-09"}}, {"type": "Feature", "geometry": {"type": "Polygon", "coordinates": [[[-66.62, 9.24], [-66.54, 9.24], [-66.54, 9.32], [-66.62, 9.32], [-66.62, 9.24]]]}, "properties": {"id": "DEMO--66.6200-9.2400", "tipo": "demo", "sector": "demo", "estado": "desconocido", "score": 0.1491, "demo": true, "porosidad_pct": 31.6, "espesor_arena_neta_ft": 55.4, "fuente": "Modelo DEMO sobre datos sinteticos. Distribuciones de la tabla 1 del USGS FS 2009-3028; etiqueta y reparto espacial inventados. NO es un dato observado.", "confianza": "baja", "ultima_verificacion": "2026-09-09"}}, {"type": "Feature", "geometry": {"type": "Polygon", "coordinates": [[[-66.54, 9.24], [-66.46000000000001, 9.24], [-66.46000000000001, 9.32], [-66.54, 9.32], [-66.54, 9.24]]]}, "properties": {"id": "DEMO--66.5400-9.2400", "tipo": "demo", "sector": "demo", "estado": "desconocido", "score": 0.2618, "demo": true, "porosidad_pct": 29.1, "espesor_arena_neta_ft": 115.9, "fuente": "Modelo DEMO sobre datos sinteticos. Distribuciones de la tabla 1 del USGS FS 2009-3028; etiqueta y reparto espacial inventados. NO es un dato observado.", "confianza": "baja", "ultima_verificacion": "2026-09-09"}}, {"type": "Feature", "geometry": {"type": "Polygon", "coordinates": [[[-66.46, 9.24], [-66.38, 9.24], [-66.38, 9.32], [-66.46, 9.32], [-66.46, 9.24]]]}, "properties": {"id": "DEMO--66.4600-9.2400", "tipo": "demo", "sector": "demo", "estado": "desconocido", "score": 0.4116, "demo": true, "porosidad_pct": 33.0, "espesor_arena_neta_ft": 111.7, "fuente": "Modelo DEMO sobre datos sinteticos. Distribuciones de la tabla 1 del USGS FS 2009-3028; etiqueta y reparto espacial inventados. NO es un dato observado.", "confianza": "baja", "ultima_verificacion": "2026-09-09"}}, {"type": "Feature", "geometry": {"type": "Polygon", "coordinates": [[[-66.38, 9.24], [-66.3, 9.24], [-66.3, 9.32], [-66.38, 9.32], [-66.38, 9.24]]]}, "properties": {"id": "DEMO--66.3800-9.2400", "tipo": "demo", "sector": "demo", "estado": "desconocido", "score": 0.204, "demo": true, "porosidad_pct": 29.6, "espesor_arena_neta_ft": 74.8, "fuente": "Modelo DEMO sobre datos sinteticos. Distribuciones de la tabla 1 del USGS FS 2009-3028; etiqueta y reparto espacial inventados. NO es un dato observado.", "confianza": "baja", "ultima_verificacion": "2026-09-09"}}, {"type": "Feature", "geometry": {"type": "Polygon", "coordinates": [[[-66.3, 9.24], [-66.22, 9.24], [-66.22, 9.32], [-66.3, 9.32], [-66.3, 9.24]]]}, "properties": {"id": "DEMO--66.3000-9.2400", "tipo": "demo", "sector": "demo", "estado": "desconocido", "score": 0.0919, "demo": true, "porosidad_pct": 29.8, "espesor_arena_neta_ft": 71.0, "fuente": "Modelo DEMO sobre datos sinteticos. Distribuciones de la tabla 1 del USGS FS 2009-3028; etiqueta y reparto espacial inventados. NO es un dato observado.", "confianza": "baja", "ultima_verificacion": "2026-09-09"}}, {"type": "Feature", "geometry": {"type": "Polygon", "coordinates": [[[-66.22, 9.24], [-66.14, 9.24], [-66.14, 9.32], [-66.22, 9.32], [-66.22, 9.24]]]}, "properties": {"id": "DEMO--66.2200-9.2400", "tipo": "demo", "sector": "demo", "estado": "desconocido", "score": 0.2999, "demo": true, "porosidad_pct": 27.6, "espesor_arena_neta_ft": 83.3, "fuente": "Modelo DEMO sobre datos sinteticos. Distribuciones de la tabla 1 del USGS FS 2009-3028; etiqueta y reparto espacial inventados. NO es un dato observado.", "confianza": "baja", "ultima_verificacion": "2026-09-09"}}, {"type": "Feature", "geometry": {"type": "Polygon", "coordinates": [[[-66.14, 9.24], [-66.06, 9.24], [-66.06, 9.32], [-66.14, 9.32], [-66.14, 9.24]]]}, "properties": {"id": "DEMO--66.1400-9.2400", "tipo": "demo", "sector": "demo", "estado": "desconocido", "score": 0.5803, "demo": true, "porosidad_pct": 29.1, "espesor_arena_neta_ft": 203.8, "fuente": "Modelo DEMO sobre datos sinteticos. Distribuciones de la tabla 1 del USGS FS 2009-3028; etiqueta y reparto espacial inventados. NO es un dato observado.", "confianza": "baja", "ultima_verificacion": "2026-09-09"}}, {"type": "Feature", "geometry": {"type": "Polygon", "coordinates": [[[-66.06, 9.24], [-65.98, 9.24], [-65.98, 9.32], [-66.06, 9.32], [-66.06, 9.24]]]}, "properties": {"id": "DEMO--66.0600-9.2400", "tipo": "demo", "sector": "demo", "estado": "desconocido", "score": 0.5822, "demo": true, "porosidad_pct": 29.6, "espesor_arena_neta_ft": 217.3, "fuente": "Modelo DEMO sobre datos sinteticos. Distribuciones de la tabla 1 del USGS FS 2009-3028; etiqueta y reparto espacial inventados. NO es un dato observado.", "confianza": "baja", "ultima_verificacion": "2026-09-09"}}, {"type": "Feature", "geometry": {"type": "Polygon", "coordinates": [[[-65.98, 9.24], [-65.9, 9.24], [-65.9, 9.32], [-65.98, 9.32], [-65.98, 9.24]]]}, "properties": {"id": "DEMO--65.9800-9.2400", "tipo": "demo", "sector": "demo", "estado": "desconocido", "score": 0.8014, "demo": true, "porosidad_pct": 35.1, "espesor_arena_neta_ft": 212.3, "fuente": "Modelo DEMO sobre datos sinteticos. Distribuciones de la tabla 1 del USGS FS 2009-3028; etiqueta y reparto espacial inventados. NO es un dato observado.", "confianza": "baja", "ultima_verificacion": "2026-09-09"}}, {"type": "Feature", "geometry": {"type": "Polygon", "coordinates": [[[-65.9, 9.24], [-65.82000000000001, 9.24], [-65.82000000000001, 9.32], [-65.9, 9.32], [-65.9, 9.24]]]}, "properties": {"id": "DEMO--65.9000-9.2400", "tipo": "demo", "sector": "demo", "estado": "desconocido", "score": 0.4929, "demo": true, "porosidad_pct": 29.1, "espesor_arena_neta_ft": 201.3, "fuente": "Modelo DEMO sobre datos sinteticos. Distribuciones de la tabla 1 del USGS FS 2009-3028; etiqueta y reparto espacial inventados. NO es un dato observado.", "confianza": "baja", "ultima_verificacion": "2026-09-09"}}, {"type": "Feature", "geometry": {"type": "Polygon", "coordinates": [[[-65.82, 9.24], [-65.74, 9.24], [-65.74, 9.32], [-65.82, 9.32], [-65.82, 9.24]]]}, "properties": {"id": "DEMO--65.8200-9.2400", "tipo": "demo", "sector": "demo", "estado": "desconocido", "score": 0.9518, "demo": true, "porosidad_pct": 32.5, "espesor_arena_neta_ft": 253.7, "fuente": "Modelo DEMO sobre datos sinteticos. Distribuciones de la tabla 1 del USGS FS 2009-3028; etiqueta y reparto espacial inventados. NO es un dato observado.", "confianza": "baja", "ultima_verificacion": "2026-09-09"}}, {"type": "Feature", "geometry": {"type": "Polygon", "coordinates": [[[-65.74, 9.24], [-65.66, 9.24], [-65.66, 9.32], [-65.74, 9.32], [-65.74, 9.24]]]}, "properties": {"id": "DEMO--65.7400-9.2400", "tipo": "demo", "sector": "demo", "estado": "desconocido", "score": 0.4769, "demo": true, "porosidad_pct": 29.3, "espesor_arena_neta_ft": 163.3, "fuente": "Modelo DEMO sobre datos sinteticos. Distribuciones de la tabla 1 del USGS FS 2009-3028; etiqueta y reparto espacial inventados. NO es un dato observado.", "confianza": "baja", "ultima_verificacion": "2026-09-09"}}, {"type": "Feature", "geometry": {"type": "Polygon", "coordinates": [[[-65.66, 9.24], [-65.58, 9.24], [-65.58, 9.32], [-65.66, 9.32], [-65.66, 9.24]]]}, "properties": {"id": "DEMO--65.6600-9.2400", "tipo": "demo", "sector": "demo", "estado": "desconocido", "score": 0.3036, "demo": true, "porosidad_pct": 29.0, "espesor_arena_neta_ft": 123.7, "fuente": "Modelo DEMO sobre datos sinteticos. Distribuciones de la tabla 1 del USGS FS 2009-3028; etiqueta y reparto espacial inventados. NO es un dato observado.", "confianza": "baja", "ultima_verificacion": "2026-09-09"}}, {"type": "Feature", "geometry": {"type": "Polygon", "coordinates": [[[-65.58, 9.24], [-65.5, 9.24], [-65.5, 9.32], [-65.58, 9.32], [-65.58, 9.24]]]}, "properties": {"id": "DEMO--65.5800-9.2400", "tipo": "demo", "sector": "demo", "estado": "desconocido", "score": 0.8339, "demo": true, "porosidad_pct": 30.4, "espesor_arena_neta_ft": 140.8, "fuente": "Modelo DEMO sobre datos sinteticos. Distribuciones de la tabla 1 del USGS FS 2009-3028; etiqueta y reparto espacial inventados. NO es un dato observado.", "confianza": "baja", "ultima_verificacion": "2026-09-09"}}, {"type": "Feature", "geometry": {"type": "Polygon", "coordinates": [[[-65.5, 9.24], [-65.42, 9.24], [-65.42, 9.32], [-65.5, 9.32], [-65.5, 9.24]]]}, "properties": {"id": "DEMO--65.5000-9.2400", "tipo": "demo", "sector": "demo", "estado": "desconocido", "score": 0.0788, "demo": true, "porosidad_pct": 26.6, "espesor_arena_neta_ft": 134.3, "fuente": "Modelo DEMO sobre datos sinteticos. Distribuciones de la tabla 1 del USGS FS 2009-3028; etiqueta y reparto espacial inventados. NO es un dato observado.", "confianza": "baja", "ultima_verificacion": "2026-09-09"}}, {"type": "Feature", "geometry": {"type": "Polygon", "coordinates": [[[-65.42, 9.24], [-65.34, 9.24], [-65.34, 9.32], [-65.42, 9.32], [-65.42, 9.24]]]}, "properties": {"id": "DEMO--65.4200-9.2400", "tipo": "demo", "sector": "demo", "estado": "desconocido", "score": 0.38, "demo": true, "porosidad_pct": 27.5, "espesor_arena_neta_ft": 228.2, "fuente": "Modelo DEMO sobre datos sinteticos. Distribuciones de la tabla 1 del USGS FS 2009-3028; etiqueta y reparto espacial inventados. NO es un dato observado.", "confianza": "baja", "ultima_verificacion": "2026-09-09"}}, {"type": "Feature", "geometry": {"type": "Polygon", "coordinates": [[[-65.34, 9.24], [-65.26, 9.24], [-65.26, 9.32], [-65.34, 9.32], [-65.34, 9.24]]]}, "properties": {"id": "DEMO--65.3400-9.2400", "tipo": "demo", "sector": "demo", "estado": "desconocido", "score": 0.7713, "demo": true, "porosidad_pct": 29.9, "espesor_arena_neta_ft": 206.9, "fuente": "Modelo DEMO sobre datos sinteticos. Distribuciones de la tabla 1 del USGS FS 2009-3028; etiqueta y reparto espacial inventados. NO es un dato observado.", "confianza": "baja", "ultima_verificacion": "2026-09-09"}}, {"type": "Feature", "geometry": {"type": "Polygon", "coordinates": [[[-65.26, 9.24], [-65.18, 9.24], [-65.18, 9.32], [-65.26, 9.32], [-65.26, 9.24]]]}, "properties": {"id": "DEMO--65.2600-9.2400", "tipo": "demo", "sector": "demo", "estado": "desconocido", "score": 0.7733, "demo": true, "porosidad_pct": 31.1, "espesor_arena_neta_ft": 237.9, "fuente": "Modelo DEMO sobre datos sinteticos. Distribuciones de la tabla 1 del USGS FS 2009-3028; etiqueta y reparto espacial inventados. NO es un dato observado.", "confianza": "baja", "ultima_verificacion": "2026-09-09"}}, {"type": "Feature", "geometry": {"type": "Polygon", "coordinates": [[[-65.18, 9.24], [-65.10000000000001, 9.24], [-65.10000000000001, 9.32], [-65.18, 9.32], [-65.18, 9.24]]]}, "properties": {"id": "DEMO--65.1800-9.2400", "tipo": "demo", "sector": "demo", "estado": "desconocido", "score": 0.4174, "demo": true, "porosidad_pct": 28.4, "espesor_arena_neta_ft": 250.4, "fuente": "Modelo DEMO sobre datos sinteticos. Distribuciones de la tabla 1 del USGS FS 2009-3028; etiqueta y reparto espacial inventados. NO es un dato observado.", "confianza": "baja", "ultima_verificacion": "2026-09-09"}}, {"type": "Feature", "geometry": {"type": "Polygon", "coordinates": [[[-65.1, 9.24], [-65.02, 9.24], [-65.02, 9.32], [-65.1, 9.32], [-65.1, 9.24]]]}, "properties": {"id": "DEMO--65.1000-9.2400", "tipo": "demo", "sector": "demo", "estado": "desconocido", "score": 0.1143, "demo": true, "porosidad_pct": 24.6, "espesor_arena_neta_ft": 220.4, "fuente": "Modelo DEMO sobre datos sinteticos. Distribuciones de la tabla 1 del USGS FS 2009-3028; etiqueta y reparto espacial inventados. NO es un dato observado.", "confianza": "baja", "ultima_verificacion": "2026-09-09"}}, {"type": "Feature", "geometry": {"type": "Polygon", "coordinates": [[[-65.02, 9.24], [-64.94, 9.24], [-64.94, 9.32], [-65.02, 9.32], [-65.02, 9.24]]]}, "properties": {"id": "DEMO--65.0200-9.2400", "tipo": "demo", "sector": "demo", "estado": "desconocido", "score": 0.2724, "demo": true, "porosidad_pct": 28.0, "espesor_arena_neta_ft": 229.4, "fuente": "Modelo DEMO sobre datos sinteticos. Distribuciones de la tabla 1 del USGS FS 2009-3028; etiqueta y reparto espacial inventados. NO es un dato observado.", "confianza": "baja", "ultima_verificacion": "2026-09-09"}}, {"type": "Feature", "geometry": {"type": "Polygon", "coordinates": [[[-64.94, 9.24], [-64.86, 9.24], [-64.86, 9.32], [-64.94, 9.32], [-64.94, 9.24]]]}, "properties": {"id": "DEMO--64.9400-9.2400", "tipo": "demo", "sector": "demo", "estado": "desconocido", "score": 0.098, "demo": true, "porosidad_pct": 22.8, "espesor_arena_neta_ft": 201.1, "fuente": "Modelo DEMO sobre datos sinteticos. Distribuciones de la tabla 1 del USGS FS 2009-3028; etiqueta y reparto espacial inventados. NO es un dato observado.", "confianza": "baja", "ultima_verificacion": "2026-09-09"}}, {"type": "Feature", "geometry": {"type": "Polygon", "coordinates": [[[-64.86, 9.24], [-64.78, 9.24], [-64.78, 9.32], [-64.86, 9.32], [-64.86, 9.24]]]}, "properties": {"id": "DEMO--64.8600-9.2400", "tipo": "demo", "sector": "demo", "estado": "desconocido", "score": 0.1673, "demo": true, "porosidad_pct": 25.8, "espesor_arena_neta_ft": 197.3, "fuente": "Modelo DEMO sobre datos sinteticos. Distribuciones de la tabla 1 del USGS FS 2009-3028; etiqueta y reparto espacial inventados. NO es un dato observado.", "confianza": "baja", "ultima_verificacion": "2026-09-09"}}, {"type": "Feature", "geometry": {"type": "Polygon", "coordinates": [[[-64.78, 9.24], [-64.7, 9.24], [-64.7, 9.32], [-64.78, 9.32], [-64.78, 9.24]]]}, "properties": {"id": "DEMO--64.7800-9.2400", "tipo": "demo", "sector": "demo", "estado": "desconocido", "score": 0.195, "demo": true, "porosidad_pct": 29.3, "espesor_arena_neta_ft": 144.9, "fuente": "Modelo DEMO sobre datos sinteticos. Distribuciones de la tabla 1 del USGS FS 2009-3028; etiqueta y reparto espacial inventados. NO es un dato observado.", "confianza": "baja", "ultima_verificacion": "2026-09-09"}}, {"type": "Feature", "geometry": {"type": "Polygon", "coordinates": [[[-64.7, 9.24], [-64.62, 9.24], [-64.62, 9.32], [-64.7, 9.32], [-64.7, 9.24]]]}, "properties": {"id": "DEMO--64.7000-9.2400", "tipo": "demo", "sector": "demo", "estado": "desconocido", "score": 0.1088, "demo": true, "porosidad_pct": 23.5, "espesor_arena_neta_ft": 220.7, "fuente": "Modelo DEMO sobre datos sinteticos. Distribuciones de la tabla 1 del USGS FS 2009-3028; etiqueta y reparto espacial inventados. NO es un dato observado.", "confianza": "baja", "ultima_verificacion": "2026-09-09"}}, {"type": "Feature", "geometry": {"type": "Polygon", "coordinates": [[[-64.62, 9.24], [-64.54, 9.24], [-64.54, 9.32], [-64.62, 9.32], [-64.62, 9.24]]]}, "properties": {"id": "DEMO--64.6200-9.2400", "tipo": "demo", "sector": "demo", "estado": "desconocido", "score": 0.1434, "demo": true, "porosidad_pct": 25.6, "espesor_arena_neta_ft": 236.2, "fuente": "Modelo DEMO sobre datos sinteticos. Distribuciones de la tabla 1 del USGS FS 2009-3028; etiqueta y reparto espacial inventados. NO es un dato observado.", "confianza": "baja", "ultima_verificacion": "2026-09-09"}}, {"type": "Feature", "geometry": {"type": "Polygon", "coordinates": [[[-64.54, 9.24], [-64.46000000000001, 9.24], [-64.46000000000001, 9.32], [-64.54, 9.32], [-64.54, 9.24]]]}, "properties": {"id": "DEMO--64.5400-9.2400", "tipo": "demo", "sector": "demo", "estado": "desconocido", "score": 0.0526, "demo": true, "porosidad_pct": 24.2, "espesor_arena_neta_ft": 192.5, "fuente": "Modelo DEMO sobre datos sinteticos. Distribuciones de la tabla 1 del USGS FS 2009-3028; etiqueta y reparto espacial inventados. NO es un dato observado.", "confianza": "baja", "ultima_verificacion": "2026-09-09"}}, {"type": "Feature", "geometry": {"type": "Polygon", "coordinates": [[[-64.46, 9.24], [-64.38, 9.24], [-64.38, 9.32], [-64.46, 9.32], [-64.46, 9.24]]]}, "properties": {"id": "DEMO--64.4600-9.2400", "tipo": "demo", "sector": "demo", "estado": "desconocido", "score": 0.1716, "demo": true, "porosidad_pct": 28.8, "espesor_arena_neta_ft": 158.9, "fuente": "Modelo DEMO sobre datos sinteticos. Distribuciones de la tabla 1 del USGS FS 2009-3028; etiqueta y reparto espacial inventados. NO es un dato observado.", "confianza": "baja", "ultima_verificacion": "2026-09-09"}}, {"type": "Feature", "geometry": {"type": "Polygon", "coordinates": [[[-64.38, 9.24], [-64.3, 9.24], [-64.3, 9.32], [-64.38, 9.32], [-64.38, 9.24]]]}, "properties": {"id": "DEMO--64.3800-9.2400", "tipo": "demo", "sector": "demo", "estado": "desconocido", "score": 0.405, "demo": true, "porosidad_pct": 28.6, "espesor_arena_neta_ft": 227.9, "fuente": "Modelo DEMO sobre datos sinteticos. Distribuciones de la tabla 1 del USGS FS 2009-3028; etiqueta y reparto espacial inventados. NO es un dato observado.", "confianza": "baja", "ultima_verificacion": "2026-09-09"}}, {"type": "Feature", "geometry": {"type": "Polygon", "coordinates": [[[-64.3, 9.24], [-64.22, 9.24], [-64.22, 9.32], [-64.3, 9.32], [-64.3, 9.24]]]}, "properties": {"id": "DEMO--64.3000-9.2400", "tipo": "demo", "sector": "demo", "estado": "desconocido", "score": 0.0404, "demo": true, "porosidad_pct": 25.6, "espesor_arena_neta_ft": 130.2, "fuente": "Modelo DEMO sobre datos sinteticos. Distribuciones de la tabla 1 del USGS FS 2009-3028; etiqueta y reparto espacial inventados. NO es un dato observado.", "confianza": "baja", "ultima_verificacion": "2026-09-09"}}, {"type": "Feature", "geometry": {"type": "Polygon", "coordinates": [[[-64.22, 9.24], [-64.14, 9.24], [-64.14, 9.32], [-64.22, 9.32], [-64.22, 9.24]]]}, "properties": {"id": "DEMO--64.2200-9.2400", "tipo": "demo", "sector": "demo", "estado": "desconocido", "score": 0.0461, "demo": true, "porosidad_pct": 25.8, "espesor_arena_neta_ft": 133.3, "fuente": "Modelo DEMO sobre datos sinteticos. Distribuciones de la tabla 1 del USGS FS 2009-3028; etiqueta y reparto espacial inventados. NO es un dato observado.", "confianza": "baja", "ultima_verificacion": "2026-09-09"}}, {"type": "Feature", "geometry": {"type": "Polygon", "coordinates": [[[-64.14, 9.24], [-64.06, 9.24], [-64.06, 9.32], [-64.14, 9.32], [-64.14, 9.24]]]}, "properties": {"id": "DEMO--64.1400-9.2400", "tipo": "demo", "sector": "demo", "estado": "desconocido", "score": 0.7569, "demo": true, "porosidad_pct": 29.4, "espesor_arena_neta_ft": 212.2, "fuente": "Modelo DEMO sobre datos sinteticos. Distribuciones de la tabla 1 del USGS FS 2009-3028; etiqueta y reparto espacial inventados. NO es un dato observado.", "confianza": "baja", "ultima_verificacion": "2026-09-09"}}, {"type": "Feature", "geometry": {"type": "Polygon", "coordinates": [[[-64.06, 9.24], [-63.980000000000004, 9.24], [-63.980000000000004, 9.32], [-64.06, 9.32], [-64.06, 9.24]]]}, "properties": {"id": "DEMO--64.0600-9.2400", "tipo": "demo", "sector": "demo", "estado": "desconocido", "score": 0.0428, "demo": true, "porosidad_pct": 25.5, "espesor_arena_neta_ft": 156.7, "fuente": "Modelo DEMO sobre datos sinteticos. Distribuciones de la tabla 1 del USGS FS 2009-3028; etiqueta y reparto espacial inventados. NO es un dato observado.", "confianza": "baja", "ultima_verificacion": "2026-09-09"}}, {"type": "Feature", "geometry": {"type": "Polygon", "coordinates": [[[-63.98, 9.24], [-63.9, 9.24], [-63.9, 9.32], [-63.98, 9.32], [-63.98, 9.24]]]}, "properties": {"id": "DEMO--63.9800-9.2400", "tipo": "demo", "sector": "demo", "estado": "desconocido", "score": 0.0596, "demo": true, "porosidad_pct": 23.5, "espesor_arena_neta_ft": 191.3, "fuente": "Modelo DEMO sobre datos sinteticos. Distribuciones de la tabla 1 del USGS FS 2009-3028; etiqueta y reparto espacial inventados. NO es un dato observado.", "confianza": "baja", "ultima_verificacion": "2026-09-09"}}, {"type": "Feature", "geometry": {"type": "Polygon", "coordinates": [[[-63.9, 9.24], [-63.82, 9.24], [-63.82, 9.32], [-63.9, 9.32], [-63.9, 9.24]]]}, "properties": {"id": "DEMO--63.9000-9.2400", "tipo": "demo", "sector": "demo", "estado": "desconocido", "score": 0.1512, "demo": true, "porosidad_pct": 26.4, "espesor_arena_neta_ft": 209.4, "fuente": "Modelo DEMO sobre datos sinteticos. Distribuciones de la tabla 1 del USGS FS 2009-3028; etiqueta y reparto espacial inventados. NO es un dato observado.", "confianza": "baja", "ultima_verificacion": "2026-09-09"}}, {"type": "Feature", "geometry": {"type": "Polygon", "coordinates": [[[-63.82, 9.24], [-63.74, 9.24], [-63.74, 9.32], [-63.82, 9.32], [-63.82, 9.24]]]}, "properties": {"id": "DEMO--63.8200-9.2400", "tipo": "demo", "sector": "demo", "estado": "desconocido", "score": 0.5432, "demo": true, "porosidad_pct": 29.8, "espesor_arena_neta_ft": 278.3, "fuente": "Modelo DEMO sobre datos sinteticos. Distribuciones de la tabla 1 del USGS FS 2009-3028; etiqueta y reparto espacial inventados. NO es un dato observado.", "confianza": "baja", "ultima_verificacion": "2026-09-09"}}, {"type": "Feature", "geometry": {"type": "Polygon", "coordinates": [[[-63.74, 9.24], [-63.660000000000004, 9.24], [-63.660000000000004, 9.32], [-63.74, 9.32], [-63.74, 9.24]]]}, "properties": {"id": "DEMO--63.7400-9.2400", "tipo": "demo", "sector": "demo", "estado": "desconocido", "score": 0.1774, "demo": true, "porosidad_pct": 28.6, "espesor_arena_neta_ft": 162.8, "fuente": "Modelo DEMO sobre datos sinteticos. Distribuciones de la tabla 1 del USGS FS 2009-3028; etiqueta y reparto espacial inventados. NO es un dato observado.", "confianza": "baja", "ultima_verificacion": "2026-09-09"}}, {"type": "Feature", "geometry": {"type": "Polygon", "coordinates": [[[-63.66, 9.24], [-63.58, 9.24], [-63.58, 9.32], [-63.66, 9.32], [-63.66, 9.24]]]}, "properties": {"id": "DEMO--63.6600-9.2400", "tipo": "demo", "sector": "demo", "estado": "desconocido", "score": 0.3015, "demo": true, "porosidad_pct": 28.1, "espesor_arena_neta_ft": 179.4, "fuente": "Modelo DEMO sobre datos sinteticos. Distribuciones de la tabla 1 del USGS FS 2009-3028; etiqueta y reparto espacial inventados. NO es un dato observado.", "confianza": "baja", "ultima_verificacion": "2026-09-09"}}, {"type": "Feature", "geometry": {"type": "Polygon", "coordinates": [[[-63.58, 9.24], [-63.5, 9.24], [-63.5, 9.32], [-63.58, 9.32], [-63.58, 9.24]]]}, "properties": {"id": "DEMO--63.5800-9.2400", "tipo": "demo", "sector": "demo", "estado": "desconocido", "score": 0.2254, "demo": true, "porosidad_pct": 30.5, "espesor_arena_neta_ft": 144.1, "fuente": "Modelo DEMO sobre datos sinteticos. Distribuciones de la tabla 1 del USGS FS 2009-3028; etiqueta y reparto espacial inventados. NO es un dato observado.", "confianza": "baja", "ultima_verificacion": "2026-09-09"}}, {"type": "Feature", "geometry": {"type": "Polygon", "coordinates": [[[-63.5, 9.24], [-63.42, 9.24], [-63.42, 9.32], [-63.5, 9.32], [-63.5, 9.24]]]}, "properties": {"id": "DEMO--63.5000-9.2400", "tipo": "demo", "sector": "demo", "estado": "desconocido", "score": 0.1191, "demo": true, "porosidad_pct": 25.1, "espesor_arena_neta_ft": 133.6, "fuente": "Modelo DEMO sobre datos sinteticos. Distribuciones de la tabla 1 del USGS FS 2009-3028; etiqueta y reparto espacial inventados. NO es un dato observado.", "confianza": "baja", "ultima_verificacion": "2026-09-09"}}, {"type": "Feature", "geometry": {"type": "Polygon", "coordinates": [[[-63.42, 9.24], [-63.34, 9.24], [-63.34, 9.32], [-63.42, 9.32], [-63.42, 9.24]]]}, "properties": {"id": "DEMO--63.4200-9.2400", "tipo": "demo", "sector": "demo", "estado": "desconocido", "score": 0.2849, "demo": true, "porosidad_pct": 26.7, "espesor_arena_neta_ft": 200.9, "fuente": "Modelo DEMO sobre datos sinteticos. Distribuciones de la tabla 1 del USGS FS 2009-3028; etiqueta y reparto espacial inventados. NO es un dato observado.", "confianza": "baja", "ultima_verificacion": "2026-09-09"}}, {"type": "Feature", "geometry": {"type": "Polygon", "coordinates": [[[-63.34, 9.24], [-63.260000000000005, 9.24], [-63.260000000000005, 9.32], [-63.34, 9.32], [-63.34, 9.24]]]}, "properties": {"id": "DEMO--63.3400-9.2400", "tipo": "demo", "sector": "demo", "estado": "desconocido", "score": 0.3121, "demo": true, "porosidad_pct": 27.9, "espesor_arena_neta_ft": 193.7, "fuente": "Modelo DEMO sobre datos sinteticos. Distribuciones de la tabla 1 del USGS FS 2009-3028; etiqueta y reparto espacial inventados. NO es un dato observado.", "confianza": "baja", "ultima_verificacion": "2026-09-09"}}, {"type": "Feature", "geometry": {"type": "Polygon", "coordinates": [[[-63.26, 9.24], [-63.18, 9.24], [-63.18, 9.32], [-63.26, 9.32], [-63.26, 9.24]]]}, "properties": {"id": "DEMO--63.2600-9.2400", "tipo": "demo", "sector": "demo", "estado": "desconocido", "score": 0.7183, "demo": true, "porosidad_pct": 30.8, "espesor_arena_neta_ft": 175.6, "fuente": "Modelo DEMO sobre datos sinteticos. Distribuciones de la tabla 1 del USGS FS 2009-3028; etiqueta y reparto espacial inventados. NO es un dato observado.", "confianza": "baja", "ultima_verificacion": "2026-09-09"}}, {"type": "Feature", "geometry": {"type": "Polygon", "coordinates": [[[-63.18, 9.24], [-63.1, 9.24], [-63.1, 9.32], [-63.18, 9.32], [-63.18, 9.24]]]}, "properties": {"id": "DEMO--63.1800-9.2400", "tipo": "demo", "sector": "demo", "estado": "desconocido", "score": 0.3715, "demo": true, "porosidad_pct": 27.1, "espesor_arena_neta_ft": 178.7, "fuente": "Modelo DEMO sobre datos sinteticos. Distribuciones de la tabla 1 del USGS FS 2009-3028; etiqueta y reparto espacial inventados. NO es un dato observado.", "confianza": "baja", "ultima_verificacion": "2026-09-09"}}, {"type": "Feature", "geometry": {"type": "Polygon", "coordinates": [[[-63.1, 9.24], [-63.02, 9.24], [-63.02, 9.32], [-63.1, 9.32], [-63.1, 9.24]]]}, "properties": {"id": "DEMO--63.1000-9.2400", "tipo": "demo", "sector": "demo", "estado": "desconocido", "score": 0.0552, "demo": true, "porosidad_pct": 27.1, "espesor_arena_neta_ft": 173.7, "fuente": "Modelo DEMO sobre datos sinteticos. Distribuciones de la tabla 1 del USGS FS 2009-3028; etiqueta y reparto espacial inventados. NO es un dato observado.", "confianza": "baja", "ultima_verificacion": "2026-09-09"}}, {"type": "Feature", "geometry": {"type": "Polygon", "coordinates": [[[-63.02, 9.24], [-62.940000000000005, 9.24], [-62.940000000000005, 9.32], [-63.02, 9.32], [-63.02, 9.24]]]}, "properties": {"id": "DEMO--63.0200-9.2400", "tipo": "demo", "sector": "demo", "estado": "desconocido", "score": 0.1021, "demo": true, "porosidad_pct": 29.8, "espesor_arena_neta_ft": 115.4, "fuente": "Modelo DEMO sobre datos sinteticos. Distribuciones de la tabla 1 del USGS FS 2009-3028; etiqueta y reparto espacial inventados. NO es un dato observado.", "confianza": "baja", "ultima_verificacion": "2026-09-09"}}, {"type": "Feature", "geometry": {"type": "Polygon", "coordinates": [[[-62.94, 9.24], [-62.86, 9.24], [-62.86, 9.32], [-62.94, 9.32], [-62.94, 9.24]]]}, "properties": {"id": "DEMO--62.9400-9.2400", "tipo": "demo", "sector": "demo", "estado": "desconocido", "score": 0.1147, "demo": true, "porosidad_pct": 29.0, "espesor_arena_neta_ft": 98.5, "fuente": "Modelo DEMO sobre datos sinteticos. Distribuciones de la tabla 1 del USGS FS 2009-3028; etiqueta y reparto espacial inventados. NO es un dato observado.", "confianza": "baja", "ultima_verificacion": "2026-09-09"}}, {"type": "Feature", "geometry": {"type": "Polygon", "coordinates": [[[-62.86, 9.24], [-62.78, 9.24], [-62.78, 9.32], [-62.86, 9.32], [-62.86, 9.24]]]}, "properties": {"id": "DEMO--62.8600-9.2400", "tipo": "demo", "sector": "demo", "estado": "desconocido", "score": 0.1047, "demo": true, "porosidad_pct": 28.6, "espesor_arena_neta_ft": 144.4, "fuente": "Modelo DEMO sobre datos sinteticos. Distribuciones de la tabla 1 del USGS FS 2009-3028; etiqueta y reparto espacial inventados. NO es un dato observado.", "confianza": "baja", "ultima_verificacion": "2026-09-09"}}, {"type": "Feature", "geometry": {"type": "Polygon", "coordinates": [[[-62.78, 9.24], [-62.7, 9.24], [-62.7, 9.32], [-62.78, 9.32], [-62.78, 9.24]]]}, "properties": {"id": "DEMO--62.7800-9.2400", "tipo": "demo", "sector": "demo", "estado": "desconocido", "score": 0.1865, "demo": true, "porosidad_pct": 29.1, "espesor_arena_neta_ft": 128.5, "fuente": "Modelo DEMO sobre datos sinteticos. Distribuciones de la tabla 1 del USGS FS 2009-3028; etiqueta y reparto espacial inventados. NO es un dato observado.", "confianza": "baja", "ultima_verificacion": "2026-09-09"}}, {"type": "Feature", "geometry": {"type": "Polygon", "coordinates": [[[-62.7, 9.24], [-62.620000000000005, 9.24], [-62.620000000000005, 9.32], [-62.7, 9.32], [-62.7, 9.24]]]}, "properties": {"id": "DEMO--62.7000-9.2400", "tipo": "demo", "sector": "demo", "estado": "desconocido", "score": 0.7823, "demo": true, "porosidad_pct": 30.7, "espesor_arena_neta_ft": 182.4, "fuente": "Modelo DEMO sobre datos sinteticos. Distribuciones de la tabla 1 del USGS FS 2009-3028; etiqueta y reparto espacial inventados. NO es un dato observado.", "confianza": "baja", "ultima_verificacion": "2026-09-09"}}, {"type": "Feature", "geometry": {"type": "Polygon", "coordinates": [[[-62.62, 9.24], [-62.54, 9.24], [-62.54, 9.32], [-62.62, 9.32], [-62.62, 9.24]]]}, "properties": {"id": "DEMO--62.6200-9.2400", "tipo": "demo", "sector": "demo", "estado": "desconocido", "score": 0.5953, "demo": true, "porosidad_pct": 32.4, "espesor_arena_neta_ft": 89.1, "fuente": "Modelo DEMO sobre datos sinteticos. Distribuciones de la tabla 1 del USGS FS 2009-3028; etiqueta y reparto espacial inventados. NO es un dato observado.", "confianza": "baja", "ultima_verificacion": "2026-09-09"}}, {"type": "Feature", "geometry": {"type": "Polygon", "coordinates": [[[-62.54, 9.24], [-62.46, 9.24], [-62.46, 9.32], [-62.54, 9.32], [-62.54, 9.24]]]}, "properties": {"id": "DEMO--62.5400-9.2400", "tipo": "demo", "sector": "demo", "estado": "desconocido", "score": 0.5255, "demo": true, "porosidad_pct": 30.0, "espesor_arena_neta_ft": 173.0, "fuente": "Modelo DEMO sobre datos sinteticos. Distribuciones de la tabla 1 del USGS FS 2009-3028; etiqueta y reparto espacial inventados. NO es un dato observado.", "confianza": "baja", "ultima_verificacion": "2026-09-09"}}, {"type": "Feature", "geometry": {"type": "Polygon", "coordinates": [[[-62.46, 9.24], [-62.38, 9.24], [-62.38, 9.32], [-62.46, 9.32], [-62.46, 9.24]]]}, "properties": {"id": "DEMO--62.4600-9.2400", "tipo": "demo", "sector": "demo", "estado": "desconocido", "score": 0.0536, "demo": true, "porosidad_pct": 28.5, "espesor_arena_neta_ft": 82.1, "fuente": "Modelo DEMO sobre datos sinteticos. Distribuciones de la tabla 1 del USGS FS 2009-3028; etiqueta y reparto espacial inventados. NO es un dato observado.", "confianza": "baja", "ultima_verificacion": "2026-09-09"}}, {"type": "Feature", "geometry": {"type": "Polygon", "coordinates": [[[-62.38, 9.24], [-62.300000000000004, 9.24], [-62.300000000000004, 9.32], [-62.38, 9.32], [-62.38, 9.24]]]}, "properties": {"id": "DEMO--62.3800-9.2400", "tipo": "demo", "sector": "demo", "estado": "desconocido", "score": 0.5914, "demo": true, "porosidad_pct": 29.1, "espesor_arena_neta_ft": 209.5, "fuente": "Modelo DEMO sobre datos sinteticos. Distribuciones de la tabla 1 del USGS FS 2009-3028; etiqueta y reparto espacial inventados. NO es un dato observado.", "confianza": "baja", "ultima_verificacion": "2026-09-09"}}, {"type": "Feature", "geometry": {"type": "Polygon", "coordinates": [[[-62.3, 9.24], [-62.22, 9.24], [-62.22, 9.32], [-62.3, 9.32], [-62.3, 9.24]]]}, "properties": {"id": "DEMO--62.3000-9.2400", "tipo": "demo", "sector": "demo", "estado": "desconocido", "score": 0.171, "demo": true, "porosidad_pct": 28.3, "espesor_arena_neta_ft": 201.4, "fuente": "Modelo DEMO sobre datos sinteticos. Distribuciones de la tabla 1 del USGS FS 2009-3028; etiqueta y reparto espacial inventados. NO es un dato observado.", "confianza": "baja", "ultima_verificacion": "2026-09-09"}}, {"type": "Feature", "geometry": {"type": "Polygon", "coordinates": [[[-62.22, 9.24], [-62.14, 9.24], [-62.14, 9.32], [-62.22, 9.32], [-62.22, 9.24]]]}, "properties": {"id": "DEMO--62.2200-9.2400", "tipo": "demo", "sector": "demo", "estado": "desconocido", "score": 0.5845, "demo": true, "porosidad_pct": 35.2, "espesor_arena_neta_ft": 197.9, "fuente": "Modelo DEMO sobre datos sinteticos. Distribuciones de la tabla 1 del USGS FS 2009-3028; etiqueta y reparto espacial inventados. NO es un dato observado.", "confianza": "baja", "ultima_verificacion": "2026-09-09"}}, {"type": "Feature", "geometry": {"type": "Polygon", "coordinates": [[[-62.14, 9.24], [-62.06, 9.24], [-62.06, 9.32], [-62.14, 9.32], [-62.14, 9.24]]]}, "properties": {"id": "DEMO--62.1400-9.2400", "tipo": "demo", "sector": "demo", "estado": "desconocido", "score": 0.1657, "demo": true, "porosidad_pct": 28.7, "espesor_arena_neta_ft": 102.3, "fuente": "Modelo DEMO sobre datos sinteticos. Distribuciones de la tabla 1 del USGS FS 2009-3028; etiqueta y reparto espacial inventados. NO es un dato observado.", "confianza": "baja", "ultima_verificacion": "2026-09-09"}}, {"type": "Feature", "geometry": {"type": "Polygon", "coordinates": [[[-67.34, 9.32], [-67.26, 9.32], [-67.26, 9.4], [-67.34, 9.4], [-67.34, 9.32]]]}, "properties": {"id": "DEMO--67.3400-9.3200", "tipo": "demo", "sector": "demo", "estado": "desconocido", "score": 0.1546, "demo": true, "porosidad_pct": 26.6, "espesor_arena_neta_ft": 204.3, "fuente": "Modelo DEMO sobre datos sinteticos. Distribuciones de la tabla 1 del USGS FS 2009-3028; etiqueta y reparto espacial inventados. NO es un dato observado.", "confianza": "baja", "ultima_verificacion": "2026-09-09"}}, {"type": "Feature", "geometry": {"type": "Polygon", "coordinates": [[[-67.26, 9.32], [-67.18, 9.32], [-67.18, 9.4], [-67.26, 9.4], [-67.26, 9.32]]]}, "properties": {"id": "DEMO--67.2600-9.3200", "tipo": "demo", "sector": "demo", "estado": "desconocido", "score": 0.1064, "demo": true, "porosidad_pct": 25.6, "espesor_arena_neta_ft": 161.0, "fuente": "Modelo DEMO sobre datos sinteticos. Distribuciones de la tabla 1 del USGS FS 2009-3028; etiqueta y reparto espacial inventados. NO es un dato observado.", "confianza": "baja", "ultima_verificacion": "2026-09-09"}}, {"type": "Feature", "geometry": {"type": "Polygon", "coordinates": [[[-67.18, 9.32], [-67.10000000000001, 9.32], [-67.10000000000001, 9.4], [-67.18, 9.4], [-67.18, 9.32]]]}, "properties": {"id": "DEMO--67.1800-9.3200", "tipo": "demo", "sector": "demo", "estado": "desconocido", "score": 0.8002, "demo": true, "porosidad_pct": 30.7, "espesor_arena_neta_ft": 220.3, "fuente": "Modelo DEMO sobre datos sinteticos. Distribuciones de la tabla 1 del USGS FS 2009-3028; etiqueta y reparto espacial inventados. NO es un dato observado.", "confianza": "baja", "ultima_verificacion": "2026-09-09"}}, {"type": "Feature", "geometry": {"type": "Polygon", "coordinates": [[[-67.1, 9.32], [-67.02, 9.32], [-67.02, 9.4], [-67.1, 9.4], [-67.1, 9.32]]]}, "properties": {"id": "DEMO--67.1000-9.3200", "tipo": "demo", "sector": "demo", "estado": "desconocido", "score": 0.0155, "demo": true, "porosidad_pct": 25.7, "espesor_arena_neta_ft": 144.9, "fuente": "Modelo DEMO sobre datos sinteticos. Distribuciones de la tabla 1 del USGS FS 2009-3028; etiqueta y reparto espacial inventados. NO es un dato observado.", "confianza": "baja", "ultima_verificacion": "2026-09-09"}}, {"type": "Feature", "geometry": {"type": "Polygon", "coordinates": [[[-67.02, 9.32], [-66.94, 9.32], [-66.94, 9.4], [-67.02, 9.4], [-67.02, 9.32]]]}, "properties": {"id": "DEMO--67.0200-9.3200", "tipo": "demo", "sector": "demo", "estado": "desconocido", "score": 0.0562, "demo": true, "porosidad_pct": 26.9, "espesor_arena_neta_ft": 185.8, "fuente": "Modelo DEMO sobre datos sinteticos. Distribuciones de la tabla 1 del USGS FS 2009-3028; etiqueta y reparto espacial inventados. NO es un dato observado.", "confianza": "baja", "ultima_verificacion": "2026-09-09"}}, {"type": "Feature", "geometry": {"type": "Polygon", "coordinates": [[[-66.94, 9.32], [-66.86, 9.32], [-66.86, 9.4], [-66.94, 9.4], [-66.94, 9.32]]]}, "properties": {"id": "DEMO--66.9400-9.3200", "tipo": "demo", "sector": "demo", "estado": "desconocido", "score": 0.7641, "demo": true, "porosidad_pct": 30.3, "espesor_arena_neta_ft": 230.2, "fuente": "Modelo DEMO sobre datos sinteticos. Distribuciones de la tabla 1 del USGS FS 2009-3028; etiqueta y reparto espacial inventados. NO es un dato observado.", "confianza": "baja", "ultima_verificacion": "2026-09-09"}}, {"type": "Feature", "geometry": {"type": "Polygon", "coordinates": [[[-66.86, 9.32], [-66.78, 9.32], [-66.78, 9.4], [-66.86, 9.4], [-66.86, 9.32]]]}, "properties": {"id": "DEMO--66.8600-9.3200", "tipo": "demo", "sector": "demo", "estado": "desconocido", "score": 0.0805, "demo": true, "porosidad_pct": 27.8, "espesor_arena_neta_ft": 141.6, "fuente": "Modelo DEMO sobre datos sinteticos. Distribuciones de la tabla 1 del USGS FS 2009-3028; etiqueta y reparto espacial inventados. NO es un dato observado.", "confianza": "baja", "ultima_verificacion": "2026-09-09"}}, {"type": "Feature", "geometry": {"type": "Polygon", "coordinates": [[[-66.78, 9.32], [-66.7, 9.32], [-66.7, 9.4], [-66.78, 9.4], [-66.78, 9.32]]]}, "properties": {"id": "DEMO--66.7800-9.3200", "tipo": "demo", "sector": "demo", "estado": "desconocido", "score": 0.3934, "demo": true, "porosidad_pct": 29.8, "espesor_arena_neta_ft": 93.6, "fuente": "Modelo DEMO sobre datos sinteticos. Distribuciones de la tabla 1 del USGS FS 2009-3028; etiqueta y reparto espacial inventados. NO es un dato observado.", "confianza": "baja", "ultima_verificacion": "2026-09-09"}}, {"type": "Feature", "geometry": {"type": "Polygon", "coordinates": [[[-66.7, 9.32], [-66.62, 9.32], [-66.62, 9.4], [-66.7, 9.4], [-66.7, 9.32]]]}, "properties": {"id": "DEMO--66.7000-9.3200", "tipo": "demo", "sector": "demo", "estado": "desconocido", "score": 0.0417, "demo": true, "porosidad_pct": 27.4, "espesor_arena_neta_ft": 95.0, "fuente": "Modelo DEMO sobre datos sinteticos. Distribuciones de la tabla 1 del USGS FS 2009-3028; etiqueta y reparto espacial inventados. NO es un dato observado.", "confianza": "baja", "ultima_verificacion": "2026-09-09"}}, {"type": "Feature", "geometry": {"type": "Polygon", "coordinates": [[[-66.62, 9.32], [-66.54, 9.32], [-66.54, 9.4], [-66.62, 9.4], [-66.62, 9.32]]]}, "properties": {"id": "DEMO--66.6200-9.3200", "tipo": "demo", "sector": "demo", "estado": "desconocido", "score": 0.0468, "demo": true, "porosidad_pct": 26.0, "espesor_arena_neta_ft": 188.3, "fuente": "Modelo DEMO sobre datos sinteticos. Distribuciones de la tabla 1 del USGS FS 2009-3028; etiqueta y reparto espacial inventados. NO es un dato observado.", "confianza": "baja", "ultima_verificacion": "2026-09-09"}}, {"type": "Feature", "geometry": {"type": "Polygon", "coordinates": [[[-66.54, 9.32], [-66.46000000000001, 9.32], [-66.46000000000001, 9.4], [-66.54, 9.4], [-66.54, 9.32]]]}, "properties": {"id": "DEMO--66.5400-9.3200", "tipo": "demo", "sector": "demo", "estado": "desconocido", "score": 0.5193, "demo": true, "porosidad_pct": 29.3, "espesor_arena_neta_ft": 90.0, "fuente": "Modelo DEMO sobre datos sinteticos. Distribuciones de la tabla 1 del USGS FS 2009-3028; etiqueta y reparto espacial inventados. NO es un dato observado.", "confianza": "baja", "ultima_verificacion": "2026-09-09"}}, {"type": "Feature", "geometry": {"type": "Polygon", "coordinates": [[[-66.46, 9.32], [-66.38, 9.32], [-66.38, 9.4], [-66.46, 9.4], [-66.46, 9.32]]]}, "properties": {"id": "DEMO--66.4600-9.3200", "tipo": "demo", "sector": "demo", "estado": "desconocido", "score": 0.5595, "demo": true, "porosidad_pct": 27.1, "espesor_arena_neta_ft": 130.3, "fuente": "Modelo DEMO sobre datos sinteticos. Distribuciones de la tabla 1 del USGS FS 2009-3028; etiqueta y reparto espacial inventados. NO es un dato observado.", "confianza": "baja", "ultima_verificacion": "2026-09-09"}}, {"type": "Feature", "geometry": {"type": "Polygon", "coordinates": [[[-66.38, 9.32], [-66.3, 9.32], [-66.3, 9.4], [-66.38, 9.4], [-66.38, 9.32]]]}, "properties": {"id": "DEMO--66.3800-9.3200", "tipo": "demo", "sector": "demo", "estado": "desconocido", "score": 0.1875, "demo": true, "porosidad_pct": 33.2, "espesor_arena_neta_ft": 108.1, "fuente": "Modelo DEMO sobre datos sinteticos. Distribuciones de la tabla 1 del USGS FS 2009-3028; etiqueta y reparto espacial inventados. NO es un dato observado.", "confianza": "baja", "ultima_verificacion": "2026-09-09"}}, {"type": "Feature", "geometry": {"type": "Polygon", "coordinates": [[[-66.3, 9.32], [-66.22, 9.32], [-66.22, 9.4], [-66.3, 9.4], [-66.3, 9.32]]]}, "properties": {"id": "DEMO--66.3000-9.3200", "tipo": "demo", "sector": "demo", "estado": "desconocido", "score": 0.2791, "demo": true, "porosidad_pct": 30.2, "espesor_arena_neta_ft": 90.7, "fuente": "Modelo DEMO sobre datos sinteticos. Distribuciones de la tabla 1 del USGS FS 2009-3028; etiqueta y reparto espacial inventados. NO es un dato observado.", "confianza": "baja", "ultima_verificacion": "2026-09-09"}}, {"type": "Feature", "geometry": {"type": "Polygon", "coordinates": [[[-66.22, 9.32], [-66.14, 9.32], [-66.14, 9.4], [-66.22, 9.4], [-66.22, 9.32]]]}, "properties": {"id": "DEMO--66.2200-9.3200", "tipo": "demo", "sector": "demo", "estado": "desconocido", "score": 0.3775, "demo": true, "porosidad_pct": 30.3, "espesor_arena_neta_ft": 134.8, "fuente": "Modelo DEMO sobre datos sinteticos. Distribuciones de la tabla 1 del USGS FS 2009-3028; etiqueta y reparto espacial inventados. NO es un dato observado.", "confianza": "baja", "ultima_verificacion": "2026-09-09"}}, {"type": "Feature", "geometry": {"type": "Polygon", "coordinates": [[[-66.14, 9.32], [-66.06, 9.32], [-66.06, 9.4], [-66.14, 9.4], [-66.14, 9.32]]]}, "properties": {"id": "DEMO--66.1400-9.3200", "tipo": "demo", "sector": "demo", "estado": "desconocido", "score": 0.4836, "demo": true, "porosidad_pct": 33.0, "espesor_arena_neta_ft": 136.7, "fuente": "Modelo DEMO sobre datos sinteticos. Distribuciones de la tabla 1 del USGS FS 2009-3028; etiqueta y reparto espacial inventados. NO es un dato observado.", "confianza": "baja", "ultima_verificacion": "2026-09-09"}}, {"type": "Feature", "geometry": {"type": "Polygon", "coordinates": [[[-66.06, 9.32], [-65.98, 9.32], [-65.98, 9.4], [-66.06, 9.4], [-66.06, 9.32]]]}, "properties": {"id": "DEMO--66.0600-9.3200", "tipo": "demo", "sector": "demo", "estado": "desconocido", "score": 0.5114, "demo": true, "porosidad_pct": 28.1, "espesor_arena_neta_ft": 178.1, "fuente": "Modelo DEMO sobre datos sinteticos. Distribuciones de la tabla 1 del USGS FS 2009-3028; etiqueta y reparto espacial inventados. NO es un dato observado.", "confianza": "baja", "ultima_verificacion": "2026-09-09"}}, {"type": "Feature", "geometry": {"type": "Polygon", "coordinates": [[[-65.98, 9.32], [-65.9, 9.32], [-65.9, 9.4], [-65.98, 9.4], [-65.98, 9.32]]]}, "properties": {"id": "DEMO--65.9800-9.3200", "tipo": "demo", "sector": "demo", "estado": "desconocido", "score": 0.6921, "demo": true, "porosidad_pct": 31.6, "espesor_arena_neta_ft": 189.3, "fuente": "Modelo DEMO sobre datos sinteticos. Distribuciones de la tabla 1 del USGS FS 2009-3028; etiqueta y reparto espacial inventados. NO es un dato observado.", "confianza": "baja", "ultima_verificacion": "2026-09-09"}}, {"type": "Feature", "geometry": {"type": "Polygon", "coordinates": [[[-65.9, 9.32], [-65.82000000000001, 9.32], [-65.82000000000001, 9.4], [-65.9, 9.4], [-65.9, 9.32]]]}, "properties": {"id": "DEMO--65.9000-9.3200", "tipo": "demo", "sector": "demo", "estado": "desconocido", "score": 0.1811, "demo": true, "porosidad_pct": 27.8, "espesor_arena_neta_ft": 188.1, "fuente": "Modelo DEMO sobre datos sinteticos. Distribuciones de la tabla 1 del USGS FS 2009-3028; etiqueta y reparto espacial inventados. NO es un dato observado.", "confianza": "baja", "ultima_verificacion": "2026-09-09"}}, {"type": "Feature", "geometry": {"type": "Polygon", "coordinates": [[[-65.82, 9.32], [-65.74, 9.32], [-65.74, 9.4], [-65.82, 9.4], [-65.82, 9.32]]]}, "properties": {"id": "DEMO--65.8200-9.3200", "tipo": "demo", "sector": "demo", "estado": "desconocido", "score": 0.3148, "demo": true, "porosidad_pct": 30.1, "espesor_arena_neta_ft": 171.9, "fuente": "Modelo DEMO sobre datos sinteticos. Distribuciones de la tabla 1 del USGS FS 2009-3028; etiqueta y reparto espacial inventados. NO es un dato observado.", "confianza": "baja", "ultima_verificacion": "2026-09-09"}}, {"type": "Feature", "geometry": {"type": "Polygon", "coordinates": [[[-65.74, 9.32], [-65.66, 9.32], [-65.66, 9.4], [-65.74, 9.4], [-65.74, 9.32]]]}, "properties": {"id": "DEMO--65.7400-9.3200", "tipo": "demo", "sector": "demo", "estado": "desconocido", "score": 0.3994, "demo": true, "porosidad_pct": 26.1, "espesor_arena_neta_ft": 195.5, "fuente": "Modelo DEMO sobre datos sinteticos. Distribuciones de la tabla 1 del USGS FS 2009-3028; etiqueta y reparto espacial inventados. NO es un dato observado.", "confianza": "baja", "ultima_verificacion": "2026-09-09"}}, {"type": "Feature", "geometry": {"type": "Polygon", "coordinates": [[[-65.66, 9.32], [-65.58, 9.32], [-65.58, 9.4], [-65.66, 9.4], [-65.66, 9.32]]]}, "properties": {"id": "DEMO--65.6600-9.3200", "tipo": "demo", "sector": "demo", "estado": "desconocido", "score": 0.2527, "demo": true, "porosidad_pct": 28.7, "espesor_arena_neta_ft": 191.8, "fuente": "Modelo DEMO sobre datos sinteticos. Distribuciones de la tabla 1 del USGS FS 2009-3028; etiqueta y reparto espacial inventados. NO es un dato observado.", "confianza": "baja", "ultima_verificacion": "2026-09-09"}}, {"type": "Feature", "geometry": {"type": "Polygon", "coordinates": [[[-65.58, 9.32], [-65.5, 9.32], [-65.5, 9.4], [-65.58, 9.4], [-65.58, 9.32]]]}, "properties": {"id": "DEMO--65.5800-9.3200", "tipo": "demo", "sector": "demo", "estado": "desconocido", "score": 0.1301, "demo": true, "porosidad_pct": 28.5, "espesor_arena_neta_ft": 143.7, "fuente": "Modelo DEMO sobre datos sinteticos. Distribuciones de la tabla 1 del USGS FS 2009-3028; etiqueta y reparto espacial inventados. NO es un dato observado.", "confianza": "baja", "ultima_verificacion": "2026-09-09"}}, {"type": "Feature", "geometry": {"type": "Polygon", "coordinates": [[[-65.5, 9.32], [-65.42, 9.32], [-65.42, 9.4], [-65.5, 9.4], [-65.5, 9.32]]]}, "properties": {"id": "DEMO--65.5000-9.3200", "tipo": "demo", "sector": "demo", "estado": "desconocido", "score": 0.2237, "demo": true, "porosidad_pct": 28.8, "espesor_arena_neta_ft": 165.7, "fuente": "Modelo DEMO sobre datos sinteticos. Distribuciones de la tabla 1 del USGS FS 2009-3028; etiqueta y reparto espacial inventados. NO es un dato observado.", "confianza": "baja", "ultima_verificacion": "2026-09-09"}}, {"type": "Feature", "geometry": {"type": "Polygon", "coordinates": [[[-65.42, 9.32], [-65.34, 9.32], [-65.34, 9.4], [-65.42, 9.4], [-65.42, 9.32]]]}, "properties": {"id": "DEMO--65.4200-9.3200", "tipo": "demo", "sector": "demo", "estado": "desconocido", "score": 0.6631, "demo": true, "porosidad_pct": 30.3, "espesor_arena_neta_ft": 266.2, "fuente": "Modelo DEMO sobre datos sinteticos. Distribuciones de la tabla 1 del USGS FS 2009-3028; etiqueta y reparto espacial inventados. NO es un dato observado.", "confianza": "baja", "ultima_verificacion": "2026-09-09"}}, {"type": "Feature", "geometry": {"type": "Polygon", "coordinates": [[[-65.34, 9.32], [-65.26, 9.32], [-65.26, 9.4], [-65.34, 9.4], [-65.34, 9.32]]]}, "properties": {"id": "DEMO--65.3400-9.3200", "tipo": "demo", "sector": "demo", "estado": "desconocido", "score": 0.305, "demo": true, "porosidad_pct": 30.2, "espesor_arena_neta_ft": 188.7, "fuente": "Modelo DEMO sobre datos sinteticos. Distribuciones de la tabla 1 del USGS FS 2009-3028; etiqueta y reparto espacial inventados. NO es un dato observado.", "confianza": "baja", "ultima_verificacion": "2026-09-09"}}, {"type": "Feature", "geometry": {"type": "Polygon", "coordinates": [[[-65.26, 9.32], [-65.18, 9.32], [-65.18, 9.4], [-65.26, 9.4], [-65.26, 9.32]]]}, "properties": {"id": "DEMO--65.2600-9.3200", "tipo": "demo", "sector": "demo", "estado": "desconocido", "score": 0.054, "demo": true, "porosidad_pct": 26.4, "espesor_arena_neta_ft": 180.3, "fuente": "Modelo DEMO sobre datos sinteticos. Distribuciones de la tabla 1 del USGS FS 2009-3028; etiqueta y reparto espacial inventados. NO es un dato observado.", "confianza": "baja", "ultima_verificacion": "2026-09-09"}}, {"type": "Feature", "geometry": {"type": "Polygon", "coordinates": [[[-65.18, 9.32], [-65.10000000000001, 9.32], [-65.10000000000001, 9.4], [-65.18, 9.4], [-65.18, 9.32]]]}, "properties": {"id": "DEMO--65.1800-9.3200", "tipo": "demo", "sector": "demo", "estado": "desconocido", "score": 0.1117, "demo": true, "porosidad_pct": 27.7, "espesor_arena_neta_ft": 180.8, "fuente": "Modelo DEMO sobre datos sinteticos. Distribuciones de la tabla 1 del USGS FS 2009-3028; etiqueta y reparto espacial inventados. NO es un dato observado.", "confianza": "baja", "ultima_verificacion": "2026-09-09"}}, {"type": "Feature", "geometry": {"type": "Polygon", "coordinates": [[[-65.1, 9.32], [-65.02, 9.32], [-65.02, 9.4], [-65.1, 9.4], [-65.1, 9.32]]]}, "properties": {"id": "DEMO--65.1000-9.3200", "tipo": "demo", "sector": "demo", "estado": "desconocido", "score": 0.1001, "demo": true, "porosidad_pct": 23.7, "espesor_arena_neta_ft": 202.5, "fuente": "Modelo DEMO sobre datos sinteticos. Distribuciones de la tabla 1 del USGS FS 2009-3028; etiqueta y reparto espacial inventados. NO es un dato observado.", "confianza": "baja", "ultima_verificacion": "2026-09-09"}}, {"type": "Feature", "geometry": {"type": "Polygon", "coordinates": [[[-65.02, 9.32], [-64.94, 9.32], [-64.94, 9.4], [-65.02, 9.4], [-65.02, 9.32]]]}, "properties": {"id": "DEMO--65.0200-9.3200", "tipo": "demo", "sector": "demo", "estado": "desconocido", "score": 0.1573, "demo": true, "porosidad_pct": 27.0, "espesor_arena_neta_ft": 208.1, "fuente": "Modelo DEMO sobre datos sinteticos. Distribuciones de la tabla 1 del USGS FS 2009-3028; etiqueta y reparto espacial inventados. NO es un dato observado.", "confianza": "baja", "ultima_verificacion": "2026-09-09"}}, {"type": "Feature", "geometry": {"type": "Polygon", "coordinates": [[[-64.94, 9.32], [-64.86, 9.32], [-64.86, 9.4], [-64.94, 9.4], [-64.94, 9.32]]]}, "properties": {"id": "DEMO--64.9400-9.3200", "tipo": "demo", "sector": "demo", "estado": "desconocido", "score": 0.0791, "demo": true, "porosidad_pct": 25.8, "espesor_arena_neta_ft": 204.3, "fuente": "Modelo DEMO sobre datos sinteticos. Distribuciones de la tabla 1 del USGS FS 2009-3028; etiqueta y reparto espacial inventados. NO es un dato observado.", "confianza": "baja", "ultima_verificacion": "2026-09-09"}}, {"type": "Feature", "geometry": {"type": "Polygon", "coordinates": [[[-64.86, 9.32], [-64.78, 9.32], [-64.78, 9.4], [-64.86, 9.4], [-64.86, 9.32]]]}, "properties": {"id": "DEMO--64.8600-9.3200", "tipo": "demo", "sector": "demo", "estado": "desconocido", "score": 0.0389, "demo": true, "porosidad_pct": 25.0, "espesor_arena_neta_ft": 158.5, "fuente": "Modelo DEMO sobre datos sinteticos. Distribuciones de la tabla 1 del USGS FS 2009-3028; etiqueta y reparto espacial inventados. NO es un dato observado.", "confianza": "baja", "ultima_verificacion": "2026-09-09"}}, {"type": "Feature", "geometry": {"type": "Polygon", "coordinates": [[[-64.78, 9.32], [-64.7, 9.32], [-64.7, 9.4], [-64.78, 9.4], [-64.78, 9.32]]]}, "properties": {"id": "DEMO--64.7800-9.3200", "tipo": "demo", "sector": "demo", "estado": "desconocido", "score": 0.152, "demo": true, "porosidad_pct": 27.6, "espesor_arena_neta_ft": 193.0, "fuente": "Modelo DEMO sobre datos sinteticos. Distribuciones de la tabla 1 del USGS FS 2009-3028; etiqueta y reparto espacial inventados. NO es un dato observado.", "confianza": "baja", "ultima_verificacion": "2026-09-09"}}, {"type": "Feature", "geometry": {"type": "Polygon", "coordinates": [[[-64.7, 9.32], [-64.62, 9.32], [-64.62, 9.4], [-64.7, 9.4], [-64.7, 9.32]]]}, "properties": {"id": "DEMO--64.7000-9.3200", "tipo": "demo", "sector": "demo", "estado": "desconocido", "score": 0.369, "demo": true, "porosidad_pct": 26.3, "espesor_arena_neta_ft": 236.9, "fuente": "Modelo DEMO sobre datos sinteticos. Distribuciones de la tabla 1 del USGS FS 2009-3028; etiqueta y reparto espacial inventados. NO es un dato observado.", "confianza": "baja", "ultima_verificacion": "2026-09-09"}}, {"type": "Feature", "geometry": {"type": "Polygon", "coordinates": [[[-64.62, 9.32], [-64.54, 9.32], [-64.54, 9.4], [-64.62, 9.4], [-64.62, 9.32]]]}, "properties": {"id": "DEMO--64.6200-9.3200", "tipo": "demo", "sector": "demo", "estado": "desconocido", "score": 0.5608, "demo": true, "porosidad_pct": 27.5, "espesor_arena_neta_ft": 275.1, "fuente": "Modelo DEMO sobre datos sinteticos. Distribuciones de la tabla 1 del USGS FS 2009-3028; etiqueta y reparto espacial inventados. NO es un dato observado.", "confianza": "baja", "ultima_verificacion": "2026-09-09"}}, {"type": "Feature", "geometry": {"type": "Polygon", "coordinates": [[[-64.54, 9.32], [-64.46000000000001, 9.32], [-64.46000000000001, 9.4], [-64.54, 9.4], [-64.54, 9.32]]]}, "properties": {"id": "DEMO--64.5400-9.3200", "tipo": "demo", "sector": "demo", "estado": "desconocido", "score": 0.0312, "demo": true, "porosidad_pct": 24.0, "espesor_arena_neta_ft": 171.3, "fuente": "Modelo DEMO sobre datos sinteticos. Distribuciones de la tabla 1 del USGS FS 2009-3028; etiqueta y reparto espacial inventados. NO es un dato observado.", "confianza": "baja", "ultima_verificacion": "2026-09-09"}}, {"type": "Feature", "geometry": {"type": "Polygon", "coordinates": [[[-64.46, 9.32], [-64.38, 9.32], [-64.38, 9.4], [-64.46, 9.4], [-64.46, 9.32]]]}, "properties": {"id": "DEMO--64.4600-9.3200", "tipo": "demo", "sector": "demo", "estado": "desconocido", "score": 0.0485, "demo": true, "porosidad_pct": 25.6, "espesor_arena_neta_ft": 188.7, "fuente": "Modelo DEMO sobre datos sinteticos. Distribuciones de la tabla 1 del USGS FS 2009-3028; etiqueta y reparto espacial inventados. NO es un dato observado.", "confianza": "baja", "ultima_verificacion": "2026-09-09"}}, {"type": "Feature", "geometry": {"type": "Polygon", "coordinates": [[[-64.38, 9.32], [-64.3, 9.32], [-64.3, 9.4], [-64.38, 9.4], [-64.38, 9.32]]]}, "properties": {"id": "DEMO--64.3800-9.3200", "tipo": "demo", "sector": "demo", "estado": "desconocido", "score": 0.064, "demo": true, "porosidad_pct": 25.7, "espesor_arena_neta_ft": 202.0, "fuente": "Modelo DEMO sobre datos sinteticos. Distribuciones de la tabla 1 del USGS FS 2009-3028; etiqueta y reparto espacial inventados. NO es un dato observado.", "confianza": "baja", "ultima_verificacion": "2026-09-09"}}, {"type": "Feature", "geometry": {"type": "Polygon", "coordinates": [[[-64.3, 9.32], [-64.22, 9.32], [-64.22, 9.4], [-64.3, 9.4], [-64.3, 9.32]]]}, "properties": {"id": "DEMO--64.3000-9.3200", "tipo": "demo", "sector": "demo", "estado": "desconocido", "score": 0.0981, "demo": true, "porosidad_pct": 25.6, "espesor_arena_neta_ft": 192.7, "fuente": "Modelo DEMO sobre datos sinteticos. Distribuciones de la tabla 1 del USGS FS 2009-3028; etiqueta y reparto espacial inventados. NO es un dato observado.", "confianza": "baja", "ultima_verificacion": "2026-09-09"}}, {"type": "Feature", "geometry": {"type": "Polygon", "coordinates": [[[-64.22, 9.32], [-64.14, 9.32], [-64.14, 9.4], [-64.22, 9.4], [-64.22, 9.32]]]}, "properties": {"id": "DEMO--64.2200-9.3200", "tipo": "demo", "sector": "demo", "estado": "desconocido", "score": 0.0893, "demo": true, "porosidad_pct": 27.2, "espesor_arena_neta_ft": 154.5, "fuente": "Modelo DEMO sobre datos sinteticos. Distribuciones de la tabla 1 del USGS FS 2009-3028; etiqueta y reparto espacial inventados. NO es un dato observado.", "confianza": "baja", "ultima_verificacion": "2026-09-09"}}, {"type": "Feature", "geometry": {"type": "Polygon", "coordinates": [[[-64.14, 9.32], [-64.06, 9.32], [-64.06, 9.4], [-64.14, 9.4], [-64.14, 9.32]]]}, "properties": {"id": "DEMO--64.1400-9.3200", "tipo": "demo", "sector": "demo", "estado": "desconocido", "score": 0.4739, "demo": true, "porosidad_pct": 29.0, "espesor_arena_neta_ft": 236.9, "fuente": "Modelo DEMO sobre datos sinteticos. Distribuciones de la tabla 1 del USGS FS 2009-3028; etiqueta y reparto espacial inventados. NO es un dato observado.", "confianza": "baja", "ultima_verificacion": "2026-09-09"}}, {"type": "Feature", "geometry": {"type": "Polygon", "coordinates": [[[-64.06, 9.32], [-63.980000000000004, 9.32], [-63.980000000000004, 9.4], [-64.06, 9.4], [-64.06, 9.32]]]}, "properties": {"id": "DEMO--64.0600-9.3200", "tipo": "demo", "sector": "demo", "estado": "desconocido", "score": 0.2848, "demo": true, "porosidad_pct": 30.9, "espesor_arena_neta_ft": 124.6, "fuente": "Modelo DEMO sobre datos sinteticos. Distribuciones de la tabla 1 del USGS FS 2009-3028; etiqueta y reparto espacial inventados. NO es un dato observado.", "confianza": "baja", "ultima_verificacion": "2026-09-09"}}, {"type": "Feature", "geometry": {"type": "Polygon", "coordinates": [[[-63.98, 9.32], [-63.9, 9.32], [-63.9, 9.4], [-63.98, 9.4], [-63.98, 9.32]]]}, "properties": {"id": "DEMO--63.9800-9.3200", "tipo": "demo", "sector": "demo", "estado": "desconocido", "score": 0.2261, "demo": true, "porosidad_pct": 24.6, "espesor_arena_neta_ft": 277.5, "fuente": "Modelo DEMO sobre datos sinteticos. Distribuciones de la tabla 1 del USGS FS 2009-3028; etiqueta y reparto espacial inventados. NO es un dato observado.", "confianza": "baja", "ultima_verificacion": "2026-09-09"}}, {"type": "Feature", "geometry": {"type": "Polygon", "coordinates": [[[-63.9, 9.32], [-63.82, 9.32], [-63.82, 9.4], [-63.9, 9.4], [-63.9, 9.32]]]}, "properties": {"id": "DEMO--63.9000-9.3200", "tipo": "demo", "sector": "demo", "estado": "desconocido", "score": 0.2713, "demo": true, "porosidad_pct": 31.3, "espesor_arena_neta_ft": 159.1, "fuente": "Modelo DEMO sobre datos sinteticos. Distribuciones de la tabla 1 del USGS FS 2009-3028; etiqueta y reparto espacial inventados. NO es un dato observado.", "confianza": "baja", "ultima_verificacion": "2026-09-09"}}, {"type": "Feature", "geometry": {"type": "Polygon", "coordinates": [[[-63.82, 9.32], [-63.74, 9.32], [-63.74, 9.4], [-63.82, 9.4], [-63.82, 9.32]]]}, "properties": {"id": "DEMO--63.8200-9.3200", "tipo": "demo", "sector": "demo", "estado": "desconocido", "score": 0.44, "demo": true, "porosidad_pct": 27.1, "espesor_arena_neta_ft": 248.7, "fuente": "Modelo DEMO sobre datos sinteticos. Distribuciones de la tabla 1 del USGS FS 2009-3028; etiqueta y reparto espacial inventados. NO es un dato observado.", "confianza": "baja", "ultima_verificacion": "2026-09-09"}}, {"type": "Feature", "geometry": {"type": "Polygon", "coordinates": [[[-63.74, 9.32], [-63.660000000000004, 9.32], [-63.660000000000004, 9.4], [-63.74, 9.4], [-63.74, 9.32]]]}, "properties": {"id": "DEMO--63.7400-9.3200", "tipo": "demo", "sector": "demo", "estado": "desconocido", "score": 0.2351, "demo": true, "porosidad_pct": 27.9, "espesor_arena_neta_ft": 186.3, "fuente": "Modelo DEMO sobre datos sinteticos. Distribuciones de la tabla 1 del USGS FS 2009-3028; etiqueta y reparto espacial inventados. NO es un dato observado.", "confianza": "baja", "ultima_verificacion": "2026-09-09"}}, {"type": "Feature", "geometry": {"type": "Polygon", "coordinates": [[[-63.66, 9.32], [-63.58, 9.32], [-63.58, 9.4], [-63.66, 9.4], [-63.66, 9.32]]]}, "properties": {"id": "DEMO--63.6600-9.3200", "tipo": "demo", "sector": "demo", "estado": "desconocido", "score": 0.3534, "demo": true, "porosidad_pct": 27.1, "espesor_arena_neta_ft": 218.0, "fuente": "Modelo DEMO sobre datos sinteticos. Distribuciones de la tabla 1 del USGS FS 2009-3028; etiqueta y reparto espacial inventados. NO es un dato observado.", "confianza": "baja", "ultima_verificacion": "2026-09-09"}}, {"type": "Feature", "geometry": {"type": "Polygon", "coordinates": [[[-63.58, 9.32], [-63.5, 9.32], [-63.5, 9.4], [-63.58, 9.4], [-63.58, 9.32]]]}, "properties": {"id": "DEMO--63.5800-9.3200", "tipo": "demo", "sector": "demo", "estado": "desconocido", "score": 0.7224, "demo": true, "porosidad_pct": 33.4, "espesor_arena_neta_ft": 185.1, "fuente": "Modelo DEMO sobre datos sinteticos. Distribuciones de la tabla 1 del USGS FS 2009-3028; etiqueta y reparto espacial inventados. NO es un dato observado.", "confianza": "baja", "ultima_verificacion": "2026-09-09"}}, {"type": "Feature", "geometry": {"type": "Polygon", "coordinates": [[[-63.5, 9.32], [-63.42, 9.32], [-63.42, 9.4], [-63.5, 9.4], [-63.5, 9.32]]]}, "properties": {"id": "DEMO--63.5000-9.3200", "tipo": "demo", "sector": "demo", "estado": "desconocido", "score": 0.2446, "demo": true, "porosidad_pct": 26.1, "espesor_arena_neta_ft": 266.3, "fuente": "Modelo DEMO sobre datos sinteticos. Distribuciones de la tabla 1 del USGS FS 2009-3028; etiqueta y reparto espacial inventados. NO es un dato observado.", "confianza": "baja", "ultima_verificacion": "2026-09-09"}}, {"type": "Feature", "geometry": {"type": "Polygon", "coordinates": [[[-63.42, 9.32], [-63.34, 9.32], [-63.34, 9.4], [-63.42, 9.4], [-63.42, 9.32]]]}, "properties": {"id": "DEMO--63.4200-9.3200", "tipo": "demo", "sector": "demo", "estado": "desconocido", "score": 0.1086, "demo": true, "porosidad_pct": 25.7, "espesor_arena_neta_ft": 197.1, "fuente": "Modelo DEMO sobre datos sinteticos. Distribuciones de la tabla 1 del USGS FS 2009-3028; etiqueta y reparto espacial inventados. NO es un dato observado.", "confianza": "baja", "ultima_verificacion": "2026-09-09"}}, {"type": "Feature", "geometry": {"type": "Polygon", "coordinates": [[[-63.34, 9.32], [-63.260000000000005, 9.32], [-63.260000000000005, 9.4], [-63.34, 9.4], [-63.34, 9.32]]]}, "properties": {"id": "DEMO--63.3400-9.3200", "tipo": "demo", "sector": "demo", "estado": "desconocido", "score": 0.5006, "demo": true, "porosidad_pct": 30.5, "espesor_arena_neta_ft": 180.0, "fuente": "Modelo DEMO sobre datos sinteticos. Distribuciones de la tabla 1 del USGS FS 2009-3028; etiqueta y reparto espacial inventados. NO es un dato observado.", "confianza": "baja", "ultima_verificacion": "2026-09-09"}}, {"type": "Feature", "geometry": {"type": "Polygon", "coordinates": [[[-63.26, 9.32], [-63.18, 9.32], [-63.18, 9.4], [-63.26, 9.4], [-63.26, 9.32]]]}, "properties": {"id": "DEMO--63.2600-9.3200", "tipo": "demo", "sector": "demo", "estado": "desconocido", "score": 0.0455, "demo": true, "porosidad_pct": 27.2, "espesor_arena_neta_ft": 86.4, "fuente": "Modelo DEMO sobre datos sinteticos. Distribuciones de la tabla 1 del USGS FS 2009-3028; etiqueta y reparto espacial inventados. NO es un dato observado.", "confianza": "baja", "ultima_verificacion": "2026-09-09"}}, {"type": "Feature", "geometry": {"type": "Polygon", "coordinates": [[[-63.18, 9.32], [-63.1, 9.32], [-63.1, 9.4], [-63.18, 9.4], [-63.18, 9.32]]]}, "properties": {"id": "DEMO--63.1800-9.3200", "tipo": "demo", "sector": "demo", "estado": "desconocido", "score": 0.129, "demo": true, "porosidad_pct": 27.1, "espesor_arena_neta_ft": 141.5, "fuente": "Modelo DEMO sobre datos sinteticos. Distribuciones de la tabla 1 del USGS FS 2009-3028; etiqueta y reparto espacial inventados. NO es un dato observado.", "confianza": "baja", "ultima_verificacion": "2026-09-09"}}, {"type": "Feature", "geometry": {"type": "Polygon", "coordinates": [[[-63.1, 9.32], [-63.02, 9.32], [-63.02, 9.4], [-63.1, 9.4], [-63.1, 9.32]]]}, "properties": {"id": "DEMO--63.1000-9.3200", "tipo": "demo", "sector": "demo", "estado": "desconocido", "score": 0.7993, "demo": true, "porosidad_pct": 32.3, "espesor_arena_neta_ft": 228.8, "fuente": "Modelo DEMO sobre datos sinteticos. Distribuciones de la tabla 1 del USGS FS 2009-3028; etiqueta y reparto espacial inventados. NO es un dato observado.", "confianza": "baja", "ultima_verificacion": "2026-09-09"}}, {"type": "Feature", "geometry": {"type": "Polygon", "coordinates": [[[-63.02, 9.32], [-62.940000000000005, 9.32], [-62.940000000000005, 9.4], [-63.02, 9.4], [-63.02, 9.32]]]}, "properties": {"id": "DEMO--63.0200-9.3200", "tipo": "demo", "sector": "demo", "estado": "desconocido", "score": 0.2126, "demo": true, "porosidad_pct": 28.4, "espesor_arena_neta_ft": 211.5, "fuente": "Modelo DEMO sobre datos sinteticos. Distribuciones de la tabla 1 del USGS FS 2009-3028; etiqueta y reparto espacial inventados. NO es un dato observado.", "confianza": "baja", "ultima_verificacion": "2026-09-09"}}, {"type": "Feature", "geometry": {"type": "Polygon", "coordinates": [[[-62.94, 9.32], [-62.86, 9.32], [-62.86, 9.4], [-62.94, 9.4], [-62.94, 9.32]]]}, "properties": {"id": "DEMO--62.9400-9.3200", "tipo": "demo", "sector": "demo", "estado": "desconocido", "score": 0.0192, "demo": true, "porosidad_pct": 25.2, "espesor_arena_neta_ft": 143.8, "fuente": "Modelo DEMO sobre datos sinteticos. Distribuciones de la tabla 1 del USGS FS 2009-3028; etiqueta y reparto espacial inventados. NO es un dato observado.", "confianza": "baja", "ultima_verificacion": "2026-09-09"}}, {"type": "Feature", "geometry": {"type": "Polygon", "coordinates": [[[-62.86, 9.32], [-62.78, 9.32], [-62.78, 9.4], [-62.86, 9.4], [-62.86, 9.32]]]}, "properties": {"id": "DEMO--62.8600-9.3200", "tipo": "demo", "sector": "demo", "estado": "desconocido", "score": 0.274, "demo": true, "porosidad_pct": 29.5, "espesor_arena_neta_ft": 170.5, "fuente": "Modelo DEMO sobre datos sinteticos. Distribuciones de la tabla 1 del USGS FS 2009-3028; etiqueta y reparto espacial inventados. NO es un dato observado.", "confianza": "baja", "ultima_verificacion": "2026-09-09"}}, {"type": "Feature", "geometry": {"type": "Polygon", "coordinates": [[[-62.78, 9.32], [-62.7, 9.32], [-62.7, 9.4], [-62.78, 9.4], [-62.78, 9.32]]]}, "properties": {"id": "DEMO--62.7800-9.3200", "tipo": "demo", "sector": "demo", "estado": "desconocido", "score": 0.0934, "demo": true, "porosidad_pct": 27.7, "espesor_arena_neta_ft": 154.0, "fuente": "Modelo DEMO sobre datos sinteticos. Distribuciones de la tabla 1 del USGS FS 2009-3028; etiqueta y reparto espacial inventados. NO es un dato observado.", "confianza": "baja", "ultima_verificacion": "2026-09-09"}}, {"type": "Feature", "geometry": {"type": "Polygon", "coordinates": [[[-62.7, 9.32], [-62.620000000000005, 9.32], [-62.620000000000005, 9.4], [-62.7, 9.4], [-62.7, 9.32]]]}, "properties": {"id": "DEMO--62.7000-9.3200", "tipo": "demo", "sector": "demo", "estado": "desconocido", "score": 0.2195, "demo": true, "porosidad_pct": 26.0, "espesor_arena_neta_ft": 148.9, "fuente": "Modelo DEMO sobre datos sinteticos. Distribuciones de la tabla 1 del USGS FS 2009-3028; etiqueta y reparto espacial inventados. NO es un dato observado.", "confianza": "baja", "ultima_verificacion": "2026-09-09"}}, {"type": "Feature", "geometry": {"type": "Polygon", "coordinates": [[[-62.62, 9.32], [-62.54, 9.32], [-62.54, 9.4], [-62.62, 9.4], [-62.62, 9.32]]]}, "properties": {"id": "DEMO--62.6200-9.3200", "tipo": "demo", "sector": "demo", "estado": "desconocido", "score": 0.8199, "demo": true, "porosidad_pct": 33.1, "espesor_arena_neta_ft": 174.4, "fuente": "Modelo DEMO sobre datos sinteticos. Distribuciones de la tabla 1 del USGS FS 2009-3028; etiqueta y reparto espacial inventados. NO es un dato observado.", "confianza": "baja", "ultima_verificacion": "2026-09-09"}}, {"type": "Feature", "geometry": {"type": "Polygon", "coordinates": [[[-62.54, 9.32], [-62.46, 9.32], [-62.46, 9.4], [-62.54, 9.4], [-62.54, 9.32]]]}, "properties": {"id": "DEMO--62.5400-9.3200", "tipo": "demo", "sector": "demo", "estado": "desconocido", "score": 0.1223, "demo": true, "porosidad_pct": 27.7, "espesor_arena_neta_ft": 116.3, "fuente": "Modelo DEMO sobre datos sinteticos. Distribuciones de la tabla 1 del USGS FS 2009-3028; etiqueta y reparto espacial inventados. NO es un dato observado.", "confianza": "baja", "ultima_verificacion": "2026-09-09"}}, {"type": "Feature", "geometry": {"type": "Polygon", "coordinates": [[[-62.46, 9.32], [-62.38, 9.32], [-62.38, 9.4], [-62.46, 9.4], [-62.46, 9.32]]]}, "properties": {"id": "DEMO--62.4600-9.3200", "tipo": "demo", "sector": "demo", "estado": "desconocido", "score": 0.5675, "demo": true, "porosidad_pct": 34.7, "espesor_arena_neta_ft": 199.9, "fuente": "Modelo DEMO sobre datos sinteticos. Distribuciones de la tabla 1 del USGS FS 2009-3028; etiqueta y reparto espacial inventados. NO es un dato observado.", "confianza": "baja", "ultima_verificacion": "2026-09-09"}}, {"type": "Feature", "geometry": {"type": "Polygon", "coordinates": [[[-62.38, 9.32], [-62.300000000000004, 9.32], [-62.300000000000004, 9.4], [-62.38, 9.4], [-62.38, 9.32]]]}, "properties": {"id": "DEMO--62.3800-9.3200", "tipo": "demo", "sector": "demo", "estado": "desconocido", "score": 0.7806, "demo": true, "porosidad_pct": 33.5, "espesor_arena_neta_ft": 215.6, "fuente": "Modelo DEMO sobre datos sinteticos. Distribuciones de la tabla 1 del USGS FS 2009-3028; etiqueta y reparto espacial inventados. NO es un dato observado.", "confianza": "baja", "ultima_verificacion": "2026-09-09"}}, {"type": "Feature", "geometry": {"type": "Polygon", "coordinates": [[[-62.3, 9.32], [-62.22, 9.32], [-62.22, 9.4], [-62.3, 9.4], [-62.3, 9.32]]]}, "properties": {"id": "DEMO--62.3000-9.3200", "tipo": "demo", "sector": "demo", "estado": "desconocido", "score": 0.3389, "demo": true, "porosidad_pct": 29.5, "espesor_arena_neta_ft": 167.3, "fuente": "Modelo DEMO sobre datos sinteticos. Distribuciones de la tabla 1 del USGS FS 2009-3028; etiqueta y reparto espacial inventados. NO es un dato observado.", "confianza": "baja", "ultima_verificacion": "2026-09-09"}}, {"type": "Feature", "geometry": {"type": "Polygon", "coordinates": [[[-62.22, 9.32], [-62.14, 9.32], [-62.14, 9.4], [-62.22, 9.4], [-62.22, 9.32]]]}, "properties": {"id": "DEMO--62.2200-9.3200", "tipo": "demo", "sector": "demo", "estado": "desconocido", "score": 0.1034, "demo": true, "porosidad_pct": 27.0, "espesor_arena_neta_ft": 158.9, "fuente": "Modelo DEMO sobre datos sinteticos. Distribuciones de la tabla 1 del USGS FS 2009-3028; etiqueta y reparto espacial inventados. NO es un dato observado.", "confianza": "baja", "ultima_verificacion": "2026-09-09"}}, {"type": "Feature", "geometry": {"type": "Polygon", "coordinates": [[[-62.14, 9.32], [-62.06, 9.32], [-62.06, 9.4], [-62.14, 9.4], [-62.14, 9.32]]]}, "properties": {"id": "DEMO--62.1400-9.3200", "tipo": "demo", "sector": "demo", "estado": "desconocido", "score": 0.6559, "demo": true, "porosidad_pct": 31.1, "espesor_arena_neta_ft": 163.0, "fuente": "Modelo DEMO sobre datos sinteticos. Distribuciones de la tabla 1 del USGS FS 2009-3028; etiqueta y reparto espacial inventados. NO es un dato observado.", "confianza": "baja", "ultima_verificacion": "2026-09-09"}}]}